playerRanking,gamesPlayed,gamesStarted,minutesPlayed,pointsScored,twoPointersMade,twoPointersAttempted,twoPointersPercentage,threePointersMade,threePointersAttempted,threePointersPercentage,freeThrowsMade,freeThrowsAttempted,freeThrowsPercentage,offensiveRebounds,defensiveRebounds,totalRebounds,assists,steals,turnovers,blocks,blocksAgainst,foulsCommited,foulsDrawn,pir,player.code,player.name,player.age,player.imageUrl,player.team.code,player.team.tvCodes,player.team.name,player.team.imageUrl
1,17.0,5.0,16.184313725490195,2.9,0.5,1.8,29%,0.4,1.3,31.8%,0.6,0.9,66.7%,0.2,1.0,1.2,1.9,0.5,2.2,0.1,0.4,3.1,1.5,0.0,009400,"CASARIN, DAVIDE",21,https://media-cdn.incrowdsports.com/f3615b58-07f0-46cb-91e2-b99be06fe4ad.png,VNC,URV,Umana Reyer Venice,https://media-cdn.incrowdsports.com/104f5074-9f23-47da-a21f-f2078db8244c.png
2,13.0,2.0,8.99871794871795,1.2,0.2,0.3,50%,0.2,1.1,14.3%,0.5,0.6,75%,0.5,0.6,1.1,0.1,0.5,0.5,0.0,0.1,1.6,0.6,0.1,013310,"GREY, JARED",19,https://media-cdn.incrowdsports.com/f64fbc22-8e36-4ec0-b3d4-f63f7f620e05.png,HAM,HAM,Hamburg Towers,https://media-cdn.incrowdsports.com/5ef8be01-ad71-42c2-aa02-d5c7a9495258.png
3,16.0,0.0,6.464583333333334,1.2,0.4,1.2,31.6%,0.0,0.1,0%,0.4,0.6,70%,0.4,0.6,0.9,0.3,0.2,0.3,0.1,0.0,1.2,0.6,0.7,004619,"AGVA, MAHIR",28,https://media-cdn.incrowdsports.com/60f01b3d-0670-4d21-8fd8-26d4fc140228.png,TTK,TTA,Turk Telekom Ankara,https://media-cdn.incrowdsports.com/4ba35608-54ca-4800-a59c-f2571e6f8e13.png
4,16.0,2.0,11.789583333333333,2.5,0.5,1.1,44.4%,0.4,1.9,23.3%,0.2,0.3,60%,0.4,0.9,1.3,0.9,0.5,1.2,0.1,0.1,1.4,0.5,1.0,010070,"MOELLER, LEIF",21,https://media-cdn.incrowdsports.com/cc559358-d061-409c-b9f4-3e1db0a54c2b.png,HAM,HAM,Hamburg Towers,https://media-cdn.incrowdsports.com/5ef8be01-ad71-42c2-aa02-d5c7a9495258.png
5,14.0,2.0,9.498809523809523,2.1,0.4,1.0,35.7%,0.2,0.9,23.1%,0.7,1.4,52.6%,0.2,0.5,0.7,0.4,0.5,0.5,0.2,0.1,1.3,1.1,1.1,013281,"CORNELIUS, OR",28,https://media-cdn.incrowdsports.com/effbb81b-d746-49bb-a6e8-77f1b0220bb1.png,JER,JLM,Hapoel Jerusalem Basketball Club,https://media-cdn.incrowdsports.com/8058e0c5-3042-45e1-9423-f93f33c54576.png
6,17.0,1.0,8.486274509803922,2.9,0.7,1.4,50%,0.4,1.2,30%,0.5,0.5,100%,0.3,0.5,0.8,0.8,0.4,1.2,0.1,0.0,1.6,0.6,1.2,012415,"TUNCA, MELIH",19,https://media-cdn.incrowdsports.com/84131a4c-7cf1-4e32-858e-dd854de48c6d.png,TTK,TTA,Turk Telekom Ankara,https://media-cdn.incrowdsports.com/4ba35608-54ca-4800-a59c-f2571e6f8e13.png
7,16.0,6.0,14.786458333333334,2.2,0.4,0.8,50%,0.4,1.3,33.3%,0.1,0.1,100%,0.5,0.9,1.4,0.2,0.6,0.8,0.0,0.1,1.4,0.4,1.2,013356,"GKIOUZELIS, GEORGIOS",29,https://media-cdn.incrowdsports.com/737521ff-c0ef-4cfd-9f8a-2c2f432b3cea.png,ARI,ARI,Aris Thessaloniki,https://media-cdn.incrowdsports.com/dffbb68c-00b9-4a19-9e07-d98189caa409.png
8,16.0,2.0,7.396875,2.1,0.6,0.8,69.2%,0.2,0.8,33.3%,0.2,0.3,80%,0.2,0.7,0.9,0.6,0.1,0.9,0.1,0.1,0.8,0.2,1.5,007560,"KLJAJIC, JOVAN",23,https://media-cdn.incrowdsports.com/c3cb4c76-806e-4976-8dc7-a073e508510d.png,CAN,DGC,Club Baloncesto Gran Canaria,https://media-cdn.incrowdsports.com/a074edc1-e180-4515-a876-447884b570b1.png
9,17.0,4.0,13.705882352941176,1.4,0.1,0.2,25%,0.4,1.3,31.8%,0.1,0.1,50%,0.2,1.1,1.2,2.1,0.6,1.1,0.1,0.1,2.0,0.4,1.6,002361,"VIVES, GUILLEM",31,https://media-cdn.incrowdsports.com/a8d169b3-dcd3-42f0-825d-ffc1ec94ac0d.png,JOV,CJB,Club Joventut Badalona,https://media-cdn.incrowdsports.com/4867b9ca-abc6-48fd-a47f-011904a74bf8.png
10,17.0,3.0,8.663725490196079,2.4,0.8,1.5,53.8%,0.0,0.0,0%,0.7,1.2,57.1%,1.1,0.5,1.6,0.4,0.1,0.9,0.3,0.2,1.9,1.1,1.6,012405,"HALTALI, FURKAN",22,https://media-cdn.incrowdsports.com/495c232a-4411-4d24-9fd2-62a7614a8131.png,BAH,BKS,Bahcesehir Koleji Istanbul,https://media-cdn.incrowdsports.com/1d3274d8-da86-4d21-9e97-6810ab88babe.png
11,16.0,0.0,7.209375,1.5,0.4,0.8,53.8%,0.1,0.6,22.2%,0.2,0.3,80%,0.4,0.8,1.2,0.2,0.2,0.2,0.2,0.1,1.1,0.6,1.7,009877,"BLAYZER, OZ",32,https://media-cdn.incrowdsports.com/bdacdbae-3add-4198-8b38-a61ef585c9dd.png,HTA,HTA,Hapoel Tel Aviv,https://media-cdn.incrowdsports.com/cbb1c3ad-03d5-426a-b5ef-2832a4eee484.png
12,17.0,2.0,13.202941176470588,3.2,0.9,2.1,44.4%,0.0,0.1,0%,1.4,1.7,79.3%,0.9,1.1,2.0,0.5,0.2,0.9,0.1,0.3,2.8,1.2,1.7,013355,"CHATZIDAKIS, EMMANOUIL",24,https://media-cdn.incrowdsports.com/9f9c0982-6463-4e58-a2dc-50a42d6ca21e.png,ARI,ARI,Aris Thessaloniki,https://media-cdn.incrowdsports.com/dffbb68c-00b9-4a19-9e07-d98189caa409.png
13,17.0,1.0,10.786274509803922,1.9,0.1,0.5,12.5%,0.5,2.1,25.7%,0.2,0.2,100%,0.2,0.9,1.1,1.3,0.2,0.4,0.0,0.1,0.8,0.5,1.8,JUG,"RIBAS, PAU",37,https://media-cdn.incrowdsports.com/a401ec84-fd4d-4e12-a2f0-67f8c458f795.png,JOV,CJB,Club Joventut Badalona,https://media-cdn.incrowdsports.com/4867b9ca-abc6-48fd-a47f-011904a74bf8.png
14,17.0,0.0,5.790196078431372,1.4,0.1,0.1,100%,0.3,0.8,35.7%,0.3,0.4,83.3%,0.4,0.2,0.6,0.3,0.3,0.0,0.0,0.0,0.5,0.6,2.2,013283,"PALATIN, GUY",24,https://media-cdn.incrowdsports.com/fea74d45-4528-45cd-8e77-25e6ca400d1c.png,HTA,HTA,Hapoel Tel Aviv,https://media-cdn.incrowdsports.com/cbb1c3ad-03d5-426a-b5ef-2832a4eee484.png
15,16.0,0.0,9.00625,2.2,0.6,1.2,52.6%,0.2,0.8,30.8%,0.2,0.2,100%,0.2,0.8,1.0,1.3,0.4,1.0,0.0,0.0,0.9,0.4,2.2,010726,"JENSEN, TOBIAS",20,https://media-cdn.incrowdsports.com/45686120-e926-441a-abbd-272b9ec56a9f.png,ULM,ULM,ratiopharm Ulm,https://media-cdn.incrowdsports.com/497dc717-214d-4c03-8c67-0c4870278aa0.png
16,14.0,2.0,12.991666666666665,3.7,0.6,1.7,37.5%,0.4,1.4,25%,1.4,1.9,70.4%,0.3,0.5,0.8,1.1,0.6,0.9,0.1,0.2,1.8,1.6,2.2,013258,"DREZNJAK, MATEO",25,https://media-cdn.incrowdsports.com/6ba06f56-4bec-40a8-a4d0-d0752c28546c.png,BUD,BUD,KK Buducnost,https://media-cdn.incrowdsports.com/47161285-94b3-4266-9d23-b722e8600945.png
17,13.0,1.0,7.137179487179487,2.4,1.0,1.7,59.1%,0.0,0.4,0%,0.4,0.6,62.5%,0.5,1.2,1.7,0.2,0.1,0.5,0.0,0.0,1.0,0.8,2.4,007952,"BRETZEL, NICOLAS",25,https://media-cdn.incrowdsports.com/8c28784a-5832-469d-87a6-8bc9df30ce23.png,ULM,ULM,ratiopharm Ulm,https://media-cdn.incrowdsports.com/497dc717-214d-4c03-8c67-0c4870278aa0.png
18,13.0,0.0,7.158974358974358,3.5,1.3,2.1,63%,0.2,0.5,33.3%,0.4,0.6,62.5%,0.7,0.5,1.2,0.2,0.2,0.5,0.0,0.1,1.4,0.8,2.5,006571,"LEVER, ALESSANDRO",26,https://media-cdn.incrowdsports.com/189b41d7-eb73-4986-99c6-f8d0029992f2.png,VNC,URV,Umana Reyer Venice,https://media-cdn.incrowdsports.com/104f5074-9f23-47da-a21f-f2078db8244c.png
19,14.0,0.0,9.276190476190477,3.1,1.3,2.4,52.9%,0.0,0.1,0%,0.5,0.6,87.5%,1.0,1.3,2.3,0.6,0.7,1.2,0.3,0.3,2.1,0.6,2.6,012695,"REECE, CAMRON",25,https://media-cdn.incrowdsports.com/cd60eb65-2fb8-4bd9-b357-7f58d7c50a98.png,HAM,HAM,Hamburg Towers,https://media-cdn.incrowdsports.com/5ef8be01-ad71-42c2-aa02-d5c7a9495258.png
20,20.0,1.0,13.123333333333331,3.0,0.8,1.2,69.6%,0.4,0.7,50%,0.4,0.5,70%,1.0,0.8,1.8,0.7,0.2,0.3,0.1,0.0,2.3,0.4,2.8,009392,"RADOVIC, ROK",23,https://media-cdn.incrowdsports.com/2bc7c261-de1f-46ba-8c4c-aec3f2f04010.png,LJU,COL,KK Cedevita Olimpija,https://media-cdn.incrowdsports.com/73b33d13-570e-4e49-a9cb-fe806831eaa7.png
21,18.0,1.0,13.825,5.0,1.1,2.4,46.5%,0.8,2.8,30%,0.3,0.3,100%,0.3,1.3,1.6,0.9,0.7,0.6,0.1,0.1,2.2,0.7,2.8,006382,"FORRAY, TOTO",38,https://media-cdn.incrowdsports.com/6c16ee13-22a8-4495-933d-da832c04cdde.png,TRN,TRE,Dolomiti Energia Trento,https://media-cdn.incrowdsports.com/00c5cc07-732c-43c3-9d6e-5440594a25f8.png
22,18.0,17.0,16.038888888888888,4.0,1.3,2.1,63.2%,0.4,0.7,53.8%,0.2,0.3,50%,0.8,0.8,1.6,0.7,0.4,0.4,0.0,0.2,2.1,0.4,3.1,006566,"SLAVKOVIC, ANDRIJA",25,https://media-cdn.incrowdsports.com/0d5afb9d-c9bd-4b67-a967-38a167e4901e.png,BUD,BUD,KK Buducnost,https://media-cdn.incrowdsports.com/47161285-94b3-4266-9d23-b722e8600945.png
23,15.0,0.0,11.62111111111111,3.7,0.4,0.6,66.7%,0.9,1.6,58.3%,0.1,0.3,25%,0.3,0.8,1.1,0.2,0.3,0.3,0.1,0.1,1.1,0.3,3.1,010307,"JOVANOVIC, DORDIJE",21,https://media-cdn.incrowdsports.com/cf138bac-7b20-462e-b860-b6c55d4ae947.png,BUD,BUD,KK Buducnost,https://media-cdn.incrowdsports.com/47161285-94b3-4266-9d23-b722e8600945.png
24,14.0,7.0,15.86547619047619,4.8,1.0,1.9,51.9%,0.8,2.1,36.7%,0.4,1.1,40%,1.1,1.7,2.9,0.4,0.3,0.6,0.3,0.1,3.4,1.6,3.2,013393,"LASZEWSKI, NATHAN JAMES",25,https://media-cdn.incrowdsports.com/99271fbf-3f5c-463b-849f-cb331c3cafa4.png,ARI,ARI,Aris Thessaloniki,https://media-cdn.incrowdsports.com/dffbb68c-00b9-4a19-9e07-d98189caa409.png
25,18.0,9.0,12.070370370370371,2.6,0.7,1.7,41.9%,0.0,0.1,0%,1.1,1.9,58.8%,0.8,1.4,2.2,0.7,0.3,0.4,0.4,0.1,1.9,1.7,3.4,011379,"KONAN, KEREM",20,https://media-cdn.incrowdsports.com/3a2b1dc9-d027-4819-9dbd-bd5edb1a13f9.png,BES,BJK,Besiktas Istanbul,https://media-cdn.incrowdsports.com/791d8d03-da9c-4243-8342-ed6937f54762.png
26,19.0,4.0,11.85701754385965,5.1,0.5,1.0,47.4%,0.8,2.9,28.6%,1.6,1.7,93.9%,0.3,0.4,0.7,0.7,0.7,0.5,0.0,0.3,1.7,1.8,3.8,004056,"AKPINAR, ISMET",29,https://media-cdn.incrowdsports.com/c68d2436-e727-47b6-a1a1-44aa7924c66e.png,TTK,TTA,Turk Telekom Ankara,https://media-cdn.incrowdsports.com/4ba35608-54ca-4800-a59c-f2571e6f8e13.png
27,17.0,14.0,19.195098039215686,3.7,1.4,2.6,52.3%,0.2,0.9,18.8%,0.5,0.6,72.7%,0.7,2.6,3.4,1.1,0.8,1.4,0.2,0.4,2.5,1.2,3.9,005438,"PECCHIA, ANDREA",27,https://media-cdn.incrowdsports.com/ebd1041c-b76f-40f2-9c7f-b8f16507ae23.png,TRN,TRE,Dolomiti Energia Trento,https://media-cdn.incrowdsports.com/00c5cc07-732c-43c3-9d6e-5440594a25f8.png
28,16.0,2.0,13.8125,6.1,0.6,1.4,40.9%,1.3,4.2,30.9%,1.0,1.4,72.7%,0.3,1.1,1.4,0.8,0.3,0.2,0.1,0.1,1.5,1.5,4.2,004945,"PAUL, BRANDON",33,https://media-cdn.incrowdsports.com/0490fd60-4d25-48ad-bf23-a614df1e0c92.png,BOU,JLB,JL Bourg,https://media-cdn.incrowdsports.com/d4225e1b-7c1b-4382-98d4-ca8511c64441.png
29,19.0,15.0,15.501754385964913,3.4,1.4,2.7,51.9%,0.1,0.8,12.5%,0.3,0.5,50%,1.2,3.2,4.4,0.3,0.3,0.5,0.2,0.3,1.8,0.6,4.3,004645,"MINIOTAS, REGIMANTAS",28,https://media-cdn.incrowdsports.com/a5e9c59a-37dc-468a-9bfe-894a14556921.png,WOL,WLV,BC Wolves Vilnius,https://media-cdn.incrowdsports.com/bab91c74-fc2e-4176-9db5-06f40e0e6759.png
30,13.0,0.0,15.337179487179487,5.1,1.0,1.5,68.4%,0.9,1.5,63.2%,0.3,0.3,100%,0.2,1.3,1.5,1.0,0.5,1.2,0.0,0.1,1.8,0.2,4.3,010450,"COURBY, MAXIME",34,https://media-cdn.incrowdsports.com/b09e4274-ba4c-4529-b6bf-02ef08696b9f.png,BOU,JLB,JL Bourg,https://media-cdn.incrowdsports.com/d4225e1b-7c1b-4382-98d4-ca8511c64441.png
31,18.0,0.0,13.594444444444443,6.5,1.3,3.0,42.6%,0.8,2.9,28.3%,1.4,1.8,78.8%,0.4,1.2,1.6,1.3,0.9,1.2,0.1,0.2,2.2,2.1,4.7,009556,"NGOUAMA, MEHDY",29,https://media-cdn.incrowdsports.com/ecb2e7a1-c2f7-437b-b34d-7d3ec7592bb9.png,BOU;CAN,JLB;DGC,JL Bourg;Club Baloncesto Gran Canaria,https://media-cdn.incrowdsports.com/d4225e1b-7c1b-4382-98d4-ca8511c64441.png;https://media-cdn.incrowdsports.com/a074edc1-e180-4515-a876-447884b570b1.png
32,18.0,9.0,16.26851851851852,4.9,2.1,3.7,56.1%,0.0,0.1,0%,0.8,1.2,71.4%,1.6,1.9,3.5,0.5,0.3,0.7,0.1,0.1,2.6,1.2,5.1,008790,"WITLINSKI, MIKOLAJ",29,https://media-cdn.incrowdsports.com/d0cc6371-34c8-4132-a701-08c7213ccaac.png,TSO,SOP,Trefl Sopot,https://media-cdn.incrowdsports.com/9ef7b3dd-9f80-4639-964d-9db4dfe436ee.png
33,17.0,16.0,22.333333333333336,6.0,0.9,2.1,45.7%,0.9,3.6,25.8%,1.3,1.7,75.9%,1.3,2.1,3.4,1.1,0.5,1.2,0.0,0.4,2.6,2.4,5.1,003242,"OGBE, KENNETH",30,https://media-cdn.incrowdsports.com/76252bf2-347b-4d61-b674-d76f6a5d8fc0.png,HAM,HAM,Hamburg Towers,https://media-cdn.incrowdsports.com/5ef8be01-ad71-42c2-aa02-d5c7a9495258.png
34,18.0,5.0,19.876851851851853,3.9,1.6,2.7,57.1%,0.1,0.5,11.1%,0.7,1.2,54.5%,1.2,2.9,4.1,0.7,0.4,0.6,0.3,0.2,2.8,1.4,5.1,006724,"BAYEHE, JORDAN",25,https://media-cdn.incrowdsports.com/b976bc7a-1dad-4212-a481-c25582e1e620.png,TRN,TRE,Dolomiti Energia Trento,https://media-cdn.incrowdsports.com/00c5cc07-732c-43c3-9d6e-5440594a25f8.png
35,20.0,4.0,12.308333333333334,3.4,0.8,1.2,66.7%,0.4,1.0,35%,0.7,1.4,51.9%,0.5,2.4,2.8,1.0,0.5,0.5,0.0,0.1,1.6,1.4,5.2,007917,"DURMAZ, BERKAN",27,https://media-cdn.incrowdsports.com/29b9bcba-30e1-4faf-aaab-3f12672b865b.png,TTK,TTA,Turk Telekom Ankara,https://media-cdn.incrowdsports.com/4ba35608-54ca-4800-a59c-f2571e6f8e13.png
36,17.0,1.0,12.548039215686273,5.6,1.9,3.4,56.9%,0.1,0.5,12.5%,1.6,2.6,61.4%,1.4,1.6,2.9,0.6,0.6,1.4,0.4,0.2,2.9,2.5,5.3,003759,"TESSITORI,  AMEDEO",30,https://media-cdn.incrowdsports.com/89a0ea60-107a-4a3e-b8c1-4f86788f24ca.png,VNC,URV,Umana Reyer Venice,https://media-cdn.incrowdsports.com/104f5074-9f23-47da-a21f-f2078db8244c.png
37,14.0,0.0,13.954761904761906,5.0,1.5,2.1,70%,0.2,0.8,27.3%,1.4,1.5,90.5%,0.6,1.4,2.0,0.6,0.3,0.6,0.1,0.1,1.6,1.1,5.4,006212,"VASILIAUSKAS, GRANTAS",25,https://media-cdn.incrowdsports.com/e5194a57-89d3-4bf8-acc2-5cb0cb5f7562.png,LKB,LIE,Lietkabelis Panevezys ,https://media-cdn.incrowdsports.com/dc1684fc-b1ad-494f-a7ed-54f5998fcb36.png
38,21.0,10.0,18.263492063492066,6.8,0.9,1.4,62.1%,1.7,4.5,37.2%,0.1,0.1,66.7%,0.6,2.4,3.0,1.0,0.1,0.6,0.1,0.1,2.2,0.6,5.4,011980,"SESTINA, NATHAN",27,https://media-cdn.incrowdsports.com/69669779-e9ea-4f12-81ab-42009fa4aa81.png,PAM,VBC,Valencia Basket,https://media-cdn.incrowdsports.com/efd12730-f2ea-4830-9caa-7f2f676079c2.png
39,17.0,13.0,18.707843137254905,6.8,1.3,2.6,48.9%,1.0,2.4,41.5%,1.2,1.6,74.1%,0.5,1.1,1.5,1.1,1.1,0.8,0.1,0.4,2.4,1.6,5.4,011256,"RICH, OSARO",26,https://media-cdn.incrowdsports.com/541666bd-c515-4ed8-b17f-b4154f0423ce.png,HAM,HAM,Hamburg Towers,https://media-cdn.incrowdsports.com/5ef8be01-ad71-42c2-aa02-d5c7a9495258.png
40,18.0,10.0,20.173148148148147,8.9,1.7,3.1,54.5%,1.6,4.1,38.4%,0.9,1.0,94.4%,0.6,1.1,1.7,2.3,0.5,1.6,0.1,0.3,3.3,1.3,5.7,006245,"WEIDEMANN, NELSON",25,https://media-cdn.incrowdsports.com/beec5fc0-efc7-4bd6-8c84-52d0fca75bd7.png,ULM,ULM,ratiopharm Ulm,https://media-cdn.incrowdsports.com/497dc717-214d-4c03-8c67-0c4870278aa0.png
41,15.0,6.0,22.423333333333336,7.1,1.1,2.1,53.1%,1.4,5.1,27.6%,0.6,1.1,52.9%,0.5,1.9,2.5,1.9,1.5,0.9,0.4,0.2,2.4,1.2,5.7,013253,"HODGE, D MOI",26,https://media-cdn.incrowdsports.com/1e549869-bbf3-4c51-bf17-d6106974bfcf.png,ARI,ARI,Aris Thessaloniki,https://media-cdn.incrowdsports.com/dffbb68c-00b9-4a19-9e07-d98189caa409.png
42,18.0,6.0,16.830555555555556,5.3,0.9,1.9,48.6%,0.8,2.1,40.5%,0.9,1.2,72.7%,1.1,2.3,3.4,0.9,0.4,0.9,0.2,0.1,1.7,0.9,5.8,006997,"HERKENHOFF, PHILIPP",25,https://media-cdn.incrowdsports.com/a758bb1b-7972-4b08-b875-5e86872d5992.png,ULM,ULM,ratiopharm Ulm,https://media-cdn.incrowdsports.com/497dc717-214d-4c03-8c67-0c4870278aa0.png
43,18.0,17.0,30.42962962962963,9.4,2.1,5.0,41.1%,1.3,4.5,28.4%,1.5,1.8,81.8%,0.7,2.8,3.5,1.8,0.8,2.2,0.1,0.2,3.1,2.3,5.9,012019,"BEST, AARON",32,https://media-cdn.incrowdsports.com/016a05db-05cb-4a1e-a2d3-c2c3123be20f.png,TSO,SOP,Trefl Sopot,https://media-cdn.incrowdsports.com/9ef7b3dd-9f80-4639-964d-9db4dfe436ee.png
44,23.0,4.0,17.860869565217392,5.1,1.1,1.8,61.9%,0.6,1.8,31.7%,1.2,1.7,71.1%,0.1,1.6,1.7,2.2,0.8,0.7,0.0,0.3,1.8,1.4,6.1,004846,"TIMOR, BAR",32,https://media-cdn.incrowdsports.com/296b5eb1-7d95-42af-8c0d-d2b920407802.png,HTA,HTA,Hapoel Tel Aviv,https://media-cdn.incrowdsports.com/cbb1c3ad-03d5-426a-b5ef-2832a4eee484.png
45,17.0,6.0,19.268627450980393,4.9,2.2,4.9,44%,0.0,0.1,0%,0.5,0.9,60%,1.7,3.1,4.8,1.2,1.6,1.2,0.1,0.4,2.7,1.1,6.1,010461,"MALDUNAS, GABRIELIUS",31,https://media-cdn.incrowdsports.com/6d450c55-5011-47dc-9d80-38fbe26826f2.png,LKB,LIE,Lietkabelis Panevezys ,https://media-cdn.incrowdsports.com/dc1684fc-b1ad-494f-a7ed-54f5998fcb36.png
45,17.0,11.0,18.897058823529413,5.6,2.2,3.9,56.7%,0.1,0.2,25%,0.9,1.4,66.7%,1.5,2.6,4.1,0.6,0.5,1.2,0.1,0.0,2.7,1.4,6.1,013279,"CHACHASHVILI, GABRIEL",25,https://media-cdn.incrowdsports.com/b1618585-024b-4f35-9840-dd2e665ac960.png,JER,JLM,Hapoel Jerusalem Basketball Club,https://media-cdn.incrowdsports.com/8058e0c5-3042-45e1-9423-f93f33c54576.png
47,16.0,2.0,12.844791666666667,5.0,2.1,3.1,68%,0.0,0.1,0%,0.8,1.4,54.5%,1.3,2.8,4.1,0.2,0.3,1.2,0.4,0.1,1.9,0.9,6.1,013263,"OGBEIDE, DEREK",27,https://media-cdn.incrowdsports.com/6efa074c-b496-4a92-8a8b-be978cf5dcdf.png,LJU;JER,COL;JLM,KK Cedevita Olimpija;Hapoel Jerusalem Basketball Club,https://media-cdn.incrowdsports.com/73b33d13-570e-4e49-a9cb-fe806831eaa7.png;https://media-cdn.incrowdsports.com/8058e0c5-3042-45e1-9423-f93f33c54576.png
48,20.0,14.0,22.99833333333333,5.7,1.0,1.9,55.3%,1.0,2.4,38.8%,0.8,1.0,75%,0.8,2.2,3.0,1.2,0.9,0.8,0.3,0.0,2.4,1.0,6.2,013300,"BESS, JAVON",28,https://media-cdn.incrowdsports.com/3d6ee03a-fabf-486f-9160-f744af18e2a5.png,TTK,TTA,Turk Telekom Ankara,https://media-cdn.incrowdsports.com/4ba35608-54ca-4800-a59c-f2571e6f8e13.png
49,19.0,11.0,22.196491228070176,6.1,1.4,3.1,45.8%,0.9,3.1,28.8%,0.6,1.1,52.4%,0.3,1.6,1.9,2.4,0.8,0.8,0.0,0.1,1.5,1.7,6.2,005516,"ZEMAITIS, KRISTUPAS",28,https://media-cdn.incrowdsports.com/f84eca86-4097-4692-800e-0480ec997309.png,WOL,WLV,BC Wolves Vilnius,https://media-cdn.incrowdsports.com/bab91c74-fc2e-4176-9db5-06f40e0e6759.png
50,14.0,6.0,23.184523809523807,7.7,0.4,1.7,25%,1.6,4.3,38.3%,1.9,2.3,84.4%,0.4,1.1,1.5,3.1,0.6,2.4,0.0,0.4,2.1,2.5,6.2,005404,"MORETTI, DAVIDE",26,https://media-cdn.incrowdsports.com/b447a9dc-e12c-41a9-b8ba-55175cb843a5.png,VNC,URV,Umana Reyer Venice,https://media-cdn.incrowdsports.com/104f5074-9f23-47da-a21f-f2078db8244c.png
51,18.0,16.0,21.49074074074074,7.1,2.1,2.9,69.8%,0.8,2.4,34.9%,0.4,0.6,72.7%,1.3,2.0,3.3,0.8,0.4,0.8,0.1,0.3,2.5,0.9,6.4,010161,"KRAAG, YANNICK",22,https://media-cdn.incrowdsports.com/73868142-0644-49fd-9022-34e569aef043.png,JOV,CJB,Club Joventut Badalona,https://media-cdn.incrowdsports.com/4867b9ca-abc6-48fd-a47f-011904a74bf8.png
52,16.0,9.0,19.092708333333334,6.1,1.6,3.4,48.1%,0.8,1.9,38.7%,0.6,1.0,56.2%,1.4,2.4,3.8,0.9,0.8,1.2,0.8,0.1,2.6,1.3,6.4,013291,"ROBY , ISAIAH",26,https://media-cdn.incrowdsports.com/c284da52-5bbb-461f-bb26-d5efc9471a52.png,ULM,ULM,ratiopharm Ulm,https://media-cdn.incrowdsports.com/497dc717-214d-4c03-8c67-0c4870278aa0.png
53,15.0,7.0,12.823333333333332,4.8,1.2,2.3,52.9%,0.5,1.3,40%,0.8,1.3,63.2%,0.7,1.1,1.9,2.8,0.5,1.7,0.1,0.1,1.6,2.1,6.5,010750,"DE LARREA, SERGIO",19,https://media-cdn.incrowdsports.com/23ea1ad3-e859-42ed-827b-b250fff01f2e.png,PAM,VBC,Valencia Basket,https://media-cdn.incrowdsports.com/efd12730-f2ea-4830-9caa-7f2f676079c2.png
54,14.0,13.0,22.90595238095238,8.1,1.9,3.4,55.3%,1.0,2.8,35.9%,1.4,2.1,65.5%,0.9,1.3,2.1,1.8,0.6,1.4,0.1,0.3,2.9,2.4,6.5,006546,"TAYLOR, JEFFERY",35,https://media-cdn.incrowdsports.com/10410890-e74a-4866-9d92-997cd1821ed9.png,WOL,WLV,BC Wolves Vilnius,https://media-cdn.incrowdsports.com/bab91c74-fc2e-4176-9db5-06f40e0e6759.png
55,15.0,3.0,21.40888888888889,5.8,0.7,1.5,47.8%,1.0,3.4,29.4%,1.3,1.7,76.9%,0.7,2.1,2.8,1.2,1.1,1.1,0.1,0.1,2.3,2.6,6.5,LXI,"LIPKEVICIUS, VYTENIS",35,https://media-cdn.incrowdsports.com/f2d4935b-49b7-4e79-a103-97ffdcbc008c.png,LKB,LIE,Lietkabelis Panevezys ,https://media-cdn.incrowdsports.com/dc1684fc-b1ad-494f-a7ed-54f5998fcb36.png
56,20.0,7.0,17.267500000000002,5.3,1.8,2.7,66.7%,0.2,0.8,25%,1.1,1.4,75.9%,1.2,1.7,2.8,1.4,0.4,1.0,0.4,0.2,2.2,1.5,6.6,005714,"MEJERIS, MAREKS",33,https://media-cdn.incrowdsports.com/9eb76962-b79d-41b9-afaf-f173cfaf22cf.png,CLU,UBT,U-BT Cluj-Napoca,https://media-cdn.incrowdsports.com/ae3e2844-0615-41bb-a788-a4f0d54b8d5e.png
57,18.0,1.0,19.366666666666667,7.9,0.9,1.8,50%,1.9,4.2,46.7%,0.3,0.3,100%,0.9,1.6,2.5,0.9,0.6,0.8,0.0,0.2,2.3,1.3,6.7,007914,"ARSLAN, YIGIT",28,https://media-cdn.incrowdsports.com/b00538d4-0cdb-4699-b74d-1cc0188a6a8c.png,BES,BJK,Besiktas Istanbul,https://media-cdn.incrowdsports.com/791d8d03-da9c-4243-8342-ed6937f54762.png
58,24.0,18.0,20.89027777777778,8.1,1.9,4.1,45.9%,1.0,2.4,42.1%,1.4,1.6,86.8%,0.6,1.7,2.3,1.7,0.4,1.1,0.0,0.3,2.5,1.9,6.8,012095,"THOMASSON, JOE",31,https://media-cdn.incrowdsports.com/ce8554e2-ab1f-4620-8c43-9941d3888f3d.png,CAN,DGC,Club Baloncesto Gran Canaria,https://media-cdn.incrowdsports.com/a074edc1-e180-4515-a876-447884b570b1.png
59,25.0,2.0,16.842,6.7,1.9,3.0,64.9%,0.9,1.8,48.9%,0.2,0.4,54.5%,0.8,2.2,3.0,0.7,0.6,0.7,0.2,0.0,2.2,0.8,6.8,010452,"PELOS, PIERRE",32,https://media-cdn.incrowdsports.com/166cc1c2-7915-450d-91a5-973017aca976.png,CAN,DGC,Club Baloncesto Gran Canaria,https://media-cdn.incrowdsports.com/a074edc1-e180-4515-a876-447884b570b1.png
60,16.0,10.0,20.155208333333334,6.3,1.0,1.8,55.2%,1.2,3.4,34.5%,0.8,1.5,50%,0.7,2.1,2.8,2.3,1.2,1.8,0.2,0.0,2.8,2.5,6.9,005099,"HANGA, ADAM",35,https://media-cdn.incrowdsports.com/f9dd2a24-1b86-4538-aca2-c93136cf6f50.png,JOV,CJB,Club Joventut Badalona,https://media-cdn.incrowdsports.com/4867b9ca-abc6-48fd-a47f-011904a74bf8.png
61,25.0,2.0,14.459333333333333,4.9,1.1,1.7,64.3%,0.4,1.4,32.4%,1.4,1.8,81.8%,0.4,2.0,2.4,1.0,0.5,0.8,0.1,0.2,1.0,1.8,7.0,005005,"SALVO, MIQUEL",30,https://media-cdn.incrowdsports.com/96ee413a-7d15-4fa6-a0c4-f36703950a4c.png,CAN,DGC,Club Baloncesto Gran Canaria,https://media-cdn.incrowdsports.com/a074edc1-e180-4515-a876-447884b570b1.png
62,16.0,2.0,16.330208333333335,5.5,1.6,2.6,61%,0.5,2.2,22.2%,0.9,0.9,93.3%,0.1,2.0,2.1,3.1,0.8,1.8,0.1,0.1,1.4,1.5,7.0,010623,"ALOCEN, CARLOS",24,https://media-cdn.incrowdsports.com/690b8b9b-425d-4da6-b6d9-122eaec0e330.png,CAN,DGC,Club Baloncesto Gran Canaria,https://media-cdn.incrowdsports.com/a074edc1-e180-4515-a876-447884b570b1.png
63,19.0,15.0,23.87280701754386,9.7,1.5,2.8,51.9%,1.8,5.8,30.6%,1.4,1.9,75%,0.7,1.8,2.5,2.7,0.6,2.0,0.1,0.2,2.7,2.2,7.1,008945,"NEEDHAM, DEREK",34,https://media-cdn.incrowdsports.com/e9e97a76-0cd0-4bbf-94a9-2d7dc062877b.png,BES,BJK,Besiktas Istanbul,https://media-cdn.incrowdsports.com/791d8d03-da9c-4243-8342-ed6937f54762.png
64,24.0,20.0,22.98611111111111,5.5,1.1,1.9,57.8%,0.8,2.6,30.2%,1.0,1.5,68.6%,0.5,2.8,3.4,1.6,1.2,0.6,0.3,0.1,2.8,1.7,7.1,013284,"WAINRIGHT, ISHMAIL CARZELL",30,https://media-cdn.incrowdsports.com/95385d0a-bcda-4bda-939c-ece3505ca5a1.png,HTA,HTA,Hapoel Tel Aviv,https://media-cdn.incrowdsports.com/cbb1c3ad-03d5-426a-b5ef-2832a4eee484.png
65,19.0,12.0,19.937719298245614,7.1,2.6,4.2,62%,0.2,0.9,23.5%,1.3,2.1,61.5%,1.3,1.9,3.2,0.5,0.6,1.1,0.1,0.2,1.8,1.9,7.2,005637,"TANASKOVIC, NIKOLA",27,https://media-cdn.incrowdsports.com/46654867-6084-4b19-8ac5-6fd3fad5e989.png,BUD,BUD,KK Buducnost,https://media-cdn.incrowdsports.com/47161285-94b3-4266-9d23-b722e8600945.png
66,17.0,8.0,14.464705882352941,7.6,2.9,4.0,72.1%,0.3,1.6,18.5%,0.9,2.0,47.1%,1.5,1.7,3.2,0.3,0.4,1.2,1.2,0.2,2.6,2.0,7.2,012738,"REUVERS, NATHAN",26,https://media-cdn.incrowdsports.com/d830be60-d495-4a84-9a40-70ca084e6014.png,PAM,VBC,Valencia Basket,https://media-cdn.incrowdsports.com/efd12730-f2ea-4830-9caa-7f2f676079c2.png
67,19.0,4.0,20.542105263157897,5.8,1.6,3.1,51.7%,0.7,1.5,46.4%,0.6,0.6,100%,0.7,1.5,2.2,3.2,0.9,1.2,0.1,0.2,2.3,1.1,7.3,003783,"UGURLU, BERK",28,https://media-cdn.incrowdsports.com/6c9de9cd-ad08-4927-8bee-80dcb2334828.png,BES,BJK,Besiktas Istanbul,https://media-cdn.incrowdsports.com/791d8d03-da9c-4243-8342-ed6937f54762.png
68,18.0,12.0,23.487037037037037,10.2,2.4,4.3,56.4%,1.4,4.6,30.5%,1.2,1.4,80.8%,1.3,2.2,3.5,0.5,0.8,1.5,0.6,0.3,2.4,1.2,7.3,013312,"BARNETT, JORDAN",29,https://media-cdn.incrowdsports.com/c15fe714-7ff7-40df-8db3-72ad244adabf.png,HAM,HAM,Hamburg Towers,https://media-cdn.incrowdsports.com/5ef8be01-ad71-42c2-aa02-d5c7a9495258.png
69,17.0,9.0,14.49705882352941,7.6,1.6,2.7,58.7%,0.9,2.0,44.1%,1.8,2.2,81.6%,1.6,1.6,3.2,0.9,0.4,1.4,0.4,0.3,3.5,2.6,7.4,013289,"SANTOS, MARCIO",22,https://media-cdn.incrowdsports.com/e8e3e967-910e-48a0-8519-9406206b6754.png,ULM,ULM,ratiopharm Ulm,https://media-cdn.incrowdsports.com/497dc717-214d-4c03-8c67-0c4870278aa0.png
70,19.0,4.0,20.516666666666666,6.5,0.6,1.4,44.4%,1.3,2.8,45.3%,1.4,1.8,79.4%,0.4,2.5,2.8,1.7,1.2,0.7,0.2,0.2,3.1,1.7,7.5,010431,"MORGAN, JEREMY",29,https://media-cdn.incrowdsports.com/c8fc13bd-b8b9-4241-a0b1-c843b4813d3e.png,JER,JLM,Hapoel Jerusalem Basketball Club,https://media-cdn.incrowdsports.com/8058e0c5-3042-45e1-9423-f93f33c54576.png
71,17.0,0.0,14.270588235294117,4.6,1.8,3.4,51.7%,0.0,0.2,0%,1.1,2.1,52.8%,2.0,2.4,4.4,0.8,0.2,0.6,0.2,0.2,1.4,2.4,7.5,004222,"OMIC, ALEN",32,https://media-cdn.incrowdsports.com/9cd9219a-31f4-4e18-974a-512a9d9f1b47.png,BUD,BUD,KK Buducnost,https://media-cdn.incrowdsports.com/47161285-94b3-4266-9d23-b722e8600945.png
72,19.0,0.0,17.746491228070177,11.4,1.0,1.9,51.4%,2.4,5.1,46.4%,2.3,2.5,93.6%,0.1,0.9,1.0,0.4,0.4,1.1,0.0,0.2,2.3,1.7,7.6,012630,"MAGEE, FLETCHER",28,https://media-cdn.incrowdsports.com/9c004a66-384a-42d2-8264-ee95f35e1c83.png,BUD,BUD,KK Buducnost,https://media-cdn.incrowdsports.com/47161285-94b3-4266-9d23-b722e8600945.png
73,19.0,12.0,23.010526315789473,5.3,1.3,2.3,58.1%,0.5,2.3,23.3%,1.1,1.6,67.7%,0.6,2.4,3.0,2.7,0.8,0.9,0.3,0.1,1.8,1.5,7.7,013305,"WHEATLE, CARL",26,https://media-cdn.incrowdsports.com/b4bb0338-1e76-44cb-b7cc-0c8cc996266e.png,VNC,URV,Umana Reyer Venice,https://media-cdn.incrowdsports.com/104f5074-9f23-47da-a21f-f2078db8244c.png
74,22.0,6.0,18.01742424242424,7.6,1.1,2.1,53.2%,1.4,3.9,36.5%,1.1,1.5,70.6%,0.9,2.1,3.0,0.8,0.5,0.5,0.3,0.5,1.0,1.5,7.8,006643,"PUERTO, JOSEP",25,https://media-cdn.incrowdsports.com/5c0cc065-9d15-40de-ab9e-6237b25c2584.png,PAM,VBC,Valencia Basket,https://media-cdn.incrowdsports.com/efd12730-f2ea-4830-9caa-7f2f676079c2.png
75,16.0,7.0,20.383333333333333,7.9,2.0,4.2,47.8%,0.9,2.4,38.5%,1.1,1.9,60%,0.6,3.1,3.8,1.4,0.4,1.6,0.1,0.2,2.2,2.8,7.9,011928,"SIMMS, AAMIR",25,https://media-cdn.incrowdsports.com/90929047-a06a-4908-b66f-3992ebdd5a6c.png,VNC,URV,Umana Reyer Venice,https://media-cdn.incrowdsports.com/104f5074-9f23-47da-a21f-f2078db8244c.png
76,19.0,18.0,25.142105263157895,7.2,0.9,2.4,40%,1.3,4.5,29.4%,1.4,1.9,72.2%,0.3,2.3,2.6,4.6,0.7,1.6,0.0,0.3,2.3,2.0,7.9,010587,"SMITH, KENNETH",31,https://media-cdn.incrowdsports.com/e96eefbb-b8c9-4ff7-a408-9e405b047c0a.png,JER;TTK,JLM;TTA,Hapoel Jerusalem Basketball Club;Turk Telekom Ankara,https://media-cdn.incrowdsports.com/8058e0c5-3042-45e1-9423-f93f33c54576.png;https://media-cdn.incrowdsports.com/4ba35608-54ca-4800-a59c-f2571e6f8e13.png
76,19.0,1.0,16.42105263157895,5.7,2.1,3.4,60.9%,0.3,1.6,19.4%,0.6,0.8,75%,0.4,1.6,2.0,4.0,1.0,1.1,0.0,0.3,1.7,1.2,7.9,005181,"RAGLAND, JOE",35,https://media-cdn.incrowdsports.com/9cf9c59b-3c77-4f81-9145-6ed5959bc10c.png,HTA,HTA,Hapoel Tel Aviv,https://media-cdn.incrowdsports.com/cbb1c3ad-03d5-426a-b5ef-2832a4eee484.png
78,20.0,11.0,22.105,8.7,0.4,0.8,53.3%,2.2,6.0,37.5%,1.2,1.4,85.2%,0.6,1.4,2.0,1.6,0.8,0.7,0.0,0.2,2.0,2.0,7.9,002820,"SALIN, SASU",33,https://media-cdn.incrowdsports.com/032f8e78-4120-4166-9d3d-96ef557e5859.png,CLU,UBT,U-BT Cluj-Napoca,https://media-cdn.incrowdsports.com/ae3e2844-0615-41bb-a788-a4f0d54b8d5e.png
79,20.0,6.0,20.004166666666666,8.6,1.8,4.0,45.7%,0.8,3.1,25.8%,2.4,2.8,89.1%,0.2,2.4,2.6,2.8,0.4,1.9,0.2,0.2,2.5,2.9,8.0,006598,"HANLAN, OLIVIER",31,https://media-cdn.incrowdsports.com/6c9331a0-bfbe-49bb-92e4-81eb189b2732.png,TTK,TTA,Turk Telekom Ankara,https://media-cdn.incrowdsports.com/4ba35608-54ca-4800-a59c-f2571e6f8e13.png
80,18.0,0.0,16.766666666666666,8.1,3.1,5.7,54.9%,0.0,0.1,0%,1.8,2.4,76.7%,1.9,1.8,3.7,0.4,0.6,1.2,1.1,0.2,2.9,1.7,8.0,009552,"PANSA, JEAN-MARC",27,https://media-cdn.incrowdsports.com/8ce31aa1-2030-4127-b7a9-e46d0465aa1f.png,BOU,JLB,JL Bourg,https://media-cdn.incrowdsports.com/d4225e1b-7c1b-4382-98d4-ca8511c64441.png
81,18.0,9.0,18.514814814814812,7.2,1.8,3.9,46.5%,0.9,2.9,30.8%,0.8,1.1,75%,1.9,2.3,4.2,0.7,0.8,0.4,0.2,0.2,1.0,1.1,8.1,013264,"NELSON, ADRIAN",25,https://media-cdn.incrowdsports.com/074e9981-ed91-42c8-a002-c13c3b3f001a.png,BOU,JLB,JL Bourg,https://media-cdn.incrowdsports.com/d4225e1b-7c1b-4382-98d4-ca8511c64441.png
82,23.0,4.0,17.328260869565216,7.4,2.1,3.6,59%,0.7,1.8,39%,1.1,1.5,71.4%,0.9,2.8,3.7,0.7,0.7,0.9,0.7,0.1,2.7,1.6,8.2,012096,"CABOCLO, BRUNO",29,https://media-cdn.incrowdsports.com/3d66cd91-5c2b-4aee-aa8a-11c071be7ce3.png,HTA,HTA,Hapoel Tel Aviv,https://media-cdn.incrowdsports.com/cbb1c3ad-03d5-426a-b5ef-2832a4eee484.png
83,19.0,14.0,17.742105263157896,4.6,1.9,3.1,62.1%,0.0,0.0,0%,0.8,1.6,53.3%,2.0,3.3,5.3,0.2,0.4,0.5,1.1,0.1,2.1,1.2,8.3,012996,"BERINGER, JOAN",18,https://media-cdn.incrowdsports.com/e0cec8cf-f184-4f1e-9016-4f9b66a044bd.png,LJU,COL,KK Cedevita Olimpija,https://media-cdn.incrowdsports.com/73b33d13-570e-4e49-a9cb-fe806831eaa7.png
84,17.0,6.0,18.751960784313727,6.5,1.2,2.6,46.7%,1.1,2.6,40.9%,0.9,1.0,88.2%,0.7,3.4,4.1,1.8,0.5,1.1,0.2,0.2,1.4,0.8,8.3,006853,"JOGELA, MATAS",26,https://media-cdn.incrowdsports.com/992a88f0-aeb7-4a06-bb0d-e974a5df36cc.png,WOL,WLV,BC Wolves Vilnius,https://media-cdn.incrowdsports.com/bab91c74-fc2e-4176-9db5-06f40e0e6759.png
85,18.0,13.0,25.046296296296294,10.4,1.9,4.5,43.2%,1.3,3.6,35.9%,2.7,3.4,78.7%,0.9,2.3,3.3,0.8,0.2,0.6,0.0,0.3,2.1,2.2,8.3,013295,"ZYSKOWSKI, JAROSLAW",32,https://media-cdn.incrowdsports.com/a88719d8-f216-434f-a4bf-ac40c34891b3.png,TSO,SOP,Trefl Sopot,https://media-cdn.incrowdsports.com/9ef7b3dd-9f80-4639-964d-9db4dfe436ee.png
86,23.0,23.0,24.555797101449276,6.3,0.7,1.7,42.5%,1.0,4.1,24.5%,1.8,2.3,79.2%,0.3,1.3,1.6,3.6,1.8,2.3,0.0,0.0,1.3,3.2,8.3,003425,"ALBICY, ANDREW",34,https://media-cdn.incrowdsports.com/7d12b702-a1a1-45d7-8257-225fbada577d.png,CAN,DGC,Club Baloncesto Gran Canaria,https://media-cdn.incrowdsports.com/a074edc1-e180-4515-a876-447884b570b1.png
87,17.0,8.0,18.569607843137256,6.7,2.3,4.3,53.4%,0.2,0.7,33.3%,1.4,2.2,63.2%,1.5,3.5,5.1,1.8,0.6,2.2,0.2,0.4,2.3,2.4,8.5,012687,"NIANG, SALIOU",20,https://media-cdn.incrowdsports.com/39f43662-e79b-4cf0-849c-944d007b08e2.png,TRN,TRE,Dolomiti Energia Trento,https://media-cdn.incrowdsports.com/00c5cc07-732c-43c3-9d6e-5440594a25f8.png
88,23.0,23.0,21.796376811594204,7.6,1.7,2.8,61.5%,1.0,3.2,32.4%,1.0,1.1,84.6%,1.3,2.0,3.3,1.1,0.8,0.7,0.0,0.0,1.8,1.5,8.5,006588,"SHURNA, JOHN",34,https://media-cdn.incrowdsports.com/3585d55e-72d0-478b-adb2-92ea4a3429fb.png,CAN,DGC,Club Baloncesto Gran Canaria,https://media-cdn.incrowdsports.com/a074edc1-e180-4515-a876-447884b570b1.png
89,15.0,13.0,23.938888888888886,9.3,2.3,3.9,60.3%,0.9,2.8,33.3%,1.8,2.3,77.1%,1.3,1.5,2.8,1.5,1.1,1.9,0.5,0.1,2.8,2.3,8.6,011797,"GUZMAN, KAREL",29,https://media-cdn.incrowdsports.com/374362fb-7f20-4f6a-b455-a40ffe8b5cf3.png,CLU,UBT,U-BT Cluj-Napoca,https://media-cdn.incrowdsports.com/ae3e2844-0615-41bb-a788-a4f0d54b8d5e.png
90,16.0,12.0,25.34375,7.9,2.4,5.5,44.3%,0.3,2.4,13.2%,2.1,2.8,77.3%,0.5,3.1,3.6,4.4,0.9,2.7,0.2,0.6,2.2,2.8,8.6,012593,"ELLIS, QUINN",21,https://media-cdn.incrowdsports.com/1f3530cb-b118-43b4-a664-bfd6a21aad0a.png,TRN,TRE,Dolomiti Energia Trento,https://media-cdn.incrowdsports.com/00c5cc07-732c-43c3-9d6e-5440594a25f8.png
91,18.0,18.0,19.026851851851852,7.4,2.6,5.1,51.6%,0.0,0.0,0%,2.2,2.8,78%,2.0,2.6,4.6,0.5,1.1,0.9,0.3,0.5,3.7,3.2,8.8,011837,"KOKILA, KEVIN",23,https://media-cdn.incrowdsports.com/d305f17c-3f2e-4892-a160-7043779ce8f0.png,BOU,JLB,JL Bourg,https://media-cdn.incrowdsports.com/d4225e1b-7c1b-4382-98d4-ca8511c64441.png
91,18.0,18.0,25.075925925925926,10.7,2.9,5.3,54.2%,1.2,3.9,31.4%,1.3,1.4,92%,0.7,2.1,2.8,1.5,0.8,1.3,0.2,0.4,2.5,2.2,8.8,013269,"CALE, MYLES",25,https://media-cdn.incrowdsports.com/1bf30f55-b73c-4030-8ff3-55446a0f861e.png,TRN,TRE,Dolomiti Energia Trento,https://media-cdn.incrowdsports.com/00c5cc07-732c-43c3-9d6e-5440594a25f8.png
93,17.0,8.0,20.951960784313727,9.4,1.9,3.6,53.2%,1.2,2.9,42.9%,1.8,2.3,79.5%,0.3,1.5,1.8,2.9,0.9,2.4,0.3,0.2,2.8,2.7,8.9,009898,"BICKAUSKIS, DOVIS",31,https://media-cdn.incrowdsports.com/b2a30d7b-80ac-45e5-8eb9-251c47d7e7ed.png,LKB,LIE,Lietkabelis Panevezys ,https://media-cdn.incrowdsports.com/dc1684fc-b1ad-494f-a7ed-54f5998fcb36.png
94,13.0,11.0,23.18846153846154,7.6,1.7,3.2,52.4%,1.1,3.1,35%,1.0,1.4,72.2%,0.8,1.9,2.7,2.5,0.9,1.3,0.0,0.2,1.9,2.5,8.9,011821,"MASSINBURG, CJ",27,https://media-cdn.incrowdsports.com/ff5e8a3e-8f27-4137-80fb-56c0735d78d2.png,BAH,BKS,Bahcesehir Koleji Istanbul,https://media-cdn.incrowdsports.com/1d3274d8-da86-4d21-9e97-6810ab88babe.png
95,17.0,1.0,20.01078431372549,11.4,1.1,2.5,45.2%,2.4,5.6,42.1%,2.1,2.4,87.5%,0.7,1.2,1.9,1.8,0.6,1.4,0.0,0.5,1.6,1.7,8.9,012077,"PLUMMER, ALFONSO",27,https://media-cdn.incrowdsports.com/2c989d9f-f81f-4970-9030-6f9cac12f551.png,ULM,ULM,ratiopharm Ulm,https://media-cdn.incrowdsports.com/497dc717-214d-4c03-8c67-0c4870278aa0.png
96,19.0,5.0,21.235087719298246,7.4,3.1,4.5,67.4%,0.1,0.4,25%,1.0,1.3,76%,1.6,2.8,4.4,0.7,0.3,1.2,0.6,0.2,2.3,1.2,8.9,012789,"BROOKS, GARRISON",25,https://media-cdn.incrowdsports.com/ba9693fa-dcb8-45dd-8572-d23bc6d675f6.png,WOL,WLV,BC Wolves Vilnius,https://media-cdn.incrowdsports.com/bab91c74-fc2e-4176-9db5-06f40e0e6759.png
97,18.0,5.0,15.475925925925926,4.7,1.4,2.1,68.4%,0.4,1.5,25.9%,0.7,0.9,70.6%,0.4,1.7,2.1,5.1,1.2,1.3,0.0,0.1,1.9,1.3,9.1,004863,"JOVIC, STEFAN",34,https://media-cdn.incrowdsports.com/c4ac0a9d-d109-4e57-8835-43c67f1f2e62.png,PAM,VBC,Valencia Basket,https://media-cdn.incrowdsports.com/efd12730-f2ea-4830-9caa-7f2f676079c2.png
98,16.0,7.0,19.259375,6.6,2.8,3.8,72.1%,0.0,0.0,0%,1.1,1.8,60.7%,1.7,2.9,4.6,1.4,1.0,1.6,0.4,0.2,3.1,1.6,9.1,010652,"TERRY, EMANUEL",28,https://media-cdn.incrowdsports.com/59385d87-4f80-4d20-b578-a618e611ea02.png,BES,BJK,Besiktas Istanbul,https://media-cdn.incrowdsports.com/791d8d03-da9c-4243-8342-ed6937f54762.png
99,15.0,9.0,24.157777777777778,11.3,2.5,5.4,45.7%,1.7,3.4,49%,1.3,1.8,74.1%,0.7,1.8,2.5,1.1,1.1,0.9,0.0,0.2,2.4,1.7,9.1,013255,"MARTIN, KELAN",29,https://media-cdn.incrowdsports.com/9e946783-609a-4e7f-a2b1-f19a134e26c5.png,BES,BJK,Besiktas Istanbul,https://media-cdn.incrowdsports.com/791d8d03-da9c-4243-8342-ed6937f54762.png
100,18.0,6.0,17.212037037037035,6.3,2.5,3.6,69.2%,0.0,0.0,0%,1.3,2.1,62.2%,2.7,2.5,5.2,0.4,0.5,1.1,0.9,0.2,2.7,1.7,9.1,013252,"ROBERTS, JOSHUA",25,https://media-cdn.incrowdsports.com/d20a72a8-3b62-40fb-abd1-4bbecadd13fa.png,ARI,ARI,Aris Thessaloniki,https://media-cdn.incrowdsports.com/dffbb68c-00b9-4a19-9e07-d98189caa409.png
101,17.0,2.0,18.822549019607845,8.9,2.0,3.5,57.6%,1.1,3.2,32.7%,1.7,2.0,85.3%,1.3,3.2,4.5,1.4,0.6,1.0,0.4,0.2,3.2,1.7,9.1,009680,"MORGAN, CONOR",30,https://media-cdn.incrowdsports.com/30e38f7a-559e-40ed-aeb0-3b1ba846b57d.png,BES,BJK,Besiktas Istanbul,https://media-cdn.incrowdsports.com/791d8d03-da9c-4243-8342-ed6937f54762.png
102,14.0,13.0,22.629761904761903,6.6,2.9,4.4,66.1%,0.0,0.0,0%,0.8,2.1,36.7%,1.9,3.2,5.1,0.5,0.7,1.4,1.3,0.1,3.0,2.4,9.3,013271,"MAWUGBE, SELOM",26,https://media-cdn.incrowdsports.com/a0d914dd-b3b6-4489-a257-333f7549074b.png,TRN,TRE,Dolomiti Energia Trento,https://media-cdn.incrowdsports.com/00c5cc07-732c-43c3-9d6e-5440594a25f8.png
103,18.0,18.0,23.88611111111111,10.9,2.6,5.1,50.5%,1.2,3.7,32.8%,2.1,2.8,76%,0.5,2.9,3.4,1.1,1.1,1.2,0.1,0.2,2.4,2.3,9.4,013265,"USHER, JORDAN",26,https://media-cdn.incrowdsports.com/6d1aa535-f66f-4044-8fff-b13ac926df21.png,BOU,JLB,JL Bourg,https://media-cdn.incrowdsports.com/d4225e1b-7c1b-4382-98d4-ca8511c64441.png
104,15.0,6.0,24.5,13.7,2.2,5.0,44%,2.5,8.2,30.1%,1.9,2.2,84.8%,0.5,1.5,2.0,2.5,1.0,2.6,0.1,0.6,2.3,4.5,9.4,004292,"TOLIOPOULOS, VASSILIS",28,https://media-cdn.incrowdsports.com/463d6ebf-adb6-47f9-a277-fadc8e5769f9.png,ARI,ARI,Aris Thessaloniki,https://media-cdn.incrowdsports.com/dffbb68c-00b9-4a19-9e07-d98189caa409.png
105,22.0,14.0,20.379545454545454,11.4,1.3,3.6,36.2%,2.1,5.0,42.7%,2.3,2.8,82.3%,1.3,2.3,3.5,0.5,0.4,1.2,0.2,0.7,1.1,2.1,9.5,011982,"OJELEYE, SEMI",30,https://media-cdn.incrowdsports.com/2578af9b-c461-4517-a65f-de6ca1388bf4.png,PAM,VBC,Valencia Basket,https://media-cdn.incrowdsports.com/efd12730-f2ea-4830-9caa-7f2f676079c2.png
106,24.0,5.0,19.865277777777777,11.9,2.5,4.8,51.3%,1.5,4.8,30.4%,2.6,3.3,79.7%,0.5,1.4,1.9,2.2,0.1,1.7,0.2,0.2,1.8,3.3,9.6,011251,"HOMESLEY, CALEB",28,https://media-cdn.incrowdsports.com/1bd73f16-1599-430f-9dc3-8f1d5635e6c7.png,CAN,DGC,Club Baloncesto Gran Canaria,https://media-cdn.incrowdsports.com/a074edc1-e180-4515-a876-447884b570b1.png
107,20.0,15.0,23.125,11.1,1.6,3.2,51.6%,2.0,4.6,45.1%,1.6,1.8,94.3%,0.4,1.4,1.8,1.8,0.5,1.8,0.1,0.2,1.7,2.2,9.6,004862,"SEELEY, DENNIS",35,https://media-cdn.incrowdsports.com/a4943465-7938-45eb-b555-48c67d662df0.png,CLU,UBT,U-BT Cluj-Napoca,https://media-cdn.incrowdsports.com/ae3e2844-0615-41bb-a788-a4f0d54b8d5e.png
108,16.0,0.0,21.605208333333334,11.7,2.9,6.1,46.9%,1.3,4.8,27.6%,2.0,2.8,71.1%,0.4,3.1,3.5,4.2,0.8,2.6,0.0,1.1,2.5,3.2,9.7,013309,"LOTTIE, JAIZEC",26,https://media-cdn.incrowdsports.com/a90c6860-1db9-4e79-aecd-20c7ec2de79b.png,HAM,HAM,Hamburg Towers,https://media-cdn.incrowdsports.com/5ef8be01-ad71-42c2-aa02-d5c7a9495258.png
109,20.0,11.0,20.144166666666667,9.6,1.8,2.7,64.8%,1.6,4.2,39.8%,1.1,1.3,84.6%,0.7,1.4,2.0,2.8,0.5,1.2,0.1,0.5,1.8,1.9,9.7,007527,"BADIO, BRANCOU",25,https://media-cdn.incrowdsports.com/a0c0a3a9-e333-489a-b342-935648b3d9fc.png,PAM,VBC,Valencia Basket,https://media-cdn.incrowdsports.com/efd12730-f2ea-4830-9caa-7f2f676079c2.png
110,20.0,19.0,24.74833333333333,9.6,3.6,6.8,53.3%,0.3,1.9,15.8%,1.4,2.2,64.4%,1.4,3.1,4.6,1.6,1.6,1.4,0.4,0.4,2.6,2.1,9.8,012700,"STEWART, DJ",25,https://media-cdn.incrowdsports.com/a9091bd3-a97a-40b5-a899-c6b6e3e48f6d.png,LJU,COL,KK Cedevita Olimpija,https://media-cdn.incrowdsports.com/73b33d13-570e-4e49-a9cb-fe806831eaa7.png
111,18.0,5.0,23.496296296296297,11.1,1.2,2.9,39.6%,1.4,4.3,33.8%,4.4,4.8,93%,0.4,1.4,1.8,3.9,0.7,2.9,0.1,0.3,3.8,4.2,9.9,013298,"SCHENK, JAKUB",30,https://media-cdn.incrowdsports.com/94fc994f-935a-429d-96cc-cb1313e3226c.png,TSO,SOP,Trefl Sopot,https://media-cdn.incrowdsports.com/9ef7b3dd-9f80-4639-964d-9db4dfe436ee.png
112,21.0,1.0,17.81984126984127,8.3,2.0,3.7,55.8%,0.6,2.0,31%,2.3,2.7,86%,1.2,2.5,3.8,1.0,0.9,0.8,0.3,0.3,2.0,2.1,9.9,012711,"SIMONOVIC, MARKO",25,https://media-cdn.incrowdsports.com/b5895662-8f6a-4350-893d-8cc0116a7823.png,BAH,BKS,Bahcesehir Koleji Istanbul,https://media-cdn.incrowdsports.com/1d3274d8-da86-4d21-9e97-6810ab88babe.png
113,19.0,13.0,22.782456140350877,7.2,2.1,2.9,71.4%,0.6,2.3,25.6%,1.2,1.5,82.1%,2.2,3.7,5.9,0.9,0.9,0.5,0.2,0.3,3.1,1.6,10.1,013277,"JOHNSON, CHRIS",34,https://media-cdn.incrowdsports.com/ede1defd-72b8-49c3-8680-29e9dd282f75.png,JER,JLM,Hapoel Jerusalem Basketball Club,https://media-cdn.incrowdsports.com/8058e0c5-3042-45e1-9423-f93f33c54576.png
114,15.0,8.0,22.33555555555556,11.3,2.7,5.4,49.4%,0.6,2.4,25%,4.2,6.1,69.2%,0.5,2.5,3.1,1.7,0.6,1.9,0.1,0.2,2.9,4.7,10.1,006586,"KALAITZAKIS, GEORGIOS",25,https://media-cdn.incrowdsports.com/a330a4e3-0f8b-47d3-bc15-9ea84b25f341.png,LKB,LIE,Lietkabelis Panevezys ,https://media-cdn.incrowdsports.com/dc1684fc-b1ad-494f-a7ed-54f5998fcb36.png
115,24.0,23.0,26.999305555555555,9.3,1.3,2.9,46.4%,1.8,4.9,35.9%,1.4,1.8,79.1%,0.6,3.2,3.8,2.8,0.8,1.7,0.4,0.2,2.0,2.2,10.3,008121,"BRUSSINO, NICOLAS",31,https://media-cdn.incrowdsports.com/aba56008-559a-461e-b5a5-2edd7a1415a5.png,CAN,DGC,Club Baloncesto Gran Canaria,https://media-cdn.incrowdsports.com/a074edc1-e180-4515-a876-447884b570b1.png
116,25.0,1.0,16.505333333333333,7.9,3.2,4.6,69%,0.0,0.0,0%,1.5,2.2,69.1%,1.5,2.6,4.1,1.1,0.3,1.2,0.5,0.3,2.4,2.4,10.4,012016,"CONDITT IV, GEORGE",24,https://media-cdn.incrowdsports.com/411c98e4-6d6e-4c5b-bf3f-619ab920b651.png,CAN,DGC,Club Baloncesto Gran Canaria,https://media-cdn.incrowdsports.com/a074edc1-e180-4515-a876-447884b570b1.png
117,16.0,5.0,19.160416666666666,7.1,2.7,4.4,60.6%,0.0,0.0,0%,1.8,3.1,57.1%,1.8,2.6,4.3,3.1,0.5,1.5,0.1,0.1,3.7,3.6,10.4,005113,"STIPANOVIC, ANDRIJA",38,https://media-cdn.incrowdsports.com/cbda2bd9-5ebc-409c-a47e-2acf455b8a38.png,LKB;LJU,LIE;COL,Lietkabelis Panevezys ;KK Cedevita Olimpija,https://media-cdn.incrowdsports.com/dc1684fc-b1ad-494f-a7ed-54f5998fcb36.png;https://media-cdn.incrowdsports.com/73b33d13-570e-4e49-a9cb-fe806831eaa7.png
118,18.0,16.0,27.223148148148148,9.8,1.4,3.3,44.1%,1.6,4.2,36.8%,2.3,3.0,75.9%,1.1,2.7,3.8,1.9,1.7,1.3,0.3,0.3,2.3,2.1,10.5,006625,"ZOOSMAN, YOVEL",26,https://media-cdn.incrowdsports.com/db31839e-5e4a-4af1-bdfa-5dd0188962ee.png,JER,JLM,Hapoel Jerusalem Basketball Club,https://media-cdn.incrowdsports.com/8058e0c5-3042-45e1-9423-f93f33c54576.png
119,21.0,10.0,23.174603174603174,9.6,2.3,5.0,45.7%,0.6,2.1,28.9%,3.2,4.5,70.5%,0.4,1.9,2.2,3.0,1.4,1.2,0.0,0.3,1.9,3.2,10.5,011201,"HAZER, SEHMUS",25,https://media-cdn.incrowdsports.com/966c7564-e933-42de-b49f-c81f65b20e88.png,BAH,BKS,Bahcesehir Koleji Istanbul,https://media-cdn.incrowdsports.com/1d3274d8-da86-4d21-9e97-6810ab88babe.png
120,19.0,11.0,21.49298245614035,9.5,1.5,3.2,46.7%,1.1,3.6,30.4%,3.2,4.2,76.2%,0.3,3.2,3.5,1.0,0.8,1.3,0.0,0.3,1.1,3.6,10.5,003452,"BLAZIC, JAKA",34,https://media-cdn.incrowdsports.com/9ef061f7-37f1-418a-abcd-c2859609b6ee.png,LJU,COL,KK Cedevita Olimpija,https://media-cdn.incrowdsports.com/73b33d13-570e-4e49-a9cb-fe806831eaa7.png
121,24.0,19.0,23.615277777777777,8.9,2.9,4.5,65.4%,0.7,2.4,28.1%,1.1,1.6,68.4%,1.3,3.5,4.8,1.4,0.7,1.0,0.1,0.4,2.1,1.9,10.6,010550,"GINAT, TOMER",30,https://media-cdn.incrowdsports.com/4ee7d2fa-8299-4522-be3e-cab3009c2a1f.png,HTA,HTA,Hapoel Tel Aviv,https://media-cdn.incrowdsports.com/cbb1c3ad-03d5-426a-b5ef-2832a4eee484.png
122,17.0,11.0,19.707843137254905,7.2,2.5,3.8,64.6%,0.5,1.2,38.1%,0.9,1.2,71.4%,1.5,2.4,3.9,3.6,1.6,2.3,0.2,0.2,2.4,1.4,10.6,006904,"AYAYI, JOEL",24,https://media-cdn.incrowdsports.com/a1e6e5a3-6fbe-417b-a2d5-9ed6516af396.png,BOU,JLB,JL Bourg,https://media-cdn.incrowdsports.com/d4225e1b-7c1b-4382-98d4-ca8511c64441.png
123,16.0,14.0,25.130208333333332,10.8,3.2,6.4,50%,0.7,2.1,32.4%,2.3,2.5,92.5%,1.6,4.1,5.8,1.4,0.9,2.1,0.4,0.3,3.2,1.9,10.6,011909,"PARKS, JORDAN",30,https://media-cdn.incrowdsports.com/449befd0-a2a1-47e9-a7df-86c170244f6a.png,VNC,URV,Umana Reyer Venice,https://media-cdn.incrowdsports.com/104f5074-9f23-47da-a21f-f2078db8244c.png
124,13.0,13.0,27.515384615384615,9.2,2.8,4.3,64.3%,0.3,1.6,19%,2.7,3.7,72.9%,0.9,2.9,3.8,2.1,1.0,2.2,0.0,0.5,2.5,3.6,10.7,005422,"JALLOW, KARIM",27,https://media-cdn.incrowdsports.com/477f9093-9b89-427c-8c45-6a7650eff69e.png,ULM,ULM,ratiopharm Ulm,https://media-cdn.incrowdsports.com/497dc717-214d-4c03-8c67-0c4870278aa0.png
125,19.0,17.0,23.228070175438596,10.3,2.5,4.3,58%,1.1,2.6,40%,2.2,2.8,77.8%,1.8,1.7,3.5,1.1,1.8,1.1,0.1,0.3,3.8,3.4,10.9,011927,"SLEVA, DUSTIN",29,https://media-cdn.incrowdsports.com/bb20c519-092d-48d8-a591-0f54264afbfd.png,BES,BJK,Besiktas Istanbul,https://media-cdn.incrowdsports.com/791d8d03-da9c-4243-8342-ed6937f54762.png
126,13.0,10.0,25.24871794871795,11.9,2.2,3.7,60.4%,1.5,5.3,27.5%,3.1,3.8,80%,0.6,1.9,2.5,1.6,1.3,1.5,0.3,0.4,3.2,4.4,10.9,009299,"RUBSTAVICIUS, MANTAS",22,https://media-cdn.incrowdsports.com/6e494d22-5464-434f-9d73-1ecddb81e0d1.png,LKB,LIE,Lietkabelis Panevezys ,https://media-cdn.incrowdsports.com/dc1684fc-b1ad-494f-a7ed-54f5998fcb36.png
127,19.0,6.0,21.879824561403506,11.9,2.4,4.2,57%,1.5,3.9,37.3%,2.8,3.3,85.5%,1.1,3.1,4.2,1.2,0.3,1.3,0.4,0.4,3.2,2.4,10.9,012577,"THURMAN, TRE'SHAWN",29,https://media-cdn.incrowdsports.com/808d1e7c-37ed-4ac5-bd8e-8a1d948d56b6.png,WOL,WLV,BC Wolves Vilnius,https://media-cdn.incrowdsports.com/bab91c74-fc2e-4176-9db5-06f40e0e6759.png
128,20.0,17.0,24.1325,10.0,1.3,2.4,54.2%,1.5,4.5,33.3%,2.8,3.3,86.4%,0.2,1.6,1.8,3.7,0.8,2.0,0.0,0.0,3.1,4.3,11.0,003703,"NIKOLIC, ALEKSEJ",29,https://media-cdn.incrowdsports.com/316b0e87-df4b-4681-a331-d65952c65fe9.png,LJU,COL,KK Cedevita Olimpija,https://media-cdn.incrowdsports.com/73b33d13-570e-4e49-a9cb-fe806831eaa7.png
129,16.0,10.0,24.417708333333334,12.8,4.2,8.8,48.2%,0.6,2.8,22.2%,2.4,3.1,78%,0.6,1.6,2.2,4.6,1.3,2.5,0.1,0.6,2.3,2.9,11.0,011437,"SARAF, BEN",18,https://media-cdn.incrowdsports.com/bd981878-2c8f-42fe-bf2d-23d72dc06774.png,ULM,ULM,ratiopharm Ulm,https://media-cdn.incrowdsports.com/497dc717-214d-4c03-8c67-0c4870278aa0.png
130,24.0,16.0,24.047916666666666,13.6,3.4,5.2,65.3%,1.9,4.5,42.6%,1.1,1.7,63.4%,0.8,1.9,2.8,1.5,0.3,1.5,0.1,0.5,2.0,1.7,11.0,010386,"FOSTER, MARCUS",29,https://media-cdn.incrowdsports.com/109bd6d0-cc37-4e4e-9fc4-6be18d520003.png,HTA,HTA,Hapoel Tel Aviv,https://media-cdn.incrowdsports.com/cbb1c3ad-03d5-426a-b5ef-2832a4eee484.png
131,17.0,4.0,22.67843137254902,11.7,2.4,4.1,57.1%,1.7,4.1,41.4%,1.9,2.1,88.9%,0.4,1.3,1.7,3.1,0.4,1.6,0.1,0.3,1.9,2.5,11.3,012740,"ROBERTSON, KASSIUS",30,https://media-cdn.incrowdsports.com/5aa7f467-8fe2-45db-97e5-2fbff4d3a1b9.png,JOV,CJB,Club Joventut Badalona,https://media-cdn.incrowdsports.com/4867b9ca-abc6-48fd-a47f-011904a74bf8.png
132,18.0,9.0,21.635185185185186,10.1,2.9,6.3,46.9%,0.7,2.4,29.5%,2.1,2.4,84.1%,0.5,2.4,2.9,4.3,0.8,2.0,0.2,0.3,2.3,3.0,11.3,012606,"WRIGHT IV, MCKINLEY",26,https://media-cdn.incrowdsports.com/c1c17c4f-deb7-44c1-8593-ed9af8d5cdb9.png,BUD,BUD,KK Buducnost,https://media-cdn.incrowdsports.com/47161285-94b3-4266-9d23-b722e8600945.png
133,18.0,14.0,18.67685185185185,9.6,3.8,5.3,70.8%,0.0,0.0,0%,2.0,2.6,76.6%,1.3,3.3,4.6,1.0,0.6,1.7,0.3,0.3,3.1,2.6,11.4,008186,"BLAZEVIC, MAREK",23,https://media-cdn.incrowdsports.com/e3c0623a-0b8a-4f1b-8f01-cb70c9a64873.png,WOL,WLV,BC Wolves Vilnius,https://media-cdn.incrowdsports.com/bab91c74-fc2e-4176-9db5-06f40e0e6759.png
134,18.0,7.0,19.041666666666668,9.8,3.7,5.8,62.9%,0.0,0.1,0%,2.5,3.1,81.8%,1.2,2.6,3.8,0.3,0.3,1.8,1.2,0.1,3.1,3.7,11.4,004834,"PUSTOVYI, ARTEM",32,https://media-cdn.incrowdsports.com/6af02b42-60cf-4293-b7d4-2c92b7c5b4dd.png,JOV,CJB,Club Joventut Badalona,https://media-cdn.incrowdsports.com/4867b9ca-abc6-48fd-a47f-011904a74bf8.png
135,20.0,3.0,19.693333333333335,10.3,2.6,5.4,48.6%,1.0,2.0,50%,2.1,2.6,80.8%,0.6,1.9,2.4,3.8,1.4,2.4,0.0,0.7,1.8,2.9,11.6,013260,"JONES, DEVANTE",26,https://media-cdn.incrowdsports.com/cb585bf7-0d29-43e6-bd42-8cf2564551a2.png,LJU,COL,KK Cedevita Olimpija,https://media-cdn.incrowdsports.com/73b33d13-570e-4e49-a9cb-fe806831eaa7.png
136,13.0,4.0,20.814102564102562,9.5,2.6,4.5,58.6%,0.8,2.2,35.7%,1.9,2.6,73.5%,1.5,3.5,5.0,1.0,0.7,1.5,0.7,0.6,1.6,2.4,11.6,013297,"WEATHERS, MARCUS",27,https://media-cdn.incrowdsports.com/235e74ae-efa4-4912-9f11-4ce3612e1da8.png,TSO,SOP,Trefl Sopot,https://media-cdn.incrowdsports.com/9ef7b3dd-9f80-4639-964d-9db4dfe436ee.png
137,16.0,0.0,20.469791666666666,8.2,1.8,3.2,55.8%,0.8,1.9,41.9%,2.1,3.1,68%,0.7,3.1,3.8,2.2,0.9,1.7,0.2,0.0,2.7,4.2,11.6,004172,"PONITKA, MATEUSZ",31,https://media-cdn.incrowdsports.com/ff57c5a3-cbb1-4453-947e-8e843f9faea1.png,BAH,BKS,Bahcesehir Koleji Istanbul,https://media-cdn.incrowdsports.com/1d3274d8-da86-4d21-9e97-6810ab88babe.png
138,19.0,15.0,22.96315789473684,10.6,2.4,4.9,49.5%,0.7,2.2,34.1%,3.6,5.1,70.1%,0.5,2.2,2.7,3.4,0.7,2.3,0.3,0.4,2.6,4.6,11.6,011924,"ALLMAN, KYLE",27,https://media-cdn.incrowdsports.com/8509537c-0e40-451b-b6c8-0d7ed53c05df.png,BES,BJK,Besiktas Istanbul,https://media-cdn.incrowdsports.com/791d8d03-da9c-4243-8342-ed6937f54762.png
139,15.0,9.0,25.561111111111114,12.5,2.9,5.3,53.8%,1.5,5.1,28.9%,2.4,3.1,78.3%,0.6,1.6,2.2,4.7,0.9,1.7,0.1,0.5,3.3,3.5,11.7,013247,"KOVLIAR, OLEKSANDR",22,https://media-cdn.incrowdsports.com/4d20a195-1785-40cc-b3ca-7b839c372c90.png,LKB,LIE,Lietkabelis Panevezys ,https://media-cdn.incrowdsports.com/dc1684fc-b1ad-494f-a7ed-54f5998fcb36.png
140,19.0,13.0,25.453508771929826,8.2,1.8,3.9,47.3%,0.7,3.2,23.3%,2.3,3.3,69.4%,1.1,3.6,4.7,3.5,1.6,2.4,0.2,0.3,2.3,4.1,11.7,009649,"PHILLIP, TARIK",31,https://media-cdn.incrowdsports.com/f964e5b5-ced6-4b26-a638-e27d2eec3082.png,TSO;JER,SOP;JLM,Trefl Sopot;Hapoel Jerusalem Basketball Club,https://media-cdn.incrowdsports.com/9ef7b3dd-9f80-4639-964d-9db4dfe436ee.png;https://media-cdn.incrowdsports.com/8058e0c5-3042-45e1-9423-f93f33c54576.png
141,18.0,18.0,25.06851851851852,11.2,1.7,3.8,43.5%,1.9,5.8,33.7%,2.0,2.7,75%,0.8,2.2,2.9,4.5,1.7,3.2,0.2,0.4,3.2,4.7,11.7,013308,"IVEY, BRAE",28,https://media-cdn.incrowdsports.com/b345f755-b6e2-4407-bf4f-d3b43200d1c3.png,HAM,HAM,Hamburg Towers,https://media-cdn.incrowdsports.com/5ef8be01-ad71-42c2-aa02-d5c7a9495258.png
142,18.0,0.0,23.87037037037037,11.9,2.9,5.4,54.1%,1.3,3.3,38.3%,2.2,2.9,75.5%,0.5,2.8,3.3,2.3,0.7,1.8,0.7,0.6,2.9,3.3,11.8,012698,"MOKOKA, ADAM",26,https://media-cdn.incrowdsports.com/809d5e44-ef1b-4352-a2b5-df756bf849f9.png,CLU,UBT,U-BT Cluj-Napoca,https://media-cdn.incrowdsports.com/ae3e2844-0615-41bb-a788-a4f0d54b8d5e.png
143,18.0,13.0,21.20462962962963,11.8,2.9,4.8,59.8%,1.2,4.5,27.2%,2.3,2.6,89.4%,0.7,2.7,3.4,1.6,0.7,0.9,0.2,0.3,1.2,2.3,12.1,008052,"WILTJER, KYLE",32,https://media-cdn.incrowdsports.com/6d8afeb7-1750-4a0b-bf4c-69a4ad4fd655.png,VNC,URV,Umana Reyer Venice,https://media-cdn.incrowdsports.com/104f5074-9f23-47da-a21f-f2078db8244c.png
144,17.0,13.0,26.17549019607843,15.4,3.9,7.4,53.2%,1.6,5.2,30.7%,2.8,3.8,73.4%,0.3,2.4,2.6,2.4,0.9,2.0,0.1,0.1,2.2,3.1,12.1,011936,"MATHEWS, JONAH",26,https://media-cdn.incrowdsports.com/6e5002a2-5313-4940-bf0b-3f3ac7d7e44f.png,BES,BJK,Besiktas Istanbul,https://media-cdn.incrowdsports.com/791d8d03-da9c-4243-8342-ed6937f54762.png
145,15.0,7.0,23.45,9.3,2.3,2.9,79.1%,0.9,2.3,37.1%,2.1,3.1,69.6%,1.0,3.2,4.2,1.8,1.1,1.7,0.7,0.1,2.9,2.9,12.1,013256,"MORGAN, JUWAN",27,https://media-cdn.incrowdsports.com/96517234-e117-4580-9fa7-2d019f630a19.png,BUD,BUD,KK Buducnost,https://media-cdn.incrowdsports.com/47161285-94b3-4266-9d23-b722e8600945.png
146,22.0,22.0,27.41287878787879,11.1,2.5,4.7,53.4%,1.7,4.0,43.2%,0.9,1.4,64.5%,1.0,3.7,4.8,1.2,0.6,0.7,0.3,0.2,1.6,1.6,12.2,003840,"BOUTEILLE, AXEL",29,https://media-cdn.incrowdsports.com/64a65242-aff5-4094-b02f-c9c3eb154a8d.png,BAH,BKS,Bahcesehir Koleji Istanbul,https://media-cdn.incrowdsports.com/1d3274d8-da86-4d21-9e97-6810ab88babe.png
147,21.0,12.0,21.034920634920635,7.7,2.4,3.5,68.9%,0.6,1.0,61.9%,1.0,1.3,71.4%,1.5,4.3,5.8,1.9,0.3,1.3,0.2,0.1,2.0,1.6,12.2,010393,"PRADILLA, JAIME",23,https://media-cdn.incrowdsports.com/9c8c8d4f-31d8-4c05-bf26-60334b55cf5d.png,PAM,VBC,Valencia Basket,https://media-cdn.incrowdsports.com/efd12730-f2ea-4830-9caa-7f2f676079c2.png
148,18.0,18.0,26.641666666666666,13.7,3.2,5.9,54.2%,1.5,5.7,26.5%,2.7,3.5,77.8%,0.8,3.2,3.9,2.6,0.9,3.1,0.3,0.5,2.4,4.4,12.2,013272,"LAMB, ANTHONY",26,https://media-cdn.incrowdsports.com/2f927a8b-0dcb-4018-86ad-6c6c0b7c1bc4.png,TRN,TRE,Dolomiti Energia Trento,https://media-cdn.incrowdsports.com/00c5cc07-732c-43c3-9d6e-5440594a25f8.png
149,17.0,6.0,20.04019607843137,13.4,2.6,4.2,62.5%,1.8,5.0,36.5%,2.6,3.3,78.6%,0.3,2.5,2.8,0.9,0.4,1.5,0.4,0.3,1.3,3.0,12.2,013402,"BLAKENEY, ANTONIO",28,https://media-cdn.cortextech.io/fb4c7a65-6933-4bf9-b2ba-e60c65f8ae0e.png,HTA,HTA,Hapoel Tel Aviv,https://media-cdn.incrowdsports.com/cbb1c3ad-03d5-426a-b5ef-2832a4eee484.png
150,19.0,2.0,25.306140350877193,13.6,1.7,3.8,44.4%,1.8,5.5,33.7%,4.7,5.5,86.5%,0.2,2.2,2.4,2.7,0.7,2.0,0.0,0.3,2.9,4.5,12.3,011248,"ANDREWS, ANDREW",31,https://media-cdn.incrowdsports.com/43792c0f-d229-4b7d-bc7c-ab407eab5f77.png,WOL,WLV,BC Wolves Vilnius,https://media-cdn.incrowdsports.com/bab91c74-fc2e-4176-9db5-06f40e0e6759.png
151,22.0,11.0,18.456060606060607,10.3,2.4,3.5,68.4%,1.5,3.5,43.6%,1.0,1.5,65.6%,1.3,3.0,4.3,1.0,1.0,0.7,0.5,0.2,1.9,1.5,12.3,010444,"COSTELLO, MATTHEW",31,https://media-cdn.incrowdsports.com/cca68c8b-f1c3-4502-bb2f-f84e76c4a6ee.png,PAM,VBC,Valencia Basket,https://media-cdn.incrowdsports.com/efd12730-f2ea-4830-9caa-7f2f676079c2.png
152,19.0,19.0,28.74298245614035,13.3,2.8,5.4,52.4%,1.9,6.4,30.6%,1.8,2.5,72.3%,0.4,3.4,3.8,3.1,0.9,1.4,0.0,0.2,2.5,2.9,12.3,011150,"SULAIMON, RASHEED",30,https://media-cdn.incrowdsports.com/14132571-dae3-45d3-ac2b-789b9ce262e2.png,BUD,BUD,KK Buducnost,https://media-cdn.incrowdsports.com/47161285-94b3-4266-9d23-b722e8600945.png
153,25.0,24.0,20.768666666666668,9.2,3.1,5.2,60.5%,0.6,1.4,40%,1.3,1.6,84.6%,1.7,3.9,5.6,1.4,0.3,0.6,0.6,0.2,2.5,1.8,12.4,008966,"TOBEY, MIKE",30,https://media-cdn.incrowdsports.com/d7471c9c-c1f2-4ca9-88a6-3c3ddccc597a.png,CAN,DGC,Club Baloncesto Gran Canaria,https://media-cdn.incrowdsports.com/a074edc1-e180-4515-a876-447884b570b1.png
153,20.0,20.0,21.482499999999998,9.8,4.4,7.2,61.4%,0.0,0.0,0%,1.0,1.8,52.8%,2.2,4.3,6.4,1.0,0.6,1.8,0.6,0.4,2.6,2.2,12.4,013304,"HANKINS, ZACH",28,https://media-cdn.incrowdsports.com/19e957cb-0639-49a0-9550-0811f8517b1c.png,CLU,UBT,U-BT Cluj-Napoca,https://media-cdn.incrowdsports.com/ae3e2844-0615-41bb-a788-a4f0d54b8d5e.png
155,18.0,14.0,26.078703703703706,11.7,2.1,3.5,58.7%,1.6,4.7,32.9%,2.9,3.4,83.9%,0.3,2.3,2.6,2.6,1.2,1.1,0.3,0.1,2.4,2.8,12.4,005521,"VARNAS, MARTYNAS",27,https://media-cdn.incrowdsports.com/f965073c-9966-4358-8884-7c06d880cfdd.png,LKB,LIE,Lietkabelis Panevezys ,https://media-cdn.incrowdsports.com/dc1684fc-b1ad-494f-a7ed-54f5998fcb36.png
156,20.0,12.0,22.6475,11.2,3.4,6.2,56.1%,0.6,2.0,31.7%,2.4,2.8,84.2%,1.6,3.4,4.9,0.9,0.4,2.0,1.6,0.2,2.8,2.8,12.4,011935,"MAKOUNDOU, YOAN",24,https://media-cdn.incrowdsports.com/339d1169-e99e-4cfa-bcf3-b217af9b91bb.png,TTK,TTA,Turk Telekom Ankara,https://media-cdn.incrowdsports.com/4ba35608-54ca-4800-a59c-f2571e6f8e13.png
157,17.0,6.0,21.856862745098038,8.8,3.0,5.3,56.7%,0.6,1.8,32.3%,1.0,1.4,73.9%,0.8,1.6,2.5,5.3,1.2,1.6,0.1,0.2,1.5,1.8,12.5,010449,"BENITEZ, HUGO",23,https://media-cdn.incrowdsports.com/092c8d48-2cd4-46c3-9173-4f45f8048c3f.png,BOU,JLB,JL Bourg,https://media-cdn.incrowdsports.com/d4225e1b-7c1b-4382-98d4-ca8511c64441.png
158,15.0,6.0,19.57888888888889,10.6,2.8,4.7,59.2%,1.1,3.1,36.2%,1.6,1.9,85.7%,0.4,2.2,2.6,4.5,0.9,2.4,0.1,0.3,2.2,3.0,12.6,010568,"JONES, CHRIS",31,https://media-cdn.incrowdsports.com/7cbec5f6-7aa3-49d1-8db1-7dc304a70c37.png,PAM,VBC,Valencia Basket,https://media-cdn.incrowdsports.com/efd12730-f2ea-4830-9caa-7f2f676079c2.png
159,18.0,9.0,22.90277777777778,11.1,2.6,4.9,52.8%,1.1,2.8,40%,2.5,3.1,80.4%,1.2,3.1,4.3,1.0,0.7,1.2,0.2,0.6,1.6,3.3,12.6,004525,"SALASH, MAKSIM",28,https://media-cdn.incrowdsports.com/3966cdb9-3fd6-4944-a9c9-cd50ffdfcf1b.png,BOU,JLB,JL Bourg,https://media-cdn.incrowdsports.com/d4225e1b-7c1b-4382-98d4-ca8511c64441.png
160,17.0,17.0,25.662745098039213,13.5,2.1,5.8,35.7%,1.7,4.6,37.2%,4.2,5.6,75.8%,0.2,1.3,1.5,3.8,1.1,2.3,0.0,0.5,2.7,6.3,12.6,013266,"CASTANEDA, XAVIER",24,https://media-cdn.incrowdsports.com/6493fe4c-ce48-4d65-b9cd-fdf35df60a7b.png,BOU,JLB,JL Bourg,https://media-cdn.incrowdsports.com/d4225e1b-7c1b-4382-98d4-ca8511c64441.png
161,22.0,21.0,26.703787878787878,9.5,2.0,3.9,50%,1.2,2.7,44.1%,2.0,2.5,81.5%,1.6,4.3,6.0,1.1,0.5,0.7,0.2,0.1,2.3,2.5,12.7,009601,"CAVANAUGH, TYLER",30,https://media-cdn.incrowdsports.com/ff548afd-fec5-46b4-b6ce-3944a5342d1e.png,BAH,BKS,Bahcesehir Koleji Istanbul,https://media-cdn.incrowdsports.com/1d3274d8-da86-4d21-9e97-6810ab88babe.png
162,16.0,8.0,26.269791666666666,16.0,3.6,7.6,46.7%,1.8,5.5,33%,3.4,4.5,76.4%,0.7,1.9,2.6,2.1,1.1,1.9,0.0,0.6,1.3,3.8,12.9,008912,"CARRINGTON, KHADEEN",29,https://media-cdn.incrowdsports.com/930d25f3-8331-498b-99c0-6834697765c4.png,JER,JLM,Hapoel Jerusalem Basketball Club,https://media-cdn.incrowdsports.com/8058e0c5-3042-45e1-9423-f93f33c54576.png
163,15.0,8.0,20.99222222222222,10.9,4.9,7.3,66.4%,0.0,0.0,0%,1.2,3.1,38.3%,2.3,2.9,5.2,1.6,0.9,1.1,0.7,0.3,3.1,2.9,13.3,013296,"GROSELLE, GEOFFREY",31,https://media-cdn.incrowdsports.com/bc3c08a4-f8a4-4ace-8da3-f447b4434558.png,TSO,SOP,Trefl Sopot,https://media-cdn.incrowdsports.com/9ef7b3dd-9f80-4639-964d-9db4dfe436ee.png
164,22.0,20.0,28.312121212121212,12.4,2.4,5.1,46%,1.8,5.2,34.8%,2.2,2.3,96%,0.5,2.2,2.7,5.5,1.1,2.0,0.1,0.2,2.7,2.6,13.3,011192,"SMITH, JALEEN",30,https://media-cdn.incrowdsports.com/c1119885-59a1-4514-88da-dfc9b33b3ebc.png,BAH,BKS,Bahcesehir Koleji Istanbul,https://media-cdn.incrowdsports.com/1d3274d8-da86-4d21-9e97-6810ab88babe.png
165,14.0,9.0,24.258333333333333,14.4,2.3,4.5,50.8%,1.8,5.0,35.7%,4.4,5.0,88.6%,0.7,1.9,2.6,1.8,1.0,1.6,0.0,0.6,2.3,4.1,13.4,013261,"LEMAR, BRYNTON",29,https://media-cdn.incrowdsports.com/ba15f7c4-dbe1-45be-be70-60abfff52da9.png,LJU,COL,KK Cedevita Olimpija,https://media-cdn.incrowdsports.com/73b33d13-570e-4e49-a9cb-fe806831eaa7.png
166,18.0,10.0,24.397222222222222,12.4,2.7,4.6,57.8%,1.7,4.8,36%,1.9,2.2,89.7%,0.3,2.2,2.4,3.7,0.7,1.4,0.0,0.2,1.9,3.1,13.6,011281,"FERRELL, YOGI",31,https://media-cdn.incrowdsports.com/79848719-23d6-45a2-9968-0e3ac8502b64.png,BUD,BUD,KK Buducnost,https://media-cdn.incrowdsports.com/47161285-94b3-4266-9d23-b722e8600945.png
167,14.0,13.0,24.351190476190478,10.7,1.7,3.5,49%,1.7,4.9,35.3%,2.1,2.2,96.8%,0.7,3.5,4.2,4.6,1.4,1.9,0.4,0.5,2.8,2.6,13.7,001927,"BEVERLEY, PATRICK",36,https://media-cdn.incrowdsports.com/a3e7f9e7-684d-4c5b-9afd-ce01ba8f190c.png,HTA,HTA,Hapoel Tel Aviv,https://media-cdn.incrowdsports.com/cbb1c3ad-03d5-426a-b5ef-2832a4eee484.png
168,20.0,7.0,16.621666666666666,10.4,2.0,3.3,59.1%,1.0,2.7,38.9%,3.4,3.8,88.2%,1.1,2.8,3.8,1.6,0.9,1.0,0.0,0.3,1.8,3.5,13.8,005356,"LOPEZ-AROSTEGUI, XABI",27,https://media-cdn.incrowdsports.com/8d108cea-6042-4ca0-b952-d7885a06a3f3.png,PAM,VBC,Valencia Basket,https://media-cdn.incrowdsports.com/efd12730-f2ea-4830-9caa-7f2f676079c2.png
169,18.0,18.0,30.45925925925926,13.0,2.2,4.3,51.3%,2.4,5.9,40.6%,1.4,1.8,75.8%,0.9,3.3,4.2,3.4,1.3,1.5,0.3,0.2,2.2,1.8,14.0,013290,"JESSUP, JUSTINIAN",26,https://media-cdn.incrowdsports.com/bc7bc65d-542f-4ee7-8ef0-ba499c700aae.png,ULM,ULM,ratiopharm Ulm,https://media-cdn.incrowdsports.com/497dc717-214d-4c03-8c67-0c4870278aa0.png
170,19.0,18.0,23.913157894736845,10.7,4.2,7.5,56.3%,0.1,0.2,66.7%,1.9,2.5,78.7%,1.9,4.4,6.3,2.1,1.1,1.9,0.1,0.4,2.1,2.2,14.2,008325,"KAMENJAS, KENAN",24,https://media-cdn.incrowdsports.com/3f329c72-567b-4e6f-8a12-6365d2a4b348.png,BUD,BUD,KK Buducnost,https://media-cdn.incrowdsports.com/47161285-94b3-4266-9d23-b722e8600945.png
171,19.0,0.0,18.37543859649123,10.1,4.4,5.7,77.1%,0.0,0.1,0%,1.2,2.4,51.1%,1.7,4.2,5.8,1.2,1.0,1.0,0.5,0.3,2.6,2.2,14.3,006618,"STEPHENS, DE'SHAWN",35,https://media-cdn.incrowdsports.com/bd105876-ac13-4847-9aa7-a81c0ce97024.png,CLU,UBT,U-BT Cluj-Napoca,https://media-cdn.incrowdsports.com/ae3e2844-0615-41bb-a788-a4f0d54b8d5e.png
172,16.0,16.0,25.467708333333334,13.7,4.0,7.7,52%,1.1,2.8,38.6%,2.5,3.5,71.4%,0.8,2.0,2.8,3.8,1.0,2.1,0.2,0.4,2.4,4.6,14.6,013285,"DOTSON, DEVON DURRELL",25,https://media-cdn.incrowdsports.com/1d67279a-713c-4df4-83bd-e0f3c9ee2d5b.png,JOV,CJB,Club Joventut Badalona,https://media-cdn.incrowdsports.com/4867b9ca-abc6-48fd-a47f-011904a74bf8.png
173,20.0,19.0,27.8525,14.9,5.4,10.1,53%,0.5,1.8,27%,2.7,3.6,76.1%,1.2,4.4,5.6,1.6,1.2,1.6,0.4,0.4,2.5,3.2,15.4,012042,"ROBINSON, DEVIN",29,https://media-cdn.incrowdsports.com/02ab1a96-d41d-4801-a1ab-78eccc7a86b9.png,LJU,COL,KK Cedevita Olimpija,https://media-cdn.incrowdsports.com/73b33d13-570e-4e49-a9cb-fe806831eaa7.png
174,22.0,19.0,26.470454545454547,12.7,4.5,7.2,62%,0.0,0.1,0%,3.8,5.0,76.4%,2.4,2.8,5.2,0.8,0.2,1.3,0.9,0.2,2.2,3.5,15.5,011823,"ODIASE, TAI",29,https://media-cdn.incrowdsports.com/e97b5a09-3c83-4c09-8a48-f29714d5427f.png,BAH,BKS,Bahcesehir Koleji Istanbul,https://media-cdn.incrowdsports.com/1d3274d8-da86-4d21-9e97-6810ab88babe.png
175,17.0,10.0,22.434313725490195,13.2,2.4,4.8,48.8%,1.6,5.4,30.8%,3.5,4.3,82.2%,1.1,1.8,2.9,5.3,1.7,2.1,0.4,0.4,2.4,4.3,15.9,010042,"MONTERO, JEAN",21,https://media-cdn.incrowdsports.com/7c6cd4ad-8c53-4c21-82da-d894fbffa367.png,PAM,VBC,Valencia Basket,https://media-cdn.incrowdsports.com/efd12730-f2ea-4830-9caa-7f2f676079c2.png
176,18.0,1.0,24.875925925925927,16.4,3.4,5.5,62.6%,2.2,5.1,44%,2.8,3.1,91.1%,0.2,1.3,1.6,2.8,1.0,1.4,0.0,0.4,1.4,2.8,16.0,013270,"FORD, JORDAN",26,https://media-cdn.incrowdsports.com/ab69c5eb-a3d8-475b-84ea-2952eb0e8a65.png,TRN,TRE,Dolomiti Energia Trento,https://media-cdn.incrowdsports.com/00c5cc07-732c-43c3-9d6e-5440594a25f8.png
177,18.0,10.0,23.743518518518517,12.4,3.3,5.1,65.9%,0.6,1.9,29.4%,4.1,5.6,73%,1.2,4.1,5.3,1.1,1.4,1.0,0.6,0.2,2.6,3.9,16.3,011391,"ESSENGUE, NOA",18,https://media-cdn.incrowdsports.com/ad022789-3ef5-4004-9227-33b79fb3cc44.png,ULM,ULM,ratiopharm Ulm,https://media-cdn.incrowdsports.com/497dc717-214d-4c03-8c67-0c4870278aa0.png
178,20.0,20.0,33.075833333333335,17.8,3.6,7.2,50%,2.7,5.9,45.8%,2.4,3.0,80.3%,0.6,3.6,4.2,3.0,0.6,2.3,0.3,0.0,2.4,3.0,16.6,009025,"BROWN, ANTHONY",32,https://media-cdn.incrowdsports.com/19a24ab9-4b29-46a0-83f8-688bbc50496c.png,TTK,TTA,Turk Telekom Ankara,https://media-cdn.incrowdsports.com/4ba35608-54ca-4800-a59c-f2571e6f8e13.png
179,13.0,13.0,28.764102564102565,13.5,3.3,6.6,50%,1.3,2.9,44.7%,3.0,3.2,92.9%,0.7,2.8,3.5,4.6,0.8,2.5,0.0,0.2,1.9,4.0,16.6,008858,"ENNIS, TYLER",30,https://media-cdn.incrowdsports.com/bb19d932-8afb-4142-a7ce-798929ba4173.png,VNC,URV,Umana Reyer Venice,https://media-cdn.incrowdsports.com/104f5074-9f23-47da-a21f-f2078db8244c.png
180,19.0,19.0,29.227192982456142,9.4,3.5,5.3,66.3%,0.0,0.4,0%,2.4,3.4,69.2%,2.5,4.3,6.8,1.1,1.1,1.1,2.2,0.2,2.5,3.3,16.9,011973,"ALEXANDER, KYLE",28,https://media-cdn.incrowdsports.com/6240f898-2a12-4ae8-b1f4-e546c2c9e90c.png,TTK,TTA,Turk Telekom Ankara,https://media-cdn.incrowdsports.com/4ba35608-54ca-4800-a59c-f2571e6f8e13.png
181,16.0,16.0,23.610416666666666,10.6,4.4,6.6,67.6%,0.0,0.0,0%,1.8,2.6,66.7%,2.5,4.6,7.1,1.6,1.0,1.4,1.6,0.2,2.5,2.2,17.0,013313,"KUATH, KUR",26,https://media-cdn.incrowdsports.com/cf613784-87cc-4bf1-83e4-da8b30cb6238.png,HAM,HAM,Hamburg Towers,https://media-cdn.incrowdsports.com/5ef8be01-ad71-42c2-aa02-d5c7a9495258.png
182,17.0,11.0,21.809803921568626,11.9,4.6,8.2,56.8%,0.0,0.0,0%,2.6,4.1,63.8%,1.6,4.7,6.3,3.1,0.3,1.2,0.2,0.0,1.3,3.9,18.1,002507,"TOMIC, ANTE",37,https://media-cdn.incrowdsports.com/2667174b-7474-4889-8212-fc2acb612c1b.png,JOV,CJB,Club Joventut Badalona,https://media-cdn.incrowdsports.com/4867b9ca-abc6-48fd-a47f-011904a74bf8.png
183,15.0,15.0,26.17888888888889,14.4,2.6,4.7,55.7%,1.8,3.2,56.2%,3.8,4.1,91.9%,0.6,1.9,2.5,4.5,1.3,2.1,0.1,0.2,2.3,4.1,18.5,011052,"MADAR, YAM",24,https://media-cdn.cortextech.io/126d85f2-b7cf-4c51-bbe7-bbb8fde2bf9f.png,HTA,HTA,Hapoel Tel Aviv,https://media-cdn.incrowdsports.com/cbb1c3ad-03d5-426a-b5ef-2832a4eee484.png
184,20.0,20.0,25.824166666666667,16.7,6.0,10.0,60%,0.2,0.4,42.9%,4.2,6.2,69.1%,1.6,3.3,4.8,2.5,0.4,2.6,0.5,0.6,2.7,6.4,19.4,011157,"MOTLEY, JOHNATHAN",29,https://media-cdn.incrowdsports.com/7018bc3a-7915-4c0a-aca8-63baa0264e46.png,HTA,HTA,Hapoel Tel Aviv,https://media-cdn.incrowdsports.com/cbb1c3ad-03d5-426a-b5ef-2832a4eee484.png
185,19.0,19.0,30.96666666666667,16.3,1.9,4.0,47.4%,2.3,6.3,35.8%,5.7,6.5,87.9%,0.3,1.9,2.3,6.0,1.3,2.8,0.0,0.6,2.8,6.7,19.5,012003,"COWAN JR, ANTHONY",27,https://media-cdn.incrowdsports.com/4c959f62-fd8e-4002-98cc-4a3d2fb7587b.png,WOL,WLV,BC Wolves Vilnius,https://media-cdn.incrowdsports.com/bab91c74-fc2e-4176-9db5-06f40e0e6759.png
186,20.0,20.0,30.499166666666667,17.8,5.2,9.8,52.8%,1.0,2.8,35.7%,4.6,5.4,84.3%,1.0,2.8,3.8,8.0,1.2,3.9,0.2,1.0,2.8,5.0,20.9,013302,"SIMPSON, ZAVIER",27,https://media-cdn.incrowdsports.com/bf9679f2-1088-497d-a676-1c8e1b5a14d4.png,CLU,UBT,U-BT Cluj-Napoca,https://media-cdn.incrowdsports.com/ae3e2844-0615-41bb-a788-a4f0d54b8d5e.png
187,18.0,18.0,26.107407407407408,15.4,5.3,7.9,66.4%,0.4,1.2,38.1%,3.6,5.0,71.1%,3.4,6.3,9.7,1.5,1.1,1.2,0.6,0.2,2.9,4.1,23.2,012796,"TSHIMANGA KABENGELE, MFIONDU",27,https://media-cdn.incrowdsports.com/71df5c61-9333-4bd9-87c2-ffe45c876855.png,VNC,URV,Umana Reyer Venice,https://media-cdn.incrowdsports.com/104f5074-9f23-47da-a21f-f2078db8244c.png
188,18.0,17.0,30.493518518518517,22.8,3.4,7.1,47.7%,2.1,5.2,40.9%,9.7,11.1,87.4%,0.3,2.3,2.6,5.7,1.0,2.6,0.2,0.2,1.9,7.9,27.2,011970,"HARPER, JARED",27,https://media-cdn.incrowdsports.com/8d5ed5cf-154c-4dbb-924e-d56d7a62cbdc.png,JER,JLM,Hapoel Jerusalem Basketball Club,https://media-cdn.incrowdsports.com/8058e0c5-3042-45e1-9423-f93f33c54576.png
1,27.0,0.0,9.522222222222224,0.6,0.3,0.8,33.3%,0.0,0.0,0%,0.1,0.2,60%,0.9,1.4,2.4,0.2,0.3,0.8,0.3,0.0,2.6,0.3,0.1,004512,"KRATZER, LEON",27,https://media-cdn.incrowdsports.com/793aeb4c-04f2-4521-b544-50802f53c32f.png,PRS,PBB,Paris Basketball,https://media-cdn.incrowdsports.com/a033e5b3-0de7-48a3-98d9-d9a4b9df1f39.png
2,29.0,5.0,13.328735632183909,2.4,0.2,0.7,36.8%,0.6,2.6,23%,0.2,0.2,85.7%,0.1,0.7,0.8,0.5,0.5,0.3,0.0,0.2,1.8,1.0,0.4,007025,"MATTISSECK, JONAS",24,https://media-cdn.incrowdsports.com/f233c467-32fb-41af-807b-07660af5fa2c.png,BER,BER,ALBA Berlin,https://media-cdn.incrowdsports.com/ccc34858-22b0-47dc-904c-9940b0a16ff3.png
3,30.0,1.0,7.545555555555556,1.9,0.3,0.9,35.7%,0.3,0.9,33.3%,0.4,0.5,68.8%,0.2,1.0,1.3,0.3,0.1,0.5,0.3,0.1,1.2,0.5,1.2,011649,"GONZALEZ, HUGO",18,https://media-cdn.incrowdsports.com/0ab7dbc1-b9a7-4360-b004-2f3c68012071.png,MAD,RMB,Real Madrid,https://media-cdn.incrowdsports.com/1a3e1404-4f6f-4ede-9d8b-30eee7cb51b4.png
4,23.0,0.0,7.017391304347826,2.9,0.8,1.4,59.4%,0.3,0.9,28.6%,0.4,0.7,58.8%,0.1,0.7,0.7,0.5,0.2,0.9,0.1,0.3,1.1,0.7,1.2,012123,"KHARCHENKOV, IVAN",18,https://media-cdn.incrowdsports.com/3eb9cca0-1820-4e97-9745-16e629bb9a89.png,MUN,BAY,FC Bayern Munich,https://media-cdn.incrowdsports.com/817b0e58-d595-4b09-ab0b-1e7cc26249ff.png
5,32.0,10.0,7.355729166666666,1.8,0.5,0.9,55.2%,0.1,0.7,19%,0.4,0.6,72.2%,0.3,0.4,0.8,0.4,0.5,0.3,0.0,0.1,1.1,0.5,1.3,011209,"KALAITZAKIS, PANAGIOTIS",25,https://media-cdn.incrowdsports.com/59c8e70a-6d80-4d8c-9382-162194e226d0.png,PAN,PAO,Panathinaikos AKTOR Athens,https://media-cdn.incrowdsports.com/e3dff28a-9ec6-4faf-9d96-ecbc68f75780.png
6,22.0,0.0,10.112121212121211,2.0,0.4,1.4,29%,0.3,1.2,23.1%,0.3,0.5,63.6%,0.3,0.3,0.5,1.6,0.5,0.6,0.0,0.0,1.4,0.9,1.4,004058,"JARAMAZ, OGNJEN",29,https://media-cdn.incrowdsports.com/f0031d55-9883-419a-ae1d-775c39ad4af8.png,BAS,BKN,Baskonia Vitoria-Gasteiz,https://media-cdn.incrowdsports.com/e324a6af-2a72-443e-9813-8bf2d364ddab.png
7,22.0,3.0,15.02727272727273,3.6,0.8,1.8,46.2%,0.5,2.2,25%,0.4,0.4,100%,0.4,1.1,1.5,0.6,0.2,0.5,0.0,0.2,1.7,0.9,1.8,000229,"JACKSON, EDWIN",35,https://media-cdn.incrowdsports.com/5985ad3d-5864-4d4b-82a1-c95c14ed8b85.png,ASV,ASV,LDLC ASVEL Villeurbanne,https://media-cdn.incrowdsports.com/e33c6d1a-95ca-4dbc-b8cb-0201812104cc.png
8,24.0,11.0,8.936111111111112,3.3,0.3,0.7,43.8%,0.9,2.3,37.5%,0.1,0.2,50%,0.2,1.0,1.2,0.3,0.2,0.3,0.0,0.0,1.2,0.3,1.9,012715,"MANEK, BRADY",26,https://media-cdn.incrowdsports.com/a71d0828-d073-452d-802b-7a82e66b4f1e.png,ZAL,ZAL,Zalgiris Kaunas,https://media-cdn.incrowdsports.com/0aa09358-3847-4c4e-b228-3582ee4e536d.png
9,27.0,13.0,11.079629629629629,3.5,0.9,1.4,60.5%,0.5,1.7,28.9%,0.3,0.4,75%,0.3,0.8,1.1,0.4,0.5,0.6,0.1,0.0,1.3,0.6,2.3,004007,"DOBRIC, OGNJEN",30,https://media-cdn.incrowdsports.com/a22ad126-7b94-446e-87f2-6ec6b8709388.png,RED,CZV,Crvena Zvezda Meridianbet Belgrade,https://media-cdn.incrowdsports.com/d2eef4a8-62df-4fdd-9076-276004268515.png
10,26.0,6.0,10.573717948717949,2.8,0.8,1.4,59.5%,0.2,1.0,22.2%,0.5,0.8,57.1%,0.3,0.7,1.0,0.4,0.4,0.5,0.1,0.0,1.0,0.9,2.3,005161,"PAPAPETROU, IOANNIS",30,https://media-cdn.incrowdsports.com/34435fbb-b543-4cdd-84f6-62cf44448c88.png,PAN,PAO,Panathinaikos AKTOR Athens,https://media-cdn.incrowdsports.com/e3dff28a-9ec6-4faf-9d96-ecbc68f75780.png
11,30.0,1.0,13.73611111111111,6.2,1.1,2.5,45.3%,1.0,3.4,29.4%,0.9,1.1,81.8%,0.1,0.4,0.5,0.9,0.3,0.6,0.0,0.2,1.4,0.8,2.5,BCN,"BELINELLI, MARCO",38,https://media-cdn.incrowdsports.com/95f413de-ce11-4fe1-916a-3984551ceba7.png,VIR,VIR,Virtus Segafredo Bologna,https://media-cdn.incrowdsports.com/4af5e83b-f2b5-4fba-a87c-1f85837a508a.png
12,23.0,0.0,9.506521739130434,2.8,0.7,1.2,57.1%,0.2,0.7,33.3%,0.7,0.7,100%,0.6,0.9,1.5,0.4,0.1,0.6,0.0,0.2,1.1,0.6,2.6,005145,"COHEN, JAKE",34,https://media-cdn.incrowdsports.com/e8d3f0dc-cce9-4329-9d5b-03c76519199d.png,TEL,MTA,Maccabi Playtika Tel Aviv,https://media-cdn.incrowdsports.com/5c55ef14-29df-4328-bd52-a7a64c432350.png
13,35.0,17.0,14.864285714285714,4.5,0.9,1.7,49.2%,0.8,2.6,30.4%,0.4,0.4,100%,0.7,1.1,1.8,0.3,0.4,0.5,0.1,0.2,1.3,0.3,2.6,004197,"OUATTARA, YAKUBA",32,https://media-cdn.incrowdsports.com/3b0339f7-a2f5-4094-bb9c-2095f50d8194.png,PRS,PBB,Paris Basketball,https://media-cdn.incrowdsports.com/a033e5b3-0de7-48a3-98d9-d9a4b9df1f39.png
14,27.0,4.0,15.05493827160494,4.2,1.5,2.7,54.1%,0.2,1.3,16.7%,0.6,1.0,55.6%,1.0,1.1,2.1,1.3,0.6,1.0,0.0,0.3,2.4,1.0,2.6,011631,"RAPIEQUE, ELIAS",20,https://media-cdn.incrowdsports.com/2adc2962-bb44-4461-8365-63e58f2861dc.png,BER,BER,ALBA Berlin,https://media-cdn.incrowdsports.com/ccc34858-22b0-47dc-904c-9940b0a16ff3.png
15,29.0,4.0,14.378160919540228,3.2,0.9,2.1,44.3%,0.2,1.2,16.7%,0.8,1.0,75.9%,0.7,1.7,2.3,0.9,0.3,0.8,0.0,0.3,1.9,1.3,2.7,012622,"MITCHELL, MATTHEW",25,https://media-cdn.incrowdsports.com/d7d10ebf-d311-4e29-8570-0d5ffaa48a1c.png,ZAL,ZAL,Zalgiris Kaunas,https://media-cdn.incrowdsports.com/0aa09358-3847-4c4e-b228-3582ee4e536d.png
16,27.0,11.0,14.427777777777779,5.4,0.6,1.2,50%,1.3,3.0,42.7%,0.4,0.4,90.9%,0.3,0.9,1.2,0.3,0.1,0.6,0.0,0.2,1.7,0.5,2.7,010316,"AJINCA, MELVIN",20,https://media-cdn.incrowdsports.com/62fd0b36-381b-4f98-8048-201184353375.png,ASV,ASV,LDLC ASVEL Villeurbanne,https://media-cdn.incrowdsports.com/e33c6d1a-95ca-4dbc-b8cb-0201812104cc.png
17,22.0,1.0,7.782575757575757,2.6,1.1,1.5,75.8%,0.0,0.0,0%,0.4,0.5,66.7%,0.9,0.6,1.5,0.3,0.2,0.4,0.5,0.2,1.8,0.6,2.7,006721,"CARUSO, GUGLIELMO",25,https://media-cdn.incrowdsports.com/29cec6e2-585d-42db-99e3-da503d3ada8e.png,MIL,EA7,EA7 Emporio Armani Milan,https://media-cdn.incrowdsports.com/8154f184-c61a-4e7f-b14d-9d802e35cb95.png
18,23.0,8.0,9.835507246376812,3.4,0.7,1.6,44.4%,0.3,1.2,29.6%,1.0,1.2,85.2%,0.3,0.7,1.0,0.3,0.4,0.8,0.0,0.2,1.1,1.6,2.9,012591,"TUCKER, RAYJON",27,https://media-cdn.incrowdsports.com/8dcf5706-93ef-4be4-a5c2-6c1d8c6bbbe3.png,VIR,VIR,Virtus Segafredo Bologna,https://media-cdn.incrowdsports.com/4af5e83b-f2b5-4fba-a87c-1f85837a508a.png
19,31.0,9.0,15.51774193548387,2.5,0.4,1.1,38.2%,0.4,1.2,36.1%,0.4,0.5,85.7%,0.3,1.7,2.0,1.7,0.4,0.9,0.0,0.0,2.4,1.2,2.9,001844,"HACKETT, DANIEL",37,https://media-cdn.incrowdsports.com/f5d3ffc5-6ed4-43a7-9c66-674c0ac86187.png,VIR,VIR,Virtus Segafredo Bologna,https://media-cdn.incrowdsports.com/4af5e83b-f2b5-4fba-a87c-1f85837a508a.png
20,33.0,22.0,19.44242424242424,4.4,0.7,1.7,43.6%,0.8,2.1,40.6%,0.4,0.5,77.8%,0.3,1.5,1.8,1.0,0.5,0.6,0.1,0.1,2.5,0.9,3.2,003526,"LIGHTY, DAVID",36,https://media-cdn.incrowdsports.com/a326204a-16c3-4f08-b1b4-4369f192a50f.png,ASV,ASV,LDLC ASVEL Villeurbanne,https://media-cdn.incrowdsports.com/e33c6d1a-95ca-4dbc-b8cb-0201812104cc.png
21,28.0,0.0,10.33095238095238,3.7,1.5,2.1,68.3%,0.0,0.0,0%,0.8,1.4,57.9%,1.0,1.3,2.3,0.4,0.1,1.1,0.1,0.1,2.4,1.3,3.2,008991,"BLACK, TARIK",33,https://media-cdn.incrowdsports.com/31431122-8f94-41c1-ae56-2c34657c17c3.png,ASV,ASV,LDLC ASVEL Villeurbanne,https://media-cdn.incrowdsports.com/e33c6d1a-95ca-4dbc-b8cb-0201812104cc.png
22,32.0,15.0,15.1125,3.6,0.5,0.7,65.2%,0.8,1.8,44.8%,0.2,0.2,100%,0.6,1.9,2.5,0.4,0.4,0.4,0.2,0.0,2.5,0.3,3.2,001518,"RICCI, GIAMPAOLO",33,https://media-cdn.incrowdsports.com/dc523b20-4e9c-4806-afa9-3993cbfb9d2f.png,MIL,EA7,EA7 Emporio Armani Milan,https://media-cdn.incrowdsports.com/8154f184-c61a-4e7f-b14d-9d802e35cb95.png
23,33.0,8.0,11.39090909090909,2.6,0.5,1.2,40%,0.2,0.6,40%,0.9,1.2,75%,1.2,1.8,3.1,0.2,0.2,0.2,0.1,0.2,2.4,1.3,3.3,013381,"RAYMAN, WILLIAM",27,https://media-cdn.incrowdsports.com/b1c74b18-0d82-42f9-b070-777f3705eae9.png,TEL,MTA,Maccabi Playtika Tel Aviv,https://media-cdn.incrowdsports.com/5c55ef14-29df-4328-bd52-a7a64c432350.png
24,35.0,3.0,13.516190476190475,3.1,0.5,0.8,57.1%,0.6,1.4,45.8%,0.3,0.5,62.5%,0.8,1.3,2.1,0.4,0.4,0.5,0.3,0.1,1.5,0.6,3.4,005793,"SY, BANDJA",34,https://media-cdn.incrowdsports.com/a07f3230-7935-48ea-89d0-e323d7374266.png,PRS,PBB,Paris Basketball,https://media-cdn.incrowdsports.com/a033e5b3-0de7-48a3-98d9-d9a4b9df1f39.png
25,36.0,0.0,10.934722222222222,2.8,1.0,1.6,64.9%,0.1,0.3,40%,0.4,0.6,72.7%,1.1,1.7,2.7,0.4,0.2,0.5,0.0,0.0,1.9,0.9,3.7,013373,"CAVALIERE, LEOPOLD",28,https://media-cdn.incrowdsports.com/f24384c7-9fbd-4d01-a2e8-40f94f2cd1ec.png,PRS,PBB,Paris Basketball,https://media-cdn.incrowdsports.com/a033e5b3-0de7-48a3-98d9-d9a4b9df1f39.png
26,27.0,9.0,14.096913580246914,3.9,1.3,2.0,65.5%,0.3,1.3,23.5%,0.4,0.7,50%,0.9,2.2,3.1,0.6,0.6,0.6,0.4,0.2,2.6,0.6,3.8,007630,"GARUBA, USMAN",22,https://media-cdn.incrowdsports.com/8e68d998-2bbb-462e-9892-57b2208ebbf8.png,MAD,RMB,Real Madrid,https://media-cdn.incrowdsports.com/1a3e1404-4f6f-4ede-9d8b-30eee7cb51b4.png
27,23.0,5.0,11.970289855072464,5.3,0.7,1.4,51.5%,1.1,3.0,35.7%,0.5,0.8,63.2%,0.1,0.8,0.9,1.4,0.5,1.1,0.0,0.1,1.4,1.4,3.9,013378,"RATHAN-MAYES, XAVIER",30,https://media-cdn.incrowdsports.com/bf65131d-44d5-4015-95c5-7d78f133a5d0.png,MAD,RMB,Real Madrid,https://media-cdn.incrowdsports.com/1a3e1404-4f6f-4ede-9d8b-30eee7cb51b4.png
28,23.0,6.0,11.567391304347826,2.2,0.3,0.7,53.3%,0.3,0.9,38.1%,0.5,0.7,73.3%,0.7,1.5,2.3,0.4,1.0,0.0,0.3,0.0,1.7,0.6,4.0,012515,"TARPEY, TERRY",30,https://media-cdn.incrowdsports.com/7e0e48b2-b483-4780-9bd7-197a630f9235.png,MCO,ASM,AS Monaco,https://media-cdn.incrowdsports.com/89ed276a-2ba3-413f-8ea2-b3be209ca129.png
28,23.0,13.0,15.357971014492755,3.9,1.0,1.7,63.2%,0.4,1.7,25.6%,0.5,0.8,57.9%,1.0,1.4,2.4,0.7,0.6,0.6,0.1,0.1,1.8,1.0,4.0,011836,"MIKE, ISIAHA",27,https://media-cdn.incrowdsports.com/a1725eef-4b71-489c-ad65-3ace75faaa53.png,PAR,PAR,Partizan Mozzart Bet Belgrade,https://media-cdn.incrowdsports.com/2681304e-77dd-4331-88b1-683078c0fb49.png
30,37.0,18.0,17.006756756756758,4.5,0.4,0.8,50%,1.1,2.8,37.9%,0.6,0.6,91.3%,0.8,1.3,2.1,0.7,0.5,0.3,0.1,0.1,2.4,1.2,4.2,003478,"ABRINES, ALEX",31,https://media-cdn.incrowdsports.com/47795ee0-c812-487a-be8a-67900a5ab8d5.png,BAR,BAR,FC Barcelona,https://media-cdn.incrowdsports.com/35dfa503-e417-481f-963a-bdf6f013763e.png
31,25.0,19.0,13.978,3.6,0.7,1.3,54.5%,0.6,1.8,34.1%,0.3,0.5,66.7%,0.7,1.7,2.4,0.5,0.6,0.2,0.1,0.0,1.4,0.7,4.2,009213,"NDIAYE, ELI",20,https://media-cdn.incrowdsports.com/2ce6d0d0-375c-468c-8af4-40b1dfdcad00.png,MAD,RMB,Real Madrid,https://media-cdn.incrowdsports.com/1a3e1404-4f6f-4ede-9d8b-30eee7cb51b4.png
32,34.0,12.0,16.351470588235294,5.2,1.6,3.4,48.3%,0.4,1.1,41.7%,0.6,1.0,57.1%,0.3,1.4,1.6,1.6,1.1,1.1,0.2,0.4,2.4,1.3,4.4,013371,"HARRISON, SHAQUILLE",31,https://media-cdn.incrowdsports.com/d7172f56-4fad-490c-a0f5-cc2ac64a2ca9.png,ASV,ASV,LDLC ASVEL Villeurbanne,https://media-cdn.incrowdsports.com/e33c6d1a-95ca-4dbc-b8cb-0201812104cc.png
33,27.0,1.0,11.52716049382716,3.1,0.7,1.3,55.9%,0.4,1.3,31.4%,0.5,0.8,66.7%,0.9,1.6,2.4,0.4,0.4,0.5,0.3,0.0,0.8,0.8,4.4,009664,"WILLIS, DEREK",29,https://media-cdn.incrowdsports.com/0b9cdea0-6e57-4257-bcb5-232e9704e702.png,IST,EFS,Anadolu Efes Istanbul,https://media-cdn.incrowdsports.com/8ea8cec7-d8f7-45f4-a956-d976b5867610.png
34,28.0,5.0,9.81904761904762,4.1,1.4,2.1,65%,0.0,0.2,16.7%,1.2,1.3,89.2%,0.7,0.8,1.5,0.5,0.1,0.3,0.0,0.1,1.2,1.0,4.4,005460,"HARRIS, ELIAS",35,https://media-cdn.incrowdsports.com/9b314836-f6c0-4676-bf3a-29f1f489a12a.png,MUN,BAY,FC Bayern Munich,https://media-cdn.incrowdsports.com/817b0e58-d595-4b09-ab0b-1e7cc26249ff.png
34,28.0,10.0,12.549404761904762,3.8,1.0,1.5,65.9%,0.4,0.9,40%,0.8,1.0,82.1%,0.3,1.5,1.8,0.5,0.4,0.3,0.2,0.1,1.6,1.0,4.4,007960,"DAVIDOVAC, DEJAN",29,https://media-cdn.incrowdsports.com/7c9b47c4-d0ca-4827-bb68-3ad4f5d4e2c3.png,RED,CZV,Crvena Zvezda Meridianbet Belgrade,https://media-cdn.incrowdsports.com/d2eef4a8-62df-4fdd-9076-276004268515.png
36,23.0,11.0,13.681884057971015,4.4,1.0,2.0,50%,0.5,1.9,27.9%,0.9,1.1,80%,0.8,1.7,2.5,0.7,0.4,0.5,0.2,0.1,1.5,0.8,4.4,013365,"BROWN, VITTO",29,https://media-cdn.incrowdsports.com/61800a63-45e8-44d5-9fce-9c519cc590e4.png,MCO,ASM,AS Monaco,https://media-cdn.incrowdsports.com/89ed276a-2ba3-413f-8ea2-b3be209ca129.png
37,30.0,18.0,24.011666666666667,5.8,1.5,3.1,46.8%,0.8,2.1,39.1%,0.4,0.5,78.6%,0.7,1.1,1.8,1.9,0.6,1.1,0.1,0.4,2.0,0.9,4.5,007513,"GIEDRAITIS, DOVYDAS",24,https://media-cdn.incrowdsports.com/8f1493eb-ebd5-4532-bc36-63e16ae94939.png,ZAL,ZAL,Zalgiris Kaunas,https://media-cdn.incrowdsports.com/0aa09358-3847-4c4e-b228-3582ee4e536d.png
38,32.0,16.0,19.616666666666667,5.6,1.3,2.3,56.2%,0.8,2.8,29.2%,0.6,1.0,57.6%,1.1,2.2,3.3,0.4,0.4,0.9,0.2,0.2,2.3,1.3,4.5,006251,"SCHNEIDER, TIM",27,https://media-cdn.incrowdsports.com/3c4d48d7-a0e1-4375-9246-2d9fc7bf969a.png,BER,BER,ALBA Berlin,https://media-cdn.incrowdsports.com/ccc34858-22b0-47dc-904c-9940b0a16ff3.png
39,27.0,6.0,15.406172839506171,3.2,0.7,1.3,55.6%,0.5,1.1,45.2%,0.2,0.3,55.6%,0.4,1.5,1.9,1.1,0.3,0.3,0.1,0.1,1.1,0.7,4.5,006509,"TONUT, STEFANO",31,https://media-cdn.incrowdsports.com/4fccbbc2-857f-4da1-9dab-fc44b47fe75f.png,MIL,EA7,EA7 Emporio Armani Milan,https://media-cdn.incrowdsports.com/8154f184-c61a-4e7f-b14d-9d802e35cb95.png
40,26.0,1.0,9.12948717948718,4.3,1.6,2.4,67.7%,0.1,0.3,25%,0.9,1.2,76.7%,1.0,1.1,2.2,0.2,0.3,0.5,0.5,0.0,1.9,0.8,4.6,007639,"BRANKOVIC, DANKO",24,https://media-cdn.incrowdsports.com/62e22400-6f30-4a28-9288-8df658855669.png,MUN,BAY,FC Bayern Munich,https://media-cdn.incrowdsports.com/817b0e58-d595-4b09-ab0b-1e7cc26249ff.png
41,27.0,7.0,12.784567901234569,3.9,1.0,1.7,60.9%,0.5,1.6,29.5%,0.3,0.5,69.2%,0.7,1.5,2.2,1.2,0.6,0.5,1.0,0.0,2.1,0.6,4.7,008232,"POKUSEVSKI, ALEKSEJ",23,https://media-cdn.incrowdsports.com/98214c1e-e8c1-4b78-b670-8e5c4780dc9a.png,PAR,PAR,Partizan Mozzart Bet Belgrade,https://media-cdn.incrowdsports.com/2681304e-77dd-4331-88b1-683078c0fb49.png
42,25.0,1.0,11.550666666666666,3.3,0.7,1.4,50%,0.4,1.2,36.7%,0.6,0.7,94.1%,0.6,1.5,2.0,0.8,0.3,0.4,0.2,0.2,0.8,1.0,4.8,010560,"PIERRE, DYSHAWN",31,https://media-cdn.incrowdsports.com/7f04a6d9-d458-47c5-a453-b089904b8992.png,ULK,FBB,Fenerbahce Beko Istanbul,https://media-cdn.incrowdsports.com/0233ebbb-f3a2-49ea-837c-7fd3e661e672.png
43,33.0,5.0,14.193939393939393,4.8,1.5,2.7,54.4%,0.4,1.5,29.2%,0.5,0.9,62.1%,0.4,1.4,1.8,1.6,0.7,0.7,0.1,0.3,2.1,1.5,4.8,011247,"FELIZ, ANDRES",27,https://media-cdn.incrowdsports.com/add1b714-d177-4c67-a726-a283ec197f50.png,MAD,RMB,Real Madrid,https://media-cdn.incrowdsports.com/1a3e1404-4f6f-4ede-9d8b-30eee7cb51b4.png
44,34.0,2.0,15.800980392156863,4.8,0.9,1.6,51.8%,0.7,2.0,35.3%,0.9,1.3,72.7%,0.5,1.5,2.0,0.8,0.7,0.3,0.1,0.1,1.6,1.0,5.0,006436,"GIEDRAITIS, ROKAS",32,https://media-cdn.incrowdsports.com/514eb8b6-1987-43f8-b24b-748065632795.png,RED,CZV,Crvena Zvezda Meridianbet Belgrade,https://media-cdn.incrowdsports.com/d2eef4a8-62df-4fdd-9076-276004268515.png
45,40.0,3.0,17.098333333333333,6.6,0.8,2.0,40.5%,1.4,4.6,29.2%,1.0,1.2,81.2%,0.4,1.0,1.4,2.2,0.4,0.7,0.0,0.2,1.5,1.5,5.1,TGB,"LLULL, SERGIO",37,https://media-cdn.incrowdsports.com/c0c0c586-9005-47a5-970d-86b57458701d.png,MAD,RMB,Real Madrid,https://media-cdn.incrowdsports.com/1a3e1404-4f6f-4ede-9d8b-30eee7cb51b4.png
46,23.0,9.0,19.06376811594203,5.6,1.7,2.5,67.2%,0.5,2.4,19.6%,0.8,1.0,75%,1.0,1.9,2.8,1.1,0.3,0.8,0.5,0.1,2.9,1.7,5.1,006919,"OLINDE, LOUIS",26,https://media-cdn.incrowdsports.com/0ca648b2-adaa-4385-94c5-57a9fcf141ce.png,BER,BER,ALBA Berlin,https://media-cdn.incrowdsports.com/ccc34858-22b0-47dc-904c-9940b0a16ff3.png
47,29.0,18.0,10.444252873563219,4.4,1.9,2.7,70.1%,0.0,0.0,0%,0.7,1.0,66.7%,1.4,2.0,3.3,0.0,0.1,0.9,0.2,0.1,1.8,1.0,5.2,006568,"FALL, YOUSSOUPHA",29,https://media-cdn.incrowdsports.com/f3205fbf-bef5-4b8a-9ea3-402b4a378331.png,BAR,BAR,FC Barcelona,https://media-cdn.incrowdsports.com/35dfa503-e417-481f-963a-bdf6f013763e.png
48,33.0,6.0,17.421212121212122,5.2,0.2,0.6,33.3%,1.3,3.1,42.7%,0.7,0.8,88.9%,0.7,1.2,1.9,0.7,0.7,0.2,0.0,0.1,2.3,1.8,5.2,007990,"DIBARTOLOMEO, JOHN",33,https://media-cdn.incrowdsports.com/d849757d-0a4d-47b8-82aa-ddca5eb1f7bc.png,TEL,MTA,Maccabi Playtika Tel Aviv,https://media-cdn.incrowdsports.com/5c55ef14-29df-4328-bd52-a7a64c432350.png
49,36.0,19.0,13.665277777777778,3.5,1.3,2.3,58.5%,0.0,0.0,0%,0.8,1.1,72.5%,1.6,2.0,3.7,0.6,0.4,0.9,0.4,0.0,2.3,1.1,5.2,007182,"BIRCH, KHEM",32,https://media-cdn.incrowdsports.com/9d120639-c1cf-48ed-b711-e57190c36fe7.png,ULK,FBB,Fenerbahce Beko Istanbul,https://media-cdn.incrowdsports.com/0233ebbb-f3a2-49ea-837c-7fd3e661e672.png
50,33.0,10.0,17.671212121212122,4.8,0.6,1.2,48.7%,1.1,2.9,36.8%,0.4,0.5,82.4%,0.1,1.4,1.5,2.7,0.7,1.0,0.1,0.1,2.2,1.2,5.2,007947,"VILDOZA, LUCA",29,https://media-cdn.incrowdsports.com/dad5b538-3cf2-44ca-992a-b79ed24f4918.png,OLY,OLY,Olympiacos Piraeus,https://media-cdn.incrowdsports.com/789423ac-3cdf-4b89-b11c-b458aa5f59a6.png
51,33.0,17.0,13.07020202020202,5.5,1.3,2.1,61.8%,0.7,1.8,36.1%,1.0,1.2,78%,0.9,1.5,2.4,0.7,0.4,0.6,0.5,0.1,2.3,1.1,5.3,002968,"SANLI, SERTAC",33,https://media-cdn.incrowdsports.com/253a34da-7f58-4354-a9a5-cc06507200c6.png,ULK,FBB,Fenerbahce Beko Istanbul,https://media-cdn.incrowdsports.com/0233ebbb-f3a2-49ea-837c-7fd3e661e672.png
52,25.0,8.0,18.192666666666668,6.4,1.0,1.8,54.5%,1.3,2.3,57.9%,0.6,0.7,77.8%,0.5,1.3,1.8,0.9,0.2,0.8,0.2,0.2,2.6,1.2,5.3,001557,"GIFFEY, NIELS",33,https://media-cdn.incrowdsports.com/17f631c2-05c2-452f-9a39-3cb9533a0537.png,MUN,BAY,FC Bayern Munich,https://media-cdn.incrowdsports.com/817b0e58-d595-4b09-ab0b-1e7cc26249ff.png
53,34.0,16.0,15.699019607843137,4.1,1.7,2.7,62.4%,0.0,0.1,0%,0.7,1.1,63.9%,1.7,1.6,3.3,0.9,0.5,0.6,0.5,0.1,2.8,1.0,5.4,003048,"DUNSTON, BRYANT",38,https://media-cdn.incrowdsports.com/c611afbb-f77f-4214-81fc-f08a742cd326.png,ZAL,ZAL,Zalgiris Kaunas,https://media-cdn.incrowdsports.com/0aa09358-3847-4c4e-b228-3582ee4e536d.png
54,34.0,17.0,13.02156862745098,5.3,2.1,3.4,63.5%,0.0,0.0,0%,1.0,1.7,59.6%,0.9,1.8,2.7,0.4,0.1,0.7,0.5,0.2,2.3,1.5,5.4,005504,"BIRUTIS, LAURYNAS",27,https://media-cdn.incrowdsports.com/b3a77237-9548-4094-8536-a910283e5184.png,ZAL,ZAL,Zalgiris Kaunas,https://media-cdn.incrowdsports.com/0aa09358-3847-4c4e-b228-3582ee4e536d.png
55,31.0,6.0,14.979569892473119,4.9,1.6,2.8,58.6%,0.4,1.5,23.9%,0.5,0.7,77.3%,0.9,1.9,2.8,0.6,0.6,0.4,0.1,0.2,1.4,0.8,5.5,007464,"PARRA, JOEL",24,https://media-cdn.incrowdsports.com/344d80d5-23c4-441d-8f4c-5a5ed14a9999.png,BAR,BAR,FC Barcelona,https://media-cdn.incrowdsports.com/35dfa503-e417-481f-963a-bdf6f013763e.png
56,25.0,5.0,15.460666666666667,4.8,1.8,2.8,65.2%,0.2,0.8,31.6%,0.5,0.8,68.4%,1.2,1.9,3.1,0.5,0.5,0.8,0.2,0.2,2.1,1.3,5.6,011244,"DA SILVA, OSCAR",26,https://media-cdn.incrowdsports.com/415f34c0-6698-4640-b7cf-59edcf39a4bc.png,MUN,BAY,FC Bayern Munich,https://media-cdn.incrowdsports.com/817b0e58-d595-4b09-ab0b-1e7cc26249ff.png
57,39.0,13.0,16.146153846153847,6.0,1.7,3.1,53.3%,0.7,1.7,43.1%,0.5,0.8,66.7%,1.0,1.9,2.9,0.6,0.5,0.6,0.1,0.2,1.9,0.9,5.6,007866,"MITOGLOU, KONSTANTINOS",28,https://media-cdn.incrowdsports.com/5c5b1aaf-6cd7-4d7c-bc81-5a2ca5391123.png,PAN,PAO,Panathinaikos AKTOR Athens,https://media-cdn.incrowdsports.com/e3dff28a-9ec6-4faf-9d96-ecbc68f75780.png
58,32.0,11.0,14.4609375,4.1,1.8,2.8,62.9%,0.0,0.1,0%,0.6,1.1,52.8%,1.7,1.9,3.6,0.5,0.3,0.7,0.5,0.3,2.0,1.4,5.8,008072,"DIOP, KHALIFA",22,https://media-cdn.incrowdsports.com/d6e66036-8399-4488-9cf5-b8ead9a451c8.png,BAS,BKN,Baskonia Vitoria-Gasteiz,https://media-cdn.incrowdsports.com/e324a6af-2a72-443e-9813-8bf2d364ddab.png
59,22.0,13.0,14.914393939393939,5.9,0.5,1.3,42.9%,1.0,3.1,32.4%,1.8,2.4,75%,0.4,0.8,1.1,2.3,0.4,1.3,0.0,0.0,2.0,2.8,5.8,008104,"ZAGARS, ARTURS",24,https://media-cdn.incrowdsports.com/b4c3cecb-dc7f-4b94-b9c6-c13671bade5b.png,ULK,FBB,Fenerbahce Beko Istanbul,https://media-cdn.incrowdsports.com/0233ebbb-f3a2-49ea-837c-7fd3e661e672.png
60,23.0,12.0,18.19855072463768,5.7,1.9,3.1,62%,0.4,2.0,19.6%,0.7,1.0,77.3%,1.0,1.7,2.7,1.6,0.8,0.7,0.2,0.3,2.6,1.5,5.9,008211,"DELOW, MALTE",23,https://media-cdn.incrowdsports.com/4402c134-97e3-485e-ac5d-ea9bdb7bba28.png,BER,BER,ALBA Berlin,https://media-cdn.incrowdsports.com/ccc34858-22b0-47dc-904c-9940b0a16ff3.png
61,33.0,6.0,16.242929292929293,4.8,1.0,1.7,56.1%,0.6,2.3,27.6%,0.9,1.2,79.5%,0.9,1.9,2.8,0.9,0.5,0.5,0.4,0.1,1.4,1.2,6.0,002084,"POLONARA, ACHILLE",33,https://media-cdn.incrowdsports.com/1cbaecd9-0811-4c56-b6db-96ca70ea1141.png,VIR,VIR,Virtus Segafredo Bologna,https://media-cdn.incrowdsports.com/4af5e83b-f2b5-4fba-a87c-1f85837a508a.png
62,29.0,2.0,12.317816091954022,6.2,2.1,3.3,63.2%,0.4,1.4,31.7%,0.7,1.0,75%,1.3,1.9,3.2,0.7,0.2,1.2,0.5,0.1,1.9,0.9,6.0,003583,"IBAKA, SERGE",35,https://media-cdn.incrowdsports.com/748b5640-038f-4608-90f1-2bdf439b3f4c.png,MAD,RMB,Real Madrid,https://media-cdn.incrowdsports.com/1a3e1404-4f6f-4ede-9d8b-30eee7cb51b4.png
63,32.0,3.0,15.011979166666666,7.6,1.0,2.2,45.8%,1.6,3.8,41.3%,0.9,0.9,96.6%,0.4,1.6,2.0,0.8,0.5,0.5,0.1,0.2,1.4,0.7,6.1,013384,"BROOKS, ARMONI",26,https://media-cdn.incrowdsports.com/aad0e402-ea32-4e04-8741-f488f652c9c1.png,MIL,EA7,EA7 Emporio Armani Milan,https://media-cdn.incrowdsports.com/8154f184-c61a-4e7f-b14d-9d802e35cb95.png
64,32.0,18.0,22.3390625,12.1,1.5,3.4,44.4%,2.5,7.4,33.9%,1.6,1.9,85%,0.2,1.1,1.3,1.5,0.3,1.4,0.0,0.6,2.3,2.2,6.2,011948,"HOWARD, MARKUS",25,https://media-cdn.incrowdsports.com/dac08765-8984-4e9b-85ce-92f3670ce151.png,BAS,BKN,Baskonia Vitoria-Gasteiz,https://media-cdn.incrowdsports.com/e324a6af-2a72-443e-9813-8bf2d364ddab.png
65,38.0,29.0,18.768859649122806,4.8,0.7,1.2,57.4%,0.9,2.6,34%,0.7,1.0,69.2%,0.6,2.2,2.8,2.1,0.6,0.8,0.3,0.1,1.9,0.9,6.2,001255,"PAPANIKOLAOU, KOSTAS",34,https://media-cdn.incrowdsports.com/4077edcc-1632-460c-8bef-384c3c2a06d8.png,OLY,OLY,Olympiacos Piraeus,https://media-cdn.incrowdsports.com/789423ac-3cdf-4b89-b11c-b458aa5f59a6.png
66,25.0,13.0,21.412,7.1,2.0,4.6,43%,0.8,2.6,30.3%,0.8,1.0,80%,0.2,1.5,1.7,3.7,0.9,0.9,0.2,0.2,2.4,1.0,6.4,012597,"BALDWIN, KAMAR",27,https://media-cdn.incrowdsports.com/f7283ab4-069e-4ef3-84eb-a68bdc6936ac.png,BAS,BKN,Baskonia Vitoria-Gasteiz,https://media-cdn.incrowdsports.com/e324a6af-2a72-443e-9813-8bf2d364ddab.png
67,27.0,7.0,16.849382716049384,7.6,1.9,4.2,45.1%,0.7,2.8,23.7%,1.8,2.0,87.3%,0.3,1.3,1.6,2.9,0.4,1.5,0.0,0.2,1.2,1.8,6.5,006085,"DIMITRIJEVIC, NENO",26,https://media-cdn.incrowdsports.com/b73d9c63-2a0f-45be-bcfb-bab12c6e1043.png,MIL,EA7,EA7 Emporio Armani Milan,https://media-cdn.incrowdsports.com/8154f184-c61a-4e7f-b14d-9d802e35cb95.png
68,33.0,17.0,22.01313131313131,4.5,0.6,1.3,46.5%,0.8,2.2,38%,0.8,1.1,74.3%,0.9,2.8,3.7,1.2,1.0,0.7,0.3,0.2,2.5,1.6,6.5,002676,"BUTKEVICIUS, ARNAS",32,https://media-cdn.incrowdsports.com/b080f644-df17-416a-b647-cb2fae3f3fd1.png,ZAL,ZAL,Zalgiris Kaunas,https://media-cdn.incrowdsports.com/0aa09358-3847-4c4e-b228-3582ee4e536d.png
69,39.0,28.0,18.87136752136752,5.9,1.1,1.9,58.9%,1.0,2.2,46%,0.6,0.7,88.5%,0.4,1.9,2.4,1.7,0.5,0.5,0.0,0.0,1.8,0.6,6.6,003733,"ABALDE, ALBERTO",29,https://media-cdn.incrowdsports.com/192d6d61-9180-4b9a-91c0-eff940b1f27e.png,MAD,RMB,Real Madrid,https://media-cdn.incrowdsports.com/1a3e1404-4f6f-4ede-9d8b-30eee7cb51b4.png
70,35.0,8.0,21.01904761904762,10.0,1.3,2.7,46.8%,2.0,5.2,38.3%,1.5,1.7,86.4%,0.3,1.1,1.5,1.3,0.6,0.9,0.0,0.2,1.9,1.2,6.7,010612,"CANAAN, ISAIAH",33,https://media-cdn.incrowdsports.com/fdbe31b3-5c83-4daf-93b7-36ee2ada05d0.png,RED,CZV,Crvena Zvezda Meridianbet Belgrade,https://media-cdn.incrowdsports.com/d2eef4a8-62df-4fdd-9076-276004268515.png
71,39.0,4.0,18.14145299145299,6.8,1.6,2.4,67.7%,0.8,2.1,38.6%,1.2,1.4,81.8%,0.6,1.8,2.5,0.9,0.3,0.9,0.1,0.2,2.2,1.7,6.7,007109,"SMITS, ROLANDS",29,https://media-cdn.incrowdsports.com/861b638a-0350-4068-a843-18d57635236a.png,IST,EFS,Anadolu Efes Istanbul,https://media-cdn.incrowdsports.com/8ea8cec7-d8f7-45f4-a956-d976b5867610.png
72,38.0,1.0,17.27675438596491,4.9,1.0,1.7,61.9%,0.8,2.2,37.3%,0.4,0.7,60.7%,1.3,2.8,4.1,1.1,0.6,0.7,0.4,0.0,2.8,1.5,6.8,002849,"MELLI, NICOLO",33,https://media-cdn.incrowdsports.com/99de0949-0898-4903-9f69-a6ed15e45a55.png,ULK,FBB,Fenerbahce Beko Istanbul,https://media-cdn.incrowdsports.com/0233ebbb-f3a2-49ea-837c-7fd3e661e672.png
73,39.0,35.0,18.449572649572648,6.7,1.7,3.5,47.8%,0.9,2.5,35.7%,0.6,1.0,65.8%,1.1,2.4,3.5,0.5,0.6,0.8,0.3,0.1,1.4,1.3,6.8,009783,"COLSON, BONZIE",28,https://media-cdn.incrowdsports.com/8ac181cc-9967-4cd4-839e-7bc6b4bfcb4a.png,ULK,FBB,Fenerbahce Beko Istanbul,https://media-cdn.incrowdsports.com/0233ebbb-f3a2-49ea-837c-7fd3e661e672.png
74,37.0,15.0,16.82162162162162,7.6,1.7,3.4,50.8%,1.1,3.2,34.5%,0.9,1.0,86.5%,0.6,2.7,3.3,0.8,0.5,1.3,0.2,0.1,1.2,1.0,6.8,013363,"NWORA, JORDAN",26,https://media-cdn.incrowdsports.com/ada69e44-57ed-4020-9a48-79e549c394e5.png,IST,EFS,Anadolu Efes Istanbul,https://media-cdn.incrowdsports.com/8ea8cec7-d8f7-45f4-a956-d976b5867610.png
75,39.0,35.0,16.582905982905984,6.5,1.6,2.9,55.7%,0.7,1.9,39.2%,1.0,1.1,92.7%,0.9,2.0,2.9,1.0,0.5,1.0,0.2,0.2,1.7,1.3,6.9,012710,"OSMANI, ERCAN",26,https://media-cdn.incrowdsports.com/73c6e2d2-b8f4-45cf-998f-3c7c5efb2e4f.png,IST,EFS,Anadolu Efes Istanbul,https://media-cdn.incrowdsports.com/8ea8cec7-d8f7-45f4-a956-d976b5867610.png
76,36.0,17.0,23.862962962962964,10.2,0.6,1.4,41.2%,2.8,6.7,42.5%,0.6,0.8,74.1%,0.4,1.5,1.9,1.5,0.5,1.2,0.0,0.2,2.1,1.3,7.0,004508,"OBST, ANDREAS",28,https://media-cdn.incrowdsports.com/0c5a2349-762c-406c-9bb0-c7ef1a0dbe47.png,MUN,BAY,FC Bayern Munich,https://media-cdn.incrowdsports.com/817b0e58-d595-4b09-ab0b-1e7cc26249ff.png
77,34.0,11.0,16.54264705882353,8.4,1.0,1.9,51.5%,1.7,4.3,38.8%,1.4,2.0,69.1%,0.6,2.0,2.6,0.8,0.5,1.1,0.1,0.1,1.5,1.5,7.0,007029,"SIRVYDIS, DEIVIDAS",24,https://media-cdn.incrowdsports.com/0f7c26fa-a1c7-49fd-bcef-3d833fed5736.png,ZAL,ZAL,Zalgiris Kaunas,https://media-cdn.incrowdsports.com/0aa09358-3847-4c4e-b228-3582ee4e536d.png
77,22.0,8.0,19.052272727272726,5.7,1.2,2.1,55.3%,1.0,2.9,35.9%,0.2,0.2,100%,0.3,1.5,1.7,3.8,0.6,1.3,0.1,0.3,1.3,0.7,7.0,008062,"MCDOWELL-WHITE, WILL",26,https://media-cdn.incrowdsports.com/5792acea-0096-41c4-8604-c9dad4cf9b06.png,BER,BER,ALBA Berlin,https://media-cdn.incrowdsports.com/ccc34858-22b0-47dc-904c-9940b0a16ff3.png
77,32.0,22.0,16.525520833333335,6.0,2.6,4.1,64.1%,0.0,0.2,0%,0.7,1.8,41.1%,1.9,2.0,3.9,0.7,0.6,1.2,0.9,0.3,2.8,1.8,7.0,013383,"GABRIEL, WENYEN",27,https://media-cdn.incrowdsports.com/10610be7-c458-49cf-a11e-da2060fb358f.png,TEL;PAN,MTA;PAO,Maccabi Playtika Tel Aviv;Panathinaikos AKTOR Athens,https://media-cdn.incrowdsports.com/5c55ef14-29df-4328-bd52-a7a64c432350.png;https://media-cdn.incrowdsports.com/e3dff28a-9ec6-4faf-9d96-ecbc68f75780.png
80,26.0,19.0,22.016666666666666,8.3,1.0,3.5,30%,1.7,4.8,34.1%,1.2,1.5,84.2%,0.2,1.2,1.5,3.1,0.8,1.1,0.0,0.4,1.3,2.0,7.0,011225,"LEE, PARIS",29,https://media-cdn.incrowdsports.com/05e68cf9-0a9c-4f03-a465-b109bea28982.png,ASV,ASV,LDLC ASVEL Villeurbanne,https://media-cdn.incrowdsports.com/e33c6d1a-95ca-4dbc-b8cb-0201812104cc.png
81,30.0,21.0,23.615555555555556,5.4,0.8,1.7,49%,1.0,3.0,34.8%,0.6,0.8,79.2%,0.3,2.1,2.4,4.1,1.2,1.3,0.1,0.3,2.7,1.3,7.2,006739,"PAJOLA, ALESSANDRO",25,https://media-cdn.incrowdsports.com/6541f280-b115-4758-b184-13631cba587a.png,VIR,VIR,Virtus Segafredo Bologna,https://media-cdn.incrowdsports.com/4af5e83b-f2b5-4fba-a87c-1f85837a508a.png
82,26.0,20.0,20.231410256410257,4.0,0.8,1.7,50%,0.7,1.9,34%,0.3,0.5,61.5%,0.5,1.8,2.3,4.6,1.0,1.5,0.1,0.1,2.6,1.7,7.2,008855,"WALKUP, THOMAS",32,https://media-cdn.incrowdsports.com/fdef274c-1494-4249-bbf0-304fe8bb7f65.png,OLY,OLY,Olympiacos Piraeus,https://media-cdn.incrowdsports.com/789423ac-3cdf-4b89-b11c-b458aa5f59a6.png
83,38.0,0.0,16.432894736842105,7.6,1.7,2.7,62.7%,0.9,2.9,31.2%,1.5,2.3,65.2%,0.6,1.5,2.1,1.6,0.5,1.0,0.0,0.3,1.4,1.8,7.2,007853,"MCKISSIC, SHAQUIELLE",34,https://media-cdn.incrowdsports.com/0c13355b-b760-4c81-87d1-0c612cf8aa8a.png,OLY,OLY,Olympiacos Piraeus,https://media-cdn.incrowdsports.com/789423ac-3cdf-4b89-b11c-b458aa5f59a6.png
84,33.0,9.0,18.953535353535354,7.7,1.7,3.1,55.3%,1.0,3.2,32.7%,1.1,1.5,77.1%,0.6,1.9,2.5,1.2,0.4,0.7,0.2,0.2,1.3,1.5,7.2,012609,"MALCOLM, COLLIN",27,https://media-cdn.incrowdsports.com/ea60dcd4-4e2c-4a2f-a40c-0ed6badffccc.png,PRS,PBB,Paris Basketball,https://media-cdn.incrowdsports.com/a033e5b3-0de7-48a3-98d9-d9a4b9df1f39.png
85,26.0,19.0,24.941025641025643,10.0,2.3,5.2,43.4%,1.3,3.9,33.7%,1.5,1.8,84.8%,1.1,2.1,3.2,2.0,0.8,2.0,0.2,0.5,2.4,2.0,7.3,012080,"LUWAWU-CABARROT, TIMOTHE",29,https://media-cdn.incrowdsports.com/ed294dca-7919-4472-aedc-1de0467335ca.png,BAS,BKN,Baskonia Vitoria-Gasteiz,https://media-cdn.incrowdsports.com/e324a6af-2a72-443e-9813-8bf2d364ddab.png
86,26.0,14.0,24.91217948717949,7.9,1.1,3.2,34.9%,1.4,4.0,34.6%,1.5,1.9,80%,0.6,1.7,2.2,3.0,0.9,1.1,0.0,0.3,2.0,1.8,7.3,010781,"LUNDBERG, IFFE",30,https://media-cdn.incrowdsports.com/a2cbf152-7faf-4ce6-b102-ec7cdf64d7b6.png,PAR,PAR,Partizan Mozzart Bet Belgrade,https://media-cdn.incrowdsports.com/2681304e-77dd-4331-88b1-683078c0fb49.png
87,25.0,5.0,15.576666666666668,5.0,1.6,2.9,53.4%,0.4,1.6,27.5%,0.5,0.8,65%,0.6,1.9,2.5,3.4,0.8,1.3,0.0,0.1,2.1,2.0,7.4,010106,"NUNEZ, JUAN",20,https://media-cdn.incrowdsports.com/a3c39833-77ab-42cc-926f-9601bada7623.png,BAR,BAR,FC Barcelona,https://media-cdn.incrowdsports.com/35dfa503-e417-481f-963a-bdf6f013763e.png
88,25.0,2.0,12.543333333333333,5.6,2.1,3.2,65%,0.0,0.0,0%,1.5,2.2,67.3%,1.1,1.8,2.9,1.0,0.2,1.0,0.2,0.2,1.8,2.2,7.4,002553,"MITROVIC, LUKA",31,https://media-cdn.incrowdsports.com/a68d0c8a-9eb6-4474-962c-16864ab255db.png,RED,CZV,Crvena Zvezda Meridianbet Belgrade,https://media-cdn.incrowdsports.com/d2eef4a8-62df-4fdd-9076-276004268515.png
89,35.0,1.0,16.244761904761905,6.3,1.1,2.8,38.1%,1.0,2.5,39.1%,1.3,1.5,81.5%,0.2,1.3,1.6,3.3,0.5,1.2,0.0,0.2,1.4,2.2,7.5,012044,"DOS SANTOS, YAGO",25,https://media-cdn.incrowdsports.com/6d744023-a776-440a-b713-1d6eea2f9637.png,RED,CZV,Crvena Zvezda Meridianbet Belgrade,https://media-cdn.incrowdsports.com/d2eef4a8-62df-4fdd-9076-276004268515.png
90,29.0,24.0,14.729885057471265,6.4,2.3,3.9,59.3%,0.3,0.7,47.4%,0.9,1.6,54.3%,1.2,1.9,3.1,0.9,0.3,0.9,0.3,0.1,2.0,2.0,7.5,LCZ,"MOTIEJUNAS, DONATAS",34,https://media-cdn.incrowdsports.com/39083acc-1aae-4898-b1e0-0ec50c84f03e.png,MCO,ASM,AS Monaco,https://media-cdn.incrowdsports.com/89ed276a-2ba3-413f-8ea2-b3be209ca129.png
91,29.0,18.0,17.655172413793103,8.2,2.5,4.8,52.2%,0.6,2.6,24%,1.3,1.5,88.6%,0.9,2.3,3.2,1.4,0.3,0.9,0.1,0.4,1.5,1.5,7.6,011983,"BRAZDEIKIS, IGNAS",25,https://media-cdn.incrowdsports.com/a42240f4-090a-4427-8daf-ffc7e3006afb.png,ZAL,ZAL,Zalgiris Kaunas,https://media-cdn.incrowdsports.com/0aa09358-3847-4c4e-b228-3582ee4e536d.png
92,38.0,11.0,14.914473684210526,6.3,1.6,3.1,53.4%,0.7,2.1,33.3%,0.9,1.1,80.5%,0.3,1.7,2.0,2.7,0.8,1.3,0.1,0.1,1.1,1.3,7.6,009622,"BROWN, LORENZO",34,https://media-cdn.incrowdsports.com/6094f620-9518-4136-a1a1-06b77c6ee708.png,PAN,PAO,Panathinaikos AKTOR Athens,https://media-cdn.incrowdsports.com/e3dff28a-9ec6-4faf-9d96-ecbc68f75780.png
93,34.0,5.0,18.65686274509804,7.8,1.2,2.2,56%,1.1,3.9,27.1%,2.2,2.4,92.5%,0.2,1.5,1.7,2.6,0.5,1.0,0.0,0.4,2.0,2.3,7.6,012585,"MORGAN, MATTHEW",27,https://media-cdn.incrowdsports.com/6b13fc6a-5417-473f-8199-6259fe951998.png,VIR,VIR,Virtus Segafredo Bologna,https://media-cdn.incrowdsports.com/4af5e83b-f2b5-4fba-a87c-1f85837a508a.png
94,26.0,17.0,20.512179487179488,9.7,2.8,4.5,61.9%,0.8,3.7,21.9%,1.7,2.2,78.6%,0.6,1.7,2.2,0.8,0.7,1.2,0.3,0.1,1.8,2.0,7.7,008384,"PROCIDA, GABRIELE",22,https://media-cdn.incrowdsports.com/7b39212c-57ba-48ee-b313-18b473fcf736.png,BER,BER,ALBA Berlin,https://media-cdn.incrowdsports.com/ccc34858-22b0-47dc-904c-9940b0a16ff3.png
95,29.0,7.0,15.004597701149425,8.1,2.3,3.4,67.7%,0.8,2.2,34.9%,1.2,1.7,73.5%,1.1,1.8,2.9,0.4,0.4,0.9,0.6,0.3,2.3,1.8,7.8,011051,"SMAILAGIC, ALEN",24,https://media-cdn.incrowdsports.com/4df94e70-a8c3-4448-8474-6f63d77d7517.png,ZAL,ZAL,Zalgiris Kaunas,https://media-cdn.incrowdsports.com/0aa09358-3847-4c4e-b228-3582ee4e536d.png
96,27.0,23.0,22.02469135802469,8.5,1.9,3.3,57.3%,1.1,3.3,33%,1.5,1.9,82%,0.1,1.3,1.4,4.0,0.7,2.3,0.0,0.2,2.5,2.0,7.8,011064,"MANNION, NICCOLO",23,https://media-cdn.incrowdsports.com/8e9a611c-a223-4154-975c-4ed970661b11.png,MIL,EA7,EA7 Emporio Armani Milan,https://media-cdn.incrowdsports.com/8154f184-c61a-4e7f-b14d-9d802e35cb95.png
97,31.0,10.0,15.853225806451613,6.2,2.1,3.5,60%,0.0,0.0,0%,2.0,2.8,70.1%,1.3,1.8,3.1,0.4,0.6,0.7,0.4,0.2,2.0,2.2,7.9,013374,"DIOUF, MOUHAMET",23,https://media-cdn.incrowdsports.com/992e479b-f532-4ef2-8717-0614e3acc259.png,VIR,VIR,Virtus Segafredo Bologna,https://media-cdn.incrowdsports.com/4af5e83b-f2b5-4fba-a87c-1f85837a508a.png
98,29.0,1.0,17.17183908045977,10.0,2.5,4.4,57.5%,1.3,4.0,33.3%,1.0,1.2,77.8%,0.4,1.1,1.5,2.1,0.4,1.3,0.0,0.5,1.1,1.6,8.0,007032,"LO, MAODO",32,https://media-cdn.incrowdsports.com/9f7f2587-caaf-41fd-a2a2-3294355b7907.png,PRS,PBB,Paris Basketball,https://media-cdn.incrowdsports.com/a033e5b3-0de7-48a3-98d9-d9a4b9df1f39.png
99,41.0,9.0,20.24878048780488,8.3,1.2,2.4,50.5%,1.4,3.4,41%,1.7,2.0,84.3%,0.5,0.8,1.2,2.4,0.5,1.0,0.0,0.3,2.0,2.4,8.0,008099,"STRAZEL, MATTHEW",22,https://media-cdn.incrowdsports.com/15bebd90-1b9f-42b9-99fb-ced9102c9aad.png,MCO,ASM,AS Monaco,https://media-cdn.incrowdsports.com/89ed276a-2ba3-413f-8ea2-b3be209ca129.png
100,33.0,11.0,18.870202020202022,8.9,1.6,2.8,57.6%,1.7,3.7,45.9%,0.6,0.7,86.4%,0.2,1.2,1.4,1.6,0.7,0.5,0.3,0.1,1.9,1.0,8.1,006590,"BEAUBOIS, RODRIGUE",36,https://media-cdn.incrowdsports.com/d9946f3a-20ae-414f-a62f-0d85dbb5bb07.png,IST,EFS,Anadolu Efes Istanbul,https://media-cdn.incrowdsports.com/8ea8cec7-d8f7-45f4-a956-d976b5867610.png
101,34.0,16.0,22.367156862745098,6.6,1.1,2.3,48.1%,0.8,1.9,39.4%,2.0,2.4,83.1%,1.0,1.8,2.9,1.8,0.5,0.9,0.1,0.1,2.7,2.9,8.2,002329,"ULANOVAS, EDGARAS",32,https://media-cdn.incrowdsports.com/474ff5fa-5ca2-47af-b70e-ac3960884a01.png,ZAL,ZAL,Zalgiris Kaunas,https://media-cdn.incrowdsports.com/0aa09358-3847-4c4e-b228-3582ee4e536d.png
102,27.0,11.0,18.57469135802469,9.2,1.4,2.9,48.1%,1.7,4.3,39.1%,1.4,1.8,81.2%,0.5,1.0,1.4,2.9,0.5,1.3,0.1,0.3,1.9,2.2,8.3,000848,"NEDOVIC, NEMANJA",33,https://media-cdn.incrowdsports.com/8c0414fc-8bc0-49ad-b14b-31c1db32e9d0.png,RED,CZV,Crvena Zvezda Meridianbet Belgrade,https://media-cdn.incrowdsports.com/d2eef4a8-62df-4fdd-9076-276004268515.png
103,35.0,32.0,17.37238095238095,5.8,2.5,3.4,73.7%,0.0,0.0,0%,0.8,1.9,41.2%,1.3,1.6,2.9,1.9,0.3,0.9,0.8,0.1,2.4,2.2,8.3,008811,"FALL, MOUSTAPHA",32,https://media-cdn.incrowdsports.com/691e5b14-6518-4067-8343-013b90f2fd3f.png,OLY,OLY,Olympiacos Piraeus,https://media-cdn.incrowdsports.com/789423ac-3cdf-4b89-b11c-b458aa5f59a6.png
104,37.0,7.0,22.485135135135135,10.4,1.5,3.0,51.4%,2.2,5.0,43.2%,0.8,1.0,83.3%,0.9,2.2,3.1,1.4,0.5,1.2,0.2,0.2,2.3,1.0,8.4,006961,"BIBEROVIC, TARIK",23,https://media-cdn.incrowdsports.com/bcefd4a2-4919-486a-a06a-44e5ac6efdf5.png,ULK,FBB,Fenerbahce Beko Istanbul,https://media-cdn.incrowdsports.com/0233ebbb-f3a2-49ea-837c-7fd3e661e672.png
105,36.0,0.0,18.345833333333335,10.0,1.8,3.4,53.3%,1.8,3.9,46%,1.1,1.4,79.6%,0.3,1.1,1.4,2.2,0.4,1.3,0.1,0.3,2.0,1.9,8.4,009992,"BRIZUELA, DARIO",30,https://media-cdn.incrowdsports.com/ff80e53b-0a60-416b-aa0a-3435c3ddb3d1.png,BAR,BAR,FC Barcelona,https://media-cdn.incrowdsports.com/35dfa503-e417-481f-963a-bdf6f013763e.png
106,37.0,18.0,19.570720720720722,7.1,1.8,2.9,62.6%,0.8,2.0,41.3%,1.0,1.1,88.1%,0.7,2.1,2.8,1.4,0.7,0.5,0.3,0.1,1.8,1.1,8.5,012795,"ANDERSON, JUSTIN",31,https://media-cdn.incrowdsports.com/3baf817d-a882-4f75-80ac-f5a9b39ea1b4.png,BAR,BAR,FC Barcelona,https://media-cdn.incrowdsports.com/35dfa503-e417-481f-963a-bdf6f013763e.png
107,39.0,22.0,19.822649572649574,9.6,1.6,3.0,55.2%,1.3,3.5,37.7%,2.3,2.9,79.1%,0.5,2.2,2.7,0.7,0.5,0.6,0.2,0.4,2.1,2.2,8.5,004088,"OSMAN, CEDI",29,https://media-cdn.incrowdsports.com/826c12aa-ce2b-42fc-ae3b-a302611a8fbe.png,PAN,PAO,Panathinaikos AKTOR Athens,https://media-cdn.incrowdsports.com/e3dff28a-9ec6-4faf-9d96-ecbc68f75780.png
108,35.0,20.0,22.906190476190478,8.6,2.1,4.5,47.8%,0.7,2.0,35.7%,2.2,2.7,82.8%,0.2,1.9,2.1,3.4,0.7,1.8,0.1,0.2,2.7,2.3,8.6,007982,"WILLIAMS-GOSS, NIGEL",30,https://media-cdn.incrowdsports.com/cbd6634e-86be-46e4-8eef-b00c58be9e52.png,OLY,OLY,Olympiacos Piraeus,https://media-cdn.incrowdsports.com/789423ac-3cdf-4b89-b11c-b458aa5f59a6.png
108,28.0,15.0,23.375595238095237,8.0,2.2,3.6,61.8%,0.8,1.8,41.2%,1.2,1.9,65.4%,1.0,2.2,3.2,1.4,0.5,1.0,0.2,0.3,1.8,1.6,8.6,009005,"DECK, GABRIEL",29,https://media-cdn.incrowdsports.com/67bcca4b-c111-46c5-ab33-5776f7866d53.png,MAD,RMB,Real Madrid,https://media-cdn.incrowdsports.com/1a3e1404-4f6f-4ede-9d8b-30eee7cb51b4.png
110,32.0,15.0,23.472395833333334,7.8,1.6,3.0,53.6%,1.1,2.9,38.7%,1.2,1.4,82.2%,0.7,1.5,2.2,3.4,0.5,1.3,0.1,0.1,2.1,1.8,8.8,011205,"HALL, DEVON",29,https://media-cdn.incrowdsports.com/fd68fd6d-fa27-4c04-8b1b-f5347105fcba.png,ULK,FBB,Fenerbahce Beko Istanbul,https://media-cdn.incrowdsports.com/0233ebbb-f3a2-49ea-837c-7fd3e661e672.png
111,29.0,2.0,16.508045977011495,7.3,2.8,4.1,66.7%,0.4,1.0,39.3%,0.6,0.7,90%,1.1,2.3,3.4,0.5,0.5,0.6,1.3,0.1,2.3,0.8,8.8,005844,"PAPAGIANNIS, GEORGIOS",27,https://media-cdn.incrowdsports.com/cb807059-ac98-4f20-b7c5-88d7d6862d06.png,MCO,ASM,AS Monaco,https://media-cdn.incrowdsports.com/89ed276a-2ba3-413f-8ea2-b3be209ca129.png
112,25.0,18.0,22.40266666666667,6.9,2.4,4.6,50.9%,0.3,1.4,22.2%,1.2,1.8,67.4%,0.4,1.9,2.4,3.1,1.1,1.2,0.2,0.2,1.9,2.5,8.8,008985,"BOLMARO, LEANDRO",24,https://media-cdn.incrowdsports.com/ea51e519-2f07-44bf-ae25-3f3f825ba0c8.png,MIL,EA7,EA7 Emporio Armani Milan,https://media-cdn.incrowdsports.com/8154f184-c61a-4e7f-b14d-9d802e35cb95.png
113,27.0,14.0,20.73827160493827,9.6,3.2,7.1,44.8%,0.4,1.7,26.1%,1.9,2.4,79.7%,0.5,1.5,2.0,3.8,0.5,2.1,0.0,0.4,1.5,2.7,8.9,008173,"SPAGNOLO, MATTEO",21,https://media-cdn.incrowdsports.com/f0795f25-b925-43fa-b39f-96960ac8f71e.png,BER,BER,ALBA Berlin,https://media-cdn.incrowdsports.com/ccc34858-22b0-47dc-904c-9940b0a16ff3.png
114,35.0,19.0,21.197619047619046,9.4,1.8,3.4,52.1%,1.3,3.5,36.9%,2.0,2.2,89.7%,0.6,2.3,2.9,1.7,0.6,1.1,0.1,0.1,2.8,2.3,9.0,009754,"LOYD, JORDAN",31,https://media-cdn.incrowdsports.com/215f2623-efe0-44f4-b8b1-e4d466ae2d19.png,MCO;TEL,ASM;MTA,AS Monaco;Maccabi Playtika Tel Aviv,https://media-cdn.incrowdsports.com/89ed276a-2ba3-413f-8ea2-b3be209ca129.png;https://media-cdn.incrowdsports.com/5c55ef14-29df-4328-bd52-a7a64c432350.png
115,38.0,38.0,20.226754385964913,6.5,2.5,4.1,61.9%,0.0,0.0,0%,1.4,1.8,78.3%,1.8,2.8,4.6,0.5,1.0,0.9,0.8,0.3,2.8,1.6,9.0,010390,"HAYES, KEVARRIUS",27,https://media-cdn.incrowdsports.com/6bc5bce4-f522-4167-8419-8c5d2d1694d2.png,PRS,PBB,Paris Basketball,https://media-cdn.incrowdsports.com/a033e5b3-0de7-48a3-98d9-d9a4b9df1f39.png
116,40.0,4.0,16.43208333333333,8.1,1.6,2.8,55.3%,1.2,2.2,52.3%,1.5,1.6,93.8%,1.0,1.7,2.6,0.8,0.3,0.4,0.0,0.2,1.6,1.8,9.0,008829,"PETERS, ALEC",29,https://media-cdn.incrowdsports.com/415ba270-d601-4231-b0c8-e5a66d318117.png,OLY,OLY,Olympiacos Piraeus,https://media-cdn.incrowdsports.com/789423ac-3cdf-4b89-b11c-b458aa5f59a6.png
116,31.0,7.0,14.638709677419355,7.5,3.2,4.9,65.6%,0.0,0.0,0%,1.2,1.8,63.2%,1.5,2.4,4.0,0.6,0.5,1.1,0.3,0.2,2.1,2.0,9.0,002581,"JAITEH, MAM",30,https://media-cdn.incrowdsports.com/81504ec9-fd6b-4124-afbf-bed470352312.png,MCO,ASM,AS Monaco,https://media-cdn.incrowdsports.com/89ed276a-2ba3-413f-8ea2-b3be209ca129.png
118,40.0,25.0,24.065,7.7,2.5,4.1,61.3%,0.6,1.9,31.2%,0.9,1.4,63.8%,1.3,2.8,4.1,0.5,0.4,0.4,0.2,0.2,2.0,2.2,9.1,011231,"BLOSSOMGAME, JARON",31,https://media-cdn.incrowdsports.com/8e6679e0-e62b-4838-bfa7-11bae0ac5ebb.png,MCO,ASM,AS Monaco,https://media-cdn.incrowdsports.com/89ed276a-2ba3-413f-8ea2-b3be209ca129.png
119,36.0,32.0,23.643055555555556,6.5,1.4,2.3,60.2%,1.1,3.0,34.9%,0.6,0.8,69%,1.2,3.8,4.9,2.4,0.5,1.5,0.2,0.2,1.8,1.1,9.2,007201,"VOIGTMANN, JOHANNES",32,https://media-cdn.incrowdsports.com/9b05546b-aec0-4af0-b213-2f9db3d250fc.png,MUN,BAY,FC Bayern Munich,https://media-cdn.incrowdsports.com/817b0e58-d595-4b09-ab0b-1e7cc26249ff.png
120,31.0,9.0,14.579569892473117,8.4,3.5,5.5,63.3%,0.1,0.3,40%,1.1,1.5,70.8%,1.8,2.2,4.0,0.6,0.4,1.4,0.7,0.4,1.7,1.4,9.4,005353,"YURTSEVEN, OMER",26,https://media-cdn.incrowdsports.com/49a2cbbb-5f11-4a78-a421-6a64972c15bb.png,PAN,PAO,Panathinaikos AKTOR Athens,https://media-cdn.incrowdsports.com/e3dff28a-9ec6-4faf-9d96-ecbc68f75780.png
121,25.0,18.0,16.474,8.0,3.4,5.4,64.2%,0.0,0.0,0%,1.2,1.8,64.4%,1.9,1.9,3.8,0.3,0.3,0.8,0.6,0.5,1.3,1.6,9.5,004554,"ZIZIC, ANTE",27,https://media-cdn.incrowdsports.com/ba96c7c1-38ad-4579-ae05-f40d7530399d.png,VIR,VIR,Virtus Segafredo Bologna,https://media-cdn.incrowdsports.com/4af5e83b-f2b5-4fba-a87c-1f85837a508a.png
122,38.0,38.0,25.513157894736842,7.5,1.1,1.8,63.2%,1.5,3.9,38.8%,0.7,0.9,82.4%,1.6,3.2,4.8,1.0,0.7,0.4,0.2,0.2,2.6,1.6,9.5,012613,"JANTUNEN, MIKAEL",24,https://media-cdn.incrowdsports.com/3f5cf3e4-2b6c-4c35-bbaa-631d721c701c.png,PRS,PBB,Paris Basketball,https://media-cdn.incrowdsports.com/a033e5b3-0de7-48a3-98d9-d9a4b9df1f39.png
123,28.0,20.0,16.336309523809526,8.4,3.3,5.5,60.4%,0.0,0.1,0%,1.8,2.5,72.5%,1.6,3.0,4.6,0.6,0.8,1.7,0.1,0.2,2.6,2.5,9.6,013386,"McCORMACK, DAVID",25,https://media-cdn.incrowdsports.com/d985044f-d253-4233-9789-930d15ff22e4.png,BER;MIL,BER;EA7,ALBA Berlin;EA7 Emporio Armani Milan,https://media-cdn.incrowdsports.com/ccc34858-22b0-47dc-904c-9940b0a16ff3.png;https://media-cdn.incrowdsports.com/8154f184-c61a-4e7f-b14d-9d802e35cb95.png
124,33.0,2.0,18.716666666666665,9.7,1.5,2.8,52.7%,1.9,4.5,43.5%,0.9,1.1,81.1%,1.2,2.7,3.9,1.0,0.5,0.5,0.1,0.3,1.5,0.9,9.6,011085,"ROGKAVOPOULOS, NIKOLAOS",23,https://media-cdn.incrowdsports.com/ea3e07f1-6e57-4af7-9b3c-cdefa3123e4d.png,BAS,BKN,Baskonia Vitoria-Gasteiz,https://media-cdn.incrowdsports.com/e324a6af-2a72-443e-9813-8bf2d364ddab.png
125,39.0,34.0,23.705128205128204,5.9,1.7,3.3,50%,0.6,1.8,34.7%,0.7,1.0,67.5%,0.8,2.4,3.2,5.3,0.9,1.8,0.1,0.1,2.3,1.6,9.7,002939,"SATORANSKY, TOMAS",33,https://media-cdn.incrowdsports.com/c4c76984-2a5b-458e-b9fa-6b7969bb5bf7.png,BAR,BAR,FC Barcelona,https://media-cdn.incrowdsports.com/35dfa503-e417-481f-963a-bdf6f013763e.png
126,30.0,20.0,24.98,7.7,1.0,2.1,49.2%,1.4,3.4,41.2%,1.4,1.5,93.3%,1.5,2.9,4.5,1.1,0.7,0.7,0.5,0.1,2.1,1.4,9.8,006760,"BONGA, ISAAC",25,https://media-cdn.incrowdsports.com/974496ef-0137-405c-9ad9-37ef0d4e724a.png,PAR,PAR,Partizan Mozzart Bet Belgrade,https://media-cdn.incrowdsports.com/2681304e-77dd-4331-88b1-683078c0fb49.png
127,22.0,2.0,21.018181818181816,8.3,1.5,2.6,59.6%,1.3,2.4,52.8%,1.4,1.8,76.9%,0.6,2.1,2.8,1.7,1.0,0.9,0.1,0.2,2.0,1.6,9.9,001392,"CAUSEUR, FABIEN",37,https://media-cdn.incrowdsports.com/c02a4dc6-4b7f-4b9e-89ae-10a8ed78fd34.png,MIL,EA7,EA7 Emporio Armani Milan,https://media-cdn.incrowdsports.com/8154f184-c61a-4e7f-b14d-9d802e35cb95.png
128,35.0,34.0,25.374285714285715,10.3,3.0,5.8,52.5%,1.1,3.7,30.5%,0.9,1.2,71.4%,0.6,2.5,3.1,4.6,0.6,2.1,0.0,0.4,2.3,1.8,10.0,009048,"MILLER-MCINTYRE, CODI",30,https://media-cdn.incrowdsports.com/13f89e15-0622-4088-980d-a71fed39f12f.png,RED,CZV,Crvena Zvezda Meridianbet Belgrade,https://media-cdn.incrowdsports.com/d2eef4a8-62df-4fdd-9076-276004268515.png
129,25.0,18.0,25.840666666666667,8.4,2.2,4.2,52.4%,1.0,2.8,35.7%,1.0,1.6,61%,1.8,4.4,6.2,1.4,1.2,1.6,1.1,0.3,2.6,1.2,10.5,013405,"ROBERSON, ANDRE",33,https://media-cdn.incrowdsports.com/68eba4db-c8c0-4aea-9fa9-5c1801e30108.png,ASV,ASV,LDLC ASVEL Villeurbanne,https://media-cdn.incrowdsports.com/e33c6d1a-95ca-4dbc-b8cb-0201812104cc.png
130,38.0,0.0,19.967543859649123,15.1,2.4,4.9,48.9%,2.5,7.4,34.3%,2.7,3.1,85.7%,0.5,1.6,2.1,1.3,0.6,1.5,0.0,0.3,1.8,2.9,10.6,012640,"HIFI, NADIR",22,https://media-cdn.incrowdsports.com/097b8fc2-a7ee-4009-94ed-ba04f794b721.png,PRS,PBB,Paris Basketball,https://media-cdn.incrowdsports.com/a033e5b3-0de7-48a3-98d9-d9a4b9df1f39.png
131,41.0,32.0,26.865040650406506,8.6,1.8,3.2,55%,1.2,2.8,43%,1.5,1.8,84.7%,0.4,1.8,2.1,3.2,0.9,0.8,0.1,0.2,2.0,2.2,10.6,011204,"GRANT, JERIAN",32,https://media-cdn.incrowdsports.com/3011c0c9-43b3-48ac-8277-e4f8f59b6c08.png,PAN,PAO,Panathinaikos AKTOR Athens,https://media-cdn.incrowdsports.com/e3dff28a-9ec6-4faf-9d96-ecbc68f75780.png
132,24.0,18.0,21.780555555555555,9.5,2.7,5.3,50%,0.8,2.6,29%,2.0,2.4,81%,0.4,1.2,1.6,5.7,0.6,2.2,0.0,0.6,1.2,2.4,10.8,008780,"HERMANNSSON, MARTIN",30,https://media-cdn.incrowdsports.com/4032c082-43d3-42a6-aaad-00ff98c2a756.png,BER,BER,ALBA Berlin,https://media-cdn.incrowdsports.com/ccc34858-22b0-47dc-904c-9940b0a16ff3.png
133,33.0,17.0,18.717676767676767,9.9,2.8,5.4,51.4%,1.0,2.0,49.2%,1.4,2.4,59.5%,0.9,2.7,3.6,1.5,0.9,1.4,0.4,0.3,2.5,3.2,10.8,007870,"DAVIES, BRANDON",33,https://media-cdn.incrowdsports.com/81408ad9-aed4-4316-8d83-7f2f4eada6cf.png,PAR,PAR,Partizan Mozzart Bet Belgrade,https://media-cdn.incrowdsports.com/2681304e-77dd-4331-88b1-683078c0fb49.png
134,34.0,8.0,15.836764705882354,8.2,3.1,4.9,64.1%,0.0,0.0,0%,1.9,2.9,67.3%,1.7,2.4,4.1,0.5,0.6,1.1,0.1,0.2,1.9,3.1,10.8,003196,"HERNANGOMEZ, WILLY",30,https://media-cdn.incrowdsports.com/a2cfd3c3-b886-48ab-a783-67513f66faf1.png,BAR,BAR,FC Barcelona,https://media-cdn.incrowdsports.com/35dfa503-e417-481f-963a-bdf6f013763e.png
135,32.0,11.0,19.897395833333334,9.8,3.5,6.4,54.9%,0.5,1.9,26.7%,1.3,2.0,66.7%,2.1,4.4,6.5,2.4,0.6,2.4,0.5,0.3,2.8,1.7,10.9,012604,"WILLIAMS, TREVION",24,https://media-cdn.incrowdsports.com/c5b78751-dd19-44d1-9806-0837603bde94.png,BER;TEL,BER;MTA,ALBA Berlin;Maccabi Playtika Tel Aviv,https://media-cdn.incrowdsports.com/ccc34858-22b0-47dc-904c-9940b0a16ff3.png;https://media-cdn.incrowdsports.com/5c55ef14-29df-4328-bd52-a7a64c432350.png
136,27.0,13.0,24.224691358024693,11.1,3.0,6.3,47.6%,0.9,3.0,30.9%,2.3,2.9,79.7%,0.6,2.0,2.7,3.7,0.9,2.1,0.1,0.3,2.1,3.0,11.0,009863,"BALDWIN IV, WADE",28,https://media-cdn.incrowdsports.com/2e29a079-eedd-4e4e-bb7a-b129c0c9575e.png,ULK,FBB,Fenerbahce Beko Istanbul,https://media-cdn.incrowdsports.com/0233ebbb-f3a2-49ea-837c-7fd3e661e672.png
137,38.0,4.0,16.58815789473684,8.8,3.6,5.0,71.6%,0.0,0.0,0%,1.6,2.3,68.5%,2.0,2.2,4.2,0.5,0.5,1.1,1.0,0.3,2.4,2.2,11.1,012788,"OTURU, DAN",25,https://media-cdn.incrowdsports.com/93f25258-b999-4a4f-943c-09dc8a64d000.png,IST,EFS,Anadolu Efes Istanbul,https://media-cdn.incrowdsports.com/8ea8cec7-d8f7-45f4-a956-d976b5867610.png
138,38.0,38.0,26.346929824561403,11.0,2.2,3.7,58.9%,1.7,5.1,33.2%,1.6,2.1,75.9%,1.1,3.9,4.9,1.3,0.9,1.0,0.2,0.3,2.6,2.3,11.3,012610,"WARD, TYSON",27,https://media-cdn.incrowdsports.com/61069904-5d06-40a8-9ee9-ab296c388b64.png,PRS,PBB,Paris Basketball,https://media-cdn.incrowdsports.com/a033e5b3-0de7-48a3-98d9-d9a4b9df1f39.png
139,28.0,14.0,20.853571428571428,11.2,4.2,7.4,57.3%,0.4,1.0,35.7%,1.7,2.6,65.8%,1.6,2.8,4.4,1.6,0.8,1.5,0.2,1.0,2.6,3.0,11.4,011934,"WETZELL, YANNI",28,https://media-cdn.incrowdsports.com/d30b67da-dc86-45f4-969f-ecb23a50e0ef.png,BER,BER,ALBA Berlin,https://media-cdn.incrowdsports.com/ccc34858-22b0-47dc-904c-9940b0a16ff3.png
140,34.0,30.0,25.762254901960784,12.4,2.6,4.5,57.5%,2.0,4.3,46.9%,1.1,1.2,92.9%,0.7,2.4,3.0,2.1,0.8,1.4,0.2,0.4,2.1,1.3,11.5,012720,"BROWN, STERLING",29,https://media-cdn.incrowdsports.com/480c3017-7a86-42e5-a480-bfbde5207644.png,PAR,PAR,Partizan Mozzart Bet Belgrade,https://media-cdn.incrowdsports.com/2681304e-77dd-4331-88b1-683078c0fb49.png
141,25.0,21.0,24.41133333333333,7.4,2.0,3.2,60.5%,0.8,1.8,44.4%,1.0,1.4,74.3%,1.4,3.4,4.8,1.7,0.3,0.9,0.2,0.4,0.8,1.9,11.5,007230,"SEDEKERSKIS, TADAS",26,https://media-cdn.incrowdsports.com/a033b3ef-7790-421f-82fa-6aa8192098d4.png,BAS,BKN,Baskonia Vitoria-Gasteiz,https://media-cdn.incrowdsports.com/e324a6af-2a72-443e-9813-8bf2d364ddab.png
142,35.0,35.0,27.185714285714287,9.0,2.0,3.5,57.7%,1.1,2.6,43.5%,1.5,2.3,67.5%,1.3,2.9,4.1,2.6,0.8,1.7,0.1,0.3,2.3,2.7,11.6,004866,"KALINIC, NIKOLA",33,https://media-cdn.incrowdsports.com/3aba038c-6bc8-48fa-b79b-77c42bb3f341.png,RED,CZV,Crvena Zvezda Meridianbet Belgrade,https://media-cdn.incrowdsports.com/d2eef4a8-62df-4fdd-9076-276004268515.png
143,33.0,3.0,20.602020202020203,10.3,1.5,2.7,54.4%,1.6,3.9,41.1%,2.5,2.7,94.4%,0.5,1.8,2.3,3.2,1.1,1.9,0.0,0.3,2.1,2.5,11.6,011224,"NAPIER, SHABAZZ",33,https://media-cdn.incrowdsports.com/94995977-a6a1-4a20-8926-04c11757b6f1.png,MUN,BAY,FC Bayern Munich,https://media-cdn.incrowdsports.com/817b0e58-d595-4b09-ab0b-1e7cc26249ff.png
144,24.0,13.0,21.17361111111111,9.0,3.3,6.0,55.9%,0.3,0.6,50%,1.5,1.9,76.1%,1.1,2.5,3.6,1.9,1.1,0.9,0.5,0.0,2.3,2.2,11.6,000925,"VESELY, JAN",34,https://media-cdn.incrowdsports.com/4be34f64-45a0-4d95-8b9d-a9259354d99e.png,BAR,BAR,FC Barcelona,https://media-cdn.incrowdsports.com/35dfa503-e417-481f-963a-bdf6f013763e.png
145,34.0,28.0,24.780882352941177,9.7,3.2,6.1,52.2%,0.6,1.7,32.8%,1.6,1.9,81.8%,0.4,2.4,2.8,4.7,0.8,1.9,0.2,0.5,1.9,2.2,11.6,013367,"FORREST, TRENT",26,https://media-cdn.incrowdsports.com/2258a1a6-ef61-4594-a6c6-7c07e2afbd60.png,BAS,BKN,Baskonia Vitoria-Gasteiz,https://media-cdn.incrowdsports.com/e324a6af-2a72-443e-9813-8bf2d364ddab.png
146,26.0,23.0,24.183333333333334,8.9,0.7,1.4,45.9%,2.0,5.7,35.6%,1.5,1.5,95%,0.4,2.0,2.4,6.7,0.5,2.9,0.0,0.2,1.3,2.1,11.7,011193,"BLATT, TAMIR",27,https://media-cdn.incrowdsports.com/cba0b06c-87ec-47ed-ad88-bf274bdb7477.png,TEL,MTA,Maccabi Playtika Tel Aviv,https://media-cdn.incrowdsports.com/5c55ef14-29df-4328-bd52-a7a64c432350.png
147,39.0,36.0,26.32991452991453,9.5,1.9,3.4,55.6%,1.5,3.5,44.1%,1.1,1.4,79.2%,0.6,1.4,2.0,4.5,0.9,1.2,0.4,0.2,1.9,1.5,11.7,011078,"THOMPSON, DARIUS",29,https://media-cdn.incrowdsports.com/569effee-e3b6-442e-8f83-73e4321c7de8.png,IST,EFS,Anadolu Efes Istanbul,https://media-cdn.incrowdsports.com/8ea8cec7-d8f7-45f4-a956-d976b5867610.png
148,24.0,2.0,20.038194444444446,11.0,3.7,5.9,62.4%,0.8,2.3,36.4%,1.1,1.5,75%,1.0,3.8,4.8,1.0,0.6,1.7,0.6,0.2,2.0,1.8,11.8,013379,"METU, CHIMEZIE",27,https://media-cdn.incrowdsports.com/987ca277-8334-4862-a166-c8dd1a20ad4b.png,BAR,BAR,FC Barcelona,https://media-cdn.incrowdsports.com/35dfa503-e417-481f-963a-bdf6f013763e.png
149,36.0,25.0,22.038425925925925,10.9,2.2,3.7,58.2%,1.3,3.5,38.4%,2.5,2.9,88.3%,0.4,2.2,2.6,3.1,0.7,2.0,0.1,0.3,2.4,3.2,11.9,004004,"GUDURIC, MARKO",29,https://media-cdn.incrowdsports.com/b3bbf0b0-eb5a-4986-8231-a1433ff07508.png,ULK,FBB,Fenerbahce Beko Istanbul,https://media-cdn.incrowdsports.com/0233ebbb-f3a2-49ea-837c-7fd3e661e672.png
150,33.0,23.0,23.36060606060606,12.9,4.0,6.9,57.7%,0.9,2.8,34.1%,2.2,2.6,84.7%,1.7,2.4,4.1,1.1,0.5,1.5,0.5,0.4,2.5,2.3,11.9,011219,"SORKIN, ROMAN",28,https://media-cdn.incrowdsports.com/6d000710-a608-4093-8a24-3de224d00ca3.png,TEL,MTA,Maccabi Playtika Tel Aviv,https://media-cdn.incrowdsports.com/5c55ef14-29df-4328-bd52-a7a64c432350.png
151,33.0,33.0,27.725757575757576,12.0,3.2,6.7,48.2%,1.0,2.5,39%,2.6,2.8,91.5%,1.2,2.6,3.8,1.8,0.6,1.2,0.0,0.3,2.2,2.9,12.2,013382,"RANDOLPH, LEVI",32,https://media-cdn.incrowdsports.com/aea07f5d-99a0-4194-8a18-68d5a759e5ba.png,TEL,MTA,Maccabi Playtika Tel Aviv,https://media-cdn.incrowdsports.com/5c55ef14-29df-4328-bd52-a7a64c432350.png
152,39.0,2.0,21.746153846153845,9.1,1.1,2.5,45.4%,1.3,3.6,36.6%,2.9,3.1,94.1%,0.4,1.6,2.0,4.8,0.8,1.6,0.1,0.3,1.6,2.8,12.2,001926,"SLOUKAS, KOSTAS",34,https://media-cdn.incrowdsports.com/ff4f77e9-8492-462b-9661-d6ca746d51c6.png,PAN,PAO,Panathinaikos AKTOR Athens,https://media-cdn.incrowdsports.com/e3dff28a-9ec6-4faf-9d96-ecbc68f75780.png
153,35.0,27.0,26.562380952380952,11.5,3.7,6.1,60.6%,0.9,2.1,44%,1.3,2.0,66.7%,1.5,2.5,4.0,1.7,1.0,1.2,0.3,0.4,3.0,2.5,12.2,011226,"DIALLO, ALPHA",27,https://media-cdn.incrowdsports.com/b80081ad-c850-47c6-9b59-132e98bbaf5b.png,MCO,ASM,AS Monaco,https://media-cdn.incrowdsports.com/89ed276a-2ba3-413f-8ea2-b3be209ca129.png
154,33.0,27.0,21.975252525252525,9.0,3.8,5.6,68.1%,0.0,0.0,0%,1.4,2.4,57%,2.7,3.4,6.2,0.8,0.8,0.9,0.5,0.4,2.8,2.1,12.4,010545,"SAKO, NEAL",26,https://media-cdn.incrowdsports.com/b2bf2145-3598-4c59-816e-8bba61c4b4bd.png,ASV,ASV,LDLC ASVEL Villeurbanne,https://media-cdn.incrowdsports.com/e33c6d1a-95ca-4dbc-b8cb-0201812104cc.png
155,39.0,38.0,27.21410256410256,13.8,3.4,6.1,55.7%,1.9,5.0,38.3%,1.3,1.6,79.4%,1.0,3.0,4.0,1.7,0.8,1.5,0.2,0.3,1.9,1.7,12.4,012745,"PARKER, JABARI",29,https://media-cdn.incrowdsports.com/0b469685-9de3-4a1f-b7bb-ffe75d1a9163.png,BAR,BAR,FC Barcelona,https://media-cdn.incrowdsports.com/35dfa503-e417-481f-963a-bdf6f013763e.png
156,35.0,23.0,21.786190476190477,12.2,2.6,4.8,53.3%,1.3,3.5,37.2%,3.2,3.9,81.2%,0.5,2.4,2.9,2.0,0.4,1.7,0.1,0.3,1.3,3.2,12.5,006540,"MUSA, DZANAN",25,https://media-cdn.incrowdsports.com/33402fc3-96cf-4e53-ac32-2a46bc19b3d1.png,MAD,RMB,Real Madrid,https://media-cdn.incrowdsports.com/1a3e1404-4f6f-4ede-9d8b-30eee7cb51b4.png
157,37.0,36.0,25.791441441441442,16.1,2.9,5.7,50.7%,2.5,6.9,35.8%,2.9,4.0,73.5%,0.6,1.6,2.2,2.6,1.1,1.8,0.1,0.3,2.0,3.0,12.6,013380,"FOURNIER, EVAN",32,https://media-cdn.incrowdsports.com/eefac20f-c371-476e-8294-f052e98bf0f3.png,OLY,OLY,Olympiacos Piraeus,https://media-cdn.incrowdsports.com/789423ac-3cdf-4b89-b11c-b458aa5f59a6.png
158,34.0,34.0,26.347549019607843,8.2,1.1,2.0,56.7%,1.8,4.1,43.5%,0.7,1.0,72.7%,1.3,2.9,4.1,4.9,1.5,1.6,0.1,0.1,2.5,1.6,12.9,010391,"WEILER-BABB, NICK",29,https://media-cdn.incrowdsports.com/75f0d7e3-ca21-49db-8c77-f6e5ac98c2b5.png,MUN,BAY,FC Bayern Munich,https://media-cdn.incrowdsports.com/817b0e58-d595-4b09-ab0b-1e7cc26249ff.png
159,32.0,0.0,20.593229166666667,11.5,1.8,3.3,52.8%,1.7,4.5,38.5%,2.8,3.0,94.8%,0.3,1.4,1.7,4.5,0.8,2.3,0.0,0.4,1.6,3.4,13.1,002100,"DE COLO, NANDO",37,https://media-cdn.incrowdsports.com/168b2cb2-e32f-47b6-8a0f-c49fd080db79.png,ASV,ASV,LDLC ASVEL Villeurbanne,https://media-cdn.incrowdsports.com/e33c6d1a-95ca-4dbc-b8cb-0201812104cc.png
160,28.0,28.0,27.55535714285714,12.0,2.7,5.0,53.2%,1.5,3.6,42.2%,2.0,2.8,72.7%,0.6,3.0,3.6,2.6,0.7,1.5,0.0,0.2,1.5,2.8,13.3,007831,"SHIELDS, SHAVON",30,https://media-cdn.incrowdsports.com/cc164c6b-d942-4733-a6ff-dc4544e1a6c2.png,MIL,EA7,EA7 Emporio Armani Milan,https://media-cdn.incrowdsports.com/8154f184-c61a-4e7f-b14d-9d802e35cb95.png
161,35.0,9.0,25.163333333333334,12.5,3.0,6.0,49.8%,1.2,3.1,38.9%,2.9,3.3,87.8%,0.1,1.7,1.9,4.1,1.1,1.8,0.2,0.2,2.1,3.1,13.4,011212,"OKOBO, ELIE",27,https://media-cdn.incrowdsports.com/2383a124-8ef4-4332-80e6-2205022f82e9.png,MCO,ASM,AS Monaco,https://media-cdn.incrowdsports.com/89ed276a-2ba3-413f-8ea2-b3be209ca129.png
162,39.0,35.0,21.361538461538462,9.5,3.8,5.7,65.9%,0.0,0.1,0%,1.9,2.8,70.4%,2.0,3.0,5.0,1.2,0.6,0.9,1.3,0.3,2.2,2.2,13.4,004887,"POIRIER, VINCENT",31,https://media-cdn.incrowdsports.com/d24532c7-b1b3-42b5-b5e9-232d495fce34.png,IST,EFS,Anadolu Efes Istanbul,https://media-cdn.incrowdsports.com/8ea8cec7-d8f7-45f4-a956-d976b5867610.png
163,34.0,31.0,26.915686274509802,12.0,3.4,6.1,56.8%,0.8,3.0,27.7%,2.7,3.4,79.8%,1.0,2.9,3.9,3.9,0.7,2.0,0.3,0.2,2.8,3.3,13.6,009549,"CORDINIER, ISAIA",28,https://media-cdn.incrowdsports.com/e3fac696-389b-4586-8dac-0ecf02251464.png,VIR,VIR,Virtus Segafredo Bologna,https://media-cdn.incrowdsports.com/4af5e83b-f2b5-4fba-a87c-1f85837a508a.png
164,38.0,17.0,27.061842105263157,14.9,3.7,5.9,61.5%,1.9,6.1,31.5%,1.8,2.2,81.9%,0.5,4.8,5.3,1.5,0.8,1.6,0.1,0.3,1.7,2.1,14.3,003108,"HEZONJA, MARIO",29,https://media-cdn.incrowdsports.com/d61126dd-e3ac-46de-b012-42fd1ba92f1d.png,MAD,RMB,Real Madrid,https://media-cdn.incrowdsports.com/1a3e1404-4f6f-4ede-9d8b-30eee7cb51b4.png
165,34.0,20.0,21.501470588235293,8.7,3.4,4.7,71.4%,0.0,0.0,0%,2.0,2.9,69.1%,1.9,3.5,5.4,0.9,0.5,0.7,1.1,0.1,1.7,2.6,14.4,011196,"HALL, DONTA",27,https://media-cdn.incrowdsports.com/6010eeec-accb-4644-8b7c-a9fd981dad19.png,BAS,BKN,Baskonia Vitoria-Gasteiz,https://media-cdn.incrowdsports.com/e324a6af-2a72-443e-9813-8bf2d364ddab.png
166,29.0,4.0,19.862643678160918,8.2,2.9,5.0,58.2%,0.0,0.0,0%,2.3,2.8,83.7%,2.7,3.1,5.8,0.8,0.6,0.6,0.7,0.2,0.7,2.5,14.4,003941,"MILUTINOV, NIKOLA",30,https://media-cdn.incrowdsports.com/bda87c73-25f0-44ae-a726-7161d6a42976.png,OLY,OLY,Olympiacos Piraeus,https://media-cdn.incrowdsports.com/789423ac-3cdf-4b89-b11c-b458aa5f59a6.png
167,38.0,31.0,27.032456140350877,13.8,3.4,6.9,49%,1.5,4.1,36.5%,2.6,2.9,90%,0.6,3.6,4.2,3.1,1.2,2.2,0.2,0.5,2.7,3.7,14.4,009846,"BRYANT, ELIJAH",29,https://media-cdn.incrowdsports.com/884c7881-bc0b-4b2c-b95f-3f1abf3a8fa7.png,IST,EFS,Anadolu Efes Istanbul,https://media-cdn.incrowdsports.com/8ea8cec7-d8f7-45f4-a956-d976b5867610.png
168,32.0,12.0,20.1453125,13.0,4.2,6.7,62.4%,0.5,1.8,26.8%,3.2,4.8,67.5%,1.7,2.9,4.6,1.6,0.7,1.2,0.5,0.3,2.5,3.8,14.7,011194,"PETRUSEV, FILIP",24,https://media-cdn.incrowdsports.com/7f05aaaf-31e4-47a1-acd2-6347627a537d.png,OLY;RED,OLY;CZV,Olympiacos Piraeus;Crvena Zvezda Meridianbet Belgrade,https://media-cdn.incrowdsports.com/789423ac-3cdf-4b89-b11c-b458aa5f59a6.png;https://media-cdn.incrowdsports.com/d2eef4a8-62df-4fdd-9076-276004268515.png
169,40.0,37.0,23.263333333333332,10.2,4.2,5.7,73.8%,0.0,0.0,0%,1.8,2.4,72.2%,2.4,4.1,6.6,1.2,0.7,2.0,1.2,0.2,3.0,2.8,15.3,005791,"TAVARES, WALTER",32,https://media-cdn.incrowdsports.com/b4070997-623b-4a6e-94bc-65fd4694b0c5.png,MAD,RMB,Real Madrid,https://media-cdn.incrowdsports.com/1a3e1404-4f6f-4ede-9d8b-30eee7cb51b4.png
169,40.0,27.0,27.32125,10.0,2.2,3.8,56.9%,1.5,3.6,43%,1.0,1.6,63.1%,1.6,5.4,7.0,1.4,0.9,0.6,0.3,0.3,1.2,2.0,15.3,012712,"HERNANGOMEZ, JUANCHO",29,https://media-cdn.incrowdsports.com/cdf4d0c7-5fa8-4d47-9453-723b07acc3c7.png,PAN,PAO,Panathinaikos AKTOR Athens,https://media-cdn.incrowdsports.com/e3dff28a-9ec6-4faf-9d96-ecbc68f75780.png
171,24.0,24.0,27.430555555555557,13.8,3.2,6.1,51.7%,1.8,5.2,34.1%,2.0,2.5,81.7%,1.0,3.7,4.7,2.4,1.1,1.4,0.2,0.2,1.5,3.3,15.4,004888,"CLYBURN, WILL",34,https://media-cdn.incrowdsports.com/48bf0f02-5fb5-4baa-8065-f76661612dc0.png,VIR,VIR,Virtus Segafredo Bologna,https://media-cdn.incrowdsports.com/4af5e83b-f2b5-4fba-a87c-1f85837a508a.png
172,28.0,11.0,26.198214285714283,11.7,1.9,3.9,48.1%,2.0,5.2,39.3%,1.9,2.2,86.9%,0.4,2.2,2.6,4.5,1.2,1.8,0.0,0.3,0.9,3.9,15.5,007200,"LARKIN, SHANE",32,https://media-cdn.incrowdsports.com/29f7e3f7-2a14-4bf2-a5ab-3fb89fdfe607.png,IST,EFS,Anadolu Efes Istanbul,https://media-cdn.incrowdsports.com/8ea8cec7-d8f7-45f4-a956-d976b5867610.png
173,34.0,18.0,25.491176470588236,14.6,2.1,4.3,47.9%,2.2,6.4,34.2%,3.8,5.1,75.6%,0.5,2.1,2.6,4.5,0.9,2.9,0.4,0.2,1.9,5.2,15.6,007975,"FRANCISCO, SYLVAIN",27,https://media-cdn.incrowdsports.com/471953cb-7f06-42cc-8fec-0405eabb4029.png,ZAL,ZAL,Zalgiris Kaunas,https://media-cdn.incrowdsports.com/0aa09358-3847-4c4e-b228-3582ee4e536d.png
174,28.0,24.0,24.464285714285715,12.6,4.0,6.6,60.2%,0.8,2.2,37.1%,2.1,2.5,85.7%,0.8,2.4,3.2,4.6,1.0,2.6,0.0,0.2,1.7,3.1,15.6,007519,"JOKUBAITIS, ROKAS",24,https://media-cdn.incrowdsports.com/14dcf6c1-2b5d-40fe-98d5-d6a38a8b9ba2.png,TEL,MTA,Maccabi Playtika Tel Aviv,https://media-cdn.incrowdsports.com/5c55ef14-29df-4328-bd52-a7a64c432350.png
175,32.0,10.0,22.633854166666666,11.6,4.3,6.9,63.2%,0.0,0.0,0%,2.9,4.4,66.4%,2.8,3.2,6.0,1.0,1.1,1.7,0.7,0.2,2.5,4.0,16.0,011981,"JONES, TYRIQUE",27,https://media-cdn.incrowdsports.com/01ff430d-de44-400a-ab89-ce01b5bd6ef9.png,PAR,PAR,Partizan Mozzart Bet Belgrade,https://media-cdn.incrowdsports.com/2681304e-77dd-4331-88b1-683078c0fb49.png
176,28.0,28.0,26.258333333333333,14.9,4.3,7.4,58.7%,1.1,2.8,40.5%,2.9,3.5,82.5%,1.8,2.9,4.7,1.6,0.7,1.6,0.2,0.3,2.7,3.9,16.2,007056,"BOOKER, DEVIN",33,https://media-cdn.incrowdsports.com/603a8758-e88a-4d71-935e-c73e1201ec7c.png,MUN,BAY,FC Bayern Munich,https://media-cdn.incrowdsports.com/817b0e58-d595-4b09-ab0b-1e7cc26249ff.png
177,37.0,33.0,27.07702702702703,16.6,3.3,6.2,53.9%,2.1,5.5,38.6%,3.6,3.9,94.4%,0.3,1.9,2.2,3.0,1.3,1.6,0.0,0.4,2.2,4.0,16.5,009862,"PUNTER, KEVIN",31,https://media-cdn.incrowdsports.com/8f94477e-6387-41cd-b9b4-08d5dc2db4b8.png,BAR,BAR,FC Barcelona,https://media-cdn.incrowdsports.com/35dfa503-e417-481f-963a-bdf6f013763e.png
178,35.0,31.0,28.825238095238095,20.4,4.3,8.0,53.9%,2.9,8.0,35.6%,3.2,3.5,91%,0.5,1.8,2.3,3.3,1.0,2.3,0.1,0.9,2.1,4.2,16.7,011987,"EDWARDS, CARSEN",26,https://media-cdn.incrowdsports.com/06c34b65-ca83-4e3e-8eda-b6c708dbccaf.png,MUN,BAY,FC Bayern Munich,https://media-cdn.incrowdsports.com/817b0e58-d595-4b09-ab0b-1e7cc26249ff.png
179,34.0,23.0,26.96421568627451,14.1,4.2,8.3,50.9%,0.9,2.8,31.9%,3.1,3.6,85.2%,0.5,2.7,3.2,5.4,1.0,1.8,0.1,0.6,1.7,4.0,17.3,013369,"JONES, CARLIK",27,https://media-cdn.incrowdsports.com/613ad222-b178-42f5-af77-75c2e22552a7.png,PAR,PAR,Partizan Mozzart Bet Belgrade,https://media-cdn.incrowdsports.com/2681304e-77dd-4331-88b1-683078c0fb49.png
180,41.0,41.0,29.341463414634145,15.9,3.3,7.3,44.8%,1.9,5.6,33%,3.8,4.9,78.9%,0.3,2.6,3.0,5.8,1.1,1.9,0.0,0.6,1.8,4.7,17.4,005985,"JAMES, MIKE",34,https://media-cdn.incrowdsports.com/6798f111-3618-4825-b32e-11741d4229c0.png,MCO,ASM,AS Monaco,https://media-cdn.incrowdsports.com/89ed276a-2ba3-413f-8ea2-b3be209ca129.png
181,28.0,25.0,27.45595238095238,15.6,4.4,8.6,51.3%,0.9,2.5,36.2%,4.2,5.1,82.4%,1.6,3.4,5.0,2.7,0.7,2.5,0.4,0.4,2.5,5.2,17.5,001133,"SHENGELIA, TORNIKE",33,https://media-cdn.incrowdsports.com/892c9315-559b-418b-bdab-a8e0e0d66add.png,VIR,VIR,Virtus Segafredo Bologna,https://media-cdn.incrowdsports.com/4af5e83b-f2b5-4fba-a87c-1f85837a508a.png
182,39.0,33.0,25.74017094017094,12.0,2.3,4.0,56.1%,1.3,3.9,33.8%,3.5,4.0,86%,0.7,2.4,3.1,6.0,1.0,2.3,0.1,0.4,2.2,5.2,17.5,005928,"CAMPAZZO, FACUNDO",33,https://media-cdn.incrowdsports.com/3d4b3199-c570-491d-b1cf-76f82c2e229c.png,MAD,RMB,Real Madrid,https://media-cdn.incrowdsports.com/1a3e1404-4f6f-4ede-9d8b-30eee7cb51b4.png
183,24.0,22.0,30.64027777777778,14.7,5.1,8.2,61.6%,0.5,1.4,32.4%,3.2,4.0,78.4%,1.3,3.8,5.0,1.4,1.3,0.9,0.2,0.3,1.9,3.0,17.5,006835,"HOARD, JAYLEN",25,https://media-cdn.incrowdsports.com/e43108e6-9668-4d2c-8f49-626feda3dd50.png,TEL,MTA,Maccabi Playtika Tel Aviv,https://media-cdn.incrowdsports.com/5c55ef14-29df-4328-bd52-a7a64c432350.png
184,39.0,39.0,31.34230769230769,16.7,3.2,6.4,49.8%,2.3,5.7,41%,3.3,3.6,90.8%,1.4,3.9,5.3,1.7,1.1,1.4,0.3,0.4,2.1,4.1,18.3,008962,"HAYES-DAVIS, NIGEL",30,https://media-cdn.incrowdsports.com/37b00e59-560b-4b65-a269-9d2b0b8776bc.png,ULK,FBB,Fenerbahce Beko Istanbul,https://media-cdn.incrowdsports.com/0233ebbb-f3a2-49ea-837c-7fd3e661e672.png
185,33.0,29.0,28.203535353535354,14.0,3.4,5.2,64.5%,1.2,3.9,29.5%,3.8,4.7,81.3%,2.2,3.9,6.1,2.3,0.9,1.9,0.3,0.4,1.8,4.7,18.6,012201,"MONEKE, CHIMA",29,https://media-cdn.incrowdsports.com/c99df4e9-3587-4db0-8114-3972beeeb9d9.png,BAS,BKN,Baskonia Vitoria-Gasteiz,https://media-cdn.incrowdsports.com/e324a6af-2a72-443e-9813-8bf2d364ddab.png
186,40.0,39.0,30.82708333333333,20.0,4.4,7.9,56.3%,2.7,7.0,39.2%,3.0,3.4,86.2%,0.8,2.7,3.5,4.2,1.0,2.8,0.2,0.6,2.8,4.1,18.7,012774,"NUNN, KENDRICK",29,https://media-cdn.incrowdsports.com/78428dfc-c965-4e72-8eb6-5e362eeaa849.png,PAN,PAO,Panathinaikos AKTOR Athens,https://media-cdn.incrowdsports.com/e3dff28a-9ec6-4faf-9d96-ecbc68f75780.png
187,34.0,23.0,27.644117647058824,16.0,3.2,6.0,53.2%,1.6,3.5,46.2%,4.8,5.2,91.5%,0.7,3.8,4.5,1.2,0.7,1.3,0.1,0.4,2.0,5.7,19.4,008987,"LEDAY, ZACH",30,https://media-cdn.incrowdsports.com/9e33219b-4fb2-46c7-bc55-2a04b583348a.png,MIL,EA7,EA7 Emporio Armani Milan,https://media-cdn.cortextech.io/9512ee73-a0f1-4647-a01e-3c2938aba6b8.png
188,33.0,33.0,27.593434343434346,17.0,2.8,5.4,52.5%,1.7,4.8,34.4%,6.3,7.0,90.4%,0.4,3.0,3.5,4.6,1.0,2.9,0.2,0.5,1.8,5.9,20.6,007027,"MALEDON, THEO",23,https://media-cdn.incrowdsports.com/a8c1013c-4751-46eb-8a11-e792fdb2c495.png,ASV,ASV,LDLC ASVEL Villeurbanne,https://media-cdn.incrowdsports.com/e33c6d1a-95ca-4dbc-b8cb-0201812104cc.png
189,30.0,30.0,27.487222222222222,17.7,3.3,6.0,55%,2.0,5.2,38.9%,5.0,5.6,89.3%,1.8,4.6,6.4,2.0,1.0,1.9,0.3,0.2,1.8,4.9,22.0,000796,"MIROTIC, NIKOLA",33,https://media-cdn.incrowdsports.com/a771b68b-2056-4318-83a0-24b2ffb36d11.png,MIL,EA7,EA7 Emporio Armani Milan,https://media-cdn.cortextech.io/9512ee73-a0f1-4647-a01e-3c2938aba6b8.png
190,37.0,37.0,27.329279279279277,19.0,6.2,12.0,52%,0.8,2.2,36.1%,4.1,5.6,73.4%,0.5,2.1,2.6,7.3,1.0,2.3,0.1,0.6,2.3,6.6,22.8,012608,"SHORTS, TJ",27,https://media-cdn.incrowdsports.com/a3302ca0-0a06-4b2e-8065-f93d4b605f36.png,PRS,PBB,Paris Basketball,https://media-cdn.incrowdsports.com/a033e5b3-0de7-48a3-98d9-d9a4b9df1f39.png
191,38.0,38.0,30.39342105263158,19.8,4.9,7.6,64.5%,1.9,4.9,38.2%,4.3,4.9,88.6%,1.9,4.7,6.6,1.8,0.9,1.1,0.2,0.3,1.3,3.4,23.7,003469,"VEZENKOV, SASHA",29,https://media-cdn.incrowdsports.com/da9926d3-ef9c-4704-930c-4be3eb1fd3c0.png,OLY,OLY,Olympiacos Piraeus,https://media-cdn.incrowdsports.com/789423ac-3cdf-4b89-b11c-b458aa5f59a6.png
