Season,Phase,Gamecode,Round,roundAlias,roundName,played,date,confirmedDate,confirmedHour,localTimeZone,localDate,utcDate,localLast5Form,roadLast5Form,season.name,season.code,season.alias,season.competitionCode,season.year,season.startDate,group.id,group.order,group.name,group.rawName,phaseType.code,phaseType.alias,phaseType.name,phaseType.isGroupPhase,local.club.code,local.club.name,local.club.abbreviatedName,local.club.editorialName,local.club.tvCode,local.club.isVirtual,local.club.images.crest,local.score,local.standingsScore,road.club.code,road.club.name,road.club.abbreviatedName,road.club.editorialName,road.club.tvCode,road.club.isVirtual,road.club.images.crest,road.score,road.standingsScore
2023,RS,1,1,Round 1,Round 1,True,2023-10-05T19:00:00,True,True,2,2023-10-05T19:00:00,2023-10-05T17:00:00Z,['W'],['L'],EuroLeague 2023-24,E2023,2023-24,E,2023,2023-06-29T00:00:00,1c8d3521-392b-4637-8aea-7b35f797bbba,1,Group Regular Season,Regular Season,RS,REGULAR SEASON,Regular Season,True,RED,Crvena Zvezda Meridianbet Belgrade,Zvezda,Crvena Zvezda,CZV,False,https://media-cdn.incrowdsports.com/d2eef4a8-62df-4fdd-9076-276004268515.png,94,94,ASV,LDLC ASVEL Villeurbanne,ASVEL,ASVEL,ASV,False,https://media-cdn.incrowdsports.com/e33c6d1a-95ca-4dbc-b8cb-0201812104cc.png,73,73
2023,RS,2,1,Round 1,Round 1,True,2023-10-05T20:30:00,True,True,2,2023-10-05T20:30:00,2023-10-05T18:30:00Z,['W'],['L'],EuroLeague 2023-24,E2023,2023-24,E,2023,2023-06-29T00:00:00,1c8d3521-392b-4637-8aea-7b35f797bbba,1,Group Regular Season,Regular Season,RS,REGULAR SEASON,Regular Season,True,BAR,FC Barcelona,Barcelona,Barcelona,BAR,False,https://media-cdn.incrowdsports.com/35dfa503-e417-481f-963a-bdf6f013763e.png,91,91,IST,Anadolu Efes Istanbul,Efes,Efes,EFS,False,https://media-cdn.cortextech.io/9a463aa2-ceb2-481c-9a95-1cddee0a248e.png,74,74
2023,RS,3,1,Round 1,Round 1,True,2023-10-05T20:30:00,True,True,2,2023-10-05T20:30:00,2023-10-05T18:30:00Z,['W'],['L'],EuroLeague 2023-24,E2023,2023-24,E,2023,2023-06-29T00:00:00,1c8d3521-392b-4637-8aea-7b35f797bbba,1,Group Regular Season,Regular Season,RS,REGULAR SEASON,Regular Season,True,MUN,FC Bayern Munich,Bayern,Bayern,BAY,False,https://media-cdn.incrowdsports.com/817b0e58-d595-4b09-ab0b-1e7cc26249ff.png,80,80,BER,ALBA Berlin,ALBA,ALBA,BER,False,https://media-cdn.incrowdsports.com/ccc34858-22b0-47dc-904c-9940b0a16ff3.png,68,68
2023,RS,4,1,Round 1,Round 1,True,2023-10-05T20:05:00,True,True,3,2023-10-05T21:05:00,2023-10-05T18:05:00Z,['W'],['L'],EuroLeague 2023-24,E2023,2023-24,E,2023,2023-06-29T00:00:00,1c8d3521-392b-4637-8aea-7b35f797bbba,1,Group Regular Season,Regular Season,RS,REGULAR SEASON,Regular Season,True,TEL,Maccabi Playtika Tel Aviv,Maccabi,Maccabi,MTA,False,https://media-cdn.incrowdsports.com/5c55ef14-29df-4328-bd52-a7a64c432350.png,96,96,PAR,Partizan Mozzart Bet Belgrade,Partizan,Partizan,PAR,False,https://media-cdn.incrowdsports.com/2681304e-77dd-4331-88b1-683078c0fb49.png,81,81
2023,RS,5,1,Round 1,Round 1,True,2023-10-05T20:30:00,True,True,2,2023-10-05T20:30:00,2023-10-05T18:30:00Z,['L'],['W'],EuroLeague 2023-24,E2023,2023-24,E,2023,2023-06-29T00:00:00,1c8d3521-392b-4637-8aea-7b35f797bbba,1,Group Regular Season,Regular Season,RS,REGULAR SEASON,Regular Season,True,VIR,Virtus Segafredo Bologna,Virtus,Virtus,VIR,False,https://media-cdn.cortextech.io/1362801d-dd09-4fd0-932d-ead56063ab77.png,79,79,ZAL,Zalgiris Kaunas,Zalgiris,Zalgiris,ZAL,False,https://media-cdn.incrowdsports.com/0aa09358-3847-4c4e-b228-3582ee4e536d.png,82,82
2023,RS,6,1,Round 1,Round 1,True,2023-10-06T19:45:00,True,True,3,2023-10-06T20:45:00,2023-10-06T17:45:00Z,['W'],['L'],EuroLeague 2023-24,E2023,2023-24,E,2023,2023-06-29T00:00:00,1c8d3521-392b-4637-8aea-7b35f797bbba,1,Group Regular Season,Regular Season,RS,REGULAR SEASON,Regular Season,True,ULK,Fenerbahce Beko Istanbul,Fenerbahce,Fenerbahce,FBB,False,https://media-cdn.cortextech.io/3b7f020e-5b39-49a1-b4b2-efea918edab7.png,85,76,MIL,EA7 Emporio Armani Milan,Milan,Milan,EA7,False,https://media-cdn.cortextech.io/9512ee73-a0f1-4647-a01e-3c2938aba6b8.png,82,76
2023,RS,7,1,Round 1,Round 1,True,2023-10-06T20:15:00,True,True,3,2023-10-06T21:15:00,2023-10-06T18:15:00Z,['L'],['W'],EuroLeague 2023-24,E2023,2023-24,E,2023,2023-06-29T00:00:00,1c8d3521-392b-4637-8aea-7b35f797bbba,1,Group Regular Season,Regular Season,RS,REGULAR SEASON,Regular Season,True,PAN,Panathinaikos AKTOR Athens,Panathinaikos,Panathinaikos,PAO,False,https://media-cdn.incrowdsports.com/e3dff28a-9ec6-4faf-9d96-ecbc68f75780.png,78,74,OLY,Olympiacos Piraeus,Olympiacos,Olympiacos,OLY,False,https://media-cdn.incrowdsports.com/789423ac-3cdf-4b89-b11c-b458aa5f59a6.png,88,74
2023,RS,8,1,Round 1,Round 1,True,2023-10-06T20:30:00,True,True,2,2023-10-06T20:30:00,2023-10-06T18:30:00Z,['L'],['W'],EuroLeague 2023-24,E2023,2023-24,E,2023,2023-06-29T00:00:00,1c8d3521-392b-4637-8aea-7b35f797bbba,1,Group Regular Season,Regular Season,RS,REGULAR SEASON,Regular Season,True,BAS,Baskonia Vitoria-Gasteiz,Baskonia,Baskonia,BKN,False,https://media-cdn.incrowdsports.com/e324a6af-2a72-443e-9813-8bf2d364ddab.png,77,77,MAD,Real Madrid,Real,Real,RMB,False,https://media-cdn.incrowdsports.com/1a3e1404-4f6f-4ede-9d8b-30eee7cb51b4.png,79,79
2023,RS,9,1,Round 1,Round 1,True,2023-10-06T20:30:00,True,True,2,2023-10-06T20:30:00,2023-10-06T18:30:00Z,['W'],['L'],EuroLeague 2023-24,E2023,2023-24,E,2023,2023-06-29T00:00:00,1c8d3521-392b-4637-8aea-7b35f797bbba,1,Group Regular Season,Regular Season,RS,REGULAR SEASON,Regular Season,True,PAM,Valencia Basket,Valencia,Valencia,VBC,False,https://media-cdn.cortextech.io/d88f3c71-1519-4b19-8cfb-99e26a4c008e.png,70,70,MCO,AS Monaco,Monaco,Monaco,ASM,False,https://media-cdn.incrowdsports.com/89ed276a-2ba3-413f-8ea2-b3be209ca129.png,65,65
2023,RS,10,2,Round 2,Round 2,True,2023-10-12T20:00:00,True,True,2,2023-10-12T20:00:00,2023-10-12T18:00:00Z,"['L', 'L']","['L', 'W']",EuroLeague 2023-24,E2023,2023-24,E,2023,2023-06-29T00:00:00,1c8d3521-392b-4637-8aea-7b35f797bbba,1,Group Regular Season,Regular Season,RS,REGULAR SEASON,Regular Season,True,BER,ALBA Berlin,ALBA,ALBA,BER,False,https://media-cdn.incrowdsports.com/ccc34858-22b0-47dc-904c-9940b0a16ff3.png,86,86,BAS,Baskonia Vitoria-Gasteiz,Baskonia,Baskonia,BKN,False,https://media-cdn.incrowdsports.com/e324a6af-2a72-443e-9813-8bf2d364ddab.png,91,91
2023,RS,11,2,Round 2,Round 2,True,2023-10-12T19:30:00,True,True,3,2023-10-12T20:30:00,2023-10-12T17:30:00Z,"['L', 'L']","['W', 'W']",EuroLeague 2023-24,E2023,2023-24,E,2023,2023-06-29T00:00:00,1c8d3521-392b-4637-8aea-7b35f797bbba,1,Group Regular Season,Regular Season,RS,REGULAR SEASON,Regular Season,True,IST,Anadolu Efes Istanbul,Efes,Efes,EFS,False,https://media-cdn.cortextech.io/9a463aa2-ceb2-481c-9a95-1cddee0a248e.png,80,80,MAD,Real Madrid,Real,Real,RMB,False,https://media-cdn.incrowdsports.com/1a3e1404-4f6f-4ede-9d8b-30eee7cb51b4.png,103,103
2023,RS,12,2,Round 2,Round 2,True,2023-10-31T20:30:00,True,True,1,2023-10-31T20:30:00,2023-10-31T19:30:00Z,"['L', 'L']","['W', 'W']",EuroLeague 2023-24,E2023,2023-24,E,2023,2023-06-29T00:00:00,1c8d3521-392b-4637-8aea-7b35f797bbba,1,Group Regular Season,Regular Season,RS,REGULAR SEASON,Regular Season,True,MIL,EA7 Emporio Armani Milan,Milan,Milan,EA7,False,https://media-cdn.cortextech.io/9512ee73-a0f1-4647-a01e-3c2938aba6b8.png,90,90,TEL,Maccabi Playtika Tel Aviv,Maccabi,Maccabi,MTA,False,https://media-cdn.incrowdsports.com/5c55ef14-29df-4328-bd52-a7a64c432350.png,98,98
2023,RS,13,2,Round 2,Round 2,True,2023-10-12T20:15:00,True,True,3,2023-10-12T21:15:00,2023-10-12T18:15:00Z,"['L', 'W']","['W', 'L']",EuroLeague 2023-24,E2023,2023-24,E,2023,2023-06-29T00:00:00,1c8d3521-392b-4637-8aea-7b35f797bbba,1,Group Regular Season,Regular Season,RS,REGULAR SEASON,Regular Season,True,PAN,Panathinaikos AKTOR Athens,Panathinaikos,Panathinaikos,PAO,False,https://media-cdn.incrowdsports.com/e3dff28a-9ec6-4faf-9d96-ecbc68f75780.png,78,78,MUN,FC Bayern Munich,Bayern,Bayern,BAY,False,https://media-cdn.incrowdsports.com/817b0e58-d595-4b09-ab0b-1e7cc26249ff.png,71,71
2023,RS,14,2,Round 2,Round 2,True,2023-10-12T20:00:00,True,True,2,2023-10-12T20:00:00,2023-10-12T18:00:00Z,"['L', 'L']","['L', 'W']",EuroLeague 2023-24,E2023,2023-24,E,2023,2023-06-29T00:00:00,1c8d3521-392b-4637-8aea-7b35f797bbba,1,Group Regular Season,Regular Season,RS,REGULAR SEASON,Regular Season,True,ASV,LDLC ASVEL Villeurbanne,ASVEL,ASVEL,ASV,False,https://media-cdn.incrowdsports.com/e33c6d1a-95ca-4dbc-b8cb-0201812104cc.png,62,62,PAR,Partizan Mozzart Bet Belgrade,Partizan,Partizan,PAR,False,https://media-cdn.incrowdsports.com/2681304e-77dd-4331-88b1-683078c0fb49.png,88,88
2023,RS,15,2,Round 2,Round 2,True,2023-10-13T19:00:00,True,True,2,2023-10-13T19:00:00,2023-10-13T17:00:00Z,"['L', 'L']","['L', 'W']",EuroLeague 2023-24,E2023,2023-24,E,2023,2023-06-29T00:00:00,1c8d3521-392b-4637-8aea-7b35f797bbba,1,Group Regular Season,Regular Season,RS,REGULAR SEASON,Regular Season,True,MCO,AS Monaco,Monaco,Monaco,ASM,False,https://media-cdn.incrowdsports.com/89ed276a-2ba3-413f-8ea2-b3be209ca129.png,59,59,VIR,Virtus Segafredo Bologna,Virtus,Virtus,VIR,False,https://media-cdn.cortextech.io/1362801d-dd09-4fd0-932d-ead56063ab77.png,83,83
2023,RS,16,2,Round 2,Round 2,True,2023-10-13T20:15:00,True,True,3,2023-10-13T21:15:00,2023-10-13T18:15:00Z,"['W', 'L']","['W', 'W']",EuroLeague 2023-24,E2023,2023-24,E,2023,2023-06-29T00:00:00,1c8d3521-392b-4637-8aea-7b35f797bbba,1,Group Regular Season,Regular Season,RS,REGULAR SEASON,Regular Season,True,OLY,Olympiacos Piraeus,Olympiacos,Olympiacos,OLY,False,https://media-cdn.incrowdsports.com/789423ac-3cdf-4b89-b11c-b458aa5f59a6.png,68,68,BAR,FC Barcelona,Barcelona,Barcelona,BAR,False,https://media-cdn.incrowdsports.com/35dfa503-e417-481f-963a-bdf6f013763e.png,77,77
2023,RS,17,2,Round 2,Round 2,True,2023-10-13T20:30:00,True,True,2,2023-10-13T20:30:00,2023-10-13T18:30:00Z,"['W', 'W']","['W', 'L']",EuroLeague 2023-24,E2023,2023-24,E,2023,2023-06-29T00:00:00,1c8d3521-392b-4637-8aea-7b35f797bbba,1,Group Regular Season,Regular Season,RS,REGULAR SEASON,Regular Season,True,PAM,Valencia Basket,Valencia,Valencia,VBC,False,https://media-cdn.cortextech.io/d88f3c71-1519-4b19-8cfb-99e26a4c008e.png,77,77,ULK,Fenerbahce Beko Istanbul,Fenerbahce,Fenerbahce,FBB,False,https://media-cdn.cortextech.io/3b7f020e-5b39-49a1-b4b2-efea918edab7.png,74,74
2023,RS,18,2,Round 2,Round 2,True,2023-10-13T19:00:00,True,True,3,2023-10-13T20:00:00,2023-10-13T17:00:00Z,"['W', 'W']","['W', 'L']",EuroLeague 2023-24,E2023,2023-24,E,2023,2023-06-29T00:00:00,1c8d3521-392b-4637-8aea-7b35f797bbba,1,Group Regular Season,Regular Season,RS,REGULAR SEASON,Regular Season,True,ZAL,Zalgiris Kaunas,Zalgiris,Zalgiris,ZAL,False,https://media-cdn.incrowdsports.com/0aa09358-3847-4c4e-b228-3582ee4e536d.png,79,79,RED,Crvena Zvezda Meridianbet Belgrade,Zvezda,Crvena Zvezda,CZV,False,https://media-cdn.incrowdsports.com/d2eef4a8-62df-4fdd-9076-276004268515.png,74,74
2023,RS,19,3,Round 3,Round 3,True,2023-10-17T19:30:00,True,True,3,2023-10-17T20:30:00,2023-10-17T17:30:00Z,"['L', 'L', 'W']","['L', 'L', 'L']",EuroLeague 2023-24,E2023,2023-24,E,2023,2023-06-29T00:00:00,1c8d3521-392b-4637-8aea-7b35f797bbba,1,Group Regular Season,Regular Season,RS,REGULAR SEASON,Regular Season,True,IST,Anadolu Efes Istanbul,Efes,Efes,EFS,False,https://media-cdn.cortextech.io/9a463aa2-ceb2-481c-9a95-1cddee0a248e.png,89,89,ASV,LDLC ASVEL Villeurbanne,ASVEL,ASVEL,ASV,False,https://media-cdn.incrowdsports.com/e33c6d1a-95ca-4dbc-b8cb-0201812104cc.png,84,84
2023,RS,20,3,Round 3,Round 3,True,2023-10-17T20:45:00,True,True,2,2023-10-17T20:45:00,2023-10-17T18:45:00Z,"['L', 'W', 'L']","['W', 'L', 'L']",EuroLeague 2023-24,E2023,2023-24,E,2023,2023-06-29T00:00:00,1c8d3521-392b-4637-8aea-7b35f797bbba,1,Group Regular Season,Regular Season,RS,REGULAR SEASON,Regular Season,True,MIL,EA7 Emporio Armani Milan,Milan,Milan,EA7,False,https://media-cdn.cortextech.io/9512ee73-a0f1-4647-a01e-3c2938aba6b8.png,65,65,OLY,Olympiacos Piraeus,Olympiacos,Olympiacos,OLY,False,https://media-cdn.incrowdsports.com/789423ac-3cdf-4b89-b11c-b458aa5f59a6.png,53,53
2023,RS,21,3,Round 3,Round 3,True,2023-10-17T19:15:00,True,True,3,2023-10-17T20:15:00,2023-10-17T17:15:00Z,"['W', 'L', 'W']","['L', 'W', 'L']",EuroLeague 2023-24,E2023,2023-24,E,2023,2023-06-29T00:00:00,1c8d3521-392b-4637-8aea-7b35f797bbba,1,Group Regular Season,Regular Season,RS,REGULAR SEASON,Regular Season,True,ULK,Fenerbahce Beko Istanbul,Fenerbahce,Fenerbahce,FBB,False,https://media-cdn.cortextech.io/3b7f020e-5b39-49a1-b4b2-efea918edab7.png,83,83,PAN,Panathinaikos AKTOR Athens,Panathinaikos,Panathinaikos,PAO,False,https://media-cdn.incrowdsports.com/e3dff28a-9ec6-4faf-9d96-ecbc68f75780.png,69,69
2023,RS,22,3,Round 3,Round 3,True,2023-10-17T18:30:00,True,True,2,2023-10-17T18:30:00,2023-10-17T16:30:00Z,"['L', 'W', 'L']","['W', 'W', 'W']",EuroLeague 2023-24,E2023,2023-24,E,2023,2023-06-29T00:00:00,1c8d3521-392b-4637-8aea-7b35f797bbba,1,Group Regular Season,Regular Season,RS,REGULAR SEASON,Regular Season,True,PAR,Partizan Mozzart Bet Belgrade,Partizan,Partizan,PAR,False,https://media-cdn.incrowdsports.com/2681304e-77dd-4331-88b1-683078c0fb49.png,83,83,BAR,FC Barcelona,Barcelona,Barcelona,BAR,False,https://media-cdn.incrowdsports.com/35dfa503-e417-481f-963a-bdf6f013763e.png,92,92
2023,RS,23,3,Round 3,Round 3,True,2023-10-17T20:45:00,True,True,2,2023-10-17T20:45:00,2023-10-17T18:45:00Z,"['W', 'W', 'W']","['W', 'W', 'L']",EuroLeague 2023-24,E2023,2023-24,E,2023,2023-06-29T00:00:00,1c8d3521-392b-4637-8aea-7b35f797bbba,1,Group Regular Season,Regular Season,RS,REGULAR SEASON,Regular Season,True,MAD,Real Madrid,Real,Real,RMB,False,https://media-cdn.incrowdsports.com/1a3e1404-4f6f-4ede-9d8b-30eee7cb51b4.png,93,93,ZAL,Zalgiris Kaunas,Zalgiris,Zalgiris,ZAL,False,https://media-cdn.incrowdsports.com/0aa09358-3847-4c4e-b228-3582ee4e536d.png,79,79
2023,RS,24,3,Round 3,Round 3,True,2023-10-17T20:30:00,True,True,2,2023-10-17T20:30:00,2023-10-17T18:30:00Z,"['L', 'W', 'L']","['W', 'L', 'W']",EuroLeague 2023-24,E2023,2023-24,E,2023,2023-06-29T00:00:00,1c8d3521-392b-4637-8aea-7b35f797bbba,1,Group Regular Season,Regular Season,RS,REGULAR SEASON,Regular Season,True,BAS,Baskonia Vitoria-Gasteiz,Baskonia,Baskonia,BKN,False,https://media-cdn.incrowdsports.com/e324a6af-2a72-443e-9813-8bf2d364ddab.png,68,68,MUN,FC Bayern Munich,Bayern,Bayern,BAY,False,https://media-cdn.incrowdsports.com/817b0e58-d595-4b09-ab0b-1e7cc26249ff.png,76,76
2023,RS,25,3,Round 3,Round 3,True,2023-10-18T20:00:00,True,True,2,2023-10-18T20:00:00,2023-10-18T18:00:00Z,"['W', 'L', 'L']","['L', 'L', 'W']",EuroLeague 2023-24,E2023,2023-24,E,2023,2023-06-29T00:00:00,1c8d3521-392b-4637-8aea-7b35f797bbba,1,Group Regular Season,Regular Season,RS,REGULAR SEASON,Regular Season,True,RED,Crvena Zvezda Meridianbet Belgrade,Zvezda,Crvena Zvezda,CZV,False,https://media-cdn.incrowdsports.com/d2eef4a8-62df-4fdd-9076-276004268515.png,76,76,MCO,AS Monaco,Monaco,Monaco,ASM,False,https://media-cdn.incrowdsports.com/89ed276a-2ba3-413f-8ea2-b3be209ca129.png,82,82
2023,RS,26,3,Round 3,Round 3,True,2023-10-18T20:30:00,True,True,2,2023-10-18T20:30:00,2023-10-18T18:30:00Z,"['W', 'W', 'W']","['W', 'L', 'W']",EuroLeague 2023-24,E2023,2023-24,E,2023,2023-06-29T00:00:00,1c8d3521-392b-4637-8aea-7b35f797bbba,1,Group Regular Season,Regular Season,RS,REGULAR SEASON,Regular Season,True,PAM,Valencia Basket,Valencia,Valencia,VBC,False,https://media-cdn.cortextech.io/d88f3c71-1519-4b19-8cfb-99e26a4c008e.png,75,75,TEL,Maccabi Playtika Tel Aviv,Maccabi,Maccabi,MTA,False,https://media-cdn.incrowdsports.com/5c55ef14-29df-4328-bd52-a7a64c432350.png,66,66
2023,RS,27,3,Round 3,Round 3,True,2023-10-18T20:30:00,True,True,2,2023-10-18T20:30:00,2023-10-18T18:30:00Z,"['L', 'W', 'W']","['L', 'L', 'L']",EuroLeague 2023-24,E2023,2023-24,E,2023,2023-06-29T00:00:00,1c8d3521-392b-4637-8aea-7b35f797bbba,1,Group Regular Season,Regular Season,RS,REGULAR SEASON,Regular Season,True,VIR,Virtus Segafredo Bologna,Virtus,Virtus,VIR,False,https://media-cdn.cortextech.io/1362801d-dd09-4fd0-932d-ead56063ab77.png,87,87,BER,ALBA Berlin,ALBA,ALBA,BER,False,https://media-cdn.incrowdsports.com/ccc34858-22b0-47dc-904c-9940b0a16ff3.png,76,76
2023,RS,28,4,Round 4,Round 4,True,2023-10-19T19:45:00,True,True,3,2023-10-19T20:45:00,2023-10-19T17:45:00Z,"['W', 'L', 'W', 'W']","['L', 'L', 'L', 'L']",EuroLeague 2023-24,E2023,2023-24,E,2023,2023-06-29T00:00:00,1c8d3521-392b-4637-8aea-7b35f797bbba,1,Group Regular Season,Regular Season,RS,REGULAR SEASON,Regular Season,True,ULK,Fenerbahce Beko Istanbul,Fenerbahce,Fenerbahce,FBB,False,https://media-cdn.cortextech.io/3b7f020e-5b39-49a1-b4b2-efea918edab7.png,101,101,ASV,LDLC ASVEL Villeurbanne,ASVEL,ASVEL,ASV,False,https://media-cdn.incrowdsports.com/e33c6d1a-95ca-4dbc-b8cb-0201812104cc.png,86,86
2023,RS,29,4,Round 4,Round 4,True,2023-10-19T20:15:00,True,True,3,2023-10-19T21:15:00,2023-10-19T18:15:00Z,"['W', 'L', 'L', 'W']","['L', 'W', 'L', 'L']",EuroLeague 2023-24,E2023,2023-24,E,2023,2023-06-29T00:00:00,1c8d3521-392b-4637-8aea-7b35f797bbba,1,Group Regular Season,Regular Season,RS,REGULAR SEASON,Regular Season,True,OLY,Olympiacos Piraeus,Olympiacos,Olympiacos,OLY,False,https://media-cdn.incrowdsports.com/789423ac-3cdf-4b89-b11c-b458aa5f59a6.png,98,85,PAR,Partizan Mozzart Bet Belgrade,Partizan,Partizan,PAR,False,https://media-cdn.incrowdsports.com/2681304e-77dd-4331-88b1-683078c0fb49.png,94,85
2023,RS,30,4,Round 4,Round 4,True,2023-10-19T20:45:00,True,True,2,2023-10-19T20:45:00,2023-10-19T18:45:00Z,"['W', 'W', 'W', 'W']","['L', 'W', 'L', 'L']",EuroLeague 2023-24,E2023,2023-24,E,2023,2023-06-29T00:00:00,1c8d3521-392b-4637-8aea-7b35f797bbba,1,Group Regular Season,Regular Season,RS,REGULAR SEASON,Regular Season,True,MAD,Real Madrid,Real,Real,RMB,False,https://media-cdn.incrowdsports.com/1a3e1404-4f6f-4ede-9d8b-30eee7cb51b4.png,88,88,MIL,EA7 Emporio Armani Milan,Milan,Milan,EA7,False,https://media-cdn.cortextech.io/9512ee73-a0f1-4647-a01e-3c2938aba6b8.png,71,71
2023,RS,31,4,Round 4,Round 4,True,2023-10-19T20:30:00,True,True,2,2023-10-19T20:30:00,2023-10-19T18:30:00Z,"['L', 'W', 'L', 'L']","['W', 'W', 'L', 'W']",EuroLeague 2023-24,E2023,2023-24,E,2023,2023-06-29T00:00:00,1c8d3521-392b-4637-8aea-7b35f797bbba,1,Group Regular Season,Regular Season,RS,REGULAR SEASON,Regular Season,True,BAS,Baskonia Vitoria-Gasteiz,Baskonia,Baskonia,BKN,False,https://media-cdn.incrowdsports.com/e324a6af-2a72-443e-9813-8bf2d364ddab.png,82,82,ZAL,Zalgiris Kaunas,Zalgiris,Zalgiris,ZAL,False,https://media-cdn.incrowdsports.com/0aa09358-3847-4c4e-b228-3582ee4e536d.png,99,99
2023,RS,32,4,Round 4,Round 4,True,2023-10-20T19:30:00,True,True,3,2023-10-20T20:30:00,2023-10-20T17:30:00Z,"['L', 'L', 'W', 'W']","['W', 'W', 'W', 'L']",EuroLeague 2023-24,E2023,2023-24,E,2023,2023-06-29T00:00:00,1c8d3521-392b-4637-8aea-7b35f797bbba,1,Group Regular Season,Regular Season,RS,REGULAR SEASON,Regular Season,True,IST,Anadolu Efes Istanbul,Efes,Efes,EFS,False,https://media-cdn.cortextech.io/9a463aa2-ceb2-481c-9a95-1cddee0a248e.png,77,77,PAM,Valencia Basket,Valencia,Valencia,VBC,False,https://media-cdn.cortextech.io/d88f3c71-1519-4b19-8cfb-99e26a4c008e.png,73,73
2023,RS,33,4,Round 4,Round 4,True,2023-10-20T19:00:00,True,True,2,2023-10-20T19:00:00,2023-10-20T17:00:00Z,"['L', 'L', 'W', 'W']","['L', 'L', 'L', 'L']",EuroLeague 2023-24,E2023,2023-24,E,2023,2023-06-29T00:00:00,1c8d3521-392b-4637-8aea-7b35f797bbba,1,Group Regular Season,Regular Season,RS,REGULAR SEASON,Regular Season,True,MCO,AS Monaco,Monaco,Monaco,ASM,False,https://media-cdn.incrowdsports.com/89ed276a-2ba3-413f-8ea2-b3be209ca129.png,86,86,BER,ALBA Berlin,ALBA,ALBA,BER,False,https://media-cdn.incrowdsports.com/ccc34858-22b0-47dc-904c-9940b0a16ff3.png,75,75
2023,RS,34,4,Round 4,Round 4,True,2023-10-20T20:30:00,True,True,2,2023-10-20T20:30:00,2023-10-20T18:30:00Z,"['W', 'W', 'W', 'W']","['W', 'L', 'W', 'L']",EuroLeague 2023-24,E2023,2023-24,E,2023,2023-06-29T00:00:00,1c8d3521-392b-4637-8aea-7b35f797bbba,1,Group Regular Season,Regular Season,RS,REGULAR SEASON,Regular Season,True,BAR,FC Barcelona,Barcelona,Barcelona,BAR,False,https://media-cdn.incrowdsports.com/35dfa503-e417-481f-963a-bdf6f013763e.png,98,98,MUN,FC Bayern Munich,Bayern,Bayern,BAY,False,https://media-cdn.incrowdsports.com/817b0e58-d595-4b09-ab0b-1e7cc26249ff.png,59,59
2023,RS,35,4,Round 4,Round 4,True,2023-10-20T20:15:00,True,True,3,2023-10-20T21:15:00,2023-10-20T18:15:00Z,"['L', 'W', 'L', 'L']","['W', 'L', 'W', 'W']",EuroLeague 2023-24,E2023,2023-24,E,2023,2023-06-29T00:00:00,1c8d3521-392b-4637-8aea-7b35f797bbba,1,Group Regular Season,Regular Season,RS,REGULAR SEASON,Regular Season,True,PAN,Panathinaikos AKTOR Athens,Panathinaikos,Panathinaikos,PAO,False,https://media-cdn.incrowdsports.com/e3dff28a-9ec6-4faf-9d96-ecbc68f75780.png,81,72,TEL,Maccabi Playtika Tel Aviv,Maccabi,Maccabi,MTA,False,https://media-cdn.incrowdsports.com/5c55ef14-29df-4328-bd52-a7a64c432350.png,86,72
2023,RS,36,4,Round 4,Round 4,True,2023-10-20T20:30:00,True,True,2,2023-10-20T20:30:00,2023-10-20T18:30:00Z,"['L', 'W', 'W', 'W']","['W', 'L', 'L', 'L']",EuroLeague 2023-24,E2023,2023-24,E,2023,2023-06-29T00:00:00,1c8d3521-392b-4637-8aea-7b35f797bbba,1,Group Regular Season,Regular Season,RS,REGULAR SEASON,Regular Season,True,VIR,Virtus Segafredo Bologna,Virtus,Virtus,VIR,False,https://media-cdn.cortextech.io/1362801d-dd09-4fd0-932d-ead56063ab77.png,85,85,RED,Crvena Zvezda Meridianbet Belgrade,Zvezda,Crvena Zvezda,CZV,False,https://media-cdn.incrowdsports.com/d2eef4a8-62df-4fdd-9076-276004268515.png,79,79
2023,RS,37,5,Round 5,Round 5,True,2023-10-26T20:00:00,True,True,2,2023-10-26T20:00:00,2023-10-26T18:00:00Z,"['L', 'L', 'L', 'L', 'W']","['L', 'W', 'L', 'L', 'L']",EuroLeague 2023-24,E2023,2023-24,E,2023,2023-06-29T00:00:00,1c8d3521-392b-4637-8aea-7b35f797bbba,1,Group Regular Season,Regular Season,RS,REGULAR SEASON,Regular Season,True,BER,ALBA Berlin,ALBA,ALBA,BER,False,https://media-cdn.incrowdsports.com/ccc34858-22b0-47dc-904c-9940b0a16ff3.png,85,85,MIL,EA7 Emporio Armani Milan,Milan,Milan,EA7,False,https://media-cdn.cortextech.io/9512ee73-a0f1-4647-a01e-3c2938aba6b8.png,82,82
2023,RS,38,5,Round 5,Round 5,True,2023-10-26T21:00:00,True,True,3,2023-10-26T22:00:00,2023-10-26T19:00:00Z,"['W', 'L', 'L', 'W', 'W']","['L', 'L', 'W', 'W', 'L']",EuroLeague 2023-24,E2023,2023-24,E,2023,2023-06-29T00:00:00,1c8d3521-392b-4637-8aea-7b35f797bbba,1,Group Regular Season,Regular Season,RS,REGULAR SEASON,Regular Season,True,OLY,Olympiacos Piraeus,Olympiacos,Olympiacos,OLY,False,https://media-cdn.incrowdsports.com/789423ac-3cdf-4b89-b11c-b458aa5f59a6.png,75,75,IST,Anadolu Efes Istanbul,Efes,Efes,EFS,False,https://media-cdn.cortextech.io/9a463aa2-ceb2-481c-9a95-1cddee0a248e.png,57,57
2023,RS,39,5,Round 5,Round 5,True,2023-10-26T18:30:00,True,True,2,2023-10-26T18:30:00,2023-10-26T16:30:00Z,"['L', 'W', 'L', 'L', 'W']","['W', 'L', 'L', 'L', 'L']",EuroLeague 2023-24,E2023,2023-24,E,2023,2023-06-29T00:00:00,1c8d3521-392b-4637-8aea-7b35f797bbba,1,Group Regular Season,Regular Season,RS,REGULAR SEASON,Regular Season,True,PAR,Partizan Mozzart Bet Belgrade,Partizan,Partizan,PAR,False,https://media-cdn.incrowdsports.com/2681304e-77dd-4331-88b1-683078c0fb49.png,88,88,RED,Crvena Zvezda Meridianbet Belgrade,Zvezda,Crvena Zvezda,CZV,False,https://media-cdn.incrowdsports.com/d2eef4a8-62df-4fdd-9076-276004268515.png,86,86
2023,RS,40,5,Round 5,Round 5,True,2023-10-26T20:45:00,True,True,2,2023-10-26T20:45:00,2023-10-26T18:45:00Z,"['W', 'W', 'W', 'W', 'W']","['W', 'W', 'W', 'W', 'L']",EuroLeague 2023-24,E2023,2023-24,E,2023,2023-06-29T00:00:00,1c8d3521-392b-4637-8aea-7b35f797bbba,1,Group Regular Season,Regular Season,RS,REGULAR SEASON,Regular Season,True,MAD,Real Madrid,Real,Real,RMB,False,https://media-cdn.incrowdsports.com/1a3e1404-4f6f-4ede-9d8b-30eee7cb51b4.png,65,65,BAR,FC Barcelona,Barcelona,Barcelona,BAR,False,https://media-cdn.incrowdsports.com/35dfa503-e417-481f-963a-bdf6f013763e.png,64,64
2023,RS,41,5,Round 5,Round 5,True,2023-10-26T21:00:00,True,True,2,2023-10-26T21:00:00,2023-10-26T19:00:00Z,"['L', 'L', 'W', 'W', 'W']","['W', 'L', 'W', 'L', 'W']",EuroLeague 2023-24,E2023,2023-24,E,2023,2023-06-29T00:00:00,1c8d3521-392b-4637-8aea-7b35f797bbba,1,Group Regular Season,Regular Season,RS,REGULAR SEASON,Regular Season,True,MCO,AS Monaco,Monaco,Monaco,ASM,False,https://media-cdn.incrowdsports.com/89ed276a-2ba3-413f-8ea2-b3be209ca129.png,107,107,TEL,Maccabi Playtika Tel Aviv,Maccabi,Maccabi,MTA,False,https://media-cdn.incrowdsports.com/5c55ef14-29df-4328-bd52-a7a64c432350.png,79,79
2023,RS,42,5,Round 5,Round 5,True,2023-10-27T20:00:00,True,True,2,2023-10-27T20:00:00,2023-10-27T18:00:00Z,"['L', 'L', 'L', 'L', 'L']","['L', 'W', 'W', 'W', 'W']",EuroLeague 2023-24,E2023,2023-24,E,2023,2023-06-29T00:00:00,1c8d3521-392b-4637-8aea-7b35f797bbba,1,Group Regular Season,Regular Season,RS,REGULAR SEASON,Regular Season,True,ASV,LDLC ASVEL Villeurbanne,ASVEL,ASVEL,ASV,False,https://media-cdn.incrowdsports.com/e33c6d1a-95ca-4dbc-b8cb-0201812104cc.png,84,84,VIR,Virtus Segafredo Bologna,Virtus,Virtus,VIR,False,https://media-cdn.cortextech.io/1362801d-dd09-4fd0-932d-ead56063ab77.png,87,87
2023,RS,43,5,Round 5,Round 5,True,2023-10-27T20:30:00,True,True,2,2023-10-27T20:30:00,2023-10-27T18:30:00Z,"['W', 'L', 'W', 'L', 'L']","['W', 'L', 'W', 'W', 'W']",EuroLeague 2023-24,E2023,2023-24,E,2023,2023-06-29T00:00:00,1c8d3521-392b-4637-8aea-7b35f797bbba,1,Group Regular Season,Regular Season,RS,REGULAR SEASON,Regular Season,True,MUN,FC Bayern Munich,Bayern,Bayern,BAY,False,https://media-cdn.incrowdsports.com/817b0e58-d595-4b09-ab0b-1e7cc26249ff.png,67,67,ULK,Fenerbahce Beko Istanbul,Fenerbahce,Fenerbahce,FBB,False,https://media-cdn.cortextech.io/3b7f020e-5b39-49a1-b4b2-efea918edab7.png,76,76
2023,RS,44,5,Round 5,Round 5,True,2023-10-27T20:15:00,True,True,3,2023-10-27T21:15:00,2023-10-27T18:15:00Z,"['L', 'W', 'L', 'L', 'W']","['L', 'W', 'L', 'L', 'L']",EuroLeague 2023-24,E2023,2023-24,E,2023,2023-06-29T00:00:00,1c8d3521-392b-4637-8aea-7b35f797bbba,1,Group Regular Season,Regular Season,RS,REGULAR SEASON,Regular Season,True,PAN,Panathinaikos AKTOR Athens,Panathinaikos,Panathinaikos,PAO,False,https://media-cdn.incrowdsports.com/e3dff28a-9ec6-4faf-9d96-ecbc68f75780.png,95,95,BAS,Baskonia Vitoria-Gasteiz,Baskonia,Baskonia,BKN,False,https://media-cdn.incrowdsports.com/e324a6af-2a72-443e-9813-8bf2d364ddab.png,81,81
2023,RS,45,5,Round 5,Round 5,True,2023-10-27T19:00:00,True,True,3,2023-10-27T20:00:00,2023-10-27T17:00:00Z,"['W', 'W', 'L', 'W', 'L']","['W', 'W', 'W', 'L', 'W']",EuroLeague 2023-24,E2023,2023-24,E,2023,2023-06-29T00:00:00,1c8d3521-392b-4637-8aea-7b35f797bbba,1,Group Regular Season,Regular Season,RS,REGULAR SEASON,Regular Season,True,ZAL,Zalgiris Kaunas,Zalgiris,Zalgiris,ZAL,False,https://media-cdn.incrowdsports.com/0aa09358-3847-4c4e-b228-3582ee4e536d.png,72,72,PAM,Valencia Basket,Valencia,Valencia,VBC,False,https://media-cdn.cortextech.io/d88f3c71-1519-4b19-8cfb-99e26a4c008e.png,87,87
2023,RS,46,6,Round 6,Round 6,True,2023-11-02T20:30:00,True,True,1,2023-11-02T20:30:00,2023-11-02T19:30:00Z,"['W', 'L', 'L', 'L', 'L']","['L', 'W', 'W', 'W', 'W']",EuroLeague 2023-24,E2023,2023-24,E,2023,2023-06-29T00:00:00,1c8d3521-392b-4637-8aea-7b35f797bbba,1,Group Regular Season,Regular Season,RS,REGULAR SEASON,Regular Season,True,MIL,EA7 Emporio Armani Milan,Milan,Milan,EA7,False,https://media-cdn.cortextech.io/9512ee73-a0f1-4647-a01e-3c2938aba6b8.png,66,66,MCO,AS Monaco,Monaco,Monaco,ASM,False,https://media-cdn.incrowdsports.com/89ed276a-2ba3-413f-8ea2-b3be209ca129.png,72,72
2023,RS,47,6,Round 6,Round 6,True,2023-11-02T18:30:00,True,True,1,2023-11-02T18:30:00,2023-11-02T17:30:00Z,"['L', 'L', 'L', 'L', 'W']","['L', 'W', 'L', 'L', 'L']",EuroLeague 2023-24,E2023,2023-24,E,2023,2023-06-29T00:00:00,1c8d3521-392b-4637-8aea-7b35f797bbba,1,Group Regular Season,Regular Season,RS,REGULAR SEASON,Regular Season,True,RED,Crvena Zvezda Meridianbet Belgrade,Zvezda,Crvena Zvezda,CZV,False,https://media-cdn.incrowdsports.com/d2eef4a8-62df-4fdd-9076-276004268515.png,74,74,MUN,FC Bayern Munich,Bayern,Bayern,BAY,False,https://media-cdn.incrowdsports.com/817b0e58-d595-4b09-ab0b-1e7cc26249ff.png,68,68
2023,RS,48,6,Round 6,Round 6,True,2023-11-28T20:15:00,True,True,1,2023-11-28T20:15:00,2023-11-28T19:15:00Z,"['L', 'W', 'L', 'W', 'L']","['W', 'W', 'W', 'W', 'W']",EuroLeague 2023-24,E2023,2023-24,E,2023,2023-06-29T00:00:00,1c8d3521-392b-4637-8aea-7b35f797bbba,1,Group Regular Season,Regular Season,RS,REGULAR SEASON,Regular Season,True,TEL,Maccabi Playtika Tel Aviv,Maccabi,Maccabi,MTA,False,https://media-cdn.incrowdsports.com/5c55ef14-29df-4328-bd52-a7a64c432350.png,70,70,MAD,Real Madrid,Real,Real,RMB,False,https://media-cdn.incrowdsports.com/1a3e1404-4f6f-4ede-9d8b-30eee7cb51b4.png,99,99
2023,RS,49,6,Round 6,Round 6,True,2023-11-02T19:00:00,True,True,2,2023-11-02T20:00:00,2023-11-02T18:00:00Z,"['W', 'L', 'W', 'L', 'L']","['L', 'L', 'L', 'L', 'W']",EuroLeague 2023-24,E2023,2023-24,E,2023,2023-06-29T00:00:00,1c8d3521-392b-4637-8aea-7b35f797bbba,1,Group Regular Season,Regular Season,RS,REGULAR SEASON,Regular Season,True,ZAL,Zalgiris Kaunas,Zalgiris,Zalgiris,ZAL,False,https://media-cdn.incrowdsports.com/0aa09358-3847-4c4e-b228-3582ee4e536d.png,88,88,ASV,LDLC ASVEL Villeurbanne,ASVEL,ASVEL,ASV,False,https://media-cdn.incrowdsports.com/e33c6d1a-95ca-4dbc-b8cb-0201812104cc.png,91,91
2023,RS,50,6,Round 6,Round 6,True,2023-11-02T18:45:00,True,True,3,2023-11-02T20:45:00,2023-11-02T17:45:00Z,"['L', 'W', 'W', 'W', 'W']","['L', 'L', 'W', 'W', 'L']",EuroLeague 2023-24,E2023,2023-24,E,2023,2023-06-29T00:00:00,1c8d3521-392b-4637-8aea-7b35f797bbba,1,Group Regular Season,Regular Season,RS,REGULAR SEASON,Regular Season,True,ULK,Fenerbahce Beko Istanbul,Fenerbahce,Fenerbahce,FBB,False,https://media-cdn.cortextech.io/3b7f020e-5b39-49a1-b4b2-efea918edab7.png,79,79,OLY,Olympiacos Piraeus,Olympiacos,Olympiacos,OLY,False,https://media-cdn.incrowdsports.com/789423ac-3cdf-4b89-b11c-b458aa5f59a6.png,77,77
2023,RS,51,6,Round 6,Round 6,True,2023-11-03T20:30:00,True,True,1,2023-11-03T20:30:00,2023-11-03T19:30:00Z,"['W', 'W', 'W', 'L', 'W']","['W', 'L', 'L', 'W', 'L']",EuroLeague 2023-24,E2023,2023-24,E,2023,2023-06-29T00:00:00,1c8d3521-392b-4637-8aea-7b35f797bbba,1,Group Regular Season,Regular Season,RS,REGULAR SEASON,Regular Season,True,BAR,FC Barcelona,Barcelona,Barcelona,BAR,False,https://media-cdn.incrowdsports.com/35dfa503-e417-481f-963a-bdf6f013763e.png,80,80,PAN,Panathinaikos AKTOR Athens,Panathinaikos,Panathinaikos,PAO,False,https://media-cdn.incrowdsports.com/e3dff28a-9ec6-4faf-9d96-ecbc68f75780.png,72,72
2023,RS,52,6,Round 6,Round 6,True,2023-11-03T20:30:00,True,True,1,2023-11-03T20:30:00,2023-11-03T19:30:00Z,"['W', 'L', 'L', 'L', 'W']","['W', 'L', 'L', 'W', 'L']",EuroLeague 2023-24,E2023,2023-24,E,2023,2023-06-29T00:00:00,1c8d3521-392b-4637-8aea-7b35f797bbba,1,Group Regular Season,Regular Season,RS,REGULAR SEASON,Regular Season,True,BAS,Baskonia Vitoria-Gasteiz,Baskonia,Baskonia,BKN,False,https://media-cdn.incrowdsports.com/e324a6af-2a72-443e-9813-8bf2d364ddab.png,84,84,PAR,Partizan Mozzart Bet Belgrade,Partizan,Partizan,PAR,False,https://media-cdn.incrowdsports.com/2681304e-77dd-4331-88b1-683078c0fb49.png,83,83
2023,RS,53,6,Round 6,Round 6,True,2023-11-02T20:30:00,True,True,1,2023-11-02T20:30:00,2023-11-02T19:30:00Z,"['W', 'W', 'L', 'W', 'W']","['L', 'L', 'L', 'W', 'L']",EuroLeague 2023-24,E2023,2023-24,E,2023,2023-06-29T00:00:00,1c8d3521-392b-4637-8aea-7b35f797bbba,1,Group Regular Season,Regular Season,RS,REGULAR SEASON,Regular Season,True,PAM,Valencia Basket,Valencia,Valencia,VBC,False,https://media-cdn.cortextech.io/d88f3c71-1519-4b19-8cfb-99e26a4c008e.png,79,79,BER,ALBA Berlin,ALBA,ALBA,BER,False,https://media-cdn.incrowdsports.com/ccc34858-22b0-47dc-904c-9940b0a16ff3.png,71,71
2023,RS,54,6,Round 6,Round 6,True,2023-11-03T20:30:00,True,True,1,2023-11-03T20:30:00,2023-11-03T19:30:00Z,"['W', 'W', 'W', 'W', 'W']","['L', 'W', 'W', 'L', 'L']",EuroLeague 2023-24,E2023,2023-24,E,2023,2023-06-29T00:00:00,1c8d3521-392b-4637-8aea-7b35f797bbba,1,Group Regular Season,Regular Season,RS,REGULAR SEASON,Regular Season,True,VIR,Virtus Segafredo Bologna,Virtus,Virtus,VIR,False,https://media-cdn.cortextech.io/1362801d-dd09-4fd0-932d-ead56063ab77.png,93,93,IST,Anadolu Efes Istanbul,Efes,Efes,EFS,False,https://media-cdn.cortextech.io/9a463aa2-ceb2-481c-9a95-1cddee0a248e.png,81,81
2023,RS,55,7,Round 7,Round 7,True,2023-11-09T18:30:00,True,True,3,2023-11-09T20:30:00,2023-11-09T17:30:00Z,"['W', 'W', 'L', 'L', 'W']","['L', 'W', 'L', 'L', 'L']",EuroLeague 2023-24,E2023,2023-24,E,2023,2023-06-29T00:00:00,1c8d3521-392b-4637-8aea-7b35f797bbba,1,Group Regular Season,Regular Season,RS,REGULAR SEASON,Regular Season,True,IST,Anadolu Efes Istanbul,Efes,Efes,EFS,False,https://media-cdn.cortextech.io/9a463aa2-ceb2-481c-9a95-1cddee0a248e.png,86,74,ZAL,Zalgiris Kaunas,Zalgiris,Zalgiris,ZAL,False,https://media-cdn.incrowdsports.com/0aa09358-3847-4c4e-b228-3582ee4e536d.png,82,74
2023,RS,56,7,Round 7,Round 7,True,2023-11-09T20:30:00,True,True,1,2023-11-09T20:30:00,2023-11-09T19:30:00Z,"['L', 'L', 'L', 'L', 'W']","['W', 'L', 'W', 'W', 'L']",EuroLeague 2023-24,E2023,2023-24,E,2023,2023-06-29T00:00:00,1c8d3521-392b-4637-8aea-7b35f797bbba,1,Group Regular Season,Regular Season,RS,REGULAR SEASON,Regular Season,True,MIL,EA7 Emporio Armani Milan,Milan,Milan,EA7,False,https://media-cdn.cortextech.io/9512ee73-a0f1-4647-a01e-3c2938aba6b8.png,83,83,PAM,Valencia Basket,Valencia,Valencia,VBC,False,https://media-cdn.cortextech.io/d88f3c71-1519-4b19-8cfb-99e26a4c008e.png,52,52
2023,RS,57,7,Round 7,Round 7,True,2023-11-09T20:05:00,True,True,1,2023-11-09T20:05:00,2023-11-09T19:05:00Z,"['W', 'L', 'W', 'W', 'L']","['W', 'L', 'L', 'L', 'L']",EuroLeague 2023-24,E2023,2023-24,E,2023,2023-06-29T00:00:00,1c8d3521-392b-4637-8aea-7b35f797bbba,1,Group Regular Season,Regular Season,RS,REGULAR SEASON,Regular Season,True,TEL,Maccabi Playtika Tel Aviv,Maccabi,Maccabi,MTA,False,https://media-cdn.incrowdsports.com/5c55ef14-29df-4328-bd52-a7a64c432350.png,93,93,MUN,FC Bayern Munich,Bayern,Bayern,BAY,False,https://media-cdn.incrowdsports.com/817b0e58-d595-4b09-ab0b-1e7cc26249ff.png,90,90
2023,RS,58,7,Round 7,Round 7,True,2023-11-09T20:30:00,True,True,1,2023-11-09T20:30:00,2023-11-09T19:30:00Z,"['L', 'L', 'W', 'L', 'W']","['W', 'W', 'W', 'W', 'L']",EuroLeague 2023-24,E2023,2023-24,E,2023,2023-06-29T00:00:00,1c8d3521-392b-4637-8aea-7b35f797bbba,1,Group Regular Season,Regular Season,RS,REGULAR SEASON,Regular Season,True,PAR,Partizan Mozzart Bet Belgrade,Partizan,Partizan,PAR,False,https://media-cdn.incrowdsports.com/2681304e-77dd-4331-88b1-683078c0fb49.png,85,85,ULK,Fenerbahce Beko Istanbul,Fenerbahce,Fenerbahce,FBB,False,https://media-cdn.cortextech.io/3b7f020e-5b39-49a1-b4b2-efea918edab7.png,84,84
2023,RS,59,7,Round 7,Round 7,True,2023-11-09T20:45:00,True,True,1,2023-11-09T20:45:00,2023-11-09T19:45:00Z,"['W', 'W', 'W', 'W', 'W']","['W', 'W', 'W', 'W', 'L']",EuroLeague 2023-24,E2023,2023-24,E,2023,2023-06-29T00:00:00,1c8d3521-392b-4637-8aea-7b35f797bbba,1,Group Regular Season,Regular Season,RS,REGULAR SEASON,Regular Season,True,MAD,Real Madrid,Real,Real,RMB,False,https://media-cdn.incrowdsports.com/1a3e1404-4f6f-4ede-9d8b-30eee7cb51b4.png,100,100,VIR,Virtus Segafredo Bologna,Virtus,Virtus,VIR,False,https://media-cdn.cortextech.io/1362801d-dd09-4fd0-932d-ead56063ab77.png,74,74
2023,RS,60,7,Round 7,Round 7,True,2023-11-09T18:15:00,True,True,2,2023-11-09T19:15:00,2023-11-09T17:15:00Z,"['L', 'W', 'W', 'L', 'L']","['L', 'L', 'L', 'W', 'W']",EuroLeague 2023-24,E2023,2023-24,E,2023,2023-06-29T00:00:00,1c8d3521-392b-4637-8aea-7b35f797bbba,1,Group Regular Season,Regular Season,RS,REGULAR SEASON,Regular Season,True,OLY,Olympiacos Piraeus,Olympiacos,Olympiacos,OLY,False,https://media-cdn.incrowdsports.com/789423ac-3cdf-4b89-b11c-b458aa5f59a6.png,74,74,BAS,Baskonia Vitoria-Gasteiz,Baskonia,Baskonia,BKN,False,https://media-cdn.incrowdsports.com/e324a6af-2a72-443e-9813-8bf2d364ddab.png,75,75
2023,RS,61,7,Round 7,Round 7,True,2023-11-10T20:00:00,True,True,1,2023-11-10T20:00:00,2023-11-10T19:00:00Z,"['L', 'L', 'W', 'L', 'L']","['L', 'L', 'W', 'L', 'W']",EuroLeague 2023-24,E2023,2023-24,E,2023,2023-06-29T00:00:00,1c8d3521-392b-4637-8aea-7b35f797bbba,1,Group Regular Season,Regular Season,RS,REGULAR SEASON,Regular Season,True,BER,ALBA Berlin,ALBA,ALBA,BER,False,https://media-cdn.incrowdsports.com/ccc34858-22b0-47dc-904c-9940b0a16ff3.png,85,85,PAN,Panathinaikos AKTOR Athens,Panathinaikos,Panathinaikos,PAO,False,https://media-cdn.incrowdsports.com/e3dff28a-9ec6-4faf-9d96-ecbc68f75780.png,99,99
2023,RS,62,7,Round 7,Round 7,True,2023-11-10T21:00:00,True,True,1,2023-11-10T21:00:00,2023-11-10T20:00:00Z,"['W', 'W', 'W', 'W', 'W']","['L', 'L', 'L', 'W', 'L']",EuroLeague 2023-24,E2023,2023-24,E,2023,2023-06-29T00:00:00,1c8d3521-392b-4637-8aea-7b35f797bbba,1,Group Regular Season,Regular Season,RS,REGULAR SEASON,Regular Season,True,MCO,AS Monaco,Monaco,Monaco,ASM,False,https://media-cdn.incrowdsports.com/89ed276a-2ba3-413f-8ea2-b3be209ca129.png,80,80,ASV,LDLC ASVEL Villeurbanne,ASVEL,ASVEL,ASV,False,https://media-cdn.incrowdsports.com/e33c6d1a-95ca-4dbc-b8cb-0201812104cc.png,70,70
2023,RS,63,7,Round 7,Round 7,True,2023-11-10T20:30:00,True,True,1,2023-11-10T20:30:00,2023-11-10T19:30:00Z,"['W', 'W', 'L', 'W', 'W']","['L', 'L', 'L', 'W', 'L']",EuroLeague 2023-24,E2023,2023-24,E,2023,2023-06-29T00:00:00,1c8d3521-392b-4637-8aea-7b35f797bbba,1,Group Regular Season,Regular Season,RS,REGULAR SEASON,Regular Season,True,BAR,FC Barcelona,Barcelona,Barcelona,BAR,False,https://media-cdn.incrowdsports.com/35dfa503-e417-481f-963a-bdf6f013763e.png,86,86,RED,Crvena Zvezda Meridianbet Belgrade,Zvezda,Crvena Zvezda,CZV,False,https://media-cdn.incrowdsports.com/d2eef4a8-62df-4fdd-9076-276004268515.png,81,81
2023,RS,64,8,Round 8,Round 8,True,2023-11-14T19:00:00,True,True,1,2023-11-14T19:00:00,2023-11-14T18:00:00Z,"['W', 'W', 'W', 'W', 'L']","['W', 'L', 'L', 'W', 'W']",EuroLeague 2023-24,E2023,2023-24,E,2023,2023-06-29T00:00:00,1c8d3521-392b-4637-8aea-7b35f797bbba,1,Group Regular Season,Regular Season,RS,REGULAR SEASON,Regular Season,True,MCO,AS Monaco,Monaco,Monaco,ASM,False,https://media-cdn.incrowdsports.com/89ed276a-2ba3-413f-8ea2-b3be209ca129.png,82,82,IST,Anadolu Efes Istanbul,Efes,Efes,EFS,False,https://media-cdn.cortextech.io/9a463aa2-ceb2-481c-9a95-1cddee0a248e.png,89,89
2023,RS,65,8,Round 8,Round 8,True,2023-11-14T20:45:00,True,True,1,2023-11-14T20:45:00,2023-11-14T19:45:00Z,"['L', 'L', 'W', 'L', 'W']","['W', 'W', 'W', 'L', 'L']",EuroLeague 2023-24,E2023,2023-24,E,2023,2023-06-29T00:00:00,1c8d3521-392b-4637-8aea-7b35f797bbba,1,Group Regular Season,Regular Season,RS,REGULAR SEASON,Regular Season,True,RED,Crvena Zvezda Meridianbet Belgrade,Zvezda,Crvena Zvezda,CZV,False,https://media-cdn.incrowdsports.com/d2eef4a8-62df-4fdd-9076-276004268515.png,87,87,ULK,Fenerbahce Beko Istanbul,Fenerbahce,Fenerbahce,FBB,False,https://media-cdn.cortextech.io/3b7f020e-5b39-49a1-b4b2-efea918edab7.png,56,56
2023,RS,66,8,Round 8,Round 8,True,2023-11-14T20:05:00,True,True,1,2023-11-14T20:05:00,2023-11-14T19:05:00Z,"['L', 'W', 'W', 'L', 'L']","['W', 'W', 'L', 'L', 'W']",EuroLeague 2023-24,E2023,2023-24,E,2023,2023-06-29T00:00:00,1c8d3521-392b-4637-8aea-7b35f797bbba,1,Group Regular Season,Regular Season,RS,REGULAR SEASON,Regular Season,True,TEL,Maccabi Playtika Tel Aviv,Maccabi,Maccabi,MTA,False,https://media-cdn.incrowdsports.com/5c55ef14-29df-4328-bd52-a7a64c432350.png,74,74,OLY,Olympiacos Piraeus,Olympiacos,Olympiacos,OLY,False,https://media-cdn.incrowdsports.com/789423ac-3cdf-4b89-b11c-b458aa5f59a6.png,79,79
2023,RS,67,8,Round 8,Round 8,True,2023-11-14T20:30:00,True,True,1,2023-11-14T20:30:00,2023-11-14T19:30:00Z,"['L', 'W', 'W', 'L', 'L']","['W', 'W', 'W', 'W', 'W']",EuroLeague 2023-24,E2023,2023-24,E,2023,2023-06-29T00:00:00,1c8d3521-392b-4637-8aea-7b35f797bbba,1,Group Regular Season,Regular Season,RS,REGULAR SEASON,Regular Season,True,PAM,Valencia Basket,Valencia,Valencia,VBC,False,https://media-cdn.cortextech.io/d88f3c71-1519-4b19-8cfb-99e26a4c008e.png,73,73,MAD,Real Madrid,Real,Real,RMB,False,https://media-cdn.incrowdsports.com/1a3e1404-4f6f-4ede-9d8b-30eee7cb51b4.png,76,76
2023,RS,68,8,Round 8,Round 8,True,2023-11-14T20:30:00,True,True,1,2023-11-14T20:30:00,2023-11-14T19:30:00Z,"['W', 'W', 'W', 'L', 'W']","['L', 'L', 'L', 'W', 'L']",EuroLeague 2023-24,E2023,2023-24,E,2023,2023-06-29T00:00:00,1c8d3521-392b-4637-8aea-7b35f797bbba,1,Group Regular Season,Regular Season,RS,REGULAR SEASON,Regular Season,True,VIR,Virtus Segafredo Bologna,Virtus,Virtus,VIR,False,https://media-cdn.cortextech.io/1362801d-dd09-4fd0-932d-ead56063ab77.png,86,86,MIL,EA7 Emporio Armani Milan,Milan,Milan,EA7,False,https://media-cdn.cortextech.io/9512ee73-a0f1-4647-a01e-3c2938aba6b8.png,79,79
2023,RS,69,8,Round 8,Round 8,True,2023-11-15T20:00:00,True,True,1,2023-11-15T20:00:00,2023-11-15T19:00:00Z,"['L', 'W', 'L', 'L', 'L']","['L', 'L', 'W', 'L', 'W']",EuroLeague 2023-24,E2023,2023-24,E,2023,2023-06-29T00:00:00,1c8d3521-392b-4637-8aea-7b35f797bbba,1,Group Regular Season,Regular Season,RS,REGULAR SEASON,Regular Season,True,BER,ALBA Berlin,ALBA,ALBA,BER,False,https://media-cdn.incrowdsports.com/ccc34858-22b0-47dc-904c-9940b0a16ff3.png,68,68,ASV,LDLC ASVEL Villeurbanne,ASVEL,ASVEL,ASV,False,https://media-cdn.incrowdsports.com/e33c6d1a-95ca-4dbc-b8cb-0201812104cc.png,73,73
2023,RS,70,8,Round 8,Round 8,True,2023-11-15T20:30:00,True,True,1,2023-11-15T20:30:00,2023-11-15T19:30:00Z,"['L', 'L', 'L', 'L', 'W']","['L', 'W', 'L', 'W', 'L']",EuroLeague 2023-24,E2023,2023-24,E,2023,2023-06-29T00:00:00,1c8d3521-392b-4637-8aea-7b35f797bbba,1,Group Regular Season,Regular Season,RS,REGULAR SEASON,Regular Season,True,MUN,FC Bayern Munich,Bayern,Bayern,BAY,False,https://media-cdn.incrowdsports.com/817b0e58-d595-4b09-ab0b-1e7cc26249ff.png,94,94,PAR,Partizan Mozzart Bet Belgrade,Partizan,Partizan,PAR,False,https://media-cdn.incrowdsports.com/2681304e-77dd-4331-88b1-683078c0fb49.png,85,85
2023,RS,71,8,Round 8,Round 8,True,2023-11-15T20:15:00,True,True,2,2023-11-15T21:15:00,2023-11-15T19:15:00Z,"['L', 'W', 'L', 'W', 'W']","['W', 'L', 'L', 'L', 'L']",EuroLeague 2023-24,E2023,2023-24,E,2023,2023-06-29T00:00:00,1c8d3521-392b-4637-8aea-7b35f797bbba,1,Group Regular Season,Regular Season,RS,REGULAR SEASON,Regular Season,True,PAN,Panathinaikos AKTOR Athens,Panathinaikos,Panathinaikos,PAO,False,https://media-cdn.incrowdsports.com/e3dff28a-9ec6-4faf-9d96-ecbc68f75780.png,73,73,ZAL,Zalgiris Kaunas,Zalgiris,Zalgiris,ZAL,False,https://media-cdn.incrowdsports.com/0aa09358-3847-4c4e-b228-3582ee4e536d.png,71,71
2023,RS,72,8,Round 8,Round 8,True,2023-11-15T20:30:00,True,True,1,2023-11-15T20:30:00,2023-11-15T19:30:00Z,"['L', 'L', 'W', 'W', 'W']","['W', 'L', 'W', 'W', 'L']",EuroLeague 2023-24,E2023,2023-24,E,2023,2023-06-29T00:00:00,1c8d3521-392b-4637-8aea-7b35f797bbba,1,Group Regular Season,Regular Season,RS,REGULAR SEASON,Regular Season,True,BAS,Baskonia Vitoria-Gasteiz,Baskonia,Baskonia,BKN,False,https://media-cdn.incrowdsports.com/e324a6af-2a72-443e-9813-8bf2d364ddab.png,94,94,BAR,FC Barcelona,Barcelona,Barcelona,BAR,False,https://media-cdn.incrowdsports.com/35dfa503-e417-481f-963a-bdf6f013763e.png,71,71
2023,RS,73,9,Round 9,Round 9,True,2023-11-16T20:30:00,True,True,1,2023-11-16T20:30:00,2023-11-16T19:30:00Z,"['L', 'L', 'W', 'L', 'W']","['L', 'L', 'W', 'W', 'L']",EuroLeague 2023-24,E2023,2023-24,E,2023,2023-06-29T00:00:00,1c8d3521-392b-4637-8aea-7b35f797bbba,1,Group Regular Season,Regular Season,RS,REGULAR SEASON,Regular Season,True,MIL,EA7 Emporio Armani Milan,Milan,Milan,EA7,False,https://media-cdn.cortextech.io/9512ee73-a0f1-4647-a01e-3c2938aba6b8.png,92,92,IST,Anadolu Efes Istanbul,Efes,Efes,EFS,False,https://media-cdn.cortextech.io/9a463aa2-ceb2-481c-9a95-1cddee0a248e.png,76,76
2023,RS,74,9,Round 9,Round 9,True,2023-11-16T20:05:00,True,True,1,2023-11-16T20:05:00,2023-11-16T19:05:00Z,"['W', 'W', 'L', 'W', 'L']","['W', 'W', 'L', 'L', 'L']",EuroLeague 2023-24,E2023,2023-24,E,2023,2023-06-29T00:00:00,1c8d3521-392b-4637-8aea-7b35f797bbba,1,Group Regular Season,Regular Season,RS,REGULAR SEASON,Regular Season,True,TEL,Maccabi Playtika Tel Aviv,Maccabi,Maccabi,MTA,False,https://media-cdn.incrowdsports.com/5c55ef14-29df-4328-bd52-a7a64c432350.png,78,78,ULK,Fenerbahce Beko Istanbul,Fenerbahce,Fenerbahce,FBB,False,https://media-cdn.cortextech.io/3b7f020e-5b39-49a1-b4b2-efea918edab7.png,73,73
2023,RS,75,9,Round 9,Round 9,True,2023-11-16T20:15:00,True,True,2,2023-11-16T21:15:00,2023-11-16T19:15:00Z,"['W', 'L', 'L', 'W', 'W']","['L', 'W', 'L', 'W', 'L']",EuroLeague 2023-24,E2023,2023-24,E,2023,2023-06-29T00:00:00,1c8d3521-392b-4637-8aea-7b35f797bbba,1,Group Regular Season,Regular Season,RS,REGULAR SEASON,Regular Season,True,OLY,Olympiacos Piraeus,Olympiacos,Olympiacos,OLY,False,https://media-cdn.incrowdsports.com/789423ac-3cdf-4b89-b11c-b458aa5f59a6.png,88,88,RED,Crvena Zvezda Meridianbet Belgrade,Zvezda,Crvena Zvezda,CZV,False,https://media-cdn.incrowdsports.com/d2eef4a8-62df-4fdd-9076-276004268515.png,83,83
2023,RS,76,9,Round 9,Round 9,True,2023-11-16T20:45:00,True,True,1,2023-11-16T20:45:00,2023-11-16T19:45:00Z,"['W', 'W', 'W', 'W', 'W']","['W', 'W', 'W', 'L', 'L']",EuroLeague 2023-24,E2023,2023-24,E,2023,2023-06-29T00:00:00,1c8d3521-392b-4637-8aea-7b35f797bbba,1,Group Regular Season,Regular Season,RS,REGULAR SEASON,Regular Season,True,MAD,Real Madrid,Real,Real,RMB,False,https://media-cdn.incrowdsports.com/1a3e1404-4f6f-4ede-9d8b-30eee7cb51b4.png,91,91,MCO,AS Monaco,Monaco,Monaco,ASM,False,https://media-cdn.incrowdsports.com/89ed276a-2ba3-413f-8ea2-b3be209ca129.png,73,73
2023,RS,77,9,Round 9,Round 9,True,2023-11-17T20:30:00,True,True,1,2023-11-17T20:30:00,2023-11-17T19:30:00Z,"['L', 'W', 'W', 'L', 'W']","['W', 'W', 'L', 'L', 'L']",EuroLeague 2023-24,E2023,2023-24,E,2023,2023-06-29T00:00:00,1c8d3521-392b-4637-8aea-7b35f797bbba,1,Group Regular Season,Regular Season,RS,REGULAR SEASON,Regular Season,True,BAR,FC Barcelona,Barcelona,Barcelona,BAR,False,https://media-cdn.incrowdsports.com/35dfa503-e417-481f-963a-bdf6f013763e.png,74,74,PAM,Valencia Basket,Valencia,Valencia,VBC,False,https://media-cdn.cortextech.io/d88f3c71-1519-4b19-8cfb-99e26a4c008e.png,70,70
2023,RS,78,9,Round 9,Round 9,True,2023-11-17T20:00:00,True,True,1,2023-11-17T20:00:00,2023-11-17T19:00:00Z,"['L', 'W', 'L', 'W', 'L']","['L', 'W', 'W', 'W', 'W']",EuroLeague 2023-24,E2023,2023-24,E,2023,2023-06-29T00:00:00,1c8d3521-392b-4637-8aea-7b35f797bbba,1,Group Regular Season,Regular Season,RS,REGULAR SEASON,Regular Season,True,ASV,LDLC ASVEL Villeurbanne,ASVEL,ASVEL,ASV,False,https://media-cdn.incrowdsports.com/e33c6d1a-95ca-4dbc-b8cb-0201812104cc.png,81,81,BAS,Baskonia Vitoria-Gasteiz,Baskonia,Baskonia,BKN,False,https://media-cdn.incrowdsports.com/e324a6af-2a72-443e-9813-8bf2d364ddab.png,88,88
2023,RS,79,9,Round 9,Round 9,True,2023-11-17T20:15:00,True,True,2,2023-11-17T21:15:00,2023-11-17T19:15:00Z,"['W', 'L', 'W', 'W', 'W']","['W', 'W', 'L', 'W', 'L']",EuroLeague 2023-24,E2023,2023-24,E,2023,2023-06-29T00:00:00,1c8d3521-392b-4637-8aea-7b35f797bbba,1,Group Regular Season,Regular Season,RS,REGULAR SEASON,Regular Season,True,PAN,Panathinaikos AKTOR Athens,Panathinaikos,Panathinaikos,PAO,False,https://media-cdn.incrowdsports.com/e3dff28a-9ec6-4faf-9d96-ecbc68f75780.png,90,90,VIR,Virtus Segafredo Bologna,Virtus,Virtus,VIR,False,https://media-cdn.cortextech.io/1362801d-dd09-4fd0-932d-ead56063ab77.png,76,76
2023,RS,80,9,Round 9,Round 9,True,2023-11-17T20:45:00,True,True,1,2023-11-17T20:45:00,2023-11-17T19:45:00Z,"['W', 'L', 'W', 'L', 'W']","['W', 'L', 'L', 'L', 'L']",EuroLeague 2023-24,E2023,2023-24,E,2023,2023-06-29T00:00:00,1c8d3521-392b-4637-8aea-7b35f797bbba,1,Group Regular Season,Regular Season,RS,REGULAR SEASON,Regular Season,True,PAR,Partizan Mozzart Bet Belgrade,Partizan,Partizan,PAR,False,https://media-cdn.incrowdsports.com/2681304e-77dd-4331-88b1-683078c0fb49.png,89,89,BER,ALBA Berlin,ALBA,ALBA,BER,False,https://media-cdn.incrowdsports.com/ccc34858-22b0-47dc-904c-9940b0a16ff3.png,74,74
2023,RS,81,9,Round 9,Round 9,True,2023-11-17T19:00:00,True,True,2,2023-11-17T20:00:00,2023-11-17T18:00:00Z,"['L', 'L', 'L', 'L', 'W']","['L', 'L', 'L', 'W', 'L']",EuroLeague 2023-24,E2023,2023-24,E,2023,2023-06-29T00:00:00,1c8d3521-392b-4637-8aea-7b35f797bbba,1,Group Regular Season,Regular Season,RS,REGULAR SEASON,Regular Season,True,ZAL,Zalgiris Kaunas,Zalgiris,Zalgiris,ZAL,False,https://media-cdn.incrowdsports.com/0aa09358-3847-4c4e-b228-3582ee4e536d.png,74,74,MUN,FC Bayern Munich,Bayern,Bayern,BAY,False,https://media-cdn.incrowdsports.com/817b0e58-d595-4b09-ab0b-1e7cc26249ff.png,73,73
2023,RS,82,10,Round 10,Round 10,True,2023-11-23T20:00:00,True,True,1,2023-11-23T20:00:00,2023-11-23T19:00:00Z,"['W', 'L', 'W', 'L', 'L']","['L', 'L', 'W', 'L', 'W']",EuroLeague 2023-24,E2023,2023-24,E,2023,2023-06-29T00:00:00,1c8d3521-392b-4637-8aea-7b35f797bbba,1,Group Regular Season,Regular Season,RS,REGULAR SEASON,Regular Season,True,ASV,LDLC ASVEL Villeurbanne,ASVEL,ASVEL,ASV,False,https://media-cdn.incrowdsports.com/e33c6d1a-95ca-4dbc-b8cb-0201812104cc.png,100,74,MUN,FC Bayern Munich,Bayern,Bayern,BAY,False,https://media-cdn.incrowdsports.com/817b0e58-d595-4b09-ab0b-1e7cc26249ff.png,101,74
2023,RS,83,10,Round 10,Round 10,True,2023-11-23T20:05:00,True,True,1,2023-11-23T20:05:00,2023-11-23T19:05:00Z,"['W', 'L', 'W', 'L', 'L']","['W', 'W', 'L', 'W', 'W']",EuroLeague 2023-24,E2023,2023-24,E,2023,2023-06-29T00:00:00,1c8d3521-392b-4637-8aea-7b35f797bbba,1,Group Regular Season,Regular Season,RS,REGULAR SEASON,Regular Season,True,TEL,Maccabi Playtika Tel Aviv,Maccabi,Maccabi,MTA,False,https://media-cdn.incrowdsports.com/5c55ef14-29df-4328-bd52-a7a64c432350.png,90,90,BAR,FC Barcelona,Barcelona,Barcelona,BAR,False,https://media-cdn.incrowdsports.com/35dfa503-e417-481f-963a-bdf6f013763e.png,92,92
2023,RS,84,10,Round 10,Round 10,True,2023-11-23T20:15:00,True,True,2,2023-11-23T21:15:00,2023-11-23T19:15:00Z,"['L', 'W', 'W', 'W', 'W']","['W', 'L', 'L', 'L', 'L']",EuroLeague 2023-24,E2023,2023-24,E,2023,2023-06-29T00:00:00,1c8d3521-392b-4637-8aea-7b35f797bbba,1,Group Regular Season,Regular Season,RS,REGULAR SEASON,Regular Season,True,PAN,Panathinaikos AKTOR Athens,Panathinaikos,Panathinaikos,PAO,False,https://media-cdn.incrowdsports.com/e3dff28a-9ec6-4faf-9d96-ecbc68f75780.png,90,90,PAM,Valencia Basket,Valencia,Valencia,VBC,False,https://media-cdn.cortextech.io/d88f3c71-1519-4b19-8cfb-99e26a4c008e.png,73,73
2023,RS,85,10,Round 10,Round 10,True,2023-11-23T20:45:00,True,True,1,2023-11-23T20:45:00,2023-11-23T19:45:00Z,"['W', 'W', 'W', 'W', 'W']","['L', 'L', 'L', 'L', 'L']",EuroLeague 2023-24,E2023,2023-24,E,2023,2023-06-29T00:00:00,1c8d3521-392b-4637-8aea-7b35f797bbba,1,Group Regular Season,Regular Season,RS,REGULAR SEASON,Regular Season,True,MAD,Real Madrid,Real,Real,RMB,False,https://media-cdn.incrowdsports.com/1a3e1404-4f6f-4ede-9d8b-30eee7cb51b4.png,99,99,BER,ALBA Berlin,ALBA,ALBA,BER,False,https://media-cdn.incrowdsports.com/ccc34858-22b0-47dc-904c-9940b0a16ff3.png,75,75
2023,RS,86,10,Round 10,Round 10,True,2023-11-23T20:30:00,True,True,1,2023-11-23T20:30:00,2023-11-23T19:30:00Z,"['W', 'L', 'W', 'L', 'W']","['W', 'L', 'L', 'L', 'L']",EuroLeague 2023-24,E2023,2023-24,E,2023,2023-06-29T00:00:00,1c8d3521-392b-4637-8aea-7b35f797bbba,1,Group Regular Season,Regular Season,RS,REGULAR SEASON,Regular Season,True,VIR,Virtus Segafredo Bologna,Virtus,Virtus,VIR,False,https://media-cdn.cortextech.io/1362801d-dd09-4fd0-932d-ead56063ab77.png,87,87,ULK,Fenerbahce Beko Istanbul,Fenerbahce,Fenerbahce,FBB,False,https://media-cdn.cortextech.io/3b7f020e-5b39-49a1-b4b2-efea918edab7.png,79,79
2023,RS,87,10,Round 10,Round 10,True,2023-11-24T18:30:00,True,True,3,2023-11-24T20:30:00,2023-11-24T17:30:00Z,"['L', 'W', 'W', 'L', 'W']","['L', 'W', 'L', 'W', 'L']",EuroLeague 2023-24,E2023,2023-24,E,2023,2023-06-29T00:00:00,1c8d3521-392b-4637-8aea-7b35f797bbba,1,Group Regular Season,Regular Season,RS,REGULAR SEASON,Regular Season,True,IST,Anadolu Efes Istanbul,Efes,Efes,EFS,False,https://media-cdn.cortextech.io/9a463aa2-ceb2-481c-9a95-1cddee0a248e.png,100,100,PAR,Partizan Mozzart Bet Belgrade,Partizan,Partizan,PAR,False,https://media-cdn.incrowdsports.com/2681304e-77dd-4331-88b1-683078c0fb49.png,94,94
2023,RS,88,10,Round 10,Round 10,True,2023-11-24T20:30:00,True,True,1,2023-11-24T20:30:00,2023-11-24T19:30:00Z,"['W', 'L', 'W', 'L', 'L']","['L', 'W', 'L', 'W', 'W']",EuroLeague 2023-24,E2023,2023-24,E,2023,2023-06-29T00:00:00,1c8d3521-392b-4637-8aea-7b35f797bbba,1,Group Regular Season,Regular Season,RS,REGULAR SEASON,Regular Season,True,RED,Crvena Zvezda Meridianbet Belgrade,Zvezda,Crvena Zvezda,CZV,False,https://media-cdn.incrowdsports.com/d2eef4a8-62df-4fdd-9076-276004268515.png,71,71,MIL,EA7 Emporio Armani Milan,Milan,Milan,EA7,False,https://media-cdn.cortextech.io/9512ee73-a0f1-4647-a01e-3c2938aba6b8.png,93,93
2023,RS,89,10,Round 10,Round 10,True,2023-11-24T20:15:00,True,True,2,2023-11-24T21:15:00,2023-11-24T19:15:00Z,"['L', 'L', 'W', 'W', 'W']","['L', 'L', 'L', 'W', 'L']",EuroLeague 2023-24,E2023,2023-24,E,2023,2023-06-29T00:00:00,1c8d3521-392b-4637-8aea-7b35f797bbba,1,Group Regular Season,Regular Season,RS,REGULAR SEASON,Regular Season,True,OLY,Olympiacos Piraeus,Olympiacos,Olympiacos,OLY,False,https://media-cdn.incrowdsports.com/789423ac-3cdf-4b89-b11c-b458aa5f59a6.png,89,89,ZAL,Zalgiris Kaunas,Zalgiris,Zalgiris,ZAL,False,https://media-cdn.incrowdsports.com/0aa09358-3847-4c4e-b228-3582ee4e536d.png,72,72
2023,RS,90,10,Round 10,Round 10,True,2023-11-24T20:30:00,True,True,1,2023-11-24T20:30:00,2023-11-24T19:30:00Z,"['W', 'W', 'W', 'W', 'L']","['W', 'W', 'L', 'L', 'W']",EuroLeague 2023-24,E2023,2023-24,E,2023,2023-06-29T00:00:00,1c8d3521-392b-4637-8aea-7b35f797bbba,1,Group Regular Season,Regular Season,RS,REGULAR SEASON,Regular Season,True,BAS,Baskonia Vitoria-Gasteiz,Baskonia,Baskonia,BKN,False,https://media-cdn.incrowdsports.com/e324a6af-2a72-443e-9813-8bf2d364ddab.png,75,75,MCO,AS Monaco,Monaco,Monaco,ASM,False,https://media-cdn.incrowdsports.com/89ed276a-2ba3-413f-8ea2-b3be209ca129.png,77,77
2023,RS,91,11,Round 11,Round 11,True,2023-11-30T19:00:00,True,True,1,2023-11-30T19:00:00,2023-11-30T18:00:00Z,"['W', 'L', 'L', 'W', 'W']","['L', 'W', 'W', 'W', 'L']",EuroLeague 2023-24,E2023,2023-24,E,2023,2023-06-29T00:00:00,1c8d3521-392b-4637-8aea-7b35f797bbba,1,Group Regular Season,Regular Season,RS,REGULAR SEASON,Regular Season,True,MCO,AS Monaco,Monaco,Monaco,ASM,False,https://media-cdn.incrowdsports.com/89ed276a-2ba3-413f-8ea2-b3be209ca129.png,85,85,OLY,Olympiacos Piraeus,Olympiacos,Olympiacos,OLY,False,https://media-cdn.incrowdsports.com/789423ac-3cdf-4b89-b11c-b458aa5f59a6.png,77,77
2023,RS,92,11,Round 11,Round 11,True,2023-11-30T20:30:00,True,True,1,2023-11-30T20:30:00,2023-11-30T19:30:00Z,"['L', 'W', 'L', 'W', 'W']","['L', 'W', 'L', 'W', 'L']",EuroLeague 2023-24,E2023,2023-24,E,2023,2023-06-29T00:00:00,1c8d3521-392b-4637-8aea-7b35f797bbba,1,Group Regular Season,Regular Season,RS,REGULAR SEASON,Regular Season,True,MUN,FC Bayern Munich,Bayern,Bayern,BAY,False,https://media-cdn.incrowdsports.com/817b0e58-d595-4b09-ab0b-1e7cc26249ff.png,90,90,VIR,Virtus Segafredo Bologna,Virtus,Virtus,VIR,False,https://media-cdn.cortextech.io/1362801d-dd09-4fd0-932d-ead56063ab77.png,76,76
2023,RS,93,11,Round 11,Round 11,True,2023-11-30T18:45:00,True,True,3,2023-11-30T20:45:00,2023-11-30T17:45:00Z,"['L', 'L', 'L', 'L', 'W']","['W', 'W', 'W', 'W', 'L']",EuroLeague 2023-24,E2023,2023-24,E,2023,2023-06-29T00:00:00,1c8d3521-392b-4637-8aea-7b35f797bbba,1,Group Regular Season,Regular Season,RS,REGULAR SEASON,Regular Season,True,ULK,Fenerbahce Beko Istanbul,Fenerbahce,Fenerbahce,FBB,False,https://media-cdn.cortextech.io/3b7f020e-5b39-49a1-b4b2-efea918edab7.png,100,87,MAD,Real Madrid,Real,Real,RMB,False,https://media-cdn.incrowdsports.com/1a3e1404-4f6f-4ede-9d8b-30eee7cb51b4.png,99,87
2023,RS,94,11,Round 11,Round 11,True,2023-11-30T20:05:00,True,True,1,2023-11-30T20:05:00,2023-11-30T19:05:00Z,"['L', 'W', 'L', 'L', 'W']","['L', 'L', 'L', 'L', 'L']",EuroLeague 2023-24,E2023,2023-24,E,2023,2023-06-29T00:00:00,1c8d3521-392b-4637-8aea-7b35f797bbba,1,Group Regular Season,Regular Season,RS,REGULAR SEASON,Regular Season,True,TEL,Maccabi Playtika Tel Aviv,Maccabi,Maccabi,MTA,False,https://media-cdn.incrowdsports.com/5c55ef14-29df-4328-bd52-a7a64c432350.png,102,102,BER,ALBA Berlin,ALBA,ALBA,BER,False,https://media-cdn.incrowdsports.com/ccc34858-22b0-47dc-904c-9940b0a16ff3.png,81,81
2023,RS,95,11,Round 11,Round 11,True,2023-11-30T20:45:00,True,True,1,2023-11-30T20:45:00,2023-11-30T19:45:00Z,"['W', 'L', 'W', 'L', 'W']","['W', 'W', 'W', 'W', 'L']",EuroLeague 2023-24,E2023,2023-24,E,2023,2023-06-29T00:00:00,1c8d3521-392b-4637-8aea-7b35f797bbba,1,Group Regular Season,Regular Season,RS,REGULAR SEASON,Regular Season,True,PAR,Partizan Mozzart Bet Belgrade,Partizan,Partizan,PAR,False,https://media-cdn.incrowdsports.com/2681304e-77dd-4331-88b1-683078c0fb49.png,92,78,PAN,Panathinaikos AKTOR Athens,Panathinaikos,Panathinaikos,PAO,False,https://media-cdn.incrowdsports.com/e3dff28a-9ec6-4faf-9d96-ecbc68f75780.png,87,78
2023,RS,96,11,Round 11,Round 11,True,2023-11-30T20:30:00,True,True,1,2023-11-30T20:30:00,2023-11-30T19:30:00Z,"['W', 'L', 'W', 'W', 'L']","['L', 'L', 'W', 'L', 'W']",EuroLeague 2023-24,E2023,2023-24,E,2023,2023-06-29T00:00:00,1c8d3521-392b-4637-8aea-7b35f797bbba,1,Group Regular Season,Regular Season,RS,REGULAR SEASON,Regular Season,True,MIL,EA7 Emporio Armani Milan,Milan,Milan,EA7,False,https://media-cdn.cortextech.io/9512ee73-a0f1-4647-a01e-3c2938aba6b8.png,70,70,ZAL,Zalgiris Kaunas,Zalgiris,Zalgiris,ZAL,False,https://media-cdn.incrowdsports.com/0aa09358-3847-4c4e-b228-3582ee4e536d.png,83,83
2023,RS,97,11,Round 11,Round 11,True,2023-12-01T20:00:00,True,True,1,2023-12-01T20:00:00,2023-12-01T19:00:00Z,"['L', 'W', 'L', 'L', 'W']","['W', 'W', 'L', 'W', 'L']",EuroLeague 2023-24,E2023,2023-24,E,2023,2023-06-29T00:00:00,1c8d3521-392b-4637-8aea-7b35f797bbba,1,Group Regular Season,Regular Season,RS,REGULAR SEASON,Regular Season,True,RED,Crvena Zvezda Meridianbet Belgrade,Zvezda,Crvena Zvezda,CZV,False,https://media-cdn.incrowdsports.com/d2eef4a8-62df-4fdd-9076-276004268515.png,97,97,IST,Anadolu Efes Istanbul,Efes,Efes,EFS,False,https://media-cdn.cortextech.io/9a463aa2-ceb2-481c-9a95-1cddee0a248e.png,83,83
2023,RS,98,11,Round 11,Round 11,True,2023-12-01T20:30:00,True,True,1,2023-12-01T20:30:00,2023-12-01T19:30:00Z,"['W', 'L', 'W', 'W', 'W']","['L', 'W', 'L', 'L', 'L']",EuroLeague 2023-24,E2023,2023-24,E,2023,2023-06-29T00:00:00,1c8d3521-392b-4637-8aea-7b35f797bbba,1,Group Regular Season,Regular Season,RS,REGULAR SEASON,Regular Season,True,BAR,FC Barcelona,Barcelona,Barcelona,BAR,False,https://media-cdn.incrowdsports.com/35dfa503-e417-481f-963a-bdf6f013763e.png,101,101,ASV,LDLC ASVEL Villeurbanne,ASVEL,ASVEL,ASV,False,https://media-cdn.incrowdsports.com/e33c6d1a-95ca-4dbc-b8cb-0201812104cc.png,92,92
2023,RS,99,11,Round 11,Round 11,True,2023-12-01T20:30:00,True,True,1,2023-12-01T20:30:00,2023-12-01T19:30:00Z,"['L', 'L', 'L', 'L', 'L']","['W', 'W', 'W', 'L', 'W']",EuroLeague 2023-24,E2023,2023-24,E,2023,2023-06-29T00:00:00,1c8d3521-392b-4637-8aea-7b35f797bbba,1,Group Regular Season,Regular Season,RS,REGULAR SEASON,Regular Season,True,PAM,Valencia Basket,Valencia,Valencia,VBC,False,https://media-cdn.cortextech.io/d88f3c71-1519-4b19-8cfb-99e26a4c008e.png,84,84,BAS,Baskonia Vitoria-Gasteiz,Baskonia,Baskonia,BKN,False,https://media-cdn.incrowdsports.com/e324a6af-2a72-443e-9813-8bf2d364ddab.png,98,98
2023,RS,100,12,Round 12,Round 12,True,2023-12-05T20:00:00,True,True,1,2023-12-05T20:00:00,2023-12-05T19:00:00Z,"['L', 'L', 'L', 'L', 'W']","['L', 'W', 'L', 'W', 'L']",EuroLeague 2023-24,E2023,2023-24,E,2023,2023-06-29T00:00:00,1c8d3521-392b-4637-8aea-7b35f797bbba,1,Group Regular Season,Regular Season,RS,REGULAR SEASON,Regular Season,True,BER,ALBA Berlin,ALBA,ALBA,BER,False,https://media-cdn.incrowdsports.com/ccc34858-22b0-47dc-904c-9940b0a16ff3.png,64,64,ZAL,Zalgiris Kaunas,Zalgiris,Zalgiris,ZAL,False,https://media-cdn.incrowdsports.com/0aa09358-3847-4c4e-b228-3582ee4e536d.png,62,62
2023,RS,101,12,Round 12,Round 12,True,2023-12-05T18:30:00,True,True,3,2023-12-05T20:30:00,2023-12-05T17:30:00Z,"['W', 'L', 'W', 'L', 'W']","['W', 'W', 'W', 'L', 'L']",EuroLeague 2023-24,E2023,2023-24,E,2023,2023-06-29T00:00:00,1c8d3521-392b-4637-8aea-7b35f797bbba,1,Group Regular Season,Regular Season,RS,REGULAR SEASON,Regular Season,True,IST,Anadolu Efes Istanbul,Efes,Efes,EFS,False,https://media-cdn.cortextech.io/9a463aa2-ceb2-481c-9a95-1cddee0a248e.png,71,71,PAN,Panathinaikos AKTOR Athens,Panathinaikos,Panathinaikos,PAO,False,https://media-cdn.incrowdsports.com/e3dff28a-9ec6-4faf-9d96-ecbc68f75780.png,68,68
2023,RS,102,12,Round 12,Round 12,True,2023-12-05T20:30:00,True,True,1,2023-12-05T20:30:00,2023-12-05T19:30:00Z,"['W', 'L', 'W', 'W', 'W']","['L', 'W', 'W', 'L', 'L']",EuroLeague 2023-24,E2023,2023-24,E,2023,2023-06-29T00:00:00,1c8d3521-392b-4637-8aea-7b35f797bbba,1,Group Regular Season,Regular Season,RS,REGULAR SEASON,Regular Season,True,MUN,FC Bayern Munich,Bayern,Bayern,BAY,False,https://media-cdn.incrowdsports.com/817b0e58-d595-4b09-ab0b-1e7cc26249ff.png,91,76,MIL,EA7 Emporio Armani Milan,Milan,Milan,EA7,False,https://media-cdn.cortextech.io/9512ee73-a0f1-4647-a01e-3c2938aba6b8.png,84,76
2023,RS,103,12,Round 12,Round 12,True,2023-12-05T20:15:00,True,True,2,2023-12-05T21:15:00,2023-12-05T19:15:00Z,"['W', 'W', 'W', 'L', 'L']","['W', 'W', 'W', 'L', 'W']",EuroLeague 2023-24,E2023,2023-24,E,2023,2023-06-29T00:00:00,1c8d3521-392b-4637-8aea-7b35f797bbba,1,Group Regular Season,Regular Season,RS,REGULAR SEASON,Regular Season,True,OLY,Olympiacos Piraeus,Olympiacos,Olympiacos,OLY,False,https://media-cdn.incrowdsports.com/789423ac-3cdf-4b89-b11c-b458aa5f59a6.png,71,71,MAD,Real Madrid,Real,Real,RMB,False,https://media-cdn.incrowdsports.com/1a3e1404-4f6f-4ede-9d8b-30eee7cb51b4.png,77,77
2023,RS,104,12,Round 12,Round 12,True,2023-12-05T20:30:00,True,True,1,2023-12-05T20:30:00,2023-12-05T19:30:00Z,"['L', 'W', 'L', 'W', 'W']","['L', 'L', 'W', 'W', 'L']",EuroLeague 2023-24,E2023,2023-24,E,2023,2023-06-29T00:00:00,1c8d3521-392b-4637-8aea-7b35f797bbba,1,Group Regular Season,Regular Season,RS,REGULAR SEASON,Regular Season,True,PAR,Partizan Mozzart Bet Belgrade,Partizan,Partizan,PAR,False,https://media-cdn.incrowdsports.com/2681304e-77dd-4331-88b1-683078c0fb49.png,89,72,MCO,AS Monaco,Monaco,Monaco,ASM,False,https://media-cdn.incrowdsports.com/89ed276a-2ba3-413f-8ea2-b3be209ca129.png,85,72
2023,RS,105,12,Round 12,Round 12,True,2023-12-06T20:15:00,True,True,1,2023-12-06T20:15:00,2023-12-06T19:15:00Z,"['W', 'L', 'L', 'L', 'L']","['W', 'L', 'L', 'W', 'W']",EuroLeague 2023-24,E2023,2023-24,E,2023,2023-06-29T00:00:00,1c8d3521-392b-4637-8aea-7b35f797bbba,1,Group Regular Season,Regular Season,RS,REGULAR SEASON,Regular Season,True,ASV,LDLC ASVEL Villeurbanne,ASVEL,ASVEL,ASV,False,https://media-cdn.incrowdsports.com/e33c6d1a-95ca-4dbc-b8cb-0201812104cc.png,91,91,TEL,Maccabi Playtika Tel Aviv,Maccabi,Maccabi,MTA,False,https://media-cdn.incrowdsports.com/5c55ef14-29df-4328-bd52-a7a64c432350.png,94,94
2023,RS,106,12,Round 12,Round 12,True,2023-12-06T20:30:00,True,True,1,2023-12-06T20:30:00,2023-12-06T19:30:00Z,"['W', 'W', 'L', 'W', 'W']","['L', 'L', 'L', 'W', 'L']",EuroLeague 2023-24,E2023,2023-24,E,2023,2023-06-29T00:00:00,1c8d3521-392b-4637-8aea-7b35f797bbba,1,Group Regular Season,Regular Season,RS,REGULAR SEASON,Regular Season,True,BAS,Baskonia Vitoria-Gasteiz,Baskonia,Baskonia,BKN,False,https://media-cdn.incrowdsports.com/e324a6af-2a72-443e-9813-8bf2d364ddab.png,80,80,ULK,Fenerbahce Beko Istanbul,Fenerbahce,Fenerbahce,FBB,False,https://media-cdn.cortextech.io/3b7f020e-5b39-49a1-b4b2-efea918edab7.png,79,79
2023,RS,107,12,Round 12,Round 12,True,2023-12-06T20:30:00,True,True,1,2023-12-06T20:30:00,2023-12-06T19:30:00Z,"['L', 'L', 'L', 'L', 'W']","['W', 'L', 'L', 'W', 'L']",EuroLeague 2023-24,E2023,2023-24,E,2023,2023-06-29T00:00:00,1c8d3521-392b-4637-8aea-7b35f797bbba,1,Group Regular Season,Regular Season,RS,REGULAR SEASON,Regular Season,True,PAM,Valencia Basket,Valencia,Valencia,VBC,False,https://media-cdn.cortextech.io/d88f3c71-1519-4b19-8cfb-99e26a4c008e.png,85,85,RED,Crvena Zvezda Meridianbet Belgrade,Zvezda,Crvena Zvezda,CZV,False,https://media-cdn.incrowdsports.com/d2eef4a8-62df-4fdd-9076-276004268515.png,81,81
2023,RS,108,12,Round 12,Round 12,True,2023-12-06T20:30:00,True,True,1,2023-12-06T20:30:00,2023-12-06T19:30:00Z,"['W', 'L', 'W', 'L', 'W']","['L', 'W', 'W', 'W', 'L']",EuroLeague 2023-24,E2023,2023-24,E,2023,2023-06-29T00:00:00,1c8d3521-392b-4637-8aea-7b35f797bbba,1,Group Regular Season,Regular Season,RS,REGULAR SEASON,Regular Season,True,VIR,Virtus Segafredo Bologna,Virtus,Virtus,VIR,False,https://media-cdn.cortextech.io/1362801d-dd09-4fd0-932d-ead56063ab77.png,80,80,BAR,FC Barcelona,Barcelona,Barcelona,BAR,False,https://media-cdn.incrowdsports.com/35dfa503-e417-481f-963a-bdf6f013763e.png,75,75
2023,RS,109,13,Round 13,Round 13,True,2023-12-07T20:00:00,True,True,1,2023-12-07T20:00:00,2023-12-07T19:00:00Z,"['L', 'L', 'L', 'W', 'L']","['L', 'W', 'L', 'W', 'W']",EuroLeague 2023-24,E2023,2023-24,E,2023,2023-06-29T00:00:00,1c8d3521-392b-4637-8aea-7b35f797bbba,1,Group Regular Season,Regular Season,RS,REGULAR SEASON,Regular Season,True,BER,ALBA Berlin,ALBA,ALBA,BER,False,https://media-cdn.incrowdsports.com/ccc34858-22b0-47dc-904c-9940b0a16ff3.png,89,89,IST,Anadolu Efes Istanbul,Efes,Efes,EFS,False,https://media-cdn.cortextech.io/9a463aa2-ceb2-481c-9a95-1cddee0a248e.png,97,97
2023,RS,110,13,Round 13,Round 13,True,2023-12-07T20:15:00,True,True,2,2023-12-07T21:15:00,2023-12-07T19:15:00Z,"['W', 'W', 'L', 'L', 'L']","['W', 'W', 'L', 'W', 'W']",EuroLeague 2023-24,E2023,2023-24,E,2023,2023-06-29T00:00:00,1c8d3521-392b-4637-8aea-7b35f797bbba,1,Group Regular Season,Regular Season,RS,REGULAR SEASON,Regular Season,True,PAN,Panathinaikos AKTOR Athens,Panathinaikos,Panathinaikos,PAO,False,https://media-cdn.incrowdsports.com/e3dff28a-9ec6-4faf-9d96-ecbc68f75780.png,78,78,MAD,Real Madrid,Real,Real,RMB,False,https://media-cdn.incrowdsports.com/1a3e1404-4f6f-4ede-9d8b-30eee7cb51b4.png,90,90
2023,RS,111,13,Round 13,Round 13,True,2023-12-07T20:30:00,True,True,1,2023-12-07T20:30:00,2023-12-07T19:30:00Z,"['W', 'L', 'W', 'W', 'W']","['W', 'W', 'L', 'L', 'L']",EuroLeague 2023-24,E2023,2023-24,E,2023,2023-06-29T00:00:00,1c8d3521-392b-4637-8aea-7b35f797bbba,1,Group Regular Season,Regular Season,RS,REGULAR SEASON,Regular Season,True,PAR,Partizan Mozzart Bet Belgrade,Partizan,Partizan,PAR,False,https://media-cdn.incrowdsports.com/2681304e-77dd-4331-88b1-683078c0fb49.png,82,82,MIL,EA7 Emporio Armani Milan,Milan,Milan,EA7,False,https://media-cdn.cortextech.io/9512ee73-a0f1-4647-a01e-3c2938aba6b8.png,69,69
2023,RS,112,13,Round 13,Round 13,True,2023-12-08T20:15:00,True,True,2,2023-12-08T21:15:00,2023-12-08T19:15:00Z,"['W', 'W', 'L', 'L', 'W']","['L', 'W', 'W', 'W', 'L']",EuroLeague 2023-24,E2023,2023-24,E,2023,2023-06-29T00:00:00,1c8d3521-392b-4637-8aea-7b35f797bbba,1,Group Regular Season,Regular Season,RS,REGULAR SEASON,Regular Season,True,OLY,Olympiacos Piraeus,Olympiacos,Olympiacos,OLY,False,https://media-cdn.incrowdsports.com/789423ac-3cdf-4b89-b11c-b458aa5f59a6.png,77,77,MUN,FC Bayern Munich,Bayern,Bayern,BAY,False,https://media-cdn.incrowdsports.com/817b0e58-d595-4b09-ab0b-1e7cc26249ff.png,69,69
2023,RS,113,13,Round 13,Round 13,True,2023-12-08T20:30:00,True,True,1,2023-12-08T20:30:00,2023-12-08T19:30:00Z,"['W', 'W', 'W', 'L', 'W']","['L', 'L', 'W', 'L', 'L']",EuroLeague 2023-24,E2023,2023-24,E,2023,2023-06-29T00:00:00,1c8d3521-392b-4637-8aea-7b35f797bbba,1,Group Regular Season,Regular Season,RS,REGULAR SEASON,Regular Season,True,BAR,FC Barcelona,Barcelona,Barcelona,BAR,False,https://media-cdn.incrowdsports.com/35dfa503-e417-481f-963a-bdf6f013763e.png,89,89,ULK,Fenerbahce Beko Istanbul,Fenerbahce,Fenerbahce,FBB,False,https://media-cdn.cortextech.io/3b7f020e-5b39-49a1-b4b2-efea918edab7.png,81,81
2023,RS,114,13,Round 13,Round 13,True,2023-12-08T21:00:00,True,True,1,2023-12-08T21:00:00,2023-12-08T20:00:00Z,"['L', 'L', 'L', 'L', 'L']","['L', 'L', 'L', 'W', 'W']",EuroLeague 2023-24,E2023,2023-24,E,2023,2023-06-29T00:00:00,1c8d3521-392b-4637-8aea-7b35f797bbba,1,Group Regular Season,Regular Season,RS,REGULAR SEASON,Regular Season,True,ASV,LDLC ASVEL Villeurbanne,ASVEL,ASVEL,ASV,False,https://media-cdn.incrowdsports.com/e33c6d1a-95ca-4dbc-b8cb-0201812104cc.png,55,55,PAM,Valencia Basket,Valencia,Valencia,VBC,False,https://media-cdn.cortextech.io/d88f3c71-1519-4b19-8cfb-99e26a4c008e.png,78,78
2023,RS,115,13,Round 13,Round 13,True,2023-12-08T20:30:00,True,True,1,2023-12-08T20:30:00,2023-12-08T19:30:00Z,"['W', 'L', 'W', 'W', 'W']","['L', 'L', 'W', 'L', 'L']",EuroLeague 2023-24,E2023,2023-24,E,2023,2023-06-29T00:00:00,1c8d3521-392b-4637-8aea-7b35f797bbba,1,Group Regular Season,Regular Season,RS,REGULAR SEASON,Regular Season,True,BAS,Baskonia Vitoria-Gasteiz,Baskonia,Baskonia,BKN,False,https://media-cdn.incrowdsports.com/e324a6af-2a72-443e-9813-8bf2d364ddab.png,87,87,RED,Crvena Zvezda Meridianbet Belgrade,Zvezda,Crvena Zvezda,CZV,False,https://media-cdn.incrowdsports.com/d2eef4a8-62df-4fdd-9076-276004268515.png,85,85
2023,RS,116,13,Round 13,Round 13,True,2023-12-08T20:30:00,True,True,1,2023-12-08T20:30:00,2023-12-08T19:30:00Z,"['L', 'W', 'L', 'W', 'W']","['L', 'L', 'W', 'W', 'L']",EuroLeague 2023-24,E2023,2023-24,E,2023,2023-06-29T00:00:00,1c8d3521-392b-4637-8aea-7b35f797bbba,1,Group Regular Season,Regular Season,RS,REGULAR SEASON,Regular Season,True,VIR,Virtus Segafredo Bologna,Virtus,Virtus,VIR,False,https://media-cdn.cortextech.io/1362801d-dd09-4fd0-932d-ead56063ab77.png,100,100,TEL,Maccabi Playtika Tel Aviv,Maccabi,Maccabi,MTA,False,https://media-cdn.incrowdsports.com/5c55ef14-29df-4328-bd52-a7a64c432350.png,90,90
2023,RS,117,13,Round 13,Round 13,True,2023-12-08T19:00:00,True,True,2,2023-12-08T20:00:00,2023-12-08T18:00:00Z,"['W', 'L', 'W', 'L', 'L']","['L', 'W', 'W', 'L', 'W']",EuroLeague 2023-24,E2023,2023-24,E,2023,2023-06-29T00:00:00,1c8d3521-392b-4637-8aea-7b35f797bbba,1,Group Regular Season,Regular Season,RS,REGULAR SEASON,Regular Season,True,ZAL,Zalgiris Kaunas,Zalgiris,Zalgiris,ZAL,False,https://media-cdn.incrowdsports.com/0aa09358-3847-4c4e-b228-3582ee4e536d.png,79,79,MCO,AS Monaco,Monaco,Monaco,ASM,False,https://media-cdn.incrowdsports.com/89ed276a-2ba3-413f-8ea2-b3be209ca129.png,83,83
2023,RS,118,14,Round 14,Round 14,True,2023-12-14T21:00:00,True,True,1,2023-12-14T21:00:00,2023-12-14T20:00:00Z,"['L', 'L', 'L', 'L', 'L']","['W', 'L', 'L', 'L', 'W']",EuroLeague 2023-24,E2023,2023-24,E,2023,2023-06-29T00:00:00,1c8d3521-392b-4637-8aea-7b35f797bbba,1,Group Regular Season,Regular Season,RS,REGULAR SEASON,Regular Season,True,ASV,LDLC ASVEL Villeurbanne,ASVEL,ASVEL,ASV,False,https://media-cdn.incrowdsports.com/e33c6d1a-95ca-4dbc-b8cb-0201812104cc.png,81,81,PAN,Panathinaikos AKTOR Athens,Panathinaikos,Panathinaikos,PAO,False,https://media-cdn.incrowdsports.com/e3dff28a-9ec6-4faf-9d96-ecbc68f75780.png,89,89
2023,RS,119,14,Round 14,Round 14,True,2023-12-14T20:45:00,True,True,1,2023-12-14T20:45:00,2023-12-14T19:45:00Z,"['W', 'L', 'W', 'W', 'W']","['W', 'W', 'W', 'L', 'L']",EuroLeague 2023-24,E2023,2023-24,E,2023,2023-06-29T00:00:00,1c8d3521-392b-4637-8aea-7b35f797bbba,1,Group Regular Season,Regular Season,RS,REGULAR SEASON,Regular Season,True,MAD,Real Madrid,Real,Real,RMB,False,https://media-cdn.incrowdsports.com/1a3e1404-4f6f-4ede-9d8b-30eee7cb51b4.png,88,88,MUN,FC Bayern Munich,Bayern,Bayern,BAY,False,https://media-cdn.incrowdsports.com/817b0e58-d595-4b09-ab0b-1e7cc26249ff.png,73,73
2023,RS,120,14,Round 14,Round 14,True,2023-12-14T20:30:00,True,True,1,2023-12-14T20:30:00,2023-12-14T19:30:00Z,"['L', 'W', 'W', 'W', 'L']","['W', 'L', 'W', 'W', 'W']",EuroLeague 2023-24,E2023,2023-24,E,2023,2023-06-29T00:00:00,1c8d3521-392b-4637-8aea-7b35f797bbba,1,Group Regular Season,Regular Season,RS,REGULAR SEASON,Regular Season,True,BAS,Baskonia Vitoria-Gasteiz,Baskonia,Baskonia,BKN,False,https://media-cdn.incrowdsports.com/e324a6af-2a72-443e-9813-8bf2d364ddab.png,81,81,VIR,Virtus Segafredo Bologna,Virtus,Virtus,VIR,False,https://media-cdn.cortextech.io/1362801d-dd09-4fd0-932d-ead56063ab77.png,91,91
2023,RS,121,14,Round 14,Round 14,True,2023-12-14T19:00:00,True,True,2,2023-12-14T20:00:00,2023-12-14T18:00:00Z,"['L', 'W', 'L', 'L', 'L']","['L', 'W', 'W', 'W', 'W']",EuroLeague 2023-24,E2023,2023-24,E,2023,2023-06-29T00:00:00,1c8d3521-392b-4637-8aea-7b35f797bbba,1,Group Regular Season,Regular Season,RS,REGULAR SEASON,Regular Season,True,ZAL,Zalgiris Kaunas,Zalgiris,Zalgiris,ZAL,False,https://media-cdn.incrowdsports.com/0aa09358-3847-4c4e-b228-3582ee4e536d.png,85,85,PAR,Partizan Mozzart Bet Belgrade,Partizan,Partizan,PAR,False,https://media-cdn.incrowdsports.com/2681304e-77dd-4331-88b1-683078c0fb49.png,93,93
2023,RS,122,14,Round 14,Round 14,True,2023-12-14T20:05:00,True,True,1,2023-12-14T20:05:00,2023-12-14T19:05:00Z,"['L', 'W', 'W', 'L', 'W']","['W', 'L', 'W', 'W', 'L']",EuroLeague 2023-24,E2023,2023-24,E,2023,2023-06-29T00:00:00,1c8d3521-392b-4637-8aea-7b35f797bbba,1,Group Regular Season,Regular Season,RS,REGULAR SEASON,Regular Season,True,TEL,Maccabi Playtika Tel Aviv,Maccabi,Maccabi,MTA,False,https://media-cdn.incrowdsports.com/5c55ef14-29df-4328-bd52-a7a64c432350.png,95,95,IST,Anadolu Efes Istanbul,Efes,Efes,EFS,False,https://media-cdn.cortextech.io/9a463aa2-ceb2-481c-9a95-1cddee0a248e.png,86,86
2023,RS,123,14,Round 14,Round 14,True,2023-12-15T18:45:00,True,True,3,2023-12-15T20:45:00,2023-12-15T17:45:00Z,"['L', 'W', 'L', 'L', 'W']","['W', 'W', 'L', 'W', 'L']",EuroLeague 2023-24,E2023,2023-24,E,2023,2023-06-29T00:00:00,1c8d3521-392b-4637-8aea-7b35f797bbba,1,Group Regular Season,Regular Season,RS,REGULAR SEASON,Regular Season,True,ULK,Fenerbahce Beko Istanbul,Fenerbahce,Fenerbahce,FBB,False,https://media-cdn.cortextech.io/3b7f020e-5b39-49a1-b4b2-efea918edab7.png,86,86,MCO,AS Monaco,Monaco,Monaco,ASM,False,https://media-cdn.incrowdsports.com/89ed276a-2ba3-413f-8ea2-b3be209ca129.png,74,74
2023,RS,124,14,Round 14,Round 14,True,2023-12-14T19:00:00,True,True,1,2023-12-14T19:00:00,2023-12-14T18:00:00Z,"['L', 'W', 'L', 'L', 'W']","['L', 'L', 'W', 'L', 'L']",EuroLeague 2023-24,E2023,2023-24,E,2023,2023-06-29T00:00:00,1c8d3521-392b-4637-8aea-7b35f797bbba,1,Group Regular Season,Regular Season,RS,REGULAR SEASON,Regular Season,True,RED,Crvena Zvezda Meridianbet Belgrade,Zvezda,Crvena Zvezda,CZV,False,https://media-cdn.incrowdsports.com/d2eef4a8-62df-4fdd-9076-276004268515.png,85,85,BER,ALBA Berlin,ALBA,ALBA,BER,False,https://media-cdn.incrowdsports.com/ccc34858-22b0-47dc-904c-9940b0a16ff3.png,71,71
2023,RS,125,14,Round 14,Round 14,True,2023-12-15T20:30:00,True,True,1,2023-12-15T20:30:00,2023-12-15T19:30:00Z,"['W', 'W', 'L', 'W', 'L']","['W', 'L', 'L', 'L', 'W']",EuroLeague 2023-24,E2023,2023-24,E,2023,2023-06-29T00:00:00,1c8d3521-392b-4637-8aea-7b35f797bbba,1,Group Regular Season,Regular Season,RS,REGULAR SEASON,Regular Season,True,BAR,FC Barcelona,Barcelona,Barcelona,BAR,False,https://media-cdn.incrowdsports.com/35dfa503-e417-481f-963a-bdf6f013763e.png,86,86,MIL,EA7 Emporio Armani Milan,Milan,Milan,EA7,False,https://media-cdn.cortextech.io/9512ee73-a0f1-4647-a01e-3c2938aba6b8.png,90,90
2023,RS,126,14,Round 14,Round 14,True,2023-12-15T20:15:00,True,True,2,2023-12-15T21:15:00,2023-12-15T19:15:00Z,"['W', 'L', 'L', 'W', 'L']","['L', 'L', 'W', 'W', 'W']",EuroLeague 2023-24,E2023,2023-24,E,2023,2023-06-29T00:00:00,1c8d3521-392b-4637-8aea-7b35f797bbba,1,Group Regular Season,Regular Season,RS,REGULAR SEASON,Regular Season,True,OLY,Olympiacos Piraeus,Olympiacos,Olympiacos,OLY,False,https://media-cdn.incrowdsports.com/789423ac-3cdf-4b89-b11c-b458aa5f59a6.png,56,56,PAM,Valencia Basket,Valencia,Valencia,VBC,False,https://media-cdn.cortextech.io/d88f3c71-1519-4b19-8cfb-99e26a4c008e.png,63,63
2023,RS,127,15,Round 15,Round 15,True,2023-12-19T20:00:00,True,True,1,2023-12-19T20:00:00,2023-12-19T19:00:00Z,"['L', 'W', 'L', 'L', 'W']","['W', 'L', 'W', 'L', 'L']",EuroLeague 2023-24,E2023,2023-24,E,2023,2023-06-29T00:00:00,1c8d3521-392b-4637-8aea-7b35f797bbba,1,Group Regular Season,Regular Season,RS,REGULAR SEASON,Regular Season,True,BER,ALBA Berlin,ALBA,ALBA,BER,False,https://media-cdn.incrowdsports.com/ccc34858-22b0-47dc-904c-9940b0a16ff3.png,74,74,BAR,FC Barcelona,Barcelona,Barcelona,BAR,False,https://media-cdn.incrowdsports.com/35dfa503-e417-481f-963a-bdf6f013763e.png,70,70
2023,RS,128,15,Round 15,Round 15,True,2023-12-19T19:00:00,True,True,1,2023-12-19T19:00:00,2023-12-19T18:00:00Z,"['W', 'L', 'L', 'W', 'L']","['L', 'W', 'W', 'W', 'W']",EuroLeague 2023-24,E2023,2023-24,E,2023,2023-06-29T00:00:00,1c8d3521-392b-4637-8aea-7b35f797bbba,1,Group Regular Season,Regular Season,RS,REGULAR SEASON,Regular Season,True,RED,Crvena Zvezda Meridianbet Belgrade,Zvezda,Crvena Zvezda,CZV,False,https://media-cdn.incrowdsports.com/d2eef4a8-62df-4fdd-9076-276004268515.png,58,58,MAD,Real Madrid,Real,Real,RMB,False,https://media-cdn.incrowdsports.com/1a3e1404-4f6f-4ede-9d8b-30eee7cb51b4.png,72,72
2023,RS,129,15,Round 15,Round 15,True,2023-12-19T20:05:00,True,True,1,2023-12-19T20:05:00,2023-12-19T19:05:00Z,"['W', 'W', 'L', 'W', 'W']","['W', 'W', 'W', 'L', 'L']",EuroLeague 2023-24,E2023,2023-24,E,2023,2023-06-29T00:00:00,1c8d3521-392b-4637-8aea-7b35f797bbba,1,Group Regular Season,Regular Season,RS,REGULAR SEASON,Regular Season,True,TEL,Maccabi Playtika Tel Aviv,Maccabi,Maccabi,MTA,False,https://media-cdn.incrowdsports.com/5c55ef14-29df-4328-bd52-a7a64c432350.png,89,89,BAS,Baskonia Vitoria-Gasteiz,Baskonia,Baskonia,BKN,False,https://media-cdn.incrowdsports.com/e324a6af-2a72-443e-9813-8bf2d364ddab.png,81,81
2023,RS,130,15,Round 15,Round 15,True,2023-12-19T21:00:00,True,True,1,2023-12-19T21:00:00,2023-12-19T20:00:00Z,"['L', 'W', 'W', 'W', 'L']","['W', 'W', 'W', 'W', 'W']",EuroLeague 2023-24,E2023,2023-24,E,2023,2023-06-29T00:00:00,1c8d3521-392b-4637-8aea-7b35f797bbba,1,Group Regular Season,Regular Season,RS,REGULAR SEASON,Regular Season,True,PAM,Valencia Basket,Valencia,Valencia,VBC,False,https://media-cdn.cortextech.io/d88f3c71-1519-4b19-8cfb-99e26a4c008e.png,67,67,PAR,Partizan Mozzart Bet Belgrade,Partizan,Partizan,PAR,False,https://media-cdn.incrowdsports.com/2681304e-77dd-4331-88b1-683078c0fb49.png,72,72
2023,RS,131,15,Round 15,Round 15,True,2023-12-19T20:30:00,True,True,1,2023-12-19T20:30:00,2023-12-19T19:30:00Z,"['L', 'W', 'W', 'W', 'W']","['L', 'L', 'W', 'L', 'L']",EuroLeague 2023-24,E2023,2023-24,E,2023,2023-06-29T00:00:00,1c8d3521-392b-4637-8aea-7b35f797bbba,1,Group Regular Season,Regular Season,RS,REGULAR SEASON,Regular Season,True,VIR,Virtus Segafredo Bologna,Virtus,Virtus,VIR,False,https://media-cdn.cortextech.io/1362801d-dd09-4fd0-932d-ead56063ab77.png,69,69,OLY,Olympiacos Piraeus,Olympiacos,Olympiacos,OLY,False,https://media-cdn.incrowdsports.com/789423ac-3cdf-4b89-b11c-b458aa5f59a6.png,67,67
2023,RS,132,15,Round 15,Round 15,True,2023-12-20T19:00:00,True,True,1,2023-12-20T19:00:00,2023-12-20T18:00:00Z,"['W', 'L', 'W', 'L', 'L']","['L', 'L', 'L', 'W', 'W']",EuroLeague 2023-24,E2023,2023-24,E,2023,2023-06-29T00:00:00,1c8d3521-392b-4637-8aea-7b35f797bbba,1,Group Regular Season,Regular Season,RS,REGULAR SEASON,Regular Season,True,MCO,AS Monaco,Monaco,Monaco,ASM,False,https://media-cdn.incrowdsports.com/89ed276a-2ba3-413f-8ea2-b3be209ca129.png,90,90,PAN,Panathinaikos AKTOR Athens,Panathinaikos,Panathinaikos,PAO,False,https://media-cdn.incrowdsports.com/e3dff28a-9ec6-4faf-9d96-ecbc68f75780.png,91,91
2023,RS,133,15,Round 15,Round 15,True,2023-12-20T20:30:00,True,True,1,2023-12-20T20:30:00,2023-12-20T19:30:00Z,"['L', 'L', 'L', 'W', 'W']","['L', 'L', 'L', 'L', 'L']",EuroLeague 2023-24,E2023,2023-24,E,2023,2023-06-29T00:00:00,1c8d3521-392b-4637-8aea-7b35f797bbba,1,Group Regular Season,Regular Season,RS,REGULAR SEASON,Regular Season,True,MIL,EA7 Emporio Armani Milan,Milan,Milan,EA7,False,https://media-cdn.cortextech.io/9512ee73-a0f1-4647-a01e-3c2938aba6b8.png,84,84,ASV,LDLC ASVEL Villeurbanne,ASVEL,ASVEL,ASV,False,https://media-cdn.incrowdsports.com/e33c6d1a-95ca-4dbc-b8cb-0201812104cc.png,61,61
2023,RS,134,15,Round 15,Round 15,True,2023-12-20T20:30:00,True,True,1,2023-12-20T20:30:00,2023-12-20T19:30:00Z,"['W', 'W', 'L', 'L', 'W']","['L', 'W', 'W', 'L', 'L']",EuroLeague 2023-24,E2023,2023-24,E,2023,2023-06-29T00:00:00,1c8d3521-392b-4637-8aea-7b35f797bbba,1,Group Regular Season,Regular Season,RS,REGULAR SEASON,Regular Season,True,MUN,FC Bayern Munich,Bayern,Bayern,BAY,False,https://media-cdn.incrowdsports.com/817b0e58-d595-4b09-ab0b-1e7cc26249ff.png,86,86,IST,Anadolu Efes Istanbul,Efes,Efes,EFS,False,https://media-cdn.cortextech.io/9a463aa2-ceb2-481c-9a95-1cddee0a248e.png,71,71
2023,RS,135,15,Round 15,Round 15,True,2023-12-20T18:30:00,True,True,3,2023-12-20T20:30:00,2023-12-20T17:30:00Z,"['W', 'L', 'L', 'W', 'W']","['W', 'L', 'L', 'L', 'L']",EuroLeague 2023-24,E2023,2023-24,E,2023,2023-06-29T00:00:00,1c8d3521-392b-4637-8aea-7b35f797bbba,1,Group Regular Season,Regular Season,RS,REGULAR SEASON,Regular Season,True,ULK,Fenerbahce Beko Istanbul,Fenerbahce,Fenerbahce,FBB,False,https://media-cdn.cortextech.io/3b7f020e-5b39-49a1-b4b2-efea918edab7.png,80,80,ZAL,Zalgiris Kaunas,Zalgiris,Zalgiris,ZAL,False,https://media-cdn.incrowdsports.com/0aa09358-3847-4c4e-b228-3582ee4e536d.png,78,78
2023,RS,136,16,Round 16,Round 16,True,2023-12-21T20:05:00,True,True,1,2023-12-21T20:05:00,2023-12-21T19:05:00Z,"['W', 'L', 'W', 'W', 'L']","['L', 'L', 'W', 'L', 'W']",EuroLeague 2023-24,E2023,2023-24,E,2023,2023-06-29T00:00:00,1c8d3521-392b-4637-8aea-7b35f797bbba,1,Group Regular Season,Regular Season,RS,REGULAR SEASON,Regular Season,True,TEL,Maccabi Playtika Tel Aviv,Maccabi,Maccabi,MTA,False,https://media-cdn.incrowdsports.com/5c55ef14-29df-4328-bd52-a7a64c432350.png,92,92,RED,Crvena Zvezda Meridianbet Belgrade,Zvezda,Crvena Zvezda,CZV,False,https://media-cdn.incrowdsports.com/d2eef4a8-62df-4fdd-9076-276004268515.png,98,98
2023,RS,137,16,Round 16,Round 16,True,2023-12-21T20:45:00,True,True,1,2023-12-21T20:45:00,2023-12-21T19:45:00Z,"['W', 'W', 'W', 'W', 'W']","['W', 'W', 'W', 'W', 'L']",EuroLeague 2023-24,E2023,2023-24,E,2023,2023-06-29T00:00:00,1c8d3521-392b-4637-8aea-7b35f797bbba,1,Group Regular Season,Regular Season,RS,REGULAR SEASON,Regular Season,True,MAD,Real Madrid,Real,Real,RMB,False,https://media-cdn.incrowdsports.com/1a3e1404-4f6f-4ede-9d8b-30eee7cb51b4.png,91,91,PAR,Partizan Mozzart Bet Belgrade,Partizan,Partizan,PAR,False,https://media-cdn.incrowdsports.com/2681304e-77dd-4331-88b1-683078c0fb49.png,75,75
2023,RS,138,16,Round 16,Round 16,True,2023-12-21T20:30:00,True,True,1,2023-12-21T20:30:00,2023-12-21T19:30:00Z,"['W', 'W', 'W', 'L', 'W']","['W', 'W', 'W', 'W', 'L']",EuroLeague 2023-24,E2023,2023-24,E,2023,2023-06-29T00:00:00,1c8d3521-392b-4637-8aea-7b35f797bbba,1,Group Regular Season,Regular Season,RS,REGULAR SEASON,Regular Season,True,PAM,Valencia Basket,Valencia,Valencia,VBC,False,https://media-cdn.cortextech.io/d88f3c71-1519-4b19-8cfb-99e26a4c008e.png,79,79,VIR,Virtus Segafredo Bologna,Virtus,Virtus,VIR,False,https://media-cdn.cortextech.io/1362801d-dd09-4fd0-932d-ead56063ab77.png,71,71
2023,RS,139,16,Round 16,Round 16,True,2023-12-22T20:15:00,True,True,1,2023-12-22T20:15:00,2023-12-22T19:15:00Z,"['W', 'L', 'L', 'W', 'L']","['L', 'L', 'W', 'W', 'W']",EuroLeague 2023-24,E2023,2023-24,E,2023,2023-06-29T00:00:00,1c8d3521-392b-4637-8aea-7b35f797bbba,1,Group Regular Season,Regular Season,RS,REGULAR SEASON,Regular Season,True,BER,ALBA Berlin,ALBA,ALBA,BER,False,https://media-cdn.incrowdsports.com/ccc34858-22b0-47dc-904c-9940b0a16ff3.png,82,82,ULK,Fenerbahce Beko Istanbul,Fenerbahce,Fenerbahce,FBB,False,https://media-cdn.cortextech.io/3b7f020e-5b39-49a1-b4b2-efea918edab7.png,91,91
2023,RS,140,16,Round 16,Round 16,True,2023-12-22T18:15:00,True,True,3,2023-12-22T20:15:00,2023-12-22T17:15:00Z,"['W', 'W', 'L', 'L', 'L']","['W', 'W', 'L', 'L', 'W']",EuroLeague 2023-24,E2023,2023-24,E,2023,2023-06-29T00:00:00,1c8d3521-392b-4637-8aea-7b35f797bbba,1,Group Regular Season,Regular Season,RS,REGULAR SEASON,Regular Season,True,IST,Anadolu Efes Istanbul,Efes,Efes,EFS,False,https://media-cdn.cortextech.io/9a463aa2-ceb2-481c-9a95-1cddee0a248e.png,80,80,BAS,Baskonia Vitoria-Gasteiz,Baskonia,Baskonia,BKN,False,https://media-cdn.incrowdsports.com/e324a6af-2a72-443e-9813-8bf2d364ddab.png,87,87
2023,RS,141,16,Round 16,Round 16,True,2023-12-22T20:45:00,True,True,1,2023-12-22T20:45:00,2023-12-22T19:45:00Z,"['L', 'L', 'W', 'W', 'L']","['L', 'L', 'W', 'W', 'W']",EuroLeague 2023-24,E2023,2023-24,E,2023,2023-06-29T00:00:00,1c8d3521-392b-4637-8aea-7b35f797bbba,1,Group Regular Season,Regular Season,RS,REGULAR SEASON,Regular Season,True,MIL,EA7 Emporio Armani Milan,Milan,Milan,EA7,False,https://media-cdn.cortextech.io/9512ee73-a0f1-4647-a01e-3c2938aba6b8.png,68,68,PAN,Panathinaikos AKTOR Athens,Panathinaikos,Panathinaikos,PAO,False,https://media-cdn.incrowdsports.com/e3dff28a-9ec6-4faf-9d96-ecbc68f75780.png,76,76
2023,RS,142,16,Round 16,Round 16,True,2023-12-22T20:30:00,True,True,1,2023-12-22T20:30:00,2023-12-22T19:30:00Z,"['W', 'L', 'L', 'W', 'L']","['L', 'W', 'L', 'L', 'W']",EuroLeague 2023-24,E2023,2023-24,E,2023,2023-06-29T00:00:00,1c8d3521-392b-4637-8aea-7b35f797bbba,1,Group Regular Season,Regular Season,RS,REGULAR SEASON,Regular Season,True,MUN,FC Bayern Munich,Bayern,Bayern,BAY,False,https://media-cdn.incrowdsports.com/817b0e58-d595-4b09-ab0b-1e7cc26249ff.png,80,80,MCO,AS Monaco,Monaco,Monaco,ASM,False,https://media-cdn.incrowdsports.com/89ed276a-2ba3-413f-8ea2-b3be209ca129.png,91,91
2023,RS,143,16,Round 16,Round 16,True,2023-12-22T19:45:00,True,True,1,2023-12-22T19:45:00,2023-12-22T18:45:00Z,"['L', 'L', 'L', 'L', 'L']","['L', 'W', 'L', 'L', 'W']",EuroLeague 2023-24,E2023,2023-24,E,2023,2023-06-29T00:00:00,1c8d3521-392b-4637-8aea-7b35f797bbba,1,Group Regular Season,Regular Season,RS,REGULAR SEASON,Regular Season,True,ASV,LDLC ASVEL Villeurbanne,ASVEL,ASVEL,ASV,False,https://media-cdn.incrowdsports.com/e33c6d1a-95ca-4dbc-b8cb-0201812104cc.png,73,73,OLY,Olympiacos Piraeus,Olympiacos,Olympiacos,OLY,False,https://media-cdn.incrowdsports.com/789423ac-3cdf-4b89-b11c-b458aa5f59a6.png,85,85
2023,RS,144,16,Round 16,Round 16,True,2023-12-22T19:00:00,True,True,2,2023-12-22T20:00:00,2023-12-22T18:00:00Z,"['L', 'L', 'L', 'L', 'L']","['L', 'W', 'L', 'L', 'W']",EuroLeague 2023-24,E2023,2023-24,E,2023,2023-06-29T00:00:00,1c8d3521-392b-4637-8aea-7b35f797bbba,1,Group Regular Season,Regular Season,RS,REGULAR SEASON,Regular Season,True,ZAL,Zalgiris Kaunas,Zalgiris,Zalgiris,ZAL,False,https://media-cdn.incrowdsports.com/0aa09358-3847-4c4e-b228-3582ee4e536d.png,80,80,BAR,FC Barcelona,Barcelona,Barcelona,BAR,False,https://media-cdn.incrowdsports.com/35dfa503-e417-481f-963a-bdf6f013763e.png,85,85
2023,RS,145,17,Round 17,Round 17,True,2023-12-28T18:30:00,True,True,3,2023-12-28T20:30:00,2023-12-28T17:30:00Z,"['W', 'L', 'L', 'L', 'L']","['L', 'W', 'W', 'W', 'W']",EuroLeague 2023-24,E2023,2023-24,E,2023,2023-06-29T00:00:00,1c8d3521-392b-4637-8aea-7b35f797bbba,1,Group Regular Season,Regular Season,RS,REGULAR SEASON,Regular Season,True,IST,Anadolu Efes Istanbul,Efes,Efes,EFS,False,https://media-cdn.cortextech.io/9a463aa2-ceb2-481c-9a95-1cddee0a248e.png,84,84,ULK,Fenerbahce Beko Istanbul,Fenerbahce,Fenerbahce,FBB,False,https://media-cdn.cortextech.io/3b7f020e-5b39-49a1-b4b2-efea918edab7.png,89,89
2023,RS,146,17,Round 17,Round 17,True,2023-12-28T20:30:00,True,True,1,2023-12-28T20:30:00,2023-12-28T19:30:00Z,"['L', 'W', 'W', 'L', 'W']","['W', 'L', 'L', 'W', 'L']",EuroLeague 2023-24,E2023,2023-24,E,2023,2023-06-29T00:00:00,1c8d3521-392b-4637-8aea-7b35f797bbba,1,Group Regular Season,Regular Season,RS,REGULAR SEASON,Regular Season,True,MIL,EA7 Emporio Armani Milan,Milan,Milan,EA7,False,https://media-cdn.cortextech.io/9512ee73-a0f1-4647-a01e-3c2938aba6b8.png,76,76,BAS,Baskonia Vitoria-Gasteiz,Baskonia,Baskonia,BKN,False,https://media-cdn.incrowdsports.com/e324a6af-2a72-443e-9813-8bf2d364ddab.png,67,67
2023,RS,147,17,Round 17,Round 17,True,2023-12-28T20:30:00,True,True,1,2023-12-28T20:30:00,2023-12-28T19:30:00Z,"['L', 'L', 'W', 'L', 'W']","['W', 'W', 'L', 'W', 'L']",EuroLeague 2023-24,E2023,2023-24,E,2023,2023-06-29T00:00:00,1c8d3521-392b-4637-8aea-7b35f797bbba,1,Group Regular Season,Regular Season,RS,REGULAR SEASON,Regular Season,True,MUN,FC Bayern Munich,Bayern,Bayern,BAY,False,https://media-cdn.incrowdsports.com/817b0e58-d595-4b09-ab0b-1e7cc26249ff.png,85,85,PAM,Valencia Basket,Valencia,Valencia,VBC,False,https://media-cdn.cortextech.io/d88f3c71-1519-4b19-8cfb-99e26a4c008e.png,84,84
2023,RS,148,17,Round 17,Round 17,True,2023-12-28T20:00:00,True,True,1,2023-12-28T20:00:00,2023-12-28T19:00:00Z,"['L', 'L', 'L', 'L', 'L']","['W', 'W', 'W', 'W', 'W']",EuroLeague 2023-24,E2023,2023-24,E,2023,2023-06-29T00:00:00,1c8d3521-392b-4637-8aea-7b35f797bbba,1,Group Regular Season,Regular Season,RS,REGULAR SEASON,Regular Season,True,ASV,LDLC ASVEL Villeurbanne,ASVEL,ASVEL,ASV,False,https://media-cdn.incrowdsports.com/e33c6d1a-95ca-4dbc-b8cb-0201812104cc.png,76,76,MAD,Real Madrid,Real,Real,RMB,False,https://media-cdn.incrowdsports.com/1a3e1404-4f6f-4ede-9d8b-30eee7cb51b4.png,77,77
2023,RS,149,17,Round 17,Round 17,True,2023-12-28T19:00:00,True,True,2,2023-12-28T20:00:00,2023-12-28T18:00:00Z,"['L', 'L', 'L', 'L', 'L']","['L', 'W', 'W', 'L', 'W']",EuroLeague 2023-24,E2023,2023-24,E,2023,2023-06-29T00:00:00,1c8d3521-392b-4637-8aea-7b35f797bbba,1,Group Regular Season,Regular Season,RS,REGULAR SEASON,Regular Season,True,ZAL,Zalgiris Kaunas,Zalgiris,Zalgiris,ZAL,False,https://media-cdn.incrowdsports.com/0aa09358-3847-4c4e-b228-3582ee4e536d.png,70,70,TEL,Maccabi Playtika Tel Aviv,Maccabi,Maccabi,MTA,False,https://media-cdn.incrowdsports.com/5c55ef14-29df-4328-bd52-a7a64c432350.png,78,78
2023,RS,150,17,Round 17,Round 17,True,2023-12-28T20:15:00,True,True,2,2023-12-28T21:15:00,2023-12-28T19:15:00Z,"['L', 'W', 'W', 'W', 'W']","['L', 'W', 'L', 'W', 'L']",EuroLeague 2023-24,E2023,2023-24,E,2023,2023-06-29T00:00:00,1c8d3521-392b-4637-8aea-7b35f797bbba,1,Group Regular Season,Regular Season,RS,REGULAR SEASON,Regular Season,True,PAN,Panathinaikos AKTOR Athens,Panathinaikos,Panathinaikos,PAO,False,https://media-cdn.incrowdsports.com/e3dff28a-9ec6-4faf-9d96-ecbc68f75780.png,82,82,RED,Crvena Zvezda Meridianbet Belgrade,Zvezda,Crvena Zvezda,CZV,False,https://media-cdn.incrowdsports.com/d2eef4a8-62df-4fdd-9076-276004268515.png,65,65
2023,RS,151,17,Round 17,Round 17,True,2023-12-29T20:00:00,True,True,1,2023-12-29T20:00:00,2023-12-29T19:00:00Z,"['L', 'L', 'W', 'L', 'L']","['W', 'L', 'L', 'W', 'W']",EuroLeague 2023-24,E2023,2023-24,E,2023,2023-06-29T00:00:00,1c8d3521-392b-4637-8aea-7b35f797bbba,1,Group Regular Season,Regular Season,RS,REGULAR SEASON,Regular Season,True,BER,ALBA Berlin,ALBA,ALBA,BER,False,https://media-cdn.incrowdsports.com/ccc34858-22b0-47dc-904c-9940b0a16ff3.png,67,67,OLY,Olympiacos Piraeus,Olympiacos,Olympiacos,OLY,False,https://media-cdn.incrowdsports.com/789423ac-3cdf-4b89-b11c-b458aa5f59a6.png,94,94
2023,RS,152,17,Round 17,Round 17,True,2023-12-29T21:00:00,True,True,1,2023-12-29T21:00:00,2023-12-29T20:00:00Z,"['W', 'L', 'L', 'W', 'W']","['W', 'L', 'L', 'W', 'L']",EuroLeague 2023-24,E2023,2023-24,E,2023,2023-06-29T00:00:00,1c8d3521-392b-4637-8aea-7b35f797bbba,1,Group Regular Season,Regular Season,RS,REGULAR SEASON,Regular Season,True,MCO,AS Monaco,Monaco,Monaco,ASM,False,https://media-cdn.incrowdsports.com/89ed276a-2ba3-413f-8ea2-b3be209ca129.png,91,91,BAR,FC Barcelona,Barcelona,Barcelona,BAR,False,https://media-cdn.incrowdsports.com/35dfa503-e417-481f-963a-bdf6f013763e.png,71,71
2023,RS,153,17,Round 17,Round 17,True,2023-12-28T18:30:00,True,True,1,2023-12-28T18:30:00,2023-12-28T17:30:00Z,"['W', 'W', 'W', 'L', 'L']","['W', 'W', 'W', 'L', 'W']",EuroLeague 2023-24,E2023,2023-24,E,2023,2023-06-29T00:00:00,1c8d3521-392b-4637-8aea-7b35f797bbba,1,Group Regular Season,Regular Season,RS,REGULAR SEASON,Regular Season,True,PAR,Partizan Mozzart Bet Belgrade,Partizan,Partizan,PAR,False,https://media-cdn.incrowdsports.com/2681304e-77dd-4331-88b1-683078c0fb49.png,75,75,VIR,Virtus Segafredo Bologna,Virtus,Virtus,VIR,False,https://media-cdn.cortextech.io/1362801d-dd09-4fd0-932d-ead56063ab77.png,77,77
2023,RS,154,18,Round 18,Round 18,True,2024-01-02T18:45:00,True,True,3,2024-01-02T20:45:00,2024-01-02T17:45:00Z,"['W', 'W', 'W', 'W', 'L']","['W', 'L', 'W', 'L', 'W']",EuroLeague 2023-24,E2023,2023-24,E,2023,2023-06-29T00:00:00,1c8d3521-392b-4637-8aea-7b35f797bbba,1,Group Regular Season,Regular Season,RS,REGULAR SEASON,Regular Season,True,ULK,Fenerbahce Beko Istanbul,Fenerbahce,Fenerbahce,FBB,False,https://media-cdn.cortextech.io/3b7f020e-5b39-49a1-b4b2-efea918edab7.png,76,76,RED,Crvena Zvezda Meridianbet Belgrade,Zvezda,Crvena Zvezda,CZV,False,https://media-cdn.incrowdsports.com/d2eef4a8-62df-4fdd-9076-276004268515.png,85,85
2023,RS,155,18,Round 18,Round 18,True,2024-01-02T20:05:00,True,True,1,2024-01-02T20:05:00,2024-01-02T19:05:00Z,"['W', 'W', 'L', 'W', 'W']","['L', 'L', 'W', 'W', 'L']",EuroLeague 2023-24,E2023,2023-24,E,2023,2023-06-29T00:00:00,1c8d3521-392b-4637-8aea-7b35f797bbba,1,Group Regular Season,Regular Season,RS,REGULAR SEASON,Regular Season,True,TEL,Maccabi Playtika Tel Aviv,Maccabi,Maccabi,MTA,False,https://media-cdn.incrowdsports.com/5c55ef14-29df-4328-bd52-a7a64c432350.png,93,93,MCO,AS Monaco,Monaco,Monaco,ASM,False,https://media-cdn.incrowdsports.com/89ed276a-2ba3-413f-8ea2-b3be209ca129.png,83,83
2023,RS,156,18,Round 18,Round 18,True,2024-01-02T20:15:00,True,True,2,2024-01-02T21:15:00,2024-01-02T19:15:00Z,"['L', 'L', 'W', 'W', 'W']","['W', 'W', 'L', 'W', 'L']",EuroLeague 2023-24,E2023,2023-24,E,2023,2023-06-29T00:00:00,1c8d3521-392b-4637-8aea-7b35f797bbba,1,Group Regular Season,Regular Season,RS,REGULAR SEASON,Regular Season,True,OLY,Olympiacos Piraeus,Olympiacos,Olympiacos,OLY,False,https://media-cdn.incrowdsports.com/789423ac-3cdf-4b89-b11c-b458aa5f59a6.png,79,79,MIL,EA7 Emporio Armani Milan,Milan,Milan,EA7,False,https://media-cdn.cortextech.io/9512ee73-a0f1-4647-a01e-3c2938aba6b8.png,74,74
2023,RS,157,18,Round 18,Round 18,True,2024-01-02T20:45:00,True,True,1,2024-01-02T20:45:00,2024-01-02T19:45:00Z,"['W', 'W', 'L', 'L', 'W']","['L', 'L', 'L', 'L', 'L']",EuroLeague 2023-24,E2023,2023-24,E,2023,2023-06-29T00:00:00,1c8d3521-392b-4637-8aea-7b35f797bbba,1,Group Regular Season,Regular Season,RS,REGULAR SEASON,Regular Season,True,PAR,Partizan Mozzart Bet Belgrade,Partizan,Partizan,PAR,False,https://media-cdn.incrowdsports.com/2681304e-77dd-4331-88b1-683078c0fb49.png,90,90,ASV,LDLC ASVEL Villeurbanne,ASVEL,ASVEL,ASV,False,https://media-cdn.incrowdsports.com/e33c6d1a-95ca-4dbc-b8cb-0201812104cc.png,77,77
2023,RS,158,18,Round 18,Round 18,True,2024-01-02T19:00:00,True,True,2,2024-01-02T20:00:00,2024-01-02T18:00:00Z,"['L', 'L', 'L', 'L', 'W']","['L', 'W', 'L', 'L', 'L']",EuroLeague 2023-24,E2023,2023-24,E,2023,2023-06-29T00:00:00,1c8d3521-392b-4637-8aea-7b35f797bbba,1,Group Regular Season,Regular Season,RS,REGULAR SEASON,Regular Season,True,ZAL,Zalgiris Kaunas,Zalgiris,Zalgiris,ZAL,False,https://media-cdn.incrowdsports.com/0aa09358-3847-4c4e-b228-3582ee4e536d.png,77,77,BER,ALBA Berlin,ALBA,ALBA,BER,False,https://media-cdn.incrowdsports.com/ccc34858-22b0-47dc-904c-9940b0a16ff3.png,71,71
2023,RS,159,18,Round 18,Round 18,True,2024-01-03T21:00:00,True,True,1,2024-01-03T21:00:00,2024-01-03T20:00:00Z,"['L', 'L', 'W', 'L', 'W']","['W', 'W', 'W', 'W', 'L']",EuroLeague 2023-24,E2023,2023-24,E,2023,2023-06-29T00:00:00,1c8d3521-392b-4637-8aea-7b35f797bbba,1,Group Regular Season,Regular Season,RS,REGULAR SEASON,Regular Season,True,BAR,FC Barcelona,Barcelona,Barcelona,BAR,False,https://media-cdn.incrowdsports.com/35dfa503-e417-481f-963a-bdf6f013763e.png,83,83,MAD,Real Madrid,Real,Real,RMB,False,https://media-cdn.incrowdsports.com/1a3e1404-4f6f-4ede-9d8b-30eee7cb51b4.png,78,78
2023,RS,160,18,Round 18,Round 18,True,2024-01-03T20:30:00,True,True,1,2024-01-03T20:30:00,2024-01-03T19:30:00Z,"['L', 'L', 'W', 'L', 'W']","['W', 'W', 'W', 'W', 'L']",EuroLeague 2023-24,E2023,2023-24,E,2023,2023-06-29T00:00:00,1c8d3521-392b-4637-8aea-7b35f797bbba,1,Group Regular Season,Regular Season,RS,REGULAR SEASON,Regular Season,True,BAS,Baskonia Vitoria-Gasteiz,Baskonia,Baskonia,BKN,False,https://media-cdn.incrowdsports.com/e324a6af-2a72-443e-9813-8bf2d364ddab.png,75,75,PAN,Panathinaikos AKTOR Athens,Panathinaikos,Panathinaikos,PAO,False,https://media-cdn.incrowdsports.com/e3dff28a-9ec6-4faf-9d96-ecbc68f75780.png,73,73
2023,RS,161,18,Round 18,Round 18,True,2024-01-03T19:30:00,True,True,1,2024-01-03T19:30:00,2024-01-03T18:30:00Z,"['W', 'L', 'W', 'L', 'W']","['L', 'L', 'L', 'L', 'L']",EuroLeague 2023-24,E2023,2023-24,E,2023,2023-06-29T00:00:00,1c8d3521-392b-4637-8aea-7b35f797bbba,1,Group Regular Season,Regular Season,RS,REGULAR SEASON,Regular Season,True,PAM,Valencia Basket,Valencia,Valencia,VBC,False,https://media-cdn.cortextech.io/d88f3c71-1519-4b19-8cfb-99e26a4c008e.png,93,93,IST,Anadolu Efes Istanbul,Efes,Efes,EFS,False,https://media-cdn.cortextech.io/9a463aa2-ceb2-481c-9a95-1cddee0a248e.png,88,88
2023,RS,162,18,Round 18,Round 18,True,2024-01-03T20:30:00,True,True,1,2024-01-03T20:30:00,2024-01-03T19:30:00Z,"['W', 'W', 'L', 'W', 'W']","['L', 'W', 'L', 'W', 'L']",EuroLeague 2023-24,E2023,2023-24,E,2023,2023-06-29T00:00:00,1c8d3521-392b-4637-8aea-7b35f797bbba,1,Group Regular Season,Regular Season,RS,REGULAR SEASON,Regular Season,True,VIR,Virtus Segafredo Bologna,Virtus,Virtus,VIR,False,https://media-cdn.cortextech.io/1362801d-dd09-4fd0-932d-ead56063ab77.png,85,85,MUN,FC Bayern Munich,Bayern,Bayern,BAY,False,https://media-cdn.incrowdsports.com/817b0e58-d595-4b09-ab0b-1e7cc26249ff.png,83,83
2023,RS,163,19,Round 19,Round 19,True,2024-01-04T20:00:00,True,True,1,2024-01-04T20:00:00,2024-01-04T19:00:00Z,"['L', 'W', 'L', 'W', 'W']","['W', 'L', 'L', 'W', 'L']",EuroLeague 2023-24,E2023,2023-24,E,2023,2023-06-29T00:00:00,1c8d3521-392b-4637-8aea-7b35f797bbba,1,Group Regular Season,Regular Season,RS,REGULAR SEASON,Regular Season,True,RED,Crvena Zvezda Meridianbet Belgrade,Zvezda,Crvena Zvezda,CZV,False,https://media-cdn.incrowdsports.com/d2eef4a8-62df-4fdd-9076-276004268515.png,88,88,PAR,Partizan Mozzart Bet Belgrade,Partizan,Partizan,PAR,False,https://media-cdn.incrowdsports.com/2681304e-77dd-4331-88b1-683078c0fb49.png,72,72
2023,RS,164,19,Round 19,Round 19,True,2024-01-04T20:00:00,True,True,1,2024-01-04T20:00:00,2024-01-04T19:00:00Z,"['L', 'L', 'L', 'L', 'W']","['L', 'L', 'L', 'W', 'L']",EuroLeague 2023-24,E2023,2023-24,E,2023,2023-06-29T00:00:00,1c8d3521-392b-4637-8aea-7b35f797bbba,1,Group Regular Season,Regular Season,RS,REGULAR SEASON,Regular Season,True,ASV,LDLC ASVEL Villeurbanne,ASVEL,ASVEL,ASV,False,https://media-cdn.incrowdsports.com/e33c6d1a-95ca-4dbc-b8cb-0201812104cc.png,93,93,ZAL,Zalgiris Kaunas,Zalgiris,Zalgiris,ZAL,False,https://media-cdn.incrowdsports.com/0aa09358-3847-4c4e-b228-3582ee4e536d.png,79,79
2023,RS,165,19,Round 19,Round 19,True,2024-01-04T18:45:00,True,True,2,2024-01-04T19:45:00,2024-01-04T17:45:00Z,"['W', 'W', 'W', 'L', 'W']","['W', 'L', 'W', 'W', 'L']",EuroLeague 2023-24,E2023,2023-24,E,2023,2023-06-29T00:00:00,1c8d3521-392b-4637-8aea-7b35f797bbba,1,Group Regular Season,Regular Season,RS,REGULAR SEASON,Regular Season,True,ULK,Fenerbahce Beko Istanbul,Fenerbahce,Fenerbahce,FBB,False,https://media-cdn.cortextech.io/3b7f020e-5b39-49a1-b4b2-efea918edab7.png,109,109,TEL,Maccabi Playtika Tel Aviv,Maccabi,Maccabi,MTA,False,https://media-cdn.incrowdsports.com/5c55ef14-29df-4328-bd52-a7a64c432350.png,74,74
2023,RS,166,19,Round 19,Round 19,True,2024-01-04T20:15:00,True,True,2,2024-01-04T21:15:00,2024-01-04T19:15:00Z,"['L', 'W', 'W', 'W', 'W']","['L', 'W', 'W', 'L', 'L']",EuroLeague 2023-24,E2023,2023-24,E,2023,2023-06-29T00:00:00,1c8d3521-392b-4637-8aea-7b35f797bbba,1,Group Regular Season,Regular Season,RS,REGULAR SEASON,Regular Season,True,OLY,Olympiacos Piraeus,Olympiacos,Olympiacos,OLY,False,https://media-cdn.incrowdsports.com/789423ac-3cdf-4b89-b11c-b458aa5f59a6.png,75,75,MCO,AS Monaco,Monaco,Monaco,ASM,False,https://media-cdn.incrowdsports.com/89ed276a-2ba3-413f-8ea2-b3be209ca129.png,73,73
2023,RS,167,19,Round 19,Round 19,True,2024-01-05T19:00:00,True,True,1,2024-01-05T19:00:00,2024-01-05T18:00:00Z,"['W', 'L', 'L', 'L', 'L']","['W', 'L', 'W', 'W', 'W']",EuroLeague 2023-24,E2023,2023-24,E,2023,2023-06-29T00:00:00,1c8d3521-392b-4637-8aea-7b35f797bbba,1,Group Regular Season,Regular Season,RS,REGULAR SEASON,Regular Season,True,BER,ALBA Berlin,ALBA,ALBA,BER,False,https://media-cdn.incrowdsports.com/ccc34858-22b0-47dc-904c-9940b0a16ff3.png,68,68,VIR,Virtus Segafredo Bologna,Virtus,Virtus,VIR,False,https://media-cdn.cortextech.io/1362801d-dd09-4fd0-932d-ead56063ab77.png,83,83
2023,RS,168,19,Round 19,Round 19,True,2024-01-05T20:30:00,True,True,1,2024-01-05T20:30:00,2024-01-05T19:30:00Z,"['W', 'L', 'W', 'L', 'W']","['W', 'L', 'W', 'L', 'L']",EuroLeague 2023-24,E2023,2023-24,E,2023,2023-06-29T00:00:00,1c8d3521-392b-4637-8aea-7b35f797bbba,1,Group Regular Season,Regular Season,RS,REGULAR SEASON,Regular Season,True,MIL,EA7 Emporio Armani Milan,Milan,Milan,EA7,False,https://media-cdn.cortextech.io/9512ee73-a0f1-4647-a01e-3c2938aba6b8.png,76,76,MUN,FC Bayern Munich,Bayern,Bayern,BAY,False,https://media-cdn.incrowdsports.com/817b0e58-d595-4b09-ab0b-1e7cc26249ff.png,62,62
2023,RS,169,19,Round 19,Round 19,True,2024-01-05T20:30:00,True,True,1,2024-01-05T20:30:00,2024-01-05T19:30:00Z,"['L', 'W', 'L', 'W', 'W']","['L', 'W', 'L', 'W', 'L']",EuroLeague 2023-24,E2023,2023-24,E,2023,2023-06-29T00:00:00,1c8d3521-392b-4637-8aea-7b35f797bbba,1,Group Regular Season,Regular Season,RS,REGULAR SEASON,Regular Season,True,BAR,FC Barcelona,Barcelona,Barcelona,BAR,False,https://media-cdn.incrowdsports.com/35dfa503-e417-481f-963a-bdf6f013763e.png,89,89,BAS,Baskonia Vitoria-Gasteiz,Baskonia,Baskonia,BKN,False,https://media-cdn.incrowdsports.com/e324a6af-2a72-443e-9813-8bf2d364ddab.png,85,85
2023,RS,170,19,Round 19,Round 19,True,2024-01-05T20:45:00,True,True,1,2024-01-05T20:45:00,2024-01-05T19:45:00Z,"['W', 'W', 'W', 'L', 'W']","['L', 'L', 'L', 'L', 'L']",EuroLeague 2023-24,E2023,2023-24,E,2023,2023-06-29T00:00:00,1c8d3521-392b-4637-8aea-7b35f797bbba,1,Group Regular Season,Regular Season,RS,REGULAR SEASON,Regular Season,True,MAD,Real Madrid,Real,Real,RMB,False,https://media-cdn.incrowdsports.com/1a3e1404-4f6f-4ede-9d8b-30eee7cb51b4.png,130,81,IST,Anadolu Efes Istanbul,Efes,Efes,EFS,False,https://media-cdn.cortextech.io/9a463aa2-ceb2-481c-9a95-1cddee0a248e.png,126,81
2023,RS,171,19,Round 19,Round 19,True,2024-01-05T20:30:00,True,True,1,2024-01-05T20:30:00,2024-01-05T19:30:00Z,"['L', 'W', 'L', 'W', 'L']","['W', 'W', 'W', 'L', 'W']",EuroLeague 2023-24,E2023,2023-24,E,2023,2023-06-29T00:00:00,1c8d3521-392b-4637-8aea-7b35f797bbba,1,Group Regular Season,Regular Season,RS,REGULAR SEASON,Regular Season,True,PAM,Valencia Basket,Valencia,Valencia,VBC,False,https://media-cdn.cortextech.io/d88f3c71-1519-4b19-8cfb-99e26a4c008e.png,81,81,PAN,Panathinaikos AKTOR Athens,Panathinaikos,Panathinaikos,PAO,False,https://media-cdn.incrowdsports.com/e3dff28a-9ec6-4faf-9d96-ecbc68f75780.png,82,82
2023,RS,172,20,Round 20,Round 20,True,2024-01-09T18:30:00,True,True,3,2024-01-09T20:30:00,2024-01-09T17:30:00Z,"['W', 'W', 'L', 'W', 'W']","['L', 'L', 'W', 'L', 'L']",EuroLeague 2023-24,E2023,2023-24,E,2023,2023-06-29T00:00:00,1c8d3521-392b-4637-8aea-7b35f797bbba,1,Group Regular Season,Regular Season,RS,REGULAR SEASON,Regular Season,True,ULK,Fenerbahce Beko Istanbul,Fenerbahce,Fenerbahce,FBB,False,https://media-cdn.cortextech.io/3b7f020e-5b39-49a1-b4b2-efea918edab7.png,91,91,PAR,Partizan Mozzart Bet Belgrade,Partizan,Partizan,PAR,False,https://media-cdn.incrowdsports.com/2681304e-77dd-4331-88b1-683078c0fb49.png,76,76
2023,RS,173,20,Round 20,Round 20,True,2024-01-09T19:00:00,True,True,1,2024-01-09T19:00:00,2024-01-09T18:00:00Z,"['W', 'W', 'L', 'L', 'W']","['W', 'L', 'W', 'L', 'L']",EuroLeague 2023-24,E2023,2023-24,E,2023,2023-06-29T00:00:00,1c8d3521-392b-4637-8aea-7b35f797bbba,1,Group Regular Season,Regular Season,RS,REGULAR SEASON,Regular Season,True,MCO,AS Monaco,Monaco,Monaco,ASM,False,https://media-cdn.incrowdsports.com/89ed276a-2ba3-413f-8ea2-b3be209ca129.png,93,93,BAS,Baskonia Vitoria-Gasteiz,Baskonia,Baskonia,BKN,False,https://media-cdn.incrowdsports.com/e324a6af-2a72-443e-9813-8bf2d364ddab.png,83,83
2023,RS,174,20,Round 20,Round 20,True,2024-01-09T20:15:00,True,True,2,2024-01-09T21:15:00,2024-01-09T19:15:00Z,"['W', 'W', 'L', 'W', 'W']","['L', 'L', 'L', 'L', 'L']",EuroLeague 2023-24,E2023,2023-24,E,2023,2023-06-29T00:00:00,1c8d3521-392b-4637-8aea-7b35f797bbba,1,Group Regular Season,Regular Season,RS,REGULAR SEASON,Regular Season,True,PAN,Panathinaikos AKTOR Athens,Panathinaikos,Panathinaikos,PAO,False,https://media-cdn.incrowdsports.com/e3dff28a-9ec6-4faf-9d96-ecbc68f75780.png,83,83,IST,Anadolu Efes Istanbul,Efes,Efes,EFS,False,https://media-cdn.cortextech.io/9a463aa2-ceb2-481c-9a95-1cddee0a248e.png,76,76
2023,RS,175,20,Round 20,Round 20,True,2024-01-09T20:30:00,True,True,1,2024-01-09T20:30:00,2024-01-09T19:30:00Z,"['L', 'L', 'L', 'W', 'W']","['W', 'L', 'W', 'W', 'L']",EuroLeague 2023-24,E2023,2023-24,E,2023,2023-06-29T00:00:00,1c8d3521-392b-4637-8aea-7b35f797bbba,1,Group Regular Season,Regular Season,RS,REGULAR SEASON,Regular Season,True,ASV,LDLC ASVEL Villeurbanne,ASVEL,ASVEL,ASV,False,https://media-cdn.incrowdsports.com/e33c6d1a-95ca-4dbc-b8cb-0201812104cc.png,100,100,RED,Crvena Zvezda Meridianbet Belgrade,Zvezda,Crvena Zvezda,CZV,False,https://media-cdn.incrowdsports.com/d2eef4a8-62df-4fdd-9076-276004268515.png,91,91
2023,RS,176,20,Round 20,Round 20,True,2024-01-09T20:30:00,True,True,1,2024-01-09T20:30:00,2024-01-09T19:30:00Z,"['W', 'L', 'W', 'L', 'L']","['L', 'L', 'W', 'L', 'W']",EuroLeague 2023-24,E2023,2023-24,E,2023,2023-06-29T00:00:00,1c8d3521-392b-4637-8aea-7b35f797bbba,1,Group Regular Season,Regular Season,RS,REGULAR SEASON,Regular Season,True,PAM,Valencia Basket,Valencia,Valencia,VBC,False,https://media-cdn.cortextech.io/d88f3c71-1519-4b19-8cfb-99e26a4c008e.png,79,79,ZAL,Zalgiris Kaunas,Zalgiris,Zalgiris,ZAL,False,https://media-cdn.incrowdsports.com/0aa09358-3847-4c4e-b228-3582ee4e536d.png,84,84
2023,RS,177,20,Round 20,Round 20,True,2024-01-09T20:30:00,True,True,1,2024-01-09T20:30:00,2024-01-09T19:30:00Z,"['L', 'W', 'L', 'W', 'W']","['L', 'L', 'L', 'L', 'L']",EuroLeague 2023-24,E2023,2023-24,E,2023,2023-06-29T00:00:00,1c8d3521-392b-4637-8aea-7b35f797bbba,1,Group Regular Season,Regular Season,RS,REGULAR SEASON,Regular Season,True,MIL,EA7 Emporio Armani Milan,Milan,Milan,EA7,False,https://media-cdn.cortextech.io/9512ee73-a0f1-4647-a01e-3c2938aba6b8.png,82,82,BER,ALBA Berlin,ALBA,ALBA,BER,False,https://media-cdn.incrowdsports.com/ccc34858-22b0-47dc-904c-9940b0a16ff3.png,76,76
2023,RS,178,20,Round 20,Round 20,True,2024-01-09T20:00:00,True,True,1,2024-01-09T20:00:00,2024-01-09T19:00:00Z,"['L', 'W', 'L', 'L', 'L']","['W', 'W', 'L', 'W', 'W']",EuroLeague 2023-24,E2023,2023-24,E,2023,2023-06-29T00:00:00,1c8d3521-392b-4637-8aea-7b35f797bbba,1,Group Regular Season,Regular Season,RS,REGULAR SEASON,Regular Season,True,MUN,FC Bayern Munich,Bayern,Bayern,BAY,False,https://media-cdn.incrowdsports.com/817b0e58-d595-4b09-ab0b-1e7cc26249ff.png,71,71,MAD,Real Madrid,Real,Real,RMB,False,https://media-cdn.incrowdsports.com/1a3e1404-4f6f-4ede-9d8b-30eee7cb51b4.png,92,92
2023,RS,179,20,Round 20,Round 20,True,2024-01-10T20:30:00,True,True,1,2024-01-10T20:30:00,2024-01-10T19:30:00Z,"['W', 'L', 'W', 'W', 'W']","['W', 'W', 'W', 'W', 'L']",EuroLeague 2023-24,E2023,2023-24,E,2023,2023-06-29T00:00:00,1c8d3521-392b-4637-8aea-7b35f797bbba,1,Group Regular Season,Regular Season,RS,REGULAR SEASON,Regular Season,True,BAR,FC Barcelona,Barcelona,Barcelona,BAR,False,https://media-cdn.incrowdsports.com/35dfa503-e417-481f-963a-bdf6f013763e.png,86,86,OLY,Olympiacos Piraeus,Olympiacos,Olympiacos,OLY,False,https://media-cdn.incrowdsports.com/789423ac-3cdf-4b89-b11c-b458aa5f59a6.png,78,78
2023,RS,180,20,Round 20,Round 20,True,2024-01-10T21:00:00,True,True,1,2024-01-10T21:00:00,2024-01-10T20:00:00Z,"['L', 'W', 'W', 'L', 'W']","['L', 'W', 'W', 'W', 'L']",EuroLeague 2023-24,E2023,2023-24,E,2023,2023-06-29T00:00:00,1c8d3521-392b-4637-8aea-7b35f797bbba,1,Group Regular Season,Regular Season,RS,REGULAR SEASON,Regular Season,True,TEL,Maccabi Playtika Tel Aviv,Maccabi,Maccabi,MTA,False,https://media-cdn.incrowdsports.com/5c55ef14-29df-4328-bd52-a7a64c432350.png,95,95,VIR,Virtus Segafredo Bologna,Virtus,Virtus,VIR,False,https://media-cdn.cortextech.io/1362801d-dd09-4fd0-932d-ead56063ab77.png,78,78
2023,RS,181,21,Round 21,Round 21,True,2024-01-11T18:45:00,True,True,3,2024-01-11T20:45:00,2024-01-11T17:45:00Z,"['W', 'L', 'W', 'W', 'W']","['W', 'L', 'L', 'L', 'L']",EuroLeague 2023-24,E2023,2023-24,E,2023,2023-06-29T00:00:00,1c8d3521-392b-4637-8aea-7b35f797bbba,1,Group Regular Season,Regular Season,RS,REGULAR SEASON,Regular Season,True,ULK,Fenerbahce Beko Istanbul,Fenerbahce,Fenerbahce,FBB,False,https://media-cdn.cortextech.io/3b7f020e-5b39-49a1-b4b2-efea918edab7.png,98,81,MUN,FC Bayern Munich,Bayern,Bayern,BAY,False,https://media-cdn.incrowdsports.com/817b0e58-d595-4b09-ab0b-1e7cc26249ff.png,91,81
2023,RS,182,21,Round 21,Round 21,True,2024-01-11T20:15:00,True,True,2,2024-01-11T21:15:00,2024-01-11T19:15:00Z,"['W', 'L', 'W', 'W', 'W']","['W', 'L', 'L', 'W', 'L']",EuroLeague 2023-24,E2023,2023-24,E,2023,2023-06-29T00:00:00,1c8d3521-392b-4637-8aea-7b35f797bbba,1,Group Regular Season,Regular Season,RS,REGULAR SEASON,Regular Season,True,PAN,Panathinaikos AKTOR Athens,Panathinaikos,Panathinaikos,PAO,False,https://media-cdn.incrowdsports.com/e3dff28a-9ec6-4faf-9d96-ecbc68f75780.png,88,88,MCO,AS Monaco,Monaco,Monaco,ASM,False,https://media-cdn.incrowdsports.com/89ed276a-2ba3-413f-8ea2-b3be209ca129.png,63,63
2023,RS,183,21,Round 21,Round 21,True,2024-01-11T20:30:00,True,True,1,2024-01-11T20:30:00,2024-01-11T19:30:00Z,"['W', 'L', 'W', 'W', 'L']","['L', 'W', 'W', 'L', 'W']",EuroLeague 2023-24,E2023,2023-24,E,2023,2023-06-29T00:00:00,1c8d3521-392b-4637-8aea-7b35f797bbba,1,Group Regular Season,Regular Season,RS,REGULAR SEASON,Regular Season,True,MIL,EA7 Emporio Armani Milan,Milan,Milan,EA7,False,https://media-cdn.cortextech.io/9512ee73-a0f1-4647-a01e-3c2938aba6b8.png,62,62,RED,Crvena Zvezda Meridianbet Belgrade,Zvezda,Crvena Zvezda,CZV,False,https://media-cdn.incrowdsports.com/d2eef4a8-62df-4fdd-9076-276004268515.png,76,76
2023,RS,184,21,Round 21,Round 21,True,2024-01-11T20:45:00,True,True,1,2024-01-11T20:45:00,2024-01-11T19:45:00Z,"['W', 'L', 'W', 'W', 'W']","['L', 'W', 'L', 'L', 'L']",EuroLeague 2023-24,E2023,2023-24,E,2023,2023-06-29T00:00:00,1c8d3521-392b-4637-8aea-7b35f797bbba,1,Group Regular Season,Regular Season,RS,REGULAR SEASON,Regular Season,True,MAD,Real Madrid,Real,Real,RMB,False,https://media-cdn.incrowdsports.com/1a3e1404-4f6f-4ede-9d8b-30eee7cb51b4.png,96,82,PAM,Valencia Basket,Valencia,Valencia,VBC,False,https://media-cdn.cortextech.io/d88f3c71-1519-4b19-8cfb-99e26a4c008e.png,86,82
2023,RS,185,21,Round 21,Round 21,True,2024-01-12T18:30:00,True,True,3,2024-01-12T20:30:00,2024-01-12T17:30:00Z,"['L', 'L', 'L', 'L', 'W']","['W', 'W', 'W', 'L', 'L']",EuroLeague 2023-24,E2023,2023-24,E,2023,2023-06-29T00:00:00,1c8d3521-392b-4637-8aea-7b35f797bbba,1,Group Regular Season,Regular Season,RS,REGULAR SEASON,Regular Season,True,IST,Anadolu Efes Istanbul,Efes,Efes,EFS,False,https://media-cdn.cortextech.io/9a463aa2-ceb2-481c-9a95-1cddee0a248e.png,99,99,VIR,Virtus Segafredo Bologna,Virtus,Virtus,VIR,False,https://media-cdn.cortextech.io/1362801d-dd09-4fd0-932d-ead56063ab77.png,75,75
2023,RS,186,21,Round 21,Round 21,True,2024-01-12T21:00:00,True,True,1,2024-01-12T21:00:00,2024-01-12T20:00:00Z,"['L', 'L', 'W', 'W', 'L']","['L', 'L', 'L', 'L', 'W']",EuroLeague 2023-24,E2023,2023-24,E,2023,2023-06-29T00:00:00,1c8d3521-392b-4637-8aea-7b35f797bbba,1,Group Regular Season,Regular Season,RS,REGULAR SEASON,Regular Season,True,ASV,LDLC ASVEL Villeurbanne,ASVEL,ASVEL,ASV,False,https://media-cdn.incrowdsports.com/e33c6d1a-95ca-4dbc-b8cb-0201812104cc.png,63,63,BER,ALBA Berlin,ALBA,ALBA,BER,False,https://media-cdn.incrowdsports.com/ccc34858-22b0-47dc-904c-9940b0a16ff3.png,88,88
2023,RS,187,21,Round 21,Round 21,True,2024-01-12T20:30:00,True,True,1,2024-01-12T20:30:00,2024-01-12T19:30:00Z,"['L', 'W', 'W', 'W', 'W']","['L', 'W', 'L', 'W', 'L']",EuroLeague 2023-24,E2023,2023-24,E,2023,2023-06-29T00:00:00,1c8d3521-392b-4637-8aea-7b35f797bbba,1,Group Regular Season,Regular Season,RS,REGULAR SEASON,Regular Season,True,BAR,FC Barcelona,Barcelona,Barcelona,BAR,False,https://media-cdn.incrowdsports.com/35dfa503-e417-481f-963a-bdf6f013763e.png,91,91,ZAL,Zalgiris Kaunas,Zalgiris,Zalgiris,ZAL,False,https://media-cdn.incrowdsports.com/0aa09358-3847-4c4e-b228-3582ee4e536d.png,73,73
2023,RS,188,21,Round 21,Round 21,True,2024-01-12T20:30:00,True,True,1,2024-01-12T20:30:00,2024-01-12T19:30:00Z,"['L', 'W', 'L', 'L', 'W']","['W', 'W', 'W', 'L', 'L']",EuroLeague 2023-24,E2023,2023-24,E,2023,2023-06-29T00:00:00,1c8d3521-392b-4637-8aea-7b35f797bbba,1,Group Regular Season,Regular Season,RS,REGULAR SEASON,Regular Season,True,BAS,Baskonia Vitoria-Gasteiz,Baskonia,Baskonia,BKN,False,https://media-cdn.incrowdsports.com/e324a6af-2a72-443e-9813-8bf2d364ddab.png,80,80,OLY,Olympiacos Piraeus,Olympiacos,Olympiacos,OLY,False,https://media-cdn.incrowdsports.com/789423ac-3cdf-4b89-b11c-b458aa5f59a6.png,69,69
2023,RS,189,21,Round 21,Round 21,True,2024-01-12T20:30:00,True,True,1,2024-01-12T20:30:00,2024-01-12T19:30:00Z,"['L', 'W', 'L', 'L', 'W']","['W', 'W', 'L', 'W', 'L']",EuroLeague 2023-24,E2023,2023-24,E,2023,2023-06-29T00:00:00,1c8d3521-392b-4637-8aea-7b35f797bbba,1,Group Regular Season,Regular Season,RS,REGULAR SEASON,Regular Season,True,PAR,Partizan Mozzart Bet Belgrade,Partizan,Partizan,PAR,False,https://media-cdn.incrowdsports.com/2681304e-77dd-4331-88b1-683078c0fb49.png,88,88,TEL,Maccabi Playtika Tel Aviv,Maccabi,Maccabi,MTA,False,https://media-cdn.incrowdsports.com/5c55ef14-29df-4328-bd52-a7a64c432350.png,79,79
2023,RS,190,22,Round 22,Round 22,True,2024-01-18T20:00:00,True,True,1,2024-01-18T20:00:00,2024-01-18T19:00:00Z,"['L', 'L', 'L', 'W', 'L']","['L', 'L', 'L', 'L', 'W']",EuroLeague 2023-24,E2023,2023-24,E,2023,2023-06-29T00:00:00,1c8d3521-392b-4637-8aea-7b35f797bbba,1,Group Regular Season,Regular Season,RS,REGULAR SEASON,Regular Season,True,BER,ALBA Berlin,ALBA,ALBA,BER,False,https://media-cdn.incrowdsports.com/ccc34858-22b0-47dc-904c-9940b0a16ff3.png,65,65,MUN,FC Bayern Munich,Bayern,Bayern,BAY,False,https://media-cdn.incrowdsports.com/817b0e58-d595-4b09-ab0b-1e7cc26249ff.png,82,82
2023,RS,191,22,Round 22,Round 22,True,2024-01-18T19:00:00,True,True,1,2024-01-18T19:00:00,2024-01-18T18:00:00Z,"['W', 'W', 'L', 'W', 'L']","['W', 'L', 'L', 'W', 'W']",EuroLeague 2023-24,E2023,2023-24,E,2023,2023-06-29T00:00:00,1c8d3521-392b-4637-8aea-7b35f797bbba,1,Group Regular Season,Regular Season,RS,REGULAR SEASON,Regular Season,True,RED,Crvena Zvezda Meridianbet Belgrade,Zvezda,Crvena Zvezda,CZV,False,https://media-cdn.incrowdsports.com/d2eef4a8-62df-4fdd-9076-276004268515.png,90,90,BAS,Baskonia Vitoria-Gasteiz,Baskonia,Baskonia,BKN,False,https://media-cdn.incrowdsports.com/e324a6af-2a72-443e-9813-8bf2d364ddab.png,91,91
2023,RS,192,22,Round 22,Round 22,True,2024-01-18T20:30:00,True,True,1,2024-01-18T20:30:00,2024-01-18T19:30:00Z,"['W', 'W', 'L', 'L', 'W']","['L', 'W', 'W', 'L', 'L']",EuroLeague 2023-24,E2023,2023-24,E,2023,2023-06-29T00:00:00,1c8d3521-392b-4637-8aea-7b35f797bbba,1,Group Regular Season,Regular Season,RS,REGULAR SEASON,Regular Season,True,VIR,Virtus Segafredo Bologna,Virtus,Virtus,VIR,False,https://media-cdn.cortextech.io/1362801d-dd09-4fd0-932d-ead56063ab77.png,73,73,ASV,LDLC ASVEL Villeurbanne,ASVEL,ASVEL,ASV,False,https://media-cdn.incrowdsports.com/e33c6d1a-95ca-4dbc-b8cb-0201812104cc.png,63,63
2023,RS,193,22,Round 22,Round 22,True,2024-01-18T18:30:00,True,True,3,2024-01-18T20:30:00,2024-01-18T17:30:00Z,"['L', 'L', 'L', 'W', 'W']","['W', 'W', 'W', 'W', 'L']",EuroLeague 2023-24,E2023,2023-24,E,2023,2023-06-29T00:00:00,1c8d3521-392b-4637-8aea-7b35f797bbba,1,Group Regular Season,Regular Season,RS,REGULAR SEASON,Regular Season,True,IST,Anadolu Efes Istanbul,Efes,Efes,EFS,False,https://media-cdn.cortextech.io/9a463aa2-ceb2-481c-9a95-1cddee0a248e.png,98,98,BAR,FC Barcelona,Barcelona,Barcelona,BAR,False,https://media-cdn.incrowdsports.com/35dfa503-e417-481f-963a-bdf6f013763e.png,74,74
2023,RS,194,22,Round 22,Round 22,True,2024-01-18T20:15:00,True,True,2,2024-01-18T21:15:00,2024-01-18T19:15:00Z,"['W', 'W', 'L', 'L', 'W']","['W', 'L', 'W', 'L', 'L']",EuroLeague 2023-24,E2023,2023-24,E,2023,2023-06-29T00:00:00,1c8d3521-392b-4637-8aea-7b35f797bbba,1,Group Regular Season,Regular Season,RS,REGULAR SEASON,Regular Season,True,OLY,Olympiacos Piraeus,Olympiacos,Olympiacos,OLY,False,https://media-cdn.incrowdsports.com/789423ac-3cdf-4b89-b11c-b458aa5f59a6.png,89,89,TEL,Maccabi Playtika Tel Aviv,Maccabi,Maccabi,MTA,False,https://media-cdn.incrowdsports.com/5c55ef14-29df-4328-bd52-a7a64c432350.png,72,72
2023,RS,195,22,Round 22,Round 22,True,2024-01-19T20:00:00,True,True,1,2024-01-19T20:00:00,2024-01-19T19:00:00Z,"['L', 'L', 'W', 'L', 'W']","['L', 'W', 'W', 'W', 'L']",EuroLeague 2023-24,E2023,2023-24,E,2023,2023-06-29T00:00:00,1c8d3521-392b-4637-8aea-7b35f797bbba,1,Group Regular Season,Regular Season,RS,REGULAR SEASON,Regular Season,True,MCO,AS Monaco,Monaco,Monaco,ASM,False,https://media-cdn.incrowdsports.com/89ed276a-2ba3-413f-8ea2-b3be209ca129.png,98,98,MAD,Real Madrid,Real,Real,RMB,False,https://media-cdn.incrowdsports.com/1a3e1404-4f6f-4ede-9d8b-30eee7cb51b4.png,74,74
2023,RS,196,22,Round 22,Round 22,True,2024-01-19T20:15:00,True,True,2,2024-01-19T21:15:00,2024-01-19T19:15:00Z,"['L', 'W', 'W', 'W', 'W']","['W', 'L', 'L', 'W', 'L']",EuroLeague 2023-24,E2023,2023-24,E,2023,2023-06-29T00:00:00,1c8d3521-392b-4637-8aea-7b35f797bbba,1,Group Regular Season,Regular Season,RS,REGULAR SEASON,Regular Season,True,PAN,Panathinaikos AKTOR Athens,Panathinaikos,Panathinaikos,PAO,False,https://media-cdn.incrowdsports.com/e3dff28a-9ec6-4faf-9d96-ecbc68f75780.png,84,84,PAR,Partizan Mozzart Bet Belgrade,Partizan,Partizan,PAR,False,https://media-cdn.incrowdsports.com/2681304e-77dd-4331-88b1-683078c0fb49.png,71,71
2023,RS,197,22,Round 22,Round 22,True,2024-01-19T20:30:00,True,True,1,2024-01-19T20:30:00,2024-01-19T19:30:00Z,"['W', 'L', 'L', 'L', 'W']","['L', 'W', 'W', 'L', 'L']",EuroLeague 2023-24,E2023,2023-24,E,2023,2023-06-29T00:00:00,1c8d3521-392b-4637-8aea-7b35f797bbba,1,Group Regular Season,Regular Season,RS,REGULAR SEASON,Regular Season,True,PAM,Valencia Basket,Valencia,Valencia,VBC,False,https://media-cdn.cortextech.io/d88f3c71-1519-4b19-8cfb-99e26a4c008e.png,84,84,MIL,EA7 Emporio Armani Milan,Milan,Milan,EA7,False,https://media-cdn.cortextech.io/9512ee73-a0f1-4647-a01e-3c2938aba6b8.png,72,72
2023,RS,198,22,Round 22,Round 22,True,2024-01-19T19:00:00,True,True,2,2024-01-19T20:00:00,2024-01-19T18:00:00Z,"['W', 'L', 'W', 'L', 'W']","['L', 'W', 'W', 'W', 'L']",EuroLeague 2023-24,E2023,2023-24,E,2023,2023-06-29T00:00:00,1c8d3521-392b-4637-8aea-7b35f797bbba,1,Group Regular Season,Regular Season,RS,REGULAR SEASON,Regular Season,True,ZAL,Zalgiris Kaunas,Zalgiris,Zalgiris,ZAL,False,https://media-cdn.incrowdsports.com/0aa09358-3847-4c4e-b228-3582ee4e536d.png,98,98,ULK,Fenerbahce Beko Istanbul,Fenerbahce,Fenerbahce,FBB,False,https://media-cdn.cortextech.io/3b7f020e-5b39-49a1-b4b2-efea918edab7.png,75,75
2023,RS,199,23,Round 23,Round 23,True,2024-01-25T20:00:00,True,True,1,2024-01-25T20:00:00,2024-01-25T19:00:00Z,"['L', 'L', 'W', 'L', 'W']","['W', 'L', 'W', 'L', 'L']",EuroLeague 2023-24,E2023,2023-24,E,2023,2023-06-29T00:00:00,1c8d3521-392b-4637-8aea-7b35f797bbba,1,Group Regular Season,Regular Season,RS,REGULAR SEASON,Regular Season,True,BER,ALBA Berlin,ALBA,ALBA,BER,False,https://media-cdn.incrowdsports.com/ccc34858-22b0-47dc-904c-9940b0a16ff3.png,89,89,RED,Crvena Zvezda Meridianbet Belgrade,Zvezda,Crvena Zvezda,CZV,False,https://media-cdn.incrowdsports.com/d2eef4a8-62df-4fdd-9076-276004268515.png,80,80
2023,RS,200,23,Round 23,Round 23,True,2024-01-25T20:30:00,True,True,1,2024-01-25T20:30:00,2024-01-25T19:30:00Z,"['L', 'L', 'L', 'W', 'L']","['W', 'W', 'L', 'L', 'W']",EuroLeague 2023-24,E2023,2023-24,E,2023,2023-06-29T00:00:00,1c8d3521-392b-4637-8aea-7b35f797bbba,1,Group Regular Season,Regular Season,RS,REGULAR SEASON,Regular Season,True,MUN,FC Bayern Munich,Bayern,Bayern,BAY,False,https://media-cdn.incrowdsports.com/817b0e58-d595-4b09-ab0b-1e7cc26249ff.png,64,64,ASV,LDLC ASVEL Villeurbanne,ASVEL,ASVEL,ASV,False,https://media-cdn.incrowdsports.com/e33c6d1a-95ca-4dbc-b8cb-0201812104cc.png,76,76
2023,RS,201,23,Round 23,Round 23,True,2024-01-25T18:45:00,True,True,3,2024-01-25T20:45:00,2024-01-25T17:45:00Z,"['W', 'W', 'W', 'L', 'W']","['W', 'L', 'L', 'W', 'L']",EuroLeague 2023-24,E2023,2023-24,E,2023,2023-06-29T00:00:00,1c8d3521-392b-4637-8aea-7b35f797bbba,1,Group Regular Season,Regular Season,RS,REGULAR SEASON,Regular Season,True,ULK,Fenerbahce Beko Istanbul,Fenerbahce,Fenerbahce,FBB,False,https://media-cdn.cortextech.io/3b7f020e-5b39-49a1-b4b2-efea918edab7.png,88,88,VIR,Virtus Segafredo Bologna,Virtus,Virtus,VIR,False,https://media-cdn.cortextech.io/1362801d-dd09-4fd0-932d-ead56063ab77.png,75,75
2023,RS,202,23,Round 23,Round 23,True,2024-01-25T20:05:00,True,True,1,2024-01-25T20:05:00,2024-01-25T19:05:00Z,"['L', 'W', 'L', 'L', 'W']","['W', 'W', 'W', 'W', 'L']",EuroLeague 2023-24,E2023,2023-24,E,2023,2023-06-29T00:00:00,1c8d3521-392b-4637-8aea-7b35f797bbba,1,Group Regular Season,Regular Season,RS,REGULAR SEASON,Regular Season,True,TEL,Maccabi Playtika Tel Aviv,Maccabi,Maccabi,MTA,False,https://media-cdn.incrowdsports.com/5c55ef14-29df-4328-bd52-a7a64c432350.png,90,90,PAN,Panathinaikos AKTOR Athens,Panathinaikos,Panathinaikos,PAO,False,https://media-cdn.incrowdsports.com/e3dff28a-9ec6-4faf-9d96-ecbc68f75780.png,75,75
2023,RS,203,23,Round 23,Round 23,True,2024-01-25T20:45:00,True,True,1,2024-01-25T20:45:00,2024-01-25T19:45:00Z,"['W', 'W', 'W', 'L', 'W']","['W', 'L', 'L', 'W', 'L']",EuroLeague 2023-24,E2023,2023-24,E,2023,2023-06-29T00:00:00,1c8d3521-392b-4637-8aea-7b35f797bbba,1,Group Regular Season,Regular Season,RS,REGULAR SEASON,Regular Season,True,MAD,Real Madrid,Real,Real,RMB,False,https://media-cdn.incrowdsports.com/1a3e1404-4f6f-4ede-9d8b-30eee7cb51b4.png,90,90,OLY,Olympiacos Piraeus,Olympiacos,Olympiacos,OLY,False,https://media-cdn.incrowdsports.com/789423ac-3cdf-4b89-b11c-b458aa5f59a6.png,85,85
2023,RS,204,23,Round 23,Round 23,True,2024-01-26T18:30:00,True,True,3,2024-01-26T20:30:00,2024-01-26T17:30:00Z,"['L', 'L', 'W', 'W', 'L']","['L', 'W', 'L', 'W', 'W']",EuroLeague 2023-24,E2023,2023-24,E,2023,2023-06-29T00:00:00,1c8d3521-392b-4637-8aea-7b35f797bbba,1,Group Regular Season,Regular Season,RS,REGULAR SEASON,Regular Season,True,IST,Anadolu Efes Istanbul,Efes,Efes,EFS,False,https://media-cdn.cortextech.io/9a463aa2-ceb2-481c-9a95-1cddee0a248e.png,78,78,MCO,AS Monaco,Monaco,Monaco,ASM,False,https://media-cdn.incrowdsports.com/89ed276a-2ba3-413f-8ea2-b3be209ca129.png,80,80
2023,RS,205,23,Round 23,Round 23,True,2024-01-26T20:30:00,True,True,1,2024-01-26T20:30:00,2024-01-26T19:30:00Z,"['W', 'W', 'L', 'L', 'W']","['W', 'W', 'W', 'L', 'L']",EuroLeague 2023-24,E2023,2023-24,E,2023,2023-06-29T00:00:00,1c8d3521-392b-4637-8aea-7b35f797bbba,1,Group Regular Season,Regular Season,RS,REGULAR SEASON,Regular Season,True,MIL,EA7 Emporio Armani Milan,Milan,Milan,EA7,False,https://media-cdn.cortextech.io/9512ee73-a0f1-4647-a01e-3c2938aba6b8.png,74,74,BAR,FC Barcelona,Barcelona,Barcelona,BAR,False,https://media-cdn.incrowdsports.com/35dfa503-e417-481f-963a-bdf6f013763e.png,70,70
2023,RS,206,23,Round 23,Round 23,True,2024-01-26T20:30:00,True,True,1,2024-01-26T20:30:00,2024-01-26T19:30:00Z,"['L', 'L', 'W', 'L', 'W']","['L', 'W', 'L', 'W', 'L']",EuroLeague 2023-24,E2023,2023-24,E,2023,2023-06-29T00:00:00,1c8d3521-392b-4637-8aea-7b35f797bbba,1,Group Regular Season,Regular Season,RS,REGULAR SEASON,Regular Season,True,PAR,Partizan Mozzart Bet Belgrade,Partizan,Partizan,PAR,False,https://media-cdn.incrowdsports.com/2681304e-77dd-4331-88b1-683078c0fb49.png,81,81,ZAL,Zalgiris Kaunas,Zalgiris,Zalgiris,ZAL,False,https://media-cdn.incrowdsports.com/0aa09358-3847-4c4e-b228-3582ee4e536d.png,72,72
2023,RS,207,23,Round 23,Round 23,True,2024-01-26T20:30:00,True,True,1,2024-01-26T20:30:00,2024-01-26T19:30:00Z,"['L', 'L', 'W', 'W', 'L']","['L', 'L', 'L', 'W', 'W']",EuroLeague 2023-24,E2023,2023-24,E,2023,2023-06-29T00:00:00,1c8d3521-392b-4637-8aea-7b35f797bbba,1,Group Regular Season,Regular Season,RS,REGULAR SEASON,Regular Season,True,BAS,Baskonia Vitoria-Gasteiz,Baskonia,Baskonia,BKN,False,https://media-cdn.incrowdsports.com/e324a6af-2a72-443e-9813-8bf2d364ddab.png,62,62,PAM,Valencia Basket,Valencia,Valencia,VBC,False,https://media-cdn.cortextech.io/d88f3c71-1519-4b19-8cfb-99e26a4c008e.png,77,77
2023,RS,208,24,Round 24,Round 24,True,2024-01-30T20:00:00,True,True,1,2024-01-30T20:00:00,2024-01-30T19:00:00Z,"['L', 'W', 'L', 'L', 'W']","['L', 'L', 'W', 'W', 'L']",EuroLeague 2023-24,E2023,2023-24,E,2023,2023-06-29T00:00:00,1c8d3521-392b-4637-8aea-7b35f797bbba,1,Group Regular Season,Regular Season,RS,REGULAR SEASON,Regular Season,True,RED,Crvena Zvezda Meridianbet Belgrade,Zvezda,Crvena Zvezda,CZV,False,https://media-cdn.incrowdsports.com/d2eef4a8-62df-4fdd-9076-276004268515.png,82,82,PAM,Valencia Basket,Valencia,Valencia,VBC,False,https://media-cdn.cortextech.io/d88f3c71-1519-4b19-8cfb-99e26a4c008e.png,64,64
2023,RS,209,24,Round 24,Round 24,True,2024-01-30T20:00:00,True,True,1,2024-01-30T20:00:00,2024-01-30T19:00:00Z,"['L', 'L', 'W', 'L', 'W']","['L', 'W', 'W', 'L', 'L']",EuroLeague 2023-24,E2023,2023-24,E,2023,2023-06-29T00:00:00,1c8d3521-392b-4637-8aea-7b35f797bbba,1,Group Regular Season,Regular Season,RS,REGULAR SEASON,Regular Season,True,MUN,FC Bayern Munich,Bayern,Bayern,BAY,False,https://media-cdn.incrowdsports.com/817b0e58-d595-4b09-ab0b-1e7cc26249ff.png,112,94,BAS,Baskonia Vitoria-Gasteiz,Baskonia,Baskonia,BKN,False,https://media-cdn.incrowdsports.com/e324a6af-2a72-443e-9813-8bf2d364ddab.png,109,94
2023,RS,210,24,Round 24,Round 24,True,2024-01-30T20:00:00,True,True,1,2024-01-30T20:00:00,2024-01-30T19:00:00Z,"['W', 'L', 'L', 'W', 'L']","['W', 'W', 'L', 'W', 'W']",EuroLeague 2023-24,E2023,2023-24,E,2023,2023-06-29T00:00:00,1c8d3521-392b-4637-8aea-7b35f797bbba,1,Group Regular Season,Regular Season,RS,REGULAR SEASON,Regular Season,True,ASV,LDLC ASVEL Villeurbanne,ASVEL,ASVEL,ASV,False,https://media-cdn.incrowdsports.com/e33c6d1a-95ca-4dbc-b8cb-0201812104cc.png,73,73,ULK,Fenerbahce Beko Istanbul,Fenerbahce,Fenerbahce,FBB,False,https://media-cdn.cortextech.io/3b7f020e-5b39-49a1-b4b2-efea918edab7.png,83,83
2023,RS,211,24,Round 24,Round 24,True,2024-01-30T20:15:00,True,True,2,2024-01-30T21:15:00,2024-01-30T19:15:00Z,"['L', 'L', 'W', 'L', 'W']","['L', 'W', 'L', 'W', 'L']",EuroLeague 2023-24,E2023,2023-24,E,2023,2023-06-29T00:00:00,1c8d3521-392b-4637-8aea-7b35f797bbba,1,Group Regular Season,Regular Season,RS,REGULAR SEASON,Regular Season,True,OLY,Olympiacos Piraeus,Olympiacos,Olympiacos,OLY,False,https://media-cdn.incrowdsports.com/789423ac-3cdf-4b89-b11c-b458aa5f59a6.png,101,101,BER,ALBA Berlin,ALBA,ALBA,BER,False,https://media-cdn.incrowdsports.com/ccc34858-22b0-47dc-904c-9940b0a16ff3.png,87,87
2023,RS,212,24,Round 24,Round 24,True,2024-01-30T20:30:00,True,True,1,2024-01-30T20:30:00,2024-01-30T19:30:00Z,"['W', 'W', 'L', 'W', 'W']","['W', 'L', 'L', 'W', 'L']",EuroLeague 2023-24,E2023,2023-24,E,2023,2023-06-29T00:00:00,1c8d3521-392b-4637-8aea-7b35f797bbba,1,Group Regular Season,Regular Season,RS,REGULAR SEASON,Regular Season,True,MAD,Real Madrid,Real,Real,RMB,False,https://media-cdn.incrowdsports.com/1a3e1404-4f6f-4ede-9d8b-30eee7cb51b4.png,106,106,TEL,Maccabi Playtika Tel Aviv,Maccabi,Maccabi,MTA,False,https://media-cdn.incrowdsports.com/5c55ef14-29df-4328-bd52-a7a64c432350.png,101,101
2023,RS,213,24,Round 24,Round 24,True,2024-01-31T19:00:00,True,True,1,2024-01-31T19:00:00,2024-01-31T18:00:00Z,"['W', 'L', 'W', 'W', 'W']","['L', 'W', 'L', 'W', 'L']",EuroLeague 2023-24,E2023,2023-24,E,2023,2023-06-29T00:00:00,1c8d3521-392b-4637-8aea-7b35f797bbba,1,Group Regular Season,Regular Season,RS,REGULAR SEASON,Regular Season,True,MCO,AS Monaco,Monaco,Monaco,ASM,False,https://media-cdn.incrowdsports.com/89ed276a-2ba3-413f-8ea2-b3be209ca129.png,85,85,PAR,Partizan Mozzart Bet Belgrade,Partizan,Partizan,PAR,False,https://media-cdn.incrowdsports.com/2681304e-77dd-4331-88b1-683078c0fb49.png,70,70
2023,RS,214,24,Round 24,Round 24,True,2024-01-31T20:30:00,True,True,1,2024-01-31T20:30:00,2024-01-31T19:30:00Z,"['W', 'W', 'L', 'L', 'W']","['L', 'L', 'W', 'L', 'L']",EuroLeague 2023-24,E2023,2023-24,E,2023,2023-06-29T00:00:00,1c8d3521-392b-4637-8aea-7b35f797bbba,1,Group Regular Season,Regular Season,RS,REGULAR SEASON,Regular Season,True,BAR,FC Barcelona,Barcelona,Barcelona,BAR,False,https://media-cdn.incrowdsports.com/35dfa503-e417-481f-963a-bdf6f013763e.png,84,84,VIR,Virtus Segafredo Bologna,Virtus,Virtus,VIR,False,https://media-cdn.cortextech.io/1362801d-dd09-4fd0-932d-ead56063ab77.png,57,57
2023,RS,215,24,Round 24,Round 24,True,2024-01-31T20:15:00,True,True,2,2024-01-31T21:15:00,2024-01-31T19:15:00Z,"['W', 'W', 'W', 'L', 'W']","['W', 'L', 'L', 'W', 'L']",EuroLeague 2023-24,E2023,2023-24,E,2023,2023-06-29T00:00:00,1c8d3521-392b-4637-8aea-7b35f797bbba,1,Group Regular Season,Regular Season,RS,REGULAR SEASON,Regular Season,True,PAN,Panathinaikos AKTOR Athens,Panathinaikos,Panathinaikos,PAO,False,https://media-cdn.incrowdsports.com/e3dff28a-9ec6-4faf-9d96-ecbc68f75780.png,79,79,MIL,EA7 Emporio Armani Milan,Milan,Milan,EA7,False,https://media-cdn.cortextech.io/9512ee73-a0f1-4647-a01e-3c2938aba6b8.png,62,62
2023,RS,216,24,Round 24,Round 24,True,2024-01-31T19:00:00,True,True,2,2024-01-31T20:00:00,2024-01-31T18:00:00Z,"['W', 'L', 'W', 'L', 'W']","['L', 'W', 'W', 'L', 'L']",EuroLeague 2023-24,E2023,2023-24,E,2023,2023-06-29T00:00:00,1c8d3521-392b-4637-8aea-7b35f797bbba,1,Group Regular Season,Regular Season,RS,REGULAR SEASON,Regular Season,True,ZAL,Zalgiris Kaunas,Zalgiris,Zalgiris,ZAL,False,https://media-cdn.incrowdsports.com/0aa09358-3847-4c4e-b228-3582ee4e536d.png,96,96,IST,Anadolu Efes Istanbul,Efes,Efes,EFS,False,https://media-cdn.cortextech.io/9a463aa2-ceb2-481c-9a95-1cddee0a248e.png,70,70
2023,RS,217,25,Round 25,Round 25,True,2024-02-01T20:00:00,True,True,1,2024-02-01T20:00:00,2024-02-01T19:00:00Z,"['W', 'L', 'W', 'L', 'L']","['L', 'W', 'W', 'L', 'W']",EuroLeague 2023-24,E2023,2023-24,E,2023,2023-06-29T00:00:00,1c8d3521-392b-4637-8aea-7b35f797bbba,1,Group Regular Season,Regular Season,RS,REGULAR SEASON,Regular Season,True,BER,ALBA Berlin,ALBA,ALBA,BER,False,https://media-cdn.incrowdsports.com/ccc34858-22b0-47dc-904c-9940b0a16ff3.png,66,66,PAM,Valencia Basket,Valencia,Valencia,VBC,False,https://media-cdn.cortextech.io/d88f3c71-1519-4b19-8cfb-99e26a4c008e.png,81,81
2023,RS,218,25,Round 25,Round 25,True,2024-02-01T20:30:00,True,True,1,2024-02-01T20:30:00,2024-02-01T19:30:00Z,"['L', 'W', 'L', 'W', 'L']","['L', 'W', 'L', 'W', 'W']",EuroLeague 2023-24,E2023,2023-24,E,2023,2023-06-29T00:00:00,1c8d3521-392b-4637-8aea-7b35f797bbba,1,Group Regular Season,Regular Season,RS,REGULAR SEASON,Regular Season,True,MUN,FC Bayern Munich,Bayern,Bayern,BAY,False,https://media-cdn.incrowdsports.com/817b0e58-d595-4b09-ab0b-1e7cc26249ff.png,72,72,OLY,Olympiacos Piraeus,Olympiacos,Olympiacos,OLY,False,https://media-cdn.incrowdsports.com/789423ac-3cdf-4b89-b11c-b458aa5f59a6.png,76,76
2023,RS,219,25,Round 25,Round 25,True,2024-02-01T20:45:00,True,True,1,2024-02-01T20:45:00,2024-02-01T19:45:00Z,"['W', 'L', 'W', 'W', 'W']","['L', 'L', 'W', 'L', 'L']",EuroLeague 2023-24,E2023,2023-24,E,2023,2023-06-29T00:00:00,1c8d3521-392b-4637-8aea-7b35f797bbba,1,Group Regular Season,Regular Season,RS,REGULAR SEASON,Regular Season,True,MAD,Real Madrid,Real,Real,RMB,False,https://media-cdn.incrowdsports.com/1a3e1404-4f6f-4ede-9d8b-30eee7cb51b4.png,86,86,ASV,LDLC ASVEL Villeurbanne,ASVEL,ASVEL,ASV,False,https://media-cdn.incrowdsports.com/e33c6d1a-95ca-4dbc-b8cb-0201812104cc.png,79,79
2023,RS,220,25,Round 25,Round 25,True,2024-02-01T20:30:00,True,True,1,2024-02-01T20:30:00,2024-02-01T19:30:00Z,"['W', 'W', 'L', 'L', 'W']","['L', 'L', 'W', 'L', 'L']",EuroLeague 2023-24,E2023,2023-24,E,2023,2023-06-29T00:00:00,1c8d3521-392b-4637-8aea-7b35f797bbba,1,Group Regular Season,Regular Season,RS,REGULAR SEASON,Regular Season,True,BAS,Baskonia Vitoria-Gasteiz,Baskonia,Baskonia,BKN,False,https://media-cdn.incrowdsports.com/e324a6af-2a72-443e-9813-8bf2d364ddab.png,92,92,TEL,Maccabi Playtika Tel Aviv,Maccabi,Maccabi,MTA,False,https://media-cdn.incrowdsports.com/5c55ef14-29df-4328-bd52-a7a64c432350.png,82,82
2023,RS,221,25,Round 25,Round 25,True,2024-02-02T18:30:00,True,True,3,2024-02-02T20:30:00,2024-02-02T17:30:00Z,"['W', 'W', 'L', 'L', 'W']","['L', 'L', 'W', 'L', 'L']",EuroLeague 2023-24,E2023,2023-24,E,2023,2023-06-29T00:00:00,1c8d3521-392b-4637-8aea-7b35f797bbba,1,Group Regular Season,Regular Season,RS,REGULAR SEASON,Regular Season,True,IST,Anadolu Efes Istanbul,Efes,Efes,EFS,False,https://media-cdn.cortextech.io/9a463aa2-ceb2-481c-9a95-1cddee0a248e.png,79,79,MIL,EA7 Emporio Armani Milan,Milan,Milan,EA7,False,https://media-cdn.cortextech.io/9512ee73-a0f1-4647-a01e-3c2938aba6b8.png,73,73
2023,RS,222,25,Round 25,Round 25,True,2024-02-02T20:30:00,True,True,1,2024-02-02T20:30:00,2024-02-02T19:30:00Z,"['L', 'W', 'W', 'W', 'W']","['W', 'L', 'W', 'W', 'L']",EuroLeague 2023-24,E2023,2023-24,E,2023,2023-06-29T00:00:00,1c8d3521-392b-4637-8aea-7b35f797bbba,1,Group Regular Season,Regular Season,RS,REGULAR SEASON,Regular Season,True,MCO,AS Monaco,Monaco,Monaco,ASM,False,https://media-cdn.incrowdsports.com/89ed276a-2ba3-413f-8ea2-b3be209ca129.png,76,76,ULK,Fenerbahce Beko Istanbul,Fenerbahce,Fenerbahce,FBB,False,https://media-cdn.cortextech.io/3b7f020e-5b39-49a1-b4b2-efea918edab7.png,69,69
2023,RS,223,25,Round 25,Round 25,True,2024-02-02T20:00:00,True,True,1,2024-02-02T20:00:00,2024-02-02T19:00:00Z,"['W', 'L', 'L', 'W', 'L']","['W', 'L', 'L', 'W', 'W']",EuroLeague 2023-24,E2023,2023-24,E,2023,2023-06-29T00:00:00,1c8d3521-392b-4637-8aea-7b35f797bbba,1,Group Regular Season,Regular Season,RS,REGULAR SEASON,Regular Season,True,RED,Crvena Zvezda Meridianbet Belgrade,Zvezda,Crvena Zvezda,CZV,False,https://media-cdn.incrowdsports.com/d2eef4a8-62df-4fdd-9076-276004268515.png,76,76,BAR,FC Barcelona,Barcelona,Barcelona,BAR,False,https://media-cdn.incrowdsports.com/35dfa503-e417-481f-963a-bdf6f013763e.png,85,85
2023,RS,224,25,Round 25,Round 25,True,2024-02-02T20:30:00,True,True,1,2024-02-02T20:30:00,2024-02-02T19:30:00Z,"['L', 'W', 'L', 'L', 'W']","['W', 'L', 'W', 'L', 'L']",EuroLeague 2023-24,E2023,2023-24,E,2023,2023-06-29T00:00:00,1c8d3521-392b-4637-8aea-7b35f797bbba,1,Group Regular Season,Regular Season,RS,REGULAR SEASON,Regular Season,True,VIR,Virtus Segafredo Bologna,Virtus,Virtus,VIR,False,https://media-cdn.cortextech.io/1362801d-dd09-4fd0-932d-ead56063ab77.png,88,88,PAR,Partizan Mozzart Bet Belgrade,Partizan,Partizan,PAR,False,https://media-cdn.incrowdsports.com/2681304e-77dd-4331-88b1-683078c0fb49.png,84,84
2023,RS,225,25,Round 25,Round 25,True,2024-02-02T19:00:00,True,True,2,2024-02-02T20:00:00,2024-02-02T18:00:00Z,"['L', 'W', 'L', 'W', 'W']","['W', 'W', 'L', 'W', 'L']",EuroLeague 2023-24,E2023,2023-24,E,2023,2023-06-29T00:00:00,1c8d3521-392b-4637-8aea-7b35f797bbba,1,Group Regular Season,Regular Season,RS,REGULAR SEASON,Regular Season,True,ZAL,Zalgiris Kaunas,Zalgiris,Zalgiris,ZAL,False,https://media-cdn.incrowdsports.com/0aa09358-3847-4c4e-b228-3582ee4e536d.png,80,80,PAN,Panathinaikos AKTOR Athens,Panathinaikos,Panathinaikos,PAO,False,https://media-cdn.incrowdsports.com/e3dff28a-9ec6-4faf-9d96-ecbc68f75780.png,68,68
2023,RS,226,26,Round 26,Round 26,True,2024-02-08T20:30:00,True,True,1,2024-02-08T20:30:00,2024-02-08T19:30:00Z,"['L', 'W', 'L', 'L', 'W']","['L', 'W', 'W', 'W', 'L']",EuroLeague 2023-24,E2023,2023-24,E,2023,2023-06-29T00:00:00,1c8d3521-392b-4637-8aea-7b35f797bbba,1,Group Regular Season,Regular Season,RS,REGULAR SEASON,Regular Season,True,MIL,EA7 Emporio Armani Milan,Milan,Milan,EA7,False,https://media-cdn.cortextech.io/9512ee73-a0f1-4647-a01e-3c2938aba6b8.png,81,81,MAD,Real Madrid,Real,Real,RMB,False,https://media-cdn.incrowdsports.com/1a3e1404-4f6f-4ede-9d8b-30eee7cb51b4.png,76,76
2023,RS,227,26,Round 26,Round 26,True,2024-02-08T18:30:00,True,True,2,2024-02-08T19:30:00,2024-02-08T17:30:00Z,"['W', 'L', 'L', 'W', 'W']","['L', 'W', 'L', 'L', 'L']",EuroLeague 2023-24,E2023,2023-24,E,2023,2023-06-29T00:00:00,1c8d3521-392b-4637-8aea-7b35f797bbba,1,Group Regular Season,Regular Season,RS,REGULAR SEASON,Regular Season,True,IST,Anadolu Efes Istanbul,Efes,Efes,EFS,False,https://media-cdn.cortextech.io/9a463aa2-ceb2-481c-9a95-1cddee0a248e.png,105,105,TEL,Maccabi Playtika Tel Aviv,Maccabi,Maccabi,MTA,False,https://media-cdn.incrowdsports.com/5c55ef14-29df-4328-bd52-a7a64c432350.png,91,91
2023,RS,228,26,Round 26,Round 26,True,2024-02-08T20:30:00,True,True,1,2024-02-08T20:30:00,2024-02-08T19:30:00Z,"['W', 'W', 'L', 'W', 'L']","['W', 'L', 'W', 'W', 'W']",EuroLeague 2023-24,E2023,2023-24,E,2023,2023-06-29T00:00:00,1c8d3521-392b-4637-8aea-7b35f797bbba,1,Group Regular Season,Regular Season,RS,REGULAR SEASON,Regular Season,True,PAM,Valencia Basket,Valencia,Valencia,VBC,False,https://media-cdn.cortextech.io/d88f3c71-1519-4b19-8cfb-99e26a4c008e.png,65,65,OLY,Olympiacos Piraeus,Olympiacos,Olympiacos,OLY,False,https://media-cdn.incrowdsports.com/789423ac-3cdf-4b89-b11c-b458aa5f59a6.png,78,78
2023,RS,229,26,Round 26,Round 26,True,2024-02-08T20:30:00,True,True,1,2024-02-08T20:30:00,2024-02-08T19:30:00Z,"['L', 'W', 'L', 'L', 'L']","['W', 'L', 'W', 'L', 'W']",EuroLeague 2023-24,E2023,2023-24,E,2023,2023-06-29T00:00:00,1c8d3521-392b-4637-8aea-7b35f797bbba,1,Group Regular Season,Regular Season,RS,REGULAR SEASON,Regular Season,True,PAR,Partizan Mozzart Bet Belgrade,Partizan,Partizan,PAR,False,https://media-cdn.incrowdsports.com/2681304e-77dd-4331-88b1-683078c0fb49.png,78,78,MUN,FC Bayern Munich,Bayern,Bayern,BAY,False,https://media-cdn.incrowdsports.com/817b0e58-d595-4b09-ab0b-1e7cc26249ff.png,79,79
2023,RS,230,26,Round 26,Round 26,True,2024-02-08T20:30:00,True,True,1,2024-02-08T20:30:00,2024-02-08T19:30:00Z,"['W', 'L', 'L', 'W', 'W']","['L', 'W', 'L', 'L', 'L']",EuroLeague 2023-24,E2023,2023-24,E,2023,2023-06-29T00:00:00,1c8d3521-392b-4637-8aea-7b35f797bbba,1,Group Regular Season,Regular Season,RS,REGULAR SEASON,Regular Season,True,BAS,Baskonia Vitoria-Gasteiz,Baskonia,Baskonia,BKN,False,https://media-cdn.incrowdsports.com/e324a6af-2a72-443e-9813-8bf2d364ddab.png,94,94,ASV,LDLC ASVEL Villeurbanne,ASVEL,ASVEL,ASV,False,https://media-cdn.incrowdsports.com/e33c6d1a-95ca-4dbc-b8cb-0201812104cc.png,80,80
2023,RS,231,26,Round 26,Round 26,True,2024-02-09T20:00:00,True,True,1,2024-02-09T20:00:00,2024-02-09T19:00:00Z,"['L', 'L', 'W', 'L', 'L']","['W', 'L', 'W', 'W', 'W']",EuroLeague 2023-24,E2023,2023-24,E,2023,2023-06-29T00:00:00,1c8d3521-392b-4637-8aea-7b35f797bbba,1,Group Regular Season,Regular Season,RS,REGULAR SEASON,Regular Season,True,RED,Crvena Zvezda Meridianbet Belgrade,Zvezda,Crvena Zvezda,CZV,False,https://media-cdn.incrowdsports.com/d2eef4a8-62df-4fdd-9076-276004268515.png,91,91,ZAL,Zalgiris Kaunas,Zalgiris,Zalgiris,ZAL,False,https://media-cdn.incrowdsports.com/0aa09358-3847-4c4e-b228-3582ee4e536d.png,93,93
2023,RS,232,26,Round 26,Round 26,True,2024-02-09T20:30:00,True,True,1,2024-02-09T20:30:00,2024-02-09T19:30:00Z,"['L', 'L', 'W', 'W', 'W']","['L', 'W', 'L', 'L', 'L']",EuroLeague 2023-24,E2023,2023-24,E,2023,2023-06-29T00:00:00,1c8d3521-392b-4637-8aea-7b35f797bbba,1,Group Regular Season,Regular Season,RS,REGULAR SEASON,Regular Season,True,BAR,FC Barcelona,Barcelona,Barcelona,BAR,False,https://media-cdn.incrowdsports.com/35dfa503-e417-481f-963a-bdf6f013763e.png,93,93,BER,ALBA Berlin,ALBA,ALBA,BER,False,https://media-cdn.incrowdsports.com/ccc34858-22b0-47dc-904c-9940b0a16ff3.png,77,77
2023,RS,233,26,Round 26,Round 26,True,2024-02-09T20:15:00,True,True,2,2024-02-09T21:15:00,2024-02-09T19:15:00Z,"['W', 'L', 'W', 'L', 'W']","['L', 'W', 'W', 'L', 'L']",EuroLeague 2023-24,E2023,2023-24,E,2023,2023-06-29T00:00:00,1c8d3521-392b-4637-8aea-7b35f797bbba,1,Group Regular Season,Regular Season,RS,REGULAR SEASON,Regular Season,True,PAN,Panathinaikos AKTOR Athens,Panathinaikos,Panathinaikos,PAO,False,https://media-cdn.incrowdsports.com/e3dff28a-9ec6-4faf-9d96-ecbc68f75780.png,74,74,ULK,Fenerbahce Beko Istanbul,Fenerbahce,Fenerbahce,FBB,False,https://media-cdn.cortextech.io/3b7f020e-5b39-49a1-b4b2-efea918edab7.png,63,63
2023,RS,234,26,Round 26,Round 26,True,2024-02-09T20:30:00,True,True,1,2024-02-09T20:30:00,2024-02-09T19:30:00Z,"['W', 'L', 'L', 'W', 'L']","['W', 'W', 'W', 'W', 'W']",EuroLeague 2023-24,E2023,2023-24,E,2023,2023-06-29T00:00:00,1c8d3521-392b-4637-8aea-7b35f797bbba,1,Group Regular Season,Regular Season,RS,REGULAR SEASON,Regular Season,True,VIR,Virtus Segafredo Bologna,Virtus,Virtus,VIR,False,https://media-cdn.cortextech.io/1362801d-dd09-4fd0-932d-ead56063ab77.png,78,78,MCO,AS Monaco,Monaco,Monaco,ASM,False,https://media-cdn.incrowdsports.com/89ed276a-2ba3-413f-8ea2-b3be209ca129.png,81,81
2023,RS,235,27,Round 27,Round 27,True,2024-02-29T20:00:00,True,True,1,2024-02-29T20:00:00,2024-02-29T19:00:00Z,"['W', 'L', 'L', 'L', 'L']","['W', 'L', 'L', 'L', 'W']",EuroLeague 2023-24,E2023,2023-24,E,2023,2023-06-29T00:00:00,1c8d3521-392b-4637-8aea-7b35f797bbba,1,Group Regular Season,Regular Season,RS,REGULAR SEASON,Regular Season,True,BER,ALBA Berlin,ALBA,ALBA,BER,False,https://media-cdn.incrowdsports.com/ccc34858-22b0-47dc-904c-9940b0a16ff3.png,71,71,TEL,Maccabi Playtika Tel Aviv,Maccabi,Maccabi,MTA,False,https://media-cdn.incrowdsports.com/5c55ef14-29df-4328-bd52-a7a64c432350.png,106,106
2023,RS,236,27,Round 27,Round 27,True,2024-02-29T20:30:00,True,True,1,2024-02-29T20:30:00,2024-02-29T19:30:00Z,"['W', 'L', 'L', 'L', 'W']","['L', 'L', 'W', 'W', 'L']",EuroLeague 2023-24,E2023,2023-24,E,2023,2023-06-29T00:00:00,1c8d3521-392b-4637-8aea-7b35f797bbba,1,Group Regular Season,Regular Season,RS,REGULAR SEASON,Regular Season,True,PAR,Partizan Mozzart Bet Belgrade,Partizan,Partizan,PAR,False,https://media-cdn.incrowdsports.com/2681304e-77dd-4331-88b1-683078c0fb49.png,100,100,IST,Anadolu Efes Istanbul,Efes,Efes,EFS,False,https://media-cdn.cortextech.io/9a463aa2-ceb2-481c-9a95-1cddee0a248e.png,90,90
2023,RS,237,27,Round 27,Round 27,True,2024-02-29T20:45:00,True,True,1,2024-02-29T20:45:00,2024-02-29T19:45:00Z,"['W', 'W', 'W', 'L', 'L']","['L', 'W', 'L', 'W', 'W']",EuroLeague 2023-24,E2023,2023-24,E,2023,2023-06-29T00:00:00,1c8d3521-392b-4637-8aea-7b35f797bbba,1,Group Regular Season,Regular Season,RS,REGULAR SEASON,Regular Season,True,MAD,Real Madrid,Real,Real,RMB,False,https://media-cdn.incrowdsports.com/1a3e1404-4f6f-4ede-9d8b-30eee7cb51b4.png,86,86,PAN,Panathinaikos AKTOR Athens,Panathinaikos,Panathinaikos,PAO,False,https://media-cdn.incrowdsports.com/e3dff28a-9ec6-4faf-9d96-ecbc68f75780.png,97,97
2023,RS,238,27,Round 27,Round 27,True,2024-02-29T20:30:00,True,True,1,2024-02-29T20:30:00,2024-02-29T19:30:00Z,"['L', 'L', 'W', 'L', 'W']","['W', 'L', 'W', 'L', 'L']",EuroLeague 2023-24,E2023,2023-24,E,2023,2023-06-29T00:00:00,1c8d3521-392b-4637-8aea-7b35f797bbba,1,Group Regular Season,Regular Season,RS,REGULAR SEASON,Regular Season,True,VIR,Virtus Segafredo Bologna,Virtus,Virtus,VIR,False,https://media-cdn.cortextech.io/1362801d-dd09-4fd0-932d-ead56063ab77.png,87,87,PAM,Valencia Basket,Valencia,Valencia,VBC,False,https://media-cdn.cortextech.io/d88f3c71-1519-4b19-8cfb-99e26a4c008e.png,74,74
2023,RS,239,27,Round 27,Round 27,True,2024-03-01T19:00:00,True,True,2,2024-03-01T20:00:00,2024-03-01T18:00:00Z,"['L', 'W', 'W', 'W', 'L']","['L', 'W', 'W', 'W', 'W']",EuroLeague 2023-24,E2023,2023-24,E,2023,2023-06-29T00:00:00,1c8d3521-392b-4637-8aea-7b35f797bbba,1,Group Regular Season,Regular Season,RS,REGULAR SEASON,Regular Season,True,ZAL,Zalgiris Kaunas,Zalgiris,Zalgiris,ZAL,False,https://media-cdn.incrowdsports.com/0aa09358-3847-4c4e-b228-3582ee4e536d.png,76,76,OLY,Olympiacos Piraeus,Olympiacos,Olympiacos,OLY,False,https://media-cdn.incrowdsports.com/789423ac-3cdf-4b89-b11c-b458aa5f59a6.png,95,95
2023,RS,240,27,Round 27,Round 27,True,2024-03-01T20:30:00,True,True,1,2024-03-01T20:30:00,2024-03-01T19:30:00Z,"['L', 'W', 'W', 'W', 'L']","['W', 'W', 'W', 'W', 'W']",EuroLeague 2023-24,E2023,2023-24,E,2023,2023-06-29T00:00:00,1c8d3521-392b-4637-8aea-7b35f797bbba,1,Group Regular Season,Regular Season,RS,REGULAR SEASON,Regular Season,True,BAR,FC Barcelona,Barcelona,Barcelona,BAR,False,https://media-cdn.incrowdsports.com/35dfa503-e417-481f-963a-bdf6f013763e.png,67,67,MCO,AS Monaco,Monaco,Monaco,ASM,False,https://media-cdn.incrowdsports.com/89ed276a-2ba3-413f-8ea2-b3be209ca129.png,77,77
2023,RS,241,27,Round 27,Round 27,True,2024-03-01T20:30:00,True,True,1,2024-03-01T20:30:00,2024-03-01T19:30:00Z,"['L', 'W', 'L', 'W', 'W']","['L', 'W', 'L', 'L', 'L']",EuroLeague 2023-24,E2023,2023-24,E,2023,2023-06-29T00:00:00,1c8d3521-392b-4637-8aea-7b35f797bbba,1,Group Regular Season,Regular Season,RS,REGULAR SEASON,Regular Season,True,MUN,FC Bayern Munich,Bayern,Bayern,BAY,False,https://media-cdn.incrowdsports.com/817b0e58-d595-4b09-ab0b-1e7cc26249ff.png,74,74,RED,Crvena Zvezda Meridianbet Belgrade,Zvezda,Crvena Zvezda,CZV,False,https://media-cdn.incrowdsports.com/d2eef4a8-62df-4fdd-9076-276004268515.png,66,66
2023,RS,242,27,Round 27,Round 27,True,2024-03-01T18:45:00,True,True,3,2024-03-01T20:45:00,2024-03-01T17:45:00Z,"['W', 'W', 'L', 'L', 'W']","['L', 'L', 'W', 'W', 'L']",EuroLeague 2023-24,E2023,2023-24,E,2023,2023-06-29T00:00:00,1c8d3521-392b-4637-8aea-7b35f797bbba,1,Group Regular Season,Regular Season,RS,REGULAR SEASON,Regular Season,True,ULK,Fenerbahce Beko Istanbul,Fenerbahce,Fenerbahce,FBB,False,https://media-cdn.cortextech.io/3b7f020e-5b39-49a1-b4b2-efea918edab7.png,111,111,BAS,Baskonia Vitoria-Gasteiz,Baskonia,Baskonia,BKN,False,https://media-cdn.incrowdsports.com/e324a6af-2a72-443e-9813-8bf2d364ddab.png,96,96
2023,RS,243,27,Round 27,Round 27,True,2024-03-01T20:00:00,True,True,1,2024-03-01T20:00:00,2024-03-01T19:00:00Z,"['W', 'L', 'L', 'L', 'W']","['W', 'L', 'L', 'W', 'L']",EuroLeague 2023-24,E2023,2023-24,E,2023,2023-06-29T00:00:00,1c8d3521-392b-4637-8aea-7b35f797bbba,1,Group Regular Season,Regular Season,RS,REGULAR SEASON,Regular Season,True,ASV,LDLC ASVEL Villeurbanne,ASVEL,ASVEL,ASV,False,https://media-cdn.incrowdsports.com/e33c6d1a-95ca-4dbc-b8cb-0201812104cc.png,81,81,MIL,EA7 Emporio Armani Milan,Milan,Milan,EA7,False,https://media-cdn.cortextech.io/9512ee73-a0f1-4647-a01e-3c2938aba6b8.png,77,77
2023,RS,244,28,Round 28,Round 28,True,2024-03-07T18:30:00,True,True,3,2024-03-07T20:30:00,2024-03-07T17:30:00Z,"['L', 'W', 'W', 'L', 'W']","['W', 'L', 'W', 'W', 'L']",EuroLeague 2023-24,E2023,2023-24,E,2023,2023-06-29T00:00:00,1c8d3521-392b-4637-8aea-7b35f797bbba,1,Group Regular Season,Regular Season,RS,REGULAR SEASON,Regular Season,True,IST,Anadolu Efes Istanbul,Efes,Efes,EFS,False,https://media-cdn.cortextech.io/9a463aa2-ceb2-481c-9a95-1cddee0a248e.png,109,109,MUN,FC Bayern Munich,Bayern,Bayern,BAY,False,https://media-cdn.incrowdsports.com/817b0e58-d595-4b09-ab0b-1e7cc26249ff.png,86,86
2023,RS,245,28,Round 28,Round 28,True,2024-03-07T19:00:00,True,True,1,2024-03-07T19:00:00,2024-03-07T18:00:00Z,"['W', 'W', 'W', 'W', 'W']","['W', 'L', 'L', 'L', 'L']",EuroLeague 2023-24,E2023,2023-24,E,2023,2023-06-29T00:00:00,1c8d3521-392b-4637-8aea-7b35f797bbba,1,Group Regular Season,Regular Season,RS,REGULAR SEASON,Regular Season,True,MCO,AS Monaco,Monaco,Monaco,ASM,False,https://media-cdn.incrowdsports.com/89ed276a-2ba3-413f-8ea2-b3be209ca129.png,98,98,RED,Crvena Zvezda Meridianbet Belgrade,Zvezda,Crvena Zvezda,CZV,False,https://media-cdn.incrowdsports.com/d2eef4a8-62df-4fdd-9076-276004268515.png,80,80
2023,RS,246,28,Round 28,Round 28,True,2024-03-07T20:05:00,True,True,1,2024-03-07T20:05:00,2024-03-07T19:05:00Z,"['L', 'L', 'L', 'W', 'W']","['W', 'W', 'W', 'L', 'L']",EuroLeague 2023-24,E2023,2023-24,E,2023,2023-06-29T00:00:00,1c8d3521-392b-4637-8aea-7b35f797bbba,1,Group Regular Season,Regular Season,RS,REGULAR SEASON,Regular Season,True,TEL,Maccabi Playtika Tel Aviv,Maccabi,Maccabi,MTA,False,https://media-cdn.incrowdsports.com/5c55ef14-29df-4328-bd52-a7a64c432350.png,83,83,ZAL,Zalgiris Kaunas,Zalgiris,Zalgiris,ZAL,False,https://media-cdn.incrowdsports.com/0aa09358-3847-4c4e-b228-3582ee4e536d.png,76,76
2023,RS,247,28,Round 28,Round 28,True,2024-03-07T21:00:00,True,True,2,2024-03-07T22:00:00,2024-03-07T20:00:00Z,"['W', 'W', 'W', 'W', 'W']","['L', 'W', 'L', 'W', 'L']",EuroLeague 2023-24,E2023,2023-24,E,2023,2023-06-29T00:00:00,1c8d3521-392b-4637-8aea-7b35f797bbba,1,Group Regular Season,Regular Season,RS,REGULAR SEASON,Regular Season,True,OLY,Olympiacos Piraeus,Olympiacos,Olympiacos,OLY,False,https://media-cdn.incrowdsports.com/789423ac-3cdf-4b89-b11c-b458aa5f59a6.png,74,74,VIR,Virtus Segafredo Bologna,Virtus,Virtus,VIR,False,https://media-cdn.cortextech.io/1362801d-dd09-4fd0-932d-ead56063ab77.png,69,69
2023,RS,248,28,Round 28,Round 28,True,2024-03-07T20:45:00,True,True,1,2024-03-07T20:45:00,2024-03-07T19:45:00Z,"['W', 'W', 'L', 'L', 'L']","['W', 'L', 'L', 'W', 'W']",EuroLeague 2023-24,E2023,2023-24,E,2023,2023-06-29T00:00:00,1c8d3521-392b-4637-8aea-7b35f797bbba,1,Group Regular Season,Regular Season,RS,REGULAR SEASON,Regular Season,True,MAD,Real Madrid,Real,Real,RMB,False,https://media-cdn.incrowdsports.com/1a3e1404-4f6f-4ede-9d8b-30eee7cb51b4.png,79,79,ULK,Fenerbahce Beko Istanbul,Fenerbahce,Fenerbahce,FBB,False,https://media-cdn.cortextech.io/3b7f020e-5b39-49a1-b4b2-efea918edab7.png,89,89
2023,RS,249,28,Round 28,Round 28,True,2024-03-07T20:30:00,True,True,1,2024-03-07T20:30:00,2024-03-07T19:30:00Z,"['L', 'W', 'L', 'L', 'L']","['W', 'W', 'W', 'L', 'W']",EuroLeague 2023-24,E2023,2023-24,E,2023,2023-06-29T00:00:00,1c8d3521-392b-4637-8aea-7b35f797bbba,1,Group Regular Season,Regular Season,RS,REGULAR SEASON,Regular Season,True,PAM,Valencia Basket,Valencia,Valencia,VBC,False,https://media-cdn.cortextech.io/d88f3c71-1519-4b19-8cfb-99e26a4c008e.png,78,78,BAR,FC Barcelona,Barcelona,Barcelona,BAR,False,https://media-cdn.incrowdsports.com/35dfa503-e417-481f-963a-bdf6f013763e.png,88,88
2023,RS,250,28,Round 28,Round 28,True,2024-03-08T20:30:00,True,True,1,2024-03-08T20:30:00,2024-03-08T19:30:00Z,"['L', 'L', 'W', 'L', 'W']","['L', 'L', 'L', 'W', 'L']",EuroLeague 2023-24,E2023,2023-24,E,2023,2023-06-29T00:00:00,1c8d3521-392b-4637-8aea-7b35f797bbba,1,Group Regular Season,Regular Season,RS,REGULAR SEASON,Regular Season,True,MIL,EA7 Emporio Armani Milan,Milan,Milan,EA7,False,https://media-cdn.cortextech.io/9512ee73-a0f1-4647-a01e-3c2938aba6b8.png,85,85,PAR,Partizan Mozzart Bet Belgrade,Partizan,Partizan,PAR,False,https://media-cdn.incrowdsports.com/2681304e-77dd-4331-88b1-683078c0fb49.png,83,83
2023,RS,251,28,Round 28,Round 28,True,2024-03-08T20:15:00,True,True,2,2024-03-08T21:15:00,2024-03-08T19:15:00Z,"['W', 'L', 'W', 'W', 'W']","['L', 'L', 'L', 'W', 'L']",EuroLeague 2023-24,E2023,2023-24,E,2023,2023-06-29T00:00:00,1c8d3521-392b-4637-8aea-7b35f797bbba,1,Group Regular Season,Regular Season,RS,REGULAR SEASON,Regular Season,True,PAN,Panathinaikos AKTOR Athens,Panathinaikos,Panathinaikos,PAO,False,https://media-cdn.incrowdsports.com/e3dff28a-9ec6-4faf-9d96-ecbc68f75780.png,85,85,ASV,LDLC ASVEL Villeurbanne,ASVEL,ASVEL,ASV,False,https://media-cdn.incrowdsports.com/e33c6d1a-95ca-4dbc-b8cb-0201812104cc.png,67,67
2023,RS,252,28,Round 28,Round 28,True,2024-03-08T20:30:00,True,True,1,2024-03-08T20:30:00,2024-03-08T19:30:00Z,"['L', 'W', 'W', 'L', 'W']","['L', 'L', 'L', 'L', 'L']",EuroLeague 2023-24,E2023,2023-24,E,2023,2023-06-29T00:00:00,1c8d3521-392b-4637-8aea-7b35f797bbba,1,Group Regular Season,Regular Season,RS,REGULAR SEASON,Regular Season,True,BAS,Baskonia Vitoria-Gasteiz,Baskonia,Baskonia,BKN,False,https://media-cdn.incrowdsports.com/e324a6af-2a72-443e-9813-8bf2d364ddab.png,88,88,BER,ALBA Berlin,ALBA,ALBA,BER,False,https://media-cdn.incrowdsports.com/ccc34858-22b0-47dc-904c-9940b0a16ff3.png,71,71
2023,RS,253,29,Round 29,Round 29,True,2024-03-14T20:00:00,True,True,1,2024-03-14T20:00:00,2024-03-14T19:00:00Z,"['L', 'L', 'L', 'L', 'L']","['W', 'W', 'W', 'W', 'W']",EuroLeague 2023-24,E2023,2023-24,E,2023,2023-06-29T00:00:00,1c8d3521-392b-4637-8aea-7b35f797bbba,1,Group Regular Season,Regular Season,RS,REGULAR SEASON,Regular Season,True,BER,ALBA Berlin,ALBA,ALBA,BER,False,https://media-cdn.incrowdsports.com/ccc34858-22b0-47dc-904c-9940b0a16ff3.png,82,82,MCO,AS Monaco,Monaco,Monaco,ASM,False,https://media-cdn.incrowdsports.com/89ed276a-2ba3-413f-8ea2-b3be209ca129.png,90,90
2023,RS,254,29,Round 29,Round 29,True,2024-03-14T20:30:00,True,True,1,2024-03-14T20:30:00,2024-03-14T19:30:00Z,"['W', 'W', 'L', 'W', 'W']","['L', 'L', 'W', 'L', 'L']",EuroLeague 2023-24,E2023,2023-24,E,2023,2023-06-29T00:00:00,1c8d3521-392b-4637-8aea-7b35f797bbba,1,Group Regular Season,Regular Season,RS,REGULAR SEASON,Regular Season,True,BAR,FC Barcelona,Barcelona,Barcelona,BAR,False,https://media-cdn.incrowdsports.com/35dfa503-e417-481f-963a-bdf6f013763e.png,94,94,PAR,Partizan Mozzart Bet Belgrade,Partizan,Partizan,PAR,False,https://media-cdn.incrowdsports.com/2681304e-77dd-4331-88b1-683078c0fb49.png,76,76
2023,RS,255,29,Round 29,Round 29,True,2024-03-14T18:45:00,True,True,2,2024-03-14T19:45:00,2024-03-14T17:45:00Z,"['W', 'W', 'W', 'W', 'W']","['L', 'W', 'W', 'W', 'L']",EuroLeague 2023-24,E2023,2023-24,E,2023,2023-06-29T00:00:00,1c8d3521-392b-4637-8aea-7b35f797bbba,1,Group Regular Season,Regular Season,RS,REGULAR SEASON,Regular Season,True,OLY,Olympiacos Piraeus,Olympiacos,Olympiacos,OLY,False,https://media-cdn.incrowdsports.com/789423ac-3cdf-4b89-b11c-b458aa5f59a6.png,71,71,PAN,Panathinaikos AKTOR Athens,Panathinaikos,Panathinaikos,PAO,False,https://media-cdn.incrowdsports.com/e3dff28a-9ec6-4faf-9d96-ecbc68f75780.png,65,65
2023,RS,256,29,Round 29,Round 29,True,2024-03-14T20:30:00,True,True,1,2024-03-14T20:30:00,2024-03-14T19:30:00Z,"['W', 'W', 'L', 'W', 'W']","['L', 'W', 'L', 'W', 'L']",EuroLeague 2023-24,E2023,2023-24,E,2023,2023-06-29T00:00:00,1c8d3521-392b-4637-8aea-7b35f797bbba,1,Group Regular Season,Regular Season,RS,REGULAR SEASON,Regular Season,True,BAS,Baskonia Vitoria-Gasteiz,Baskonia,Baskonia,BKN,False,https://media-cdn.incrowdsports.com/e324a6af-2a72-443e-9813-8bf2d364ddab.png,88,88,MIL,EA7 Emporio Armani Milan,Milan,Milan,EA7,False,https://media-cdn.cortextech.io/9512ee73-a0f1-4647-a01e-3c2938aba6b8.png,73,73
2023,RS,257,29,Round 29,Round 29,True,2024-03-14T19:00:00,True,True,1,2024-03-14T19:00:00,2024-03-14T18:00:00Z,"['L', 'L', 'L', 'L', 'L']","['L', 'L', 'W', 'W', 'W']",EuroLeague 2023-24,E2023,2023-24,E,2023,2023-06-29T00:00:00,1c8d3521-392b-4637-8aea-7b35f797bbba,1,Group Regular Season,Regular Season,RS,REGULAR SEASON,Regular Season,True,RED,Crvena Zvezda Meridianbet Belgrade,Zvezda,Crvena Zvezda,CZV,False,https://media-cdn.incrowdsports.com/d2eef4a8-62df-4fdd-9076-276004268515.png,80,80,TEL,Maccabi Playtika Tel Aviv,Maccabi,Maccabi,MTA,False,https://media-cdn.incrowdsports.com/5c55ef14-29df-4328-bd52-a7a64c432350.png,84,84
2023,RS,258,29,Round 29,Round 29,True,2024-03-14T18:45:00,True,True,3,2024-03-14T20:45:00,2024-03-14T17:45:00Z,"['L', 'L', 'W', 'W', 'W']","['W', 'L', 'L', 'L', 'L']",EuroLeague 2023-24,E2023,2023-24,E,2023,2023-06-29T00:00:00,1c8d3521-392b-4637-8aea-7b35f797bbba,1,Group Regular Season,Regular Season,RS,REGULAR SEASON,Regular Season,True,ULK,Fenerbahce Beko Istanbul,Fenerbahce,Fenerbahce,FBB,False,https://media-cdn.cortextech.io/3b7f020e-5b39-49a1-b4b2-efea918edab7.png,118,118,PAM,Valencia Basket,Valencia,Valencia,VBC,False,https://media-cdn.cortextech.io/d88f3c71-1519-4b19-8cfb-99e26a4c008e.png,88,88
2023,RS,259,29,Round 29,Round 29,True,2024-03-15T20:30:00,True,True,1,2024-03-15T20:30:00,2024-03-15T19:30:00Z,"['W', 'L', 'W', 'L', 'L']","['W', 'L', 'L', 'L', 'W']",EuroLeague 2023-24,E2023,2023-24,E,2023,2023-06-29T00:00:00,1c8d3521-392b-4637-8aea-7b35f797bbba,1,Group Regular Season,Regular Season,RS,REGULAR SEASON,Regular Season,True,VIR,Virtus Segafredo Bologna,Virtus,Virtus,VIR,False,https://media-cdn.cortextech.io/1362801d-dd09-4fd0-932d-ead56063ab77.png,74,74,MAD,Real Madrid,Real,Real,RMB,False,https://media-cdn.incrowdsports.com/1a3e1404-4f6f-4ede-9d8b-30eee7cb51b4.png,89,89
2023,RS,260,29,Round 29,Round 29,True,2024-03-15T20:30:00,True,True,1,2024-03-15T20:30:00,2024-03-15T19:30:00Z,"['L', 'W', 'W', 'L', 'W']","['W', 'W', 'L', 'L', 'L']",EuroLeague 2023-24,E2023,2023-24,E,2023,2023-06-29T00:00:00,1c8d3521-392b-4637-8aea-7b35f797bbba,1,Group Regular Season,Regular Season,RS,REGULAR SEASON,Regular Season,True,MUN,FC Bayern Munich,Bayern,Bayern,BAY,False,https://media-cdn.incrowdsports.com/817b0e58-d595-4b09-ab0b-1e7cc26249ff.png,64,64,ZAL,Zalgiris Kaunas,Zalgiris,Zalgiris,ZAL,False,https://media-cdn.incrowdsports.com/0aa09358-3847-4c4e-b228-3582ee4e536d.png,58,58
2023,RS,261,29,Round 29,Round 29,True,2024-03-15T20:00:00,True,True,1,2024-03-15T20:00:00,2024-03-15T19:00:00Z,"['L', 'L', 'W', 'L', 'W']","['W', 'W', 'L', 'W', 'L']",EuroLeague 2023-24,E2023,2023-24,E,2023,2023-06-29T00:00:00,1c8d3521-392b-4637-8aea-7b35f797bbba,1,Group Regular Season,Regular Season,RS,REGULAR SEASON,Regular Season,True,ASV,LDLC ASVEL Villeurbanne,ASVEL,ASVEL,ASV,False,https://media-cdn.incrowdsports.com/e33c6d1a-95ca-4dbc-b8cb-0201812104cc.png,84,84,IST,Anadolu Efes Istanbul,Efes,Efes,EFS,False,https://media-cdn.cortextech.io/9a463aa2-ceb2-481c-9a95-1cddee0a248e.png,80,80
2023,RS,262,30,Round 30,Round 30,True,2024-03-19T20:00:00,True,True,1,2024-03-19T20:00:00,2024-03-19T19:00:00Z,"['L', 'L', 'L', 'L', 'L']","['L', 'L', 'L', 'W', 'W']",EuroLeague 2023-24,E2023,2023-24,E,2023,2023-06-29T00:00:00,1c8d3521-392b-4637-8aea-7b35f797bbba,1,Group Regular Season,Regular Season,RS,REGULAR SEASON,Regular Season,True,BER,ALBA Berlin,ALBA,ALBA,BER,False,https://media-cdn.incrowdsports.com/ccc34858-22b0-47dc-904c-9940b0a16ff3.png,79,79,MAD,Real Madrid,Real,Real,RMB,False,https://media-cdn.incrowdsports.com/1a3e1404-4f6f-4ede-9d8b-30eee7cb51b4.png,86,86
2023,RS,263,30,Round 30,Round 30,True,2024-03-19T18:30:00,True,True,3,2024-03-19T20:30:00,2024-03-19T17:30:00Z,"['W', 'L', 'W', 'L', 'W']","['W', 'W', 'W', 'W', 'L']",EuroLeague 2023-24,E2023,2023-24,E,2023,2023-06-29T00:00:00,1c8d3521-392b-4637-8aea-7b35f797bbba,1,Group Regular Season,Regular Season,RS,REGULAR SEASON,Regular Season,True,IST,Anadolu Efes Istanbul,Efes,Efes,EFS,False,https://media-cdn.cortextech.io/9a463aa2-ceb2-481c-9a95-1cddee0a248e.png,85,85,OLY,Olympiacos Piraeus,Olympiacos,Olympiacos,OLY,False,https://media-cdn.incrowdsports.com/789423ac-3cdf-4b89-b11c-b458aa5f59a6.png,72,72
2023,RS,264,30,Round 30,Round 30,True,2024-03-19T20:05:00,True,True,1,2024-03-19T20:05:00,2024-03-19T19:05:00Z,"['L', 'W', 'W', 'W', 'W']","['L', 'W', 'L', 'W', 'L']",EuroLeague 2023-24,E2023,2023-24,E,2023,2023-06-29T00:00:00,1c8d3521-392b-4637-8aea-7b35f797bbba,1,Group Regular Season,Regular Season,RS,REGULAR SEASON,Regular Season,True,TEL,Maccabi Playtika Tel Aviv,Maccabi,Maccabi,MTA,False,https://media-cdn.incrowdsports.com/5c55ef14-29df-4328-bd52-a7a64c432350.png,98,98,ASV,LDLC ASVEL Villeurbanne,ASVEL,ASVEL,ASV,False,https://media-cdn.incrowdsports.com/e33c6d1a-95ca-4dbc-b8cb-0201812104cc.png,90,90
2023,RS,265,30,Round 30,Round 30,True,2024-03-19T20:30:00,True,True,1,2024-03-19T20:30:00,2024-03-19T19:30:00Z,"['L', 'W', 'L', 'L', 'W']","['W', 'L', 'W', 'W', 'L']",EuroLeague 2023-24,E2023,2023-24,E,2023,2023-06-29T00:00:00,1c8d3521-392b-4637-8aea-7b35f797bbba,1,Group Regular Season,Regular Season,RS,REGULAR SEASON,Regular Season,True,PAR,Partizan Mozzart Bet Belgrade,Partizan,Partizan,PAR,False,https://media-cdn.incrowdsports.com/2681304e-77dd-4331-88b1-683078c0fb49.png,87,87,BAS,Baskonia Vitoria-Gasteiz,Baskonia,Baskonia,BKN,False,https://media-cdn.incrowdsports.com/e324a6af-2a72-443e-9813-8bf2d364ddab.png,83,83
2023,RS,266,30,Round 30,Round 30,True,2024-03-19T19:00:00,True,True,2,2024-03-19T20:00:00,2024-03-19T18:00:00Z,"['W', 'L', 'L', 'L', 'W']","['L', 'W', 'L', 'L', 'L']",EuroLeague 2023-24,E2023,2023-24,E,2023,2023-06-29T00:00:00,1c8d3521-392b-4637-8aea-7b35f797bbba,1,Group Regular Season,Regular Season,RS,REGULAR SEASON,Regular Season,True,ZAL,Zalgiris Kaunas,Zalgiris,Zalgiris,ZAL,False,https://media-cdn.incrowdsports.com/0aa09358-3847-4c4e-b228-3582ee4e536d.png,96,96,VIR,Virtus Segafredo Bologna,Virtus,Virtus,VIR,False,https://media-cdn.cortextech.io/1362801d-dd09-4fd0-932d-ead56063ab77.png,81,81
2023,RS,267,30,Round 30,Round 30,True,2024-03-20T19:00:00,True,True,1,2024-03-20T19:00:00,2024-03-20T18:00:00Z,"['W', 'W', 'W', 'W', 'L']","['W', 'L', 'W', 'L', 'W']",EuroLeague 2023-24,E2023,2023-24,E,2023,2023-06-29T00:00:00,1c8d3521-392b-4637-8aea-7b35f797bbba,1,Group Regular Season,Regular Season,RS,REGULAR SEASON,Regular Season,True,MCO,AS Monaco,Monaco,Monaco,ASM,False,https://media-cdn.incrowdsports.com/89ed276a-2ba3-413f-8ea2-b3be209ca129.png,80,80,MIL,EA7 Emporio Armani Milan,Milan,Milan,EA7,False,https://media-cdn.cortextech.io/9512ee73-a0f1-4647-a01e-3c2938aba6b8.png,98,98
2023,RS,268,30,Round 30,Round 30,True,2024-03-20T20:00:00,True,True,1,2024-03-20T20:00:00,2024-03-20T19:00:00Z,"['L', 'L', 'L', 'L', 'L']","['W', 'W', 'W', 'L', 'W']",EuroLeague 2023-24,E2023,2023-24,E,2023,2023-06-29T00:00:00,1c8d3521-392b-4637-8aea-7b35f797bbba,1,Group Regular Season,Regular Season,RS,REGULAR SEASON,Regular Season,True,RED,Crvena Zvezda Meridianbet Belgrade,Zvezda,Crvena Zvezda,CZV,False,https://media-cdn.incrowdsports.com/d2eef4a8-62df-4fdd-9076-276004268515.png,76,76,PAN,Panathinaikos AKTOR Athens,Panathinaikos,Panathinaikos,PAO,False,https://media-cdn.incrowdsports.com/e3dff28a-9ec6-4faf-9d96-ecbc68f75780.png,89,89
2023,RS,269,30,Round 30,Round 30,True,2024-03-20T18:45:00,True,True,3,2024-03-20T20:45:00,2024-03-20T17:45:00Z,"['L', 'W', 'W', 'W', 'W']","['W', 'L', 'W', 'W', 'L']",EuroLeague 2023-24,E2023,2023-24,E,2023,2023-06-29T00:00:00,1c8d3521-392b-4637-8aea-7b35f797bbba,1,Group Regular Season,Regular Season,RS,REGULAR SEASON,Regular Season,True,ULK,Fenerbahce Beko Istanbul,Fenerbahce,Fenerbahce,FBB,False,https://media-cdn.cortextech.io/3b7f020e-5b39-49a1-b4b2-efea918edab7.png,88,88,BAR,FC Barcelona,Barcelona,Barcelona,BAR,False,https://media-cdn.incrowdsports.com/35dfa503-e417-481f-963a-bdf6f013763e.png,74,74
2023,RS,270,30,Round 30,Round 30,True,2024-03-20T20:30:00,True,True,1,2024-03-20T20:30:00,2024-03-20T19:30:00Z,"['L', 'L', 'L', 'L', 'W']","['W', 'W', 'L', 'W', 'L']",EuroLeague 2023-24,E2023,2023-24,E,2023,2023-06-29T00:00:00,1c8d3521-392b-4637-8aea-7b35f797bbba,1,Group Regular Season,Regular Season,RS,REGULAR SEASON,Regular Season,True,PAM,Valencia Basket,Valencia,Valencia,VBC,False,https://media-cdn.cortextech.io/d88f3c71-1519-4b19-8cfb-99e26a4c008e.png,70,70,MUN,FC Bayern Munich,Bayern,Bayern,BAY,False,https://media-cdn.incrowdsports.com/817b0e58-d595-4b09-ab0b-1e7cc26249ff.png,68,68
2023,RS,271,31,Round 31,Round 31,True,2024-03-21T18:30:00,True,True,3,2024-03-21T20:30:00,2024-03-21T17:30:00Z,"['L', 'W', 'L', 'W', 'W']","['L', 'L', 'L', 'L', 'L']",EuroLeague 2023-24,E2023,2023-24,E,2023,2023-06-29T00:00:00,1c8d3521-392b-4637-8aea-7b35f797bbba,1,Group Regular Season,Regular Season,RS,REGULAR SEASON,Regular Season,True,IST,Anadolu Efes Istanbul,Efes,Efes,EFS,False,https://media-cdn.cortextech.io/9a463aa2-ceb2-481c-9a95-1cddee0a248e.png,85,85,BER,ALBA Berlin,ALBA,ALBA,BER,False,https://media-cdn.incrowdsports.com/ccc34858-22b0-47dc-904c-9940b0a16ff3.png,84,84
2023,RS,272,31,Round 31,Round 31,True,2024-03-21T20:15:00,True,True,2,2024-03-21T21:15:00,2024-03-21T19:15:00Z,"['W', 'W', 'W', 'L', 'W']","['W', 'L', 'W', 'L', 'L']",EuroLeague 2023-24,E2023,2023-24,E,2023,2023-06-29T00:00:00,1c8d3521-392b-4637-8aea-7b35f797bbba,1,Group Regular Season,Regular Season,RS,REGULAR SEASON,Regular Season,True,OLY,Olympiacos Piraeus,Olympiacos,Olympiacos,OLY,False,https://media-cdn.incrowdsports.com/789423ac-3cdf-4b89-b11c-b458aa5f59a6.png,80,80,ASV,LDLC ASVEL Villeurbanne,ASVEL,ASVEL,ASV,False,https://media-cdn.incrowdsports.com/e33c6d1a-95ca-4dbc-b8cb-0201812104cc.png,64,64
2023,RS,273,31,Round 31,Round 31,True,2024-03-21T20:30:00,True,True,1,2024-03-21T20:30:00,2024-03-21T19:30:00Z,"['W', 'L', 'L', 'W', 'L']","['L', 'L', 'W', 'W', 'W']",EuroLeague 2023-24,E2023,2023-24,E,2023,2023-06-29T00:00:00,1c8d3521-392b-4637-8aea-7b35f797bbba,1,Group Regular Season,Regular Season,RS,REGULAR SEASON,Regular Season,True,PAR,Partizan Mozzart Bet Belgrade,Partizan,Partizan,PAR,False,https://media-cdn.incrowdsports.com/2681304e-77dd-4331-88b1-683078c0fb49.png,76,76,MAD,Real Madrid,Real,Real,RMB,False,https://media-cdn.incrowdsports.com/1a3e1404-4f6f-4ede-9d8b-30eee7cb51b4.png,88,88
2023,RS,274,31,Round 31,Round 31,True,2024-03-21T19:00:00,True,True,2,2024-03-21T20:00:00,2024-03-21T18:00:00Z,"['L', 'L', 'L', 'W', 'W']","['L', 'W', 'W', 'L', 'L']",EuroLeague 2023-24,E2023,2023-24,E,2023,2023-06-29T00:00:00,1c8d3521-392b-4637-8aea-7b35f797bbba,1,Group Regular Season,Regular Season,RS,REGULAR SEASON,Regular Season,True,ZAL,Zalgiris Kaunas,Zalgiris,Zalgiris,ZAL,False,https://media-cdn.incrowdsports.com/0aa09358-3847-4c4e-b228-3582ee4e536d.png,94,94,BAS,Baskonia Vitoria-Gasteiz,Baskonia,Baskonia,BKN,False,https://media-cdn.incrowdsports.com/e324a6af-2a72-443e-9813-8bf2d364ddab.png,76,76
2023,RS,275,31,Round 31,Round 31,True,2024-03-22T19:00:00,True,True,1,2024-03-22T19:00:00,2024-03-22T18:00:00Z,"['W', 'W', 'W', 'L', 'W']","['L', 'L', 'L', 'W', 'L']",EuroLeague 2023-24,E2023,2023-24,E,2023,2023-06-29T00:00:00,1c8d3521-392b-4637-8aea-7b35f797bbba,1,Group Regular Season,Regular Season,RS,REGULAR SEASON,Regular Season,True,MCO,AS Monaco,Monaco,Monaco,ASM,False,https://media-cdn.incrowdsports.com/89ed276a-2ba3-413f-8ea2-b3be209ca129.png,79,79,PAM,Valencia Basket,Valencia,Valencia,VBC,False,https://media-cdn.cortextech.io/d88f3c71-1519-4b19-8cfb-99e26a4c008e.png,78,78
2023,RS,276,31,Round 31,Round 31,True,2024-03-22T20:30:00,True,True,1,2024-03-22T20:30:00,2024-03-22T19:30:00Z,"['L', 'W', 'L', 'W', 'W']","['W', 'W', 'W', 'W', 'L']",EuroLeague 2023-24,E2023,2023-24,E,2023,2023-06-29T00:00:00,1c8d3521-392b-4637-8aea-7b35f797bbba,1,Group Regular Season,Regular Season,RS,REGULAR SEASON,Regular Season,True,MIL,EA7 Emporio Armani Milan,Milan,Milan,EA7,False,https://media-cdn.cortextech.io/9512ee73-a0f1-4647-a01e-3c2938aba6b8.png,77,77,ULK,Fenerbahce Beko Istanbul,Fenerbahce,Fenerbahce,FBB,False,https://media-cdn.cortextech.io/3b7f020e-5b39-49a1-b4b2-efea918edab7.png,76,76
2023,RS,277,31,Round 31,Round 31,True,2024-03-22T19:00:00,True,True,1,2024-03-22T19:00:00,2024-03-22T18:00:00Z,"['L', 'L', 'L', 'L', 'W']","['W', 'L', 'L', 'L', 'L']",EuroLeague 2023-24,E2023,2023-24,E,2023,2023-06-29T00:00:00,1c8d3521-392b-4637-8aea-7b35f797bbba,1,Group Regular Season,Regular Season,RS,REGULAR SEASON,Regular Season,True,RED,Crvena Zvezda Meridianbet Belgrade,Zvezda,Crvena Zvezda,CZV,False,https://media-cdn.incrowdsports.com/d2eef4a8-62df-4fdd-9076-276004268515.png,94,94,VIR,Virtus Segafredo Bologna,Virtus,Virtus,VIR,False,https://media-cdn.cortextech.io/1362801d-dd09-4fd0-932d-ead56063ab77.png,79,79
2023,RS,278,31,Round 31,Round 31,True,2024-03-22T20:30:00,True,True,1,2024-03-22T20:30:00,2024-03-22T19:30:00Z,"['W', 'L', 'W', 'L', 'L']","['W', 'W', 'W', 'W', 'W']",EuroLeague 2023-24,E2023,2023-24,E,2023,2023-06-29T00:00:00,1c8d3521-392b-4637-8aea-7b35f797bbba,1,Group Regular Season,Regular Season,RS,REGULAR SEASON,Regular Season,True,MUN,FC Bayern Munich,Bayern,Bayern,BAY,False,https://media-cdn.incrowdsports.com/817b0e58-d595-4b09-ab0b-1e7cc26249ff.png,74,74,TEL,Maccabi Playtika Tel Aviv,Maccabi,Maccabi,MTA,False,https://media-cdn.incrowdsports.com/5c55ef14-29df-4328-bd52-a7a64c432350.png,89,89
2023,RS,279,31,Round 31,Round 31,True,2024-03-22T20:15:00,True,True,2,2024-03-22T21:15:00,2024-03-22T19:15:00Z,"['W', 'W', 'L', 'W', 'W']","['L', 'W', 'W', 'L', 'L']",EuroLeague 2023-24,E2023,2023-24,E,2023,2023-06-29T00:00:00,1c8d3521-392b-4637-8aea-7b35f797bbba,1,Group Regular Season,Regular Season,RS,REGULAR SEASON,Regular Season,True,PAN,Panathinaikos AKTOR Athens,Panathinaikos,Panathinaikos,PAO,False,https://media-cdn.incrowdsports.com/e3dff28a-9ec6-4faf-9d96-ecbc68f75780.png,89,89,BAR,FC Barcelona,Barcelona,Barcelona,BAR,False,https://media-cdn.incrowdsports.com/35dfa503-e417-481f-963a-bdf6f013763e.png,81,81
2023,RS,280,32,Round 32,Round 32,True,2024-03-28T20:30:00,True,True,1,2024-03-28T20:30:00,2024-03-28T19:30:00Z,"['L', 'W', 'L', 'L', 'L']","['W', 'W', 'L', 'L', 'W']",EuroLeague 2023-24,E2023,2023-24,E,2023,2023-06-29T00:00:00,1c8d3521-392b-4637-8aea-7b35f797bbba,1,Group Regular Season,Regular Season,RS,REGULAR SEASON,Regular Season,True,MUN,FC Bayern Munich,Bayern,Bayern,BAY,False,https://media-cdn.incrowdsports.com/817b0e58-d595-4b09-ab0b-1e7cc26249ff.png,79,79,BAR,FC Barcelona,Barcelona,Barcelona,BAR,False,https://media-cdn.incrowdsports.com/35dfa503-e417-481f-963a-bdf6f013763e.png,87,87
2023,RS,281,32,Round 32,Round 32,True,2024-03-28T21:00:00,True,True,1,2024-03-28T21:00:00,2024-03-28T20:00:00Z,"['L', 'W', 'L', 'L', 'L']","['W', 'W', 'L', 'W', 'W']",EuroLeague 2023-24,E2023,2023-24,E,2023,2023-06-29T00:00:00,1c8d3521-392b-4637-8aea-7b35f797bbba,1,Group Regular Season,Regular Season,RS,REGULAR SEASON,Regular Season,True,ASV,LDLC ASVEL Villeurbanne,ASVEL,ASVEL,ASV,False,https://media-cdn.incrowdsports.com/e33c6d1a-95ca-4dbc-b8cb-0201812104cc.png,77,77,MCO,AS Monaco,Monaco,Monaco,ASM,False,https://media-cdn.incrowdsports.com/89ed276a-2ba3-413f-8ea2-b3be209ca129.png,87,87
2023,RS,282,32,Round 32,Round 32,True,2024-03-28T20:30:00,True,True,1,2024-03-28T20:30:00,2024-03-28T19:30:00Z,"['W', 'W', 'L', 'L', 'L']","['W', 'L', 'W', 'W', 'W']",EuroLeague 2023-24,E2023,2023-24,E,2023,2023-06-29T00:00:00,1c8d3521-392b-4637-8aea-7b35f797bbba,1,Group Regular Season,Regular Season,RS,REGULAR SEASON,Regular Season,True,BAS,Baskonia Vitoria-Gasteiz,Baskonia,Baskonia,BKN,False,https://media-cdn.incrowdsports.com/e324a6af-2a72-443e-9813-8bf2d364ddab.png,76,76,IST,Anadolu Efes Istanbul,Efes,Efes,EFS,False,https://media-cdn.cortextech.io/9a463aa2-ceb2-481c-9a95-1cddee0a248e.png,97,97
2023,RS,283,32,Round 32,Round 32,True,2024-03-27T20:30:00,True,True,1,2024-03-27T20:30:00,2024-03-27T19:30:00Z,"['W', 'W', 'W', 'W', 'W']","['L', 'L', 'W', 'L', 'L']",EuroLeague 2023-24,E2023,2023-24,E,2023,2023-06-29T00:00:00,1c8d3521-392b-4637-8aea-7b35f797bbba,1,Group Regular Season,Regular Season,RS,REGULAR SEASON,Regular Season,True,TEL,Maccabi Playtika Tel Aviv,Maccabi,Maccabi,MTA,False,https://media-cdn.incrowdsports.com/5c55ef14-29df-4328-bd52-a7a64c432350.png,95,95,PAM,Valencia Basket,Valencia,Valencia,VBC,False,https://media-cdn.cortextech.io/d88f3c71-1519-4b19-8cfb-99e26a4c008e.png,80,80
2023,RS,284,32,Round 32,Round 32,True,2024-03-28T20:30:00,True,True,1,2024-03-28T20:30:00,2024-03-28T19:30:00Z,"['L', 'L', 'W', 'L', 'L']","['W', 'W', 'L', 'W', 'W']",EuroLeague 2023-24,E2023,2023-24,E,2023,2023-06-29T00:00:00,1c8d3521-392b-4637-8aea-7b35f797bbba,1,Group Regular Season,Regular Season,RS,REGULAR SEASON,Regular Season,True,PAR,Partizan Mozzart Bet Belgrade,Partizan,Partizan,PAR,False,https://media-cdn.incrowdsports.com/2681304e-77dd-4331-88b1-683078c0fb49.png,69,69,OLY,Olympiacos Piraeus,Olympiacos,Olympiacos,OLY,False,https://media-cdn.incrowdsports.com/789423ac-3cdf-4b89-b11c-b458aa5f59a6.png,74,74
2023,RS,285,32,Round 32,Round 32,True,2024-03-28T19:00:00,True,True,2,2024-03-28T20:00:00,2024-03-28T18:00:00Z,"['L', 'L', 'W', 'W', 'W']","['W', 'L', 'W', 'W', 'L']",EuroLeague 2023-24,E2023,2023-24,E,2023,2023-06-29T00:00:00,1c8d3521-392b-4637-8aea-7b35f797bbba,1,Group Regular Season,Regular Season,RS,REGULAR SEASON,Regular Season,True,ZAL,Zalgiris Kaunas,Zalgiris,Zalgiris,ZAL,False,https://media-cdn.incrowdsports.com/0aa09358-3847-4c4e-b228-3582ee4e536d.png,87,87,MIL,EA7 Emporio Armani Milan,Milan,Milan,EA7,False,https://media-cdn.cortextech.io/9512ee73-a0f1-4647-a01e-3c2938aba6b8.png,73,73
2023,RS,286,32,Round 32,Round 32,True,2024-03-29T18:45:00,True,True,3,2024-03-29T20:45:00,2024-03-29T17:45:00Z,"['W', 'W', 'W', 'L', 'W']","['L', 'L', 'L', 'L', 'L']",EuroLeague 2023-24,E2023,2023-24,E,2023,2023-06-29T00:00:00,1c8d3521-392b-4637-8aea-7b35f797bbba,1,Group Regular Season,Regular Season,RS,REGULAR SEASON,Regular Season,True,ULK,Fenerbahce Beko Istanbul,Fenerbahce,Fenerbahce,FBB,False,https://media-cdn.cortextech.io/3b7f020e-5b39-49a1-b4b2-efea918edab7.png,103,103,BER,ALBA Berlin,ALBA,ALBA,BER,False,https://media-cdn.incrowdsports.com/ccc34858-22b0-47dc-904c-9940b0a16ff3.png,68,68
2023,RS,287,32,Round 32,Round 32,True,2024-03-29T20:30:00,True,True,1,2024-03-29T20:30:00,2024-03-29T19:30:00Z,"['L', 'W', 'W', 'W', 'W']","['L', 'L', 'L', 'W', 'L']",EuroLeague 2023-24,E2023,2023-24,E,2023,2023-06-29T00:00:00,1c8d3521-392b-4637-8aea-7b35f797bbba,1,Group Regular Season,Regular Season,RS,REGULAR SEASON,Regular Season,True,MAD,Real Madrid,Real,Real,RMB,False,https://media-cdn.incrowdsports.com/1a3e1404-4f6f-4ede-9d8b-30eee7cb51b4.png,101,101,RED,Crvena Zvezda Meridianbet Belgrade,Zvezda,Crvena Zvezda,CZV,False,https://media-cdn.incrowdsports.com/d2eef4a8-62df-4fdd-9076-276004268515.png,94,94
2023,RS,288,32,Round 32,Round 32,True,2024-03-29T20:30:00,True,True,1,2024-03-29T20:30:00,2024-03-29T19:30:00Z,"['L', 'L', 'L', 'L', 'L']","['W', 'L', 'W', 'W', 'W']",EuroLeague 2023-24,E2023,2023-24,E,2023,2023-06-29T00:00:00,1c8d3521-392b-4637-8aea-7b35f797bbba,1,Group Regular Season,Regular Season,RS,REGULAR SEASON,Regular Season,True,VIR,Virtus Segafredo Bologna,Virtus,Virtus,VIR,False,https://media-cdn.cortextech.io/1362801d-dd09-4fd0-932d-ead56063ab77.png,79,79,PAN,Panathinaikos AKTOR Athens,Panathinaikos,Panathinaikos,PAO,False,https://media-cdn.incrowdsports.com/e3dff28a-9ec6-4faf-9d96-ecbc68f75780.png,81,81
2023,RS,289,33,Round 33,Round 33,True,2024-04-04T20:30:00,True,True,2,2024-04-04T20:30:00,2024-04-04T18:30:00Z,"['L', 'L', 'L', 'L', 'L']","['L', 'W', 'L', 'L', 'W']",EuroLeague 2023-24,E2023,2023-24,E,2023,2023-06-29T00:00:00,1c8d3521-392b-4637-8aea-7b35f797bbba,1,Group Regular Season,Regular Season,RS,REGULAR SEASON,Regular Season,True,BER,ALBA Berlin,ALBA,ALBA,BER,False,https://media-cdn.incrowdsports.com/ccc34858-22b0-47dc-904c-9940b0a16ff3.png,83,83,PAR,Partizan Mozzart Bet Belgrade,Partizan,Partizan,PAR,False,https://media-cdn.incrowdsports.com/2681304e-77dd-4331-88b1-683078c0fb49.png,94,94
2023,RS,290,33,Round 33,Round 33,True,2024-04-04T19:00:00,True,True,2,2024-04-04T19:00:00,2024-04-04T17:00:00Z,"['W', 'L', 'W', 'W', 'W']","['L', 'W', 'W', 'W', 'L']",EuroLeague 2023-24,E2023,2023-24,E,2023,2023-06-29T00:00:00,1c8d3521-392b-4637-8aea-7b35f797bbba,1,Group Regular Season,Regular Season,RS,REGULAR SEASON,Regular Season,True,MCO,AS Monaco,Monaco,Monaco,ASM,False,https://media-cdn.incrowdsports.com/89ed276a-2ba3-413f-8ea2-b3be209ca129.png,69,69,ZAL,Zalgiris Kaunas,Zalgiris,Zalgiris,ZAL,False,https://media-cdn.incrowdsports.com/0aa09358-3847-4c4e-b228-3582ee4e536d.png,66,66
2023,RS,291,33,Round 33,Round 33,True,2024-04-04T19:00:00,True,True,2,2024-04-04T19:00:00,2024-04-04T17:00:00Z,"['L', 'L', 'W', 'L', 'L']","['W', 'L', 'W', 'W', 'W']",EuroLeague 2023-24,E2023,2023-24,E,2023,2023-06-29T00:00:00,1c8d3521-392b-4637-8aea-7b35f797bbba,1,Group Regular Season,Regular Season,RS,REGULAR SEASON,Regular Season,True,RED,Crvena Zvezda Meridianbet Belgrade,Zvezda,Crvena Zvezda,CZV,False,https://media-cdn.incrowdsports.com/d2eef4a8-62df-4fdd-9076-276004268515.png,86,86,OLY,Olympiacos Piraeus,Olympiacos,Olympiacos,OLY,False,https://media-cdn.incrowdsports.com/789423ac-3cdf-4b89-b11c-b458aa5f59a6.png,89,89
2023,RS,292,33,Round 33,Round 33,True,2024-04-04T20:30:00,True,True,2,2024-04-04T20:30:00,2024-04-04T18:30:00Z,"['W', 'L', 'L', 'W', 'W']","['W', 'W', 'W', 'W', 'L']",EuroLeague 2023-24,E2023,2023-24,E,2023,2023-06-29T00:00:00,1c8d3521-392b-4637-8aea-7b35f797bbba,1,Group Regular Season,Regular Season,RS,REGULAR SEASON,Regular Season,True,BAR,FC Barcelona,Barcelona,Barcelona,BAR,False,https://media-cdn.incrowdsports.com/35dfa503-e417-481f-963a-bdf6f013763e.png,92,92,TEL,Maccabi Playtika Tel Aviv,Maccabi,Maccabi,MTA,False,https://media-cdn.incrowdsports.com/5c55ef14-29df-4328-bd52-a7a64c432350.png,89,89
2023,RS,293,33,Round 33,Round 33,True,2024-04-04T20:45:00,True,True,2,2024-04-04T20:45:00,2024-04-04T18:45:00Z,"['L', 'W', 'L', 'L', 'L']","['W', 'L', 'L', 'L', 'W']",EuroLeague 2023-24,E2023,2023-24,E,2023,2023-06-29T00:00:00,1c8d3521-392b-4637-8aea-7b35f797bbba,1,Group Regular Season,Regular Season,RS,REGULAR SEASON,Regular Season,True,PAM,Valencia Basket,Valencia,Valencia,VBC,False,https://media-cdn.cortextech.io/d88f3c71-1519-4b19-8cfb-99e26a4c008e.png,69,69,ASV,LDLC ASVEL Villeurbanne,ASVEL,ASVEL,ASV,False,https://media-cdn.incrowdsports.com/e33c6d1a-95ca-4dbc-b8cb-0201812104cc.png,98,98
2023,RS,294,33,Round 33,Round 33,True,2024-04-05T20:30:00,True,True,2,2024-04-05T20:30:00,2024-04-05T18:30:00Z,"['L', 'W', 'W', 'L', 'W']","['L', 'L', 'L', 'L', 'L']",EuroLeague 2023-24,E2023,2023-24,E,2023,2023-06-29T00:00:00,1c8d3521-392b-4637-8aea-7b35f797bbba,1,Group Regular Season,Regular Season,RS,REGULAR SEASON,Regular Season,True,MIL,EA7 Emporio Armani Milan,Milan,Milan,EA7,False,https://media-cdn.cortextech.io/9512ee73-a0f1-4647-a01e-3c2938aba6b8.png,90,90,VIR,Virtus Segafredo Bologna,Virtus,Virtus,VIR,False,https://media-cdn.cortextech.io/1362801d-dd09-4fd0-932d-ead56063ab77.png,75,75
2023,RS,295,33,Round 33,Round 33,True,2024-04-05T20:30:00,True,True,2,2024-04-05T20:30:00,2024-04-05T18:30:00Z,"['W', 'L', 'L', 'L', 'L']","['L', 'W', 'W', 'W', 'W']",EuroLeague 2023-24,E2023,2023-24,E,2023,2023-06-29T00:00:00,1c8d3521-392b-4637-8aea-7b35f797bbba,1,Group Regular Season,Regular Season,RS,REGULAR SEASON,Regular Season,True,MUN,FC Bayern Munich,Bayern,Bayern,BAY,False,https://media-cdn.incrowdsports.com/817b0e58-d595-4b09-ab0b-1e7cc26249ff.png,75,75,PAN,Panathinaikos AKTOR Athens,Panathinaikos,Panathinaikos,PAO,False,https://media-cdn.incrowdsports.com/e3dff28a-9ec6-4faf-9d96-ecbc68f75780.png,82,82
2023,RS,296,33,Round 33,Round 33,True,2024-04-05T19:45:00,True,True,3,2024-04-05T20:45:00,2024-04-05T17:45:00Z,"['W', 'W', 'L', 'W', 'L']","['L', 'W', 'W', 'W', 'W']",EuroLeague 2023-24,E2023,2023-24,E,2023,2023-06-29T00:00:00,1c8d3521-392b-4637-8aea-7b35f797bbba,1,Group Regular Season,Regular Season,RS,REGULAR SEASON,Regular Season,True,ULK,Fenerbahce Beko Istanbul,Fenerbahce,Fenerbahce,FBB,False,https://media-cdn.cortextech.io/3b7f020e-5b39-49a1-b4b2-efea918edab7.png,80,80,IST,Anadolu Efes Istanbul,Efes,Efes,EFS,False,https://media-cdn.cortextech.io/9a463aa2-ceb2-481c-9a95-1cddee0a248e.png,82,82
2023,RS,297,33,Round 33,Round 33,True,2024-04-05T20:30:00,True,True,2,2024-04-05T20:30:00,2024-04-05T18:30:00Z,"['W', 'W', 'W', 'W', 'L']","['W', 'L', 'L', 'L', 'W']",EuroLeague 2023-24,E2023,2023-24,E,2023,2023-06-29T00:00:00,1c8d3521-392b-4637-8aea-7b35f797bbba,1,Group Regular Season,Regular Season,RS,REGULAR SEASON,Regular Season,True,MAD,Real Madrid,Real,Real,RMB,False,https://media-cdn.incrowdsports.com/1a3e1404-4f6f-4ede-9d8b-30eee7cb51b4.png,91,91,BAS,Baskonia Vitoria-Gasteiz,Baskonia,Baskonia,BKN,False,https://media-cdn.incrowdsports.com/e324a6af-2a72-443e-9813-8bf2d364ddab.png,95,95
2023,RS,298,34,Round 34,Round 34,True,2024-04-11T19:30:00,True,True,3,2024-04-11T20:30:00,2024-04-11T17:30:00Z,"['W', 'W', 'W', 'W', 'W']","['L', 'W', 'L', 'L', 'L']",EuroLeague 2023-24,E2023,2023-24,E,2023,2023-06-29T00:00:00,1c8d3521-392b-4637-8aea-7b35f797bbba,1,Group Regular Season,Regular Season,RS,REGULAR SEASON,Regular Season,True,IST,Anadolu Efes Istanbul,Efes,Efes,EFS,False,https://media-cdn.cortextech.io/9a463aa2-ceb2-481c-9a95-1cddee0a248e.png,100,100,RED,Crvena Zvezda Meridianbet Belgrade,Zvezda,Crvena Zvezda,CZV,False,https://media-cdn.incrowdsports.com/d2eef4a8-62df-4fdd-9076-276004268515.png,55,55
2023,RS,299,34,Round 34,Round 34,True,2024-04-11T19:00:00,True,True,2,2024-04-11T19:00:00,2024-04-11T17:00:00Z,"['L', 'W', 'W', 'W', 'W']","['L', 'L', 'L', 'L', 'L']",EuroLeague 2023-24,E2023,2023-24,E,2023,2023-06-29T00:00:00,1c8d3521-392b-4637-8aea-7b35f797bbba,1,Group Regular Season,Regular Season,RS,REGULAR SEASON,Regular Season,True,MCO,AS Monaco,Monaco,Monaco,ASM,False,https://media-cdn.incrowdsports.com/89ed276a-2ba3-413f-8ea2-b3be209ca129.png,89,89,MUN,FC Bayern Munich,Bayern,Bayern,BAY,False,https://media-cdn.incrowdsports.com/817b0e58-d595-4b09-ab0b-1e7cc26249ff.png,85,85
2023,RS,300,34,Round 34,Round 34,True,2024-04-11T20:05:00,True,True,2,2024-04-11T20:05:00,2024-04-11T18:05:00Z,"['W', 'W', 'W', 'L', 'W']","['W', 'W', 'L', 'W', 'L']",EuroLeague 2023-24,E2023,2023-24,E,2023,2023-06-29T00:00:00,1c8d3521-392b-4637-8aea-7b35f797bbba,1,Group Regular Season,Regular Season,RS,REGULAR SEASON,Regular Season,True,TEL,Maccabi Playtika Tel Aviv,Maccabi,Maccabi,MTA,False,https://media-cdn.incrowdsports.com/5c55ef14-29df-4328-bd52-a7a64c432350.png,92,92,MIL,EA7 Emporio Armani Milan,Milan,Milan,EA7,False,https://media-cdn.cortextech.io/9512ee73-a0f1-4647-a01e-3c2938aba6b8.png,86,86
2023,RS,301,34,Round 34,Round 34,True,2024-04-11T20:15:00,True,True,3,2024-04-11T21:15:00,2024-04-11T18:15:00Z,"['W', 'W', 'W', 'W', 'W']","['L', 'L', 'L', 'L', 'L']",EuroLeague 2023-24,E2023,2023-24,E,2023,2023-06-29T00:00:00,1c8d3521-392b-4637-8aea-7b35f797bbba,1,Group Regular Season,Regular Season,RS,REGULAR SEASON,Regular Season,True,PAN,Panathinaikos AKTOR Athens,Panathinaikos,Panathinaikos,PAO,False,https://media-cdn.incrowdsports.com/e3dff28a-9ec6-4faf-9d96-ecbc68f75780.png,84,84,BER,ALBA Berlin,ALBA,ALBA,BER,False,https://media-cdn.incrowdsports.com/ccc34858-22b0-47dc-904c-9940b0a16ff3.png,75,75
2023,RS,302,34,Round 34,Round 34,True,2024-04-11T19:00:00,True,True,3,2024-04-11T20:00:00,2024-04-11T17:00:00Z,"['W', 'W', 'W', 'L', 'L']","['W', 'W', 'W', 'L', 'W']",EuroLeague 2023-24,E2023,2023-24,E,2023,2023-06-29T00:00:00,1c8d3521-392b-4637-8aea-7b35f797bbba,1,Group Regular Season,Regular Season,RS,REGULAR SEASON,Regular Season,True,ZAL,Zalgiris Kaunas,Zalgiris,Zalgiris,ZAL,False,https://media-cdn.incrowdsports.com/0aa09358-3847-4c4e-b228-3582ee4e536d.png,62,62,MAD,Real Madrid,Real,Real,RMB,False,https://media-cdn.incrowdsports.com/1a3e1404-4f6f-4ede-9d8b-30eee7cb51b4.png,64,64
2023,RS,303,34,Round 34,Round 34,True,2024-04-12T20:30:00,True,True,2,2024-04-12T20:30:00,2024-04-12T18:30:00Z,"['L', 'L', 'L', 'L', 'L']","['L', 'L', 'L', 'W', 'W']",EuroLeague 2023-24,E2023,2023-24,E,2023,2023-06-29T00:00:00,1c8d3521-392b-4637-8aea-7b35f797bbba,1,Group Regular Season,Regular Season,RS,REGULAR SEASON,Regular Season,True,VIR,Virtus Segafredo Bologna,Virtus,Virtus,VIR,False,https://media-cdn.cortextech.io/1362801d-dd09-4fd0-932d-ead56063ab77.png,91,91,BAS,Baskonia Vitoria-Gasteiz,Baskonia,Baskonia,BKN,False,https://media-cdn.incrowdsports.com/e324a6af-2a72-443e-9813-8bf2d364ddab.png,95,95
2023,RS,304,34,Round 34,Round 34,True,2024-04-12T21:00:00,True,True,2,2024-04-12T21:00:00,2024-04-12T19:00:00Z,"['L', 'L', 'L', 'W', 'W']","['L', 'L', 'W', 'W', 'L']",EuroLeague 2023-24,E2023,2023-24,E,2023,2023-06-29T00:00:00,1c8d3521-392b-4637-8aea-7b35f797bbba,1,Group Regular Season,Regular Season,RS,REGULAR SEASON,Regular Season,True,ASV,LDLC ASVEL Villeurbanne,ASVEL,ASVEL,ASV,False,https://media-cdn.incrowdsports.com/e33c6d1a-95ca-4dbc-b8cb-0201812104cc.png,76,76,BAR,FC Barcelona,Barcelona,Barcelona,BAR,False,https://media-cdn.incrowdsports.com/35dfa503-e417-481f-963a-bdf6f013763e.png,72,72
2023,RS,305,34,Round 34,Round 34,True,2024-04-12T20:15:00,True,True,3,2024-04-12T21:15:00,2024-04-12T18:15:00Z,"['L', 'W', 'W', 'W', 'W']","['W', 'L', 'W', 'L', 'L']",EuroLeague 2023-24,E2023,2023-24,E,2023,2023-06-29T00:00:00,1c8d3521-392b-4637-8aea-7b35f797bbba,1,Group Regular Season,Regular Season,RS,REGULAR SEASON,Regular Season,True,OLY,Olympiacos Piraeus,Olympiacos,Olympiacos,OLY,False,https://media-cdn.incrowdsports.com/789423ac-3cdf-4b89-b11c-b458aa5f59a6.png,84,69,ULK,Fenerbahce Beko Istanbul,Fenerbahce,Fenerbahce,FBB,False,https://media-cdn.cortextech.io/3b7f020e-5b39-49a1-b4b2-efea918edab7.png,81,69
2023,RS,306,34,Round 34,Round 34,True,2024-04-12T20:30:00,True,True,2,2024-04-12T20:30:00,2024-04-12T18:30:00Z,"['W', 'L', 'L', 'W', 'W']","['W', 'L', 'L', 'L', 'L']",EuroLeague 2023-24,E2023,2023-24,E,2023,2023-06-29T00:00:00,1c8d3521-392b-4637-8aea-7b35f797bbba,1,Group Regular Season,Regular Season,RS,REGULAR SEASON,Regular Season,True,PAR,Partizan Mozzart Bet Belgrade,Partizan,Partizan,PAR,False,https://media-cdn.incrowdsports.com/2681304e-77dd-4331-88b1-683078c0fb49.png,79,79,PAM,Valencia Basket,Valencia,Valencia,VBC,False,https://media-cdn.cortextech.io/d88f3c71-1519-4b19-8cfb-99e26a4c008e.png,66,66
2023,PI,307,35,Round 35,Round 35,True,2024-04-16T19:00:00,True,True,2,2024-04-16T19:00:00,2024-04-16T17:00:00Z,"['W', 'W', 'L', 'W', 'W']","['L', 'L', 'W', 'W', 'L']",EuroLeague 2023-24,E2023,2023-24,E,2023,2023-06-29T00:00:00,40115a86-bec9-4c70-96f6-c8239fae7e94,1,Group A,A,PI,PLAY-IN,Play-In,False,TEL,Maccabi Playtika Tel Aviv,Maccabi,Maccabi,MTA,False,https://media-cdn.incrowdsports.com/5c55ef14-29df-4328-bd52-a7a64c432350.png,113,113,BAS,Baskonia Vitoria-Gasteiz,Baskonia,Baskonia,BKN,False,https://media-cdn.incrowdsports.com/e324a6af-2a72-443e-9813-8bf2d364ddab.png,85,85
2023,PI,308,35,Round 35,Round 35,True,2024-04-16T20:00:00,True,True,3,2024-04-16T21:00:00,2024-04-16T18:00:00Z,"['W', 'W', 'W', 'W', 'L']","['L', 'L', 'L', 'L', 'W']",EuroLeague 2023-24,E2023,2023-24,E,2023,2023-06-29T00:00:00,ea040c91-0fe0-402c-b39c-c18d829bd489,2,Group B,B,PI,PLAY-IN,Play-In,False,IST,Anadolu Efes Istanbul,Efes,Efes,EFS,False,https://media-cdn.cortextech.io/9a463aa2-ceb2-481c-9a95-1cddee0a248e.png,64,64,VIR,Virtus Segafredo Bologna,Virtus,Virtus,VIR,False,https://media-cdn.cortextech.io/1362801d-dd09-4fd0-932d-ead56063ab77.png,67,67
2023,PI,309,36,Round 36,Round 36,True,2024-04-19T20:30:00,True,True,2,2024-04-19T20:30:00,2024-04-19T18:30:00Z,"['L', 'W', 'W', 'L', 'W']","['L', 'L', 'L', 'W', 'L']",EuroLeague 2023-24,E2023,2023-24,E,2023,2023-06-29T00:00:00,9598b29a-dbf3-4ff2-8498-d92620480112,3,Group C,C,PI,PLAY-IN,Play-In,False,BAS,Baskonia Vitoria-Gasteiz,Baskonia,Baskonia,BKN,False,https://media-cdn.incrowdsports.com/e324a6af-2a72-443e-9813-8bf2d364ddab.png,89,89,VIR,Virtus Segafredo Bologna,Virtus,Virtus,VIR,False,https://media-cdn.cortextech.io/1362801d-dd09-4fd0-932d-ead56063ab77.png,77,77
2023,PO,310,37,Round 37,Round 37,True,2024-04-23T21:00:00,True,True,2,2024-04-23T21:00:00,2024-04-23T19:00:00Z,"['W', 'W', 'L', 'W', 'W']","['W', 'W', 'L', 'W', 'L']",EuroLeague 2023-24,E2023,2023-24,E,2023,2023-06-29T00:00:00,d9c7d71e-6849-41d8-9a44-6e9a96dfdb01,1,Group PLAYOFF A ,PLAYOFF A ,PO,PLAYOFFS,Playoffs,False,MAD,Real Madrid,Real,Real,RMB,False,https://media-cdn.incrowdsports.com/1a3e1404-4f6f-4ede-9d8b-30eee7cb51b4.png,90,90,BAS,Baskonia Vitoria-Gasteiz,Baskonia,Baskonia,BKN,False,https://media-cdn.incrowdsports.com/e324a6af-2a72-443e-9813-8bf2d364ddab.png,74,74
2023,PO,311,37,Round 37,Round 37,True,2024-04-24T21:00:00,True,True,2,2024-04-24T21:00:00,2024-04-24T19:00:00Z,"['L', 'W', 'W', 'L', 'L']","['W', 'W', 'W', 'W', 'W']",EuroLeague 2023-24,E2023,2023-24,E,2023,2023-06-29T00:00:00,6d810711-0ad7-4769-8ab2-6dda3071b1e1,2,Group PLAYOFF B,PLAYOFF B,PO,PLAYOFFS,Playoffs,False,BAR,FC Barcelona,Barcelona,Barcelona,BAR,False,https://media-cdn.incrowdsports.com/35dfa503-e417-481f-963a-bdf6f013763e.png,75,75,OLY,Olympiacos Piraeus,Olympiacos,Olympiacos,OLY,False,https://media-cdn.incrowdsports.com/789423ac-3cdf-4b89-b11c-b458aa5f59a6.png,77,77
2023,PO,312,37,Round 37,Round 37,True,2024-04-24T19:00:00,True,True,2,2024-04-24T19:00:00,2024-04-24T17:00:00Z,"['W', 'W', 'W', 'W', 'L']","['L', 'W', 'L', 'L', 'W']",EuroLeague 2023-24,E2023,2023-24,E,2023,2023-06-29T00:00:00,86596270-0576-4e52-b969-2e44c8047c32,3,Group PLAYOFF C,PLAYOFF C,PO,PLAYOFFS,Playoffs,False,MCO,AS Monaco,Monaco,Monaco,ASM,False,https://media-cdn.incrowdsports.com/89ed276a-2ba3-413f-8ea2-b3be209ca129.png,91,81,ULK,Fenerbahce Beko Istanbul,Fenerbahce,Fenerbahce,FBB,False,https://media-cdn.cortextech.io/3b7f020e-5b39-49a1-b4b2-efea918edab7.png,95,81
2023,PO,313,37,Round 37,Round 37,True,2024-04-23T19:30:00,True,True,3,2024-04-23T20:30:00,2024-04-23T17:30:00Z,"['W', 'W', 'W', 'W', 'L']","['W', 'L', 'W', 'W', 'W']",EuroLeague 2023-24,E2023,2023-24,E,2023,2023-06-29T00:00:00,1dce7afe-b17a-472e-afbe-7f9a3d8e83e5,4,Group PLAYOFF D,PLAYOFF D,PO,PLAYOFFS,Playoffs,False,PAN,Panathinaikos AKTOR Athens,Panathinaikos,Panathinaikos,PAO,False,https://media-cdn.incrowdsports.com/e3dff28a-9ec6-4faf-9d96-ecbc68f75780.png,87,87,TEL,Maccabi Playtika Tel Aviv,Maccabi,Maccabi,MTA,False,https://media-cdn.incrowdsports.com/5c55ef14-29df-4328-bd52-a7a64c432350.png,91,91
2023,PO,314,38,Round 38,Round 38,True,2024-04-25T21:00:00,True,True,2,2024-04-25T21:00:00,2024-04-25T19:00:00Z,"['W', 'L', 'W', 'W', 'W']","['W', 'L', 'W', 'L', 'L']",EuroLeague 2023-24,E2023,2023-24,E,2023,2023-06-29T00:00:00,d9c7d71e-6849-41d8-9a44-6e9a96dfdb01,1,Group PLAYOFF A ,PLAYOFF A ,PO,PLAYOFFS,Playoffs,False,MAD,Real Madrid,Real,Real,RMB,False,https://media-cdn.incrowdsports.com/1a3e1404-4f6f-4ede-9d8b-30eee7cb51b4.png,101,101,BAS,Baskonia Vitoria-Gasteiz,Baskonia,Baskonia,BKN,False,https://media-cdn.incrowdsports.com/e324a6af-2a72-443e-9813-8bf2d364ddab.png,90,90
2023,PO,315,38,Round 38,Round 38,True,2024-04-26T21:00:00,True,True,2,2024-04-26T21:00:00,2024-04-26T19:00:00Z,"['W', 'W', 'L', 'L', 'W']","['W', 'W', 'W', 'W', 'L']",EuroLeague 2023-24,E2023,2023-24,E,2023,2023-06-29T00:00:00,6d810711-0ad7-4769-8ab2-6dda3071b1e1,2,Group PLAYOFF B,PLAYOFF B,PO,PLAYOFFS,Playoffs,False,BAR,FC Barcelona,Barcelona,Barcelona,BAR,False,https://media-cdn.incrowdsports.com/35dfa503-e417-481f-963a-bdf6f013763e.png,77,77,OLY,Olympiacos Piraeus,Olympiacos,Olympiacos,OLY,False,https://media-cdn.incrowdsports.com/789423ac-3cdf-4b89-b11c-b458aa5f59a6.png,69,69
2023,PO,316,38,Round 38,Round 38,True,2024-04-26T19:00:00,True,True,2,2024-04-26T19:00:00,2024-04-26T17:00:00Z,"['W', 'W', 'W', 'L', 'W']","['W', 'L', 'L', 'W', 'L']",EuroLeague 2023-24,E2023,2023-24,E,2023,2023-06-29T00:00:00,86596270-0576-4e52-b969-2e44c8047c32,3,Group PLAYOFF C,PLAYOFF C,PO,PLAYOFFS,Playoffs,False,MCO,AS Monaco,Monaco,Monaco,ASM,False,https://media-cdn.incrowdsports.com/89ed276a-2ba3-413f-8ea2-b3be209ca129.png,93,93,ULK,Fenerbahce Beko Istanbul,Fenerbahce,Fenerbahce,FBB,False,https://media-cdn.cortextech.io/3b7f020e-5b39-49a1-b4b2-efea918edab7.png,88,88
2023,PO,317,38,Round 38,Round 38,True,2024-04-25T20:15:00,True,True,3,2024-04-25T21:15:00,2024-04-25T18:15:00Z,"['W', 'W', 'W', 'L', 'W']","['L', 'W', 'W', 'W', 'L']",EuroLeague 2023-24,E2023,2023-24,E,2023,2023-06-29T00:00:00,1dce7afe-b17a-472e-afbe-7f9a3d8e83e5,4,Group PLAYOFF D,PLAYOFF D,PO,PLAYOFFS,Playoffs,False,PAN,Panathinaikos AKTOR Athens,Panathinaikos,Panathinaikos,PAO,False,https://media-cdn.incrowdsports.com/e3dff28a-9ec6-4faf-9d96-ecbc68f75780.png,95,95,TEL,Maccabi Playtika Tel Aviv,Maccabi,Maccabi,MTA,False,https://media-cdn.incrowdsports.com/5c55ef14-29df-4328-bd52-a7a64c432350.png,79,79
2023,PO,318,39,Round 39,Round 39,True,2024-05-01T20:30:00,True,True,2,2024-05-01T20:30:00,2024-05-01T18:30:00Z,"['L', 'W', 'L', 'L', 'L']","['L', 'W', 'W', 'W', 'W']",EuroLeague 2023-24,E2023,2023-24,E,2023,2023-06-29T00:00:00,d9c7d71e-6849-41d8-9a44-6e9a96dfdb01,1,Group PLAYOFF A ,PLAYOFF A ,PO,PLAYOFFS,Playoffs,False,BAS,Baskonia Vitoria-Gasteiz,Baskonia,Baskonia,BKN,False,https://media-cdn.incrowdsports.com/e324a6af-2a72-443e-9813-8bf2d364ddab.png,98,98,MAD,Real Madrid,Real,Real,RMB,False,https://media-cdn.incrowdsports.com/1a3e1404-4f6f-4ede-9d8b-30eee7cb51b4.png,102,102
2023,PO,319,39,Round 39,Round 39,True,2024-04-30T20:30:00,True,True,3,2024-04-30T21:30:00,2024-04-30T18:30:00Z,"['W', 'W', 'W', 'L', 'L']","['W', 'L', 'L', 'W', 'W']",EuroLeague 2023-24,E2023,2023-24,E,2023,2023-06-29T00:00:00,6d810711-0ad7-4769-8ab2-6dda3071b1e1,2,Group PLAYOFF B,PLAYOFF B,PO,PLAYOFFS,Playoffs,False,OLY,Olympiacos Piraeus,Olympiacos,Olympiacos,OLY,False,https://media-cdn.incrowdsports.com/789423ac-3cdf-4b89-b11c-b458aa5f59a6.png,80,71,BAR,FC Barcelona,Barcelona,Barcelona,BAR,False,https://media-cdn.incrowdsports.com/35dfa503-e417-481f-963a-bdf6f013763e.png,82,71
2023,PO,320,39,Round 39,Round 39,True,2024-05-01T19:45:00,True,True,3,2024-05-01T20:45:00,2024-05-01T17:45:00Z,"['L', 'L', 'W', 'L', 'W']","['W', 'W', 'L', 'W', 'L']",EuroLeague 2023-24,E2023,2023-24,E,2023,2023-06-29T00:00:00,86596270-0576-4e52-b969-2e44c8047c32,3,Group PLAYOFF C,PLAYOFF C,PO,PLAYOFFS,Playoffs,False,ULK,Fenerbahce Beko Istanbul,Fenerbahce,Fenerbahce,FBB,False,https://media-cdn.cortextech.io/3b7f020e-5b39-49a1-b4b2-efea918edab7.png,89,89,MCO,AS Monaco,Monaco,Monaco,ASM,False,https://media-cdn.incrowdsports.com/89ed276a-2ba3-413f-8ea2-b3be209ca129.png,78,78
2023,PO,321,39,Round 39,Round 39,True,2024-04-30T19:00:00,True,True,2,2024-04-30T19:00:00,2024-04-30T17:00:00Z,"['W', 'W', 'W', 'L', 'W']","['W', 'W', 'L', 'W', 'L']",EuroLeague 2023-24,E2023,2023-24,E,2023,2023-06-29T00:00:00,1dce7afe-b17a-472e-afbe-7f9a3d8e83e5,4,Group PLAYOFF D,PLAYOFF D,PO,PLAYOFFS,Playoffs,False,TEL,Maccabi Playtika Tel Aviv,Maccabi,Maccabi,MTA,False,https://media-cdn.incrowdsports.com/5c55ef14-29df-4328-bd52-a7a64c432350.png,85,85,PAN,Panathinaikos AKTOR Athens,Panathinaikos,Panathinaikos,PAO,False,https://media-cdn.incrowdsports.com/e3dff28a-9ec6-4faf-9d96-ecbc68f75780.png,83,83
2023,PO,323,40,Round 40,Round 40,True,2024-05-02T18:45:00,True,True,3,2024-05-02T19:45:00,2024-05-02T16:45:00Z,"['W', 'W', 'L', 'L', 'W']","['L', 'L', 'W', 'W', 'L']",EuroLeague 2023-24,E2023,2023-24,E,2023,2023-06-29T00:00:00,6d810711-0ad7-4769-8ab2-6dda3071b1e1,2,Group PLAYOFF B,PLAYOFF B,PO,PLAYOFFS,Playoffs,False,OLY,Olympiacos Piraeus,Olympiacos,Olympiacos,OLY,False,https://media-cdn.incrowdsports.com/789423ac-3cdf-4b89-b11c-b458aa5f59a6.png,92,92,BAR,FC Barcelona,Barcelona,Barcelona,BAR,False,https://media-cdn.incrowdsports.com/35dfa503-e417-481f-963a-bdf6f013763e.png,58,58
2023,PO,324,40,Round 40,Round 40,True,2024-05-03T19:45:00,True,True,3,2024-05-03T20:45:00,2024-05-03T17:45:00Z,"['L', 'W', 'L', 'W', 'L']","['W', 'L', 'W', 'L', 'W']",EuroLeague 2023-24,E2023,2023-24,E,2023,2023-06-29T00:00:00,86596270-0576-4e52-b969-2e44c8047c32,3,Group PLAYOFF C,PLAYOFF C,PO,PLAYOFFS,Playoffs,False,ULK,Fenerbahce Beko Istanbul,Fenerbahce,Fenerbahce,FBB,False,https://media-cdn.cortextech.io/3b7f020e-5b39-49a1-b4b2-efea918edab7.png,62,62,MCO,AS Monaco,Monaco,Monaco,ASM,False,https://media-cdn.incrowdsports.com/89ed276a-2ba3-413f-8ea2-b3be209ca129.png,65,65
2023,PO,325,40,Round 40,Round 40,True,2024-05-02T20:45:00,True,True,2,2024-05-02T20:45:00,2024-05-02T18:45:00Z,"['W', 'W', 'L', 'W', 'L']","['W', 'L', 'W', 'L', 'W']",EuroLeague 2023-24,E2023,2023-24,E,2023,2023-06-29T00:00:00,1dce7afe-b17a-472e-afbe-7f9a3d8e83e5,4,Group PLAYOFF D,PLAYOFF D,PO,PLAYOFFS,Playoffs,False,TEL,Maccabi Playtika Tel Aviv,Maccabi,Maccabi,MTA,False,https://media-cdn.incrowdsports.com/5c55ef14-29df-4328-bd52-a7a64c432350.png,88,88,PAN,Panathinaikos AKTOR Athens,Panathinaikos,Panathinaikos,PAO,False,https://media-cdn.incrowdsports.com/e3dff28a-9ec6-4faf-9d96-ecbc68f75780.png,95,95
2023,PO,327,41,Round 41,Round 41,True,2024-05-08T21:00:00,True,True,2,2024-05-08T21:00:00,2024-05-08T19:00:00Z,"['L', 'W', 'W', 'L', 'L']","['W', 'L', 'L', 'W', 'W']",EuroLeague 2023-24,E2023,2023-24,E,2023,2023-06-29T00:00:00,6d810711-0ad7-4769-8ab2-6dda3071b1e1,2,Group PLAYOFF B,PLAYOFF B,PO,PLAYOFFS,Playoffs,False,BAR,FC Barcelona,Barcelona,Barcelona,BAR,False,https://media-cdn.incrowdsports.com/35dfa503-e417-481f-963a-bdf6f013763e.png,59,59,OLY,Olympiacos Piraeus,Olympiacos,Olympiacos,OLY,False,https://media-cdn.incrowdsports.com/789423ac-3cdf-4b89-b11c-b458aa5f59a6.png,63,63
2023,PO,328,41,Round 41,Round 41,True,2024-05-08T19:00:00,True,True,2,2024-05-08T19:00:00,2024-05-08T17:00:00Z,"['L', 'W', 'L', 'W', 'L']","['W', 'L', 'W', 'L', 'W']",EuroLeague 2023-24,E2023,2023-24,E,2023,2023-06-29T00:00:00,86596270-0576-4e52-b969-2e44c8047c32,3,Group PLAYOFF C,PLAYOFF C,PO,PLAYOFFS,Playoffs,False,MCO,AS Monaco,Monaco,Monaco,ASM,False,https://media-cdn.incrowdsports.com/89ed276a-2ba3-413f-8ea2-b3be209ca129.png,79,70,ULK,Fenerbahce Beko Istanbul,Fenerbahce,Fenerbahce,FBB,False,https://media-cdn.cortextech.io/3b7f020e-5b39-49a1-b4b2-efea918edab7.png,80,70
2023,PO,329,41,Round 41,Round 41,True,2024-05-07T20:15:00,True,True,3,2024-05-07T21:15:00,2024-05-07T18:15:00Z,"['L', 'W', 'L', 'W', 'W']","['W', 'L', 'W', 'L', 'L']",EuroLeague 2023-24,E2023,2023-24,E,2023,2023-06-29T00:00:00,1dce7afe-b17a-472e-afbe-7f9a3d8e83e5,4,Group PLAYOFF D,PLAYOFF D,PO,PLAYOFFS,Playoffs,False,PAN,Panathinaikos AKTOR Athens,Panathinaikos,Panathinaikos,PAO,False,https://media-cdn.incrowdsports.com/e3dff28a-9ec6-4faf-9d96-ecbc68f75780.png,81,81,TEL,Maccabi Playtika Tel Aviv,Maccabi,Maccabi,MTA,False,https://media-cdn.incrowdsports.com/5c55ef14-29df-4328-bd52-a7a64c432350.png,72,72
2023,FF,330,42,Round 42,Round 42,True,2024-05-24T21:00:00,True,True,2,2024-05-24T21:00:00,2024-05-24T19:00:00Z,"['W', 'W', 'W', 'W', 'W']","['L', 'L', 'W', 'W', 'L']",EuroLeague 2023-24,E2023,2023-24,E,2023,2023-06-29T00:00:00,b2b003e4-71a4-4f51-9234-0da435df823c,1,Group SEMIFINAL A ,SEMIFINAL A ,FF,FINAL FOUR,Final Four,False,MAD,Real Madrid,Real,Real,RMB,False,https://media-cdn.incrowdsports.com/1a3e1404-4f6f-4ede-9d8b-30eee7cb51b4.png,87,87,OLY,Olympiacos Piraeus,Olympiacos,Olympiacos,OLY,False,https://media-cdn.incrowdsports.com/789423ac-3cdf-4b89-b11c-b458aa5f59a6.png,76,76
2023,FF,331,42,Round 42,Round 42,True,2024-05-24T18:00:00,True,True,2,2024-05-24T18:00:00,2024-05-24T16:00:00Z,"['W', 'L', 'W', 'W', 'W']","['L', 'W', 'L', 'W', 'L']",EuroLeague 2023-24,E2023,2023-24,E,2023,2023-06-29T00:00:00,d975f8ba-da4f-4b18-b704-42bb3733aeb4,2,Group SEMIFINAL B ,SEMIFINAL B ,FF,FINAL FOUR,Final Four,False,PAN,Panathinaikos AKTOR Athens,Panathinaikos,Panathinaikos,PAO,False,https://media-cdn.incrowdsports.com/e3dff28a-9ec6-4faf-9d96-ecbc68f75780.png,73,73,ULK,Fenerbahce Beko Istanbul,Fenerbahce,Fenerbahce,FBB,False,https://media-cdn.cortextech.io/3b7f020e-5b39-49a1-b4b2-efea918edab7.png,57,57
2023,FF,332,43,Round 43,Round 43,True,2024-05-26T17:00:00,True,True,2,2024-05-26T17:00:00,2024-05-26T15:00:00Z,"['L', 'W', 'W', 'L', 'W']","['W', 'L', 'W', 'L', 'L']",EuroLeague 2023-24,E2023,2023-24,E,2023,2023-06-29T00:00:00,06043c90-a9a1-4c6f-8001-433e9a25e435,3,Group THIRD PLACE GAME ,THIRD PLACE GAME ,FF,FINAL FOUR,Final Four,False,OLY,Olympiacos Piraeus,Olympiacos,Olympiacos,OLY,False,https://media-cdn.incrowdsports.com/789423ac-3cdf-4b89-b11c-b458aa5f59a6.png,87,87,ULK,Fenerbahce Beko Istanbul,Fenerbahce,Fenerbahce,FBB,False,https://media-cdn.cortextech.io/3b7f020e-5b39-49a1-b4b2-efea918edab7.png,84,84
2023,FF,333,43,Round 43,Round 43,True,2024-05-26T20:00:00,True,True,2,2024-05-26T20:00:00,2024-05-26T18:00:00Z,"['W', 'W', 'W', 'W', 'L']","['L', 'W', 'W', 'W', 'W']",EuroLeague 2023-24,E2023,2023-24,E,2023,2023-06-29T00:00:00,3f1097e9-6556-4287-9ad1-7560fcb9eb2c,4,Group CHAMPIONSHIP GAME 	,CHAMPIONSHIP GAME 	,FF,FINAL FOUR,Final Four,False,MAD,Real Madrid,Real,Real,RMB,False,https://media-cdn.incrowdsports.com/1a3e1404-4f6f-4ede-9d8b-30eee7cb51b4.png,80,80,PAN,Panathinaikos AKTOR Athens,Panathinaikos,Panathinaikos,PAO,False,https://media-cdn.incrowdsports.com/e3dff28a-9ec6-4faf-9d96-ecbc68f75780.png,95,95
2024,RS,1,1,Round 1,Round 1,True,2024-10-03T18:45:00,True,True,2,2024-10-03T18:45:00,2024-10-03T16:45:00Z,['L'],['W'],EuroLeague 2024-25,E2024,2024-25,E,2024,2024-06-29T00:00:00,653ea5d2-0ed0-4edf-9445-176b766c6b7a,1,Group Regular Season,Regular Season,RS,REGULAR SEASON,Regular Season,True,BER,ALBA Berlin,ALBA,,BER,False,https://media-cdn.incrowdsports.com/ccc34858-22b0-47dc-904c-9940b0a16ff3.png,77,77,PAN,Panathinaikos AKTOR Athens,Panathinaikos,,PAO,False,https://media-cdn.incrowdsports.com/e3dff28a-9ec6-4faf-9d96-ecbc68f75780.png,87,87
2024,RS,2,1,Round 1,Round 1,True,2024-10-03T19:00:00,True,True,2,2024-10-03T19:00:00,2024-10-03T17:00:00Z,['W'],['L'],EuroLeague 2024-25,E2024,2024-25,E,2024,2024-06-29T00:00:00,653ea5d2-0ed0-4edf-9445-176b766c6b7a,1,Group Regular Season,Regular Season,RS,REGULAR SEASON,Regular Season,True,MCO,AS Monaco,Monaco,,ASM,False,https://media-cdn.incrowdsports.com/89ed276a-2ba3-413f-8ea2-b3be209ca129.png,93,93,MIL,EA7 Emporio Armani Milan,Milan,,EA7,False,https://media-cdn.cortextech.io/9512ee73-a0f1-4647-a01e-3c2938aba6b8.png,80,80
2024,RS,3,1,Round 1,Round 1,True,2024-10-03T19:00:00,True,True,3,2024-10-03T20:00:00,2024-10-03T17:00:00Z,['W'],['L'],EuroLeague 2024-25,E2024,2024-25,E,2024,2024-06-29T00:00:00,653ea5d2-0ed0-4edf-9445-176b766c6b7a,1,Group Regular Season,Regular Season,RS,REGULAR SEASON,Regular Season,True,ZAL,Zalgiris Kaunas,Zalgiris,,ZAL,False,https://media-cdn.incrowdsports.com/0aa09358-3847-4c4e-b228-3582ee4e536d.png,74,74,BAR,FC Barcelona,Barcelona,,BAR,False,https://media-cdn.incrowdsports.com/35dfa503-e417-481f-963a-bdf6f013763e.png,67,67
2024,RS,4,1,Round 1,Round 1,True,2024-10-03T20:30:00,True,True,2,2024-10-03T20:30:00,2024-10-03T18:30:00Z,['W'],['L'],EuroLeague 2024-25,E2024,2024-25,E,2024,2024-06-29T00:00:00,653ea5d2-0ed0-4edf-9445-176b766c6b7a,1,Group Regular Season,Regular Season,RS,REGULAR SEASON,Regular Season,True,BAS,Baskonia Vitoria-Gasteiz,Baskonia,,BKN,False,https://media-cdn.incrowdsports.com/e324a6af-2a72-443e-9813-8bf2d364ddab.png,88,88,PAR,Partizan Mozzart Bet Belgrade,Partizan,,PAR,False,https://media-cdn.incrowdsports.com/2681304e-77dd-4331-88b1-683078c0fb49.png,82,82
2024,RS,5,1,Round 1,Round 1,True,2024-10-03T20:45:00,True,True,2,2024-10-03T20:45:00,2024-10-03T18:45:00Z,['W'],['L'],EuroLeague 2024-25,E2024,2024-25,E,2024,2024-06-29T00:00:00,653ea5d2-0ed0-4edf-9445-176b766c6b7a,1,Group Regular Season,Regular Season,RS,REGULAR SEASON,Regular Season,True,MUN,FC Bayern Munich,Bayern,,BAY,False,https://media-cdn.incrowdsports.com/817b0e58-d595-4b09-ab0b-1e7cc26249ff.png,97,97,MAD,Real Madrid,Real,,RMB,False,https://media-cdn.incrowdsports.com/1a3e1404-4f6f-4ede-9d8b-30eee7cb51b4.png,89,89
2024,RS,6,1,Round 1,Round 1,True,2024-10-03T21:00:00,True,True,2,2024-10-03T21:00:00,2024-10-03T19:00:00Z,['W'],['L'],EuroLeague 2024-25,E2024,2024-25,E,2024,2024-06-29T00:00:00,653ea5d2-0ed0-4edf-9445-176b766c6b7a,1,Group Regular Season,Regular Season,RS,REGULAR SEASON,Regular Season,True,TEL,Maccabi Playtika Tel Aviv,Maccabi,,MTA,False,https://media-cdn.incrowdsports.com/5c55ef14-29df-4328-bd52-a7a64c432350.png,89,89,ASV,LDLC ASVEL Villeurbanne,ASVEL,,ASV,False,https://media-cdn.incrowdsports.com/e33c6d1a-95ca-4dbc-b8cb-0201812104cc.png,82,82
2024,RS,7,1,Round 1,Round 1,True,2024-10-04T19:30:00,True,True,3,2024-10-04T20:30:00,2024-10-04T17:30:00Z,['W'],['L'],EuroLeague 2024-25,E2024,2024-25,E,2024,2024-06-29T00:00:00,653ea5d2-0ed0-4edf-9445-176b766c6b7a,1,Group Regular Season,Regular Season,RS,REGULAR SEASON,Regular Season,True,ULK,Fenerbahce Beko Istanbul,Fenerbahce,,FBB,False,https://media-cdn.cortextech.io/3b7f020e-5b39-49a1-b4b2-efea918edab7.png,82,82,OLY,Olympiacos Piraeus,Olympiacos,,OLY,False,https://media-cdn.incrowdsports.com/789423ac-3cdf-4b89-b11c-b458aa5f59a6.png,71,71
2024,RS,8,1,Round 1,Round 1,True,2024-10-04T21:00:00,True,True,2,2024-10-04T21:00:00,2024-10-04T19:00:00Z,['L'],['W'],EuroLeague 2024-25,E2024,2024-25,E,2024,2024-06-29T00:00:00,653ea5d2-0ed0-4edf-9445-176b766c6b7a,1,Group Regular Season,Regular Season,RS,REGULAR SEASON,Regular Season,True,PRS,Paris Basketball,Paris,Paris,PBB,False,https://media-cdn.incrowdsports.com/a033e5b3-0de7-48a3-98d9-d9a4b9df1f39.png,77,77,RED,Crvena Zvezda Meridianbet Belgrade,Crvena Zvezda,,CZV,False,https://media-cdn.incrowdsports.com/d2eef4a8-62df-4fdd-9076-276004268515.png,80,80
2024,RS,9,1,Round 1,Round 1,True,2024-10-04T21:00:00,True,True,2,2024-10-04T21:00:00,2024-10-04T19:00:00Z,['L'],['W'],EuroLeague 2024-25,E2024,2024-25,E,2024,2024-06-29T00:00:00,653ea5d2-0ed0-4edf-9445-176b766c6b7a,1,Group Regular Season,Regular Season,RS,REGULAR SEASON,Regular Season,True,VIR,Virtus Segafredo Bologna,Virtus,,VIR,False,https://media-cdn.cortextech.io/1362801d-dd09-4fd0-932d-ead56063ab77.png,67,67,IST,Anadolu Efes Istanbul,Anadolu Efes,Efes,EFS,False,https://media-cdn.cortextech.io/9a463aa2-ceb2-481c-9a95-1cddee0a248e.png,76,76
2024,RS,10,2,Round 2,Round 2,True,2024-10-09T19:00:00,True,True,2,2024-10-09T19:00:00,2024-10-09T17:00:00Z,"['W', 'W']","['W', 'L']",EuroLeague 2024-25,E2024,2024-25,E,2024,2024-06-29T00:00:00,653ea5d2-0ed0-4edf-9445-176b766c6b7a,1,Group Regular Season,Regular Season,RS,REGULAR SEASON,Regular Season,True,MCO,AS Monaco,Monaco,,ASM,False,https://media-cdn.incrowdsports.com/89ed276a-2ba3-413f-8ea2-b3be209ca129.png,85,85,TEL,Maccabi Playtika Tel Aviv,Maccabi,,MTA,False,https://media-cdn.incrowdsports.com/5c55ef14-29df-4328-bd52-a7a64c432350.png,79,79
2024,RS,11,2,Round 2,Round 2,True,2024-10-09T20:00:00,True,True,2,2024-10-09T20:00:00,2024-10-09T18:00:00Z,"['W', 'W']","['W', 'L']",EuroLeague 2024-25,E2024,2024-25,E,2024,2024-06-29T00:00:00,653ea5d2-0ed0-4edf-9445-176b766c6b7a,1,Group Regular Season,Regular Season,RS,REGULAR SEASON,Regular Season,True,RED,Crvena Zvezda Meridianbet Belgrade,Crvena Zvezda,,CZV,False,https://media-cdn.incrowdsports.com/d2eef4a8-62df-4fdd-9076-276004268515.png,78,78,BAS,Baskonia Vitoria-Gasteiz,Baskonia,,BKN,False,https://media-cdn.incrowdsports.com/e324a6af-2a72-443e-9813-8bf2d364ddab.png,71,71
2024,RS,12,2,Round 2,Round 2,True,2024-10-10T19:30:00,True,True,3,2024-10-10T20:30:00,2024-10-10T17:30:00Z,"['W', 'L']","['W', 'W']",EuroLeague 2024-25,E2024,2024-25,E,2024,2024-06-29T00:00:00,653ea5d2-0ed0-4edf-9445-176b766c6b7a,1,Group Regular Season,Regular Season,RS,REGULAR SEASON,Regular Season,True,IST,Anadolu Efes Istanbul,Anadolu Efes,Efes,EFS,False,https://media-cdn.cortextech.io/9a463aa2-ceb2-481c-9a95-1cddee0a248e.png,78,78,ULK,Fenerbahce Beko Istanbul,Fenerbahce,,FBB,False,https://media-cdn.cortextech.io/3b7f020e-5b39-49a1-b4b2-efea918edab7.png,83,83
2024,RS,13,2,Round 2,Round 2,True,2024-10-10T20:00:00,True,True,2,2024-10-10T20:00:00,2024-10-10T18:00:00Z,"['L', 'W']","['L', 'L']",EuroLeague 2024-25,E2024,2024-25,E,2024,2024-06-29T00:00:00,653ea5d2-0ed0-4edf-9445-176b766c6b7a,1,Group Regular Season,Regular Season,RS,REGULAR SEASON,Regular Season,True,ASV,LDLC ASVEL Villeurbanne,ASVEL,,ASV,False,https://media-cdn.incrowdsports.com/e33c6d1a-95ca-4dbc-b8cb-0201812104cc.png,87,87,VIR,Virtus Segafredo Bologna,Virtus,,VIR,False,https://media-cdn.cortextech.io/1362801d-dd09-4fd0-932d-ead56063ab77.png,85,85
2024,RS,14,2,Round 2,Round 2,True,2024-10-10T20:15:00,True,True,3,2024-10-10T21:15:00,2024-10-10T18:15:00Z,"['W', 'W']","['W', 'L']",EuroLeague 2024-25,E2024,2024-25,E,2024,2024-06-29T00:00:00,653ea5d2-0ed0-4edf-9445-176b766c6b7a,1,Group Regular Season,Regular Season,RS,REGULAR SEASON,Regular Season,True,PAN,Panathinaikos AKTOR Athens,Panathinaikos,,PAO,False,https://media-cdn.incrowdsports.com/e3dff28a-9ec6-4faf-9d96-ecbc68f75780.png,94,94,MUN,FC Bayern Munich,Bayern,,BAY,False,https://media-cdn.incrowdsports.com/817b0e58-d595-4b09-ab0b-1e7cc26249ff.png,79,79
2024,RS,15,2,Round 2,Round 2,True,2024-10-10T20:45:00,True,True,2,2024-10-10T20:45:00,2024-10-10T18:45:00Z,"['L', 'W']","['L', 'L']",EuroLeague 2024-25,E2024,2024-25,E,2024,2024-06-29T00:00:00,653ea5d2-0ed0-4edf-9445-176b766c6b7a,1,Group Regular Season,Regular Season,RS,REGULAR SEASON,Regular Season,True,MAD,Real Madrid,Real,,RMB,False,https://media-cdn.incrowdsports.com/1a3e1404-4f6f-4ede-9d8b-30eee7cb51b4.png,93,93,PAR,Partizan Mozzart Bet Belgrade,Partizan,,PAR,False,https://media-cdn.incrowdsports.com/2681304e-77dd-4331-88b1-683078c0fb49.png,86,86
2024,RS,16,2,Round 2,Round 2,True,2024-10-11T20:30:00,True,True,2,2024-10-11T20:30:00,2024-10-11T18:30:00Z,"['L', 'W']","['L', 'L']",EuroLeague 2024-25,E2024,2024-25,E,2024,2024-06-29T00:00:00,653ea5d2-0ed0-4edf-9445-176b766c6b7a,1,Group Regular Season,Regular Season,RS,REGULAR SEASON,Regular Season,True,MIL,EA7 Emporio Armani Milan,Milan,,EA7,False,https://media-cdn.cortextech.io/9512ee73-a0f1-4647-a01e-3c2938aba6b8.png,79,79,PRS,Paris Basketball,Paris,Paris,PBB,False,https://media-cdn.incrowdsports.com/a033e5b3-0de7-48a3-98d9-d9a4b9df1f39.png,74,74
2024,RS,17,2,Round 2,Round 2,True,2024-10-11T20:30:00,True,True,2,2024-10-11T20:30:00,2024-10-11T18:30:00Z,"['L', 'W']","['L', 'L']",EuroLeague 2024-25,E2024,2024-25,E,2024,2024-06-29T00:00:00,653ea5d2-0ed0-4edf-9445-176b766c6b7a,1,Group Regular Season,Regular Season,RS,REGULAR SEASON,Regular Season,True,BAR,FC Barcelona,Barcelona,,BAR,False,https://media-cdn.incrowdsports.com/35dfa503-e417-481f-963a-bdf6f013763e.png,88,88,BER,ALBA Berlin,ALBA,,BER,False,https://media-cdn.incrowdsports.com/ccc34858-22b0-47dc-904c-9940b0a16ff3.png,73,73
2024,RS,18,2,Round 2,Round 2,True,2024-10-11T20:15:00,True,True,3,2024-10-11T21:15:00,2024-10-11T18:15:00Z,"['L', 'W']","['W', 'L']",EuroLeague 2024-25,E2024,2024-25,E,2024,2024-06-29T00:00:00,653ea5d2-0ed0-4edf-9445-176b766c6b7a,1,Group Regular Season,Regular Season,RS,REGULAR SEASON,Regular Season,True,OLY,Olympiacos Piraeus,Olympiacos,,OLY,False,https://media-cdn.incrowdsports.com/789423ac-3cdf-4b89-b11c-b458aa5f59a6.png,74,74,ZAL,Zalgiris Kaunas,Zalgiris,,ZAL,False,https://media-cdn.incrowdsports.com/0aa09358-3847-4c4e-b228-3582ee4e536d.png,68,68
2024,RS,19,3,Round 3,Round 3,True,2024-10-15T19:30:00,True,True,2,2024-10-15T19:30:00,2024-10-15T17:30:00Z,"['L', 'L', 'W']","['L', 'W', 'L']",EuroLeague 2024-25,E2024,2024-25,E,2024,2024-06-29T00:00:00,653ea5d2-0ed0-4edf-9445-176b766c6b7a,1,Group Regular Season,Regular Season,RS,REGULAR SEASON,Regular Season,True,BER,ALBA Berlin,ALBA,,BER,False,https://media-cdn.incrowdsports.com/ccc34858-22b0-47dc-904c-9940b0a16ff3.png,84,84,ASV,LDLC ASVEL Villeurbanne,ASVEL,,ASV,False,https://media-cdn.incrowdsports.com/e33c6d1a-95ca-4dbc-b8cb-0201812104cc.png,79,79
2024,RS,20,3,Round 3,Round 3,True,2024-10-15T19:45:00,True,True,3,2024-10-15T20:45:00,2024-10-15T17:45:00Z,"['W', 'W', 'L']","['W', 'W', 'W']",EuroLeague 2024-25,E2024,2024-25,E,2024,2024-06-29T00:00:00,653ea5d2-0ed0-4edf-9445-176b766c6b7a,1,Group Regular Season,Regular Season,RS,REGULAR SEASON,Regular Season,True,ULK,Fenerbahce Beko Istanbul,Fenerbahce,,FBB,False,https://media-cdn.cortextech.io/3b7f020e-5b39-49a1-b4b2-efea918edab7.png,57,57,RED,Crvena Zvezda Meridianbet Belgrade,Crvena Zvezda,,CZV,False,https://media-cdn.incrowdsports.com/d2eef4a8-62df-4fdd-9076-276004268515.png,76,76
2024,RS,21,3,Round 3,Round 3,True,2024-10-15T20:15:00,True,True,3,2024-10-15T21:15:00,2024-10-15T18:15:00Z,"['L', 'W', 'W']","['L', 'W', 'L']",EuroLeague 2024-25,E2024,2024-25,E,2024,2024-06-29T00:00:00,653ea5d2-0ed0-4edf-9445-176b766c6b7a,1,Group Regular Season,Regular Season,RS,REGULAR SEASON,Regular Season,True,OLY,Olympiacos Piraeus,Olympiacos,,OLY,False,https://media-cdn.incrowdsports.com/789423ac-3cdf-4b89-b11c-b458aa5f59a6.png,89,89,MIL,EA7 Emporio Armani Milan,Milan,,EA7,False,https://media-cdn.cortextech.io/9512ee73-a0f1-4647-a01e-3c2938aba6b8.png,68,68
2024,RS,22,3,Round 3,Round 3,True,2024-10-15T20:30:00,True,True,2,2024-10-15T20:30:00,2024-10-15T18:30:00Z,"['W', 'L', 'W']","['L', 'W', 'L']",EuroLeague 2024-25,E2024,2024-25,E,2024,2024-06-29T00:00:00,653ea5d2-0ed0-4edf-9445-176b766c6b7a,1,Group Regular Season,Regular Season,RS,REGULAR SEASON,Regular Season,True,BAS,Baskonia Vitoria-Gasteiz,Baskonia,,BKN,False,https://media-cdn.incrowdsports.com/e324a6af-2a72-443e-9813-8bf2d364ddab.png,76,76,MAD,Real Madrid,Real,,RMB,False,https://media-cdn.incrowdsports.com/1a3e1404-4f6f-4ede-9d8b-30eee7cb51b4.png,72,72
2024,RS,23,3,Round 3,Round 3,True,2024-10-15T20:30:00,True,True,2,2024-10-15T20:30:00,2024-10-15T18:30:00Z,"['L', 'L', 'W']","['W', 'W', 'L']",EuroLeague 2024-25,E2024,2024-25,E,2024,2024-06-29T00:00:00,653ea5d2-0ed0-4edf-9445-176b766c6b7a,1,Group Regular Season,Regular Season,RS,REGULAR SEASON,Regular Season,True,PRS,Paris Basketball,Paris,Paris,PBB,False,https://media-cdn.incrowdsports.com/a033e5b3-0de7-48a3-98d9-d9a4b9df1f39.png,84,84,PAN,Panathinaikos AKTOR Athens,Panathinaikos,,PAO,False,https://media-cdn.incrowdsports.com/e3dff28a-9ec6-4faf-9d96-ecbc68f75780.png,80,80
2024,RS,24,3,Round 3,Round 3,True,2024-10-15T20:30:00,True,True,2,2024-10-15T20:30:00,2024-10-15T18:30:00Z,"['L', 'L', 'L']","['W', 'L', 'W']",EuroLeague 2024-25,E2024,2024-25,E,2024,2024-06-29T00:00:00,653ea5d2-0ed0-4edf-9445-176b766c6b7a,1,Group Regular Season,Regular Season,RS,REGULAR SEASON,Regular Season,True,VIR,Virtus Segafredo Bologna,Virtus,,VIR,False,https://media-cdn.cortextech.io/1362801d-dd09-4fd0-932d-ead56063ab77.png,68,68,ZAL,Zalgiris Kaunas,Zalgiris,,ZAL,False,https://media-cdn.incrowdsports.com/0aa09358-3847-4c4e-b228-3582ee4e536d.png,71,71
2024,RS,25,3,Round 3,Round 3,True,2024-10-16T20:30:00,True,True,2,2024-10-16T20:30:00,2024-10-16T18:30:00Z,"['L', 'W', 'W']","['W', 'W', 'L']",EuroLeague 2024-25,E2024,2024-25,E,2024,2024-06-29T00:00:00,653ea5d2-0ed0-4edf-9445-176b766c6b7a,1,Group Regular Season,Regular Season,RS,REGULAR SEASON,Regular Season,True,BAR,FC Barcelona,Barcelona,,BAR,False,https://media-cdn.incrowdsports.com/35dfa503-e417-481f-963a-bdf6f013763e.png,86,86,MCO,AS Monaco,Monaco,,ASM,False,https://media-cdn.incrowdsports.com/89ed276a-2ba3-413f-8ea2-b3be209ca129.png,71,71
2024,RS,26,3,Round 3,Round 3,True,2024-10-15T20:45:00,True,True,2,2024-10-15T20:45:00,2024-10-15T18:45:00Z,"['L', 'L', 'W']","['W', 'L', 'L']",EuroLeague 2024-25,E2024,2024-25,E,2024,2024-06-29T00:00:00,653ea5d2-0ed0-4edf-9445-176b766c6b7a,1,Group Regular Season,Regular Season,RS,REGULAR SEASON,Regular Season,True,PAR,Partizan Mozzart Bet Belgrade,Partizan,,PAR,False,https://media-cdn.incrowdsports.com/2681304e-77dd-4331-88b1-683078c0fb49.png,86,86,MUN,FC Bayern Munich,Bayern,,BAY,False,https://media-cdn.incrowdsports.com/817b0e58-d595-4b09-ab0b-1e7cc26249ff.png,78,78
2024,RS,27,3,Round 3,Round 3,True,2024-10-15T20:05:00,True,True,2,2024-10-15T20:05:00,2024-10-15T18:05:00Z,"['W', 'L', 'W']","['W', 'L', 'L']",EuroLeague 2024-25,E2024,2024-25,E,2024,2024-06-29T00:00:00,653ea5d2-0ed0-4edf-9445-176b766c6b7a,1,Group Regular Season,Regular Season,RS,REGULAR SEASON,Regular Season,True,TEL,Maccabi Playtika Tel Aviv,Maccabi,,MTA,False,https://media-cdn.incrowdsports.com/5c55ef14-29df-4328-bd52-a7a64c432350.png,93,93,IST,Anadolu Efes Istanbul,Anadolu Efes,Efes,EFS,False,https://media-cdn.cortextech.io/9a463aa2-ceb2-481c-9a95-1cddee0a248e.png,91,91
2024,RS,28,4,Round 4,Round 4,True,2024-10-17T19:30:00,True,True,2,2024-10-17T19:30:00,2024-10-17T17:30:00Z,"['L', 'L', 'W', 'L']","['W', 'W', 'L', 'W']",EuroLeague 2024-25,E2024,2024-25,E,2024,2024-06-29T00:00:00,653ea5d2-0ed0-4edf-9445-176b766c6b7a,1,Group Regular Season,Regular Season,RS,REGULAR SEASON,Regular Season,True,BER,ALBA Berlin,ALBA,,BER,False,https://media-cdn.incrowdsports.com/ccc34858-22b0-47dc-904c-9940b0a16ff3.png,71,71,ULK,Fenerbahce Beko Istanbul,Fenerbahce,,FBB,False,https://media-cdn.cortextech.io/3b7f020e-5b39-49a1-b4b2-efea918edab7.png,78,78
2024,RS,29,4,Round 4,Round 4,True,2024-10-17T20:30:00,True,True,2,2024-10-17T20:30:00,2024-10-17T18:30:00Z,"['L', 'W', 'L', 'L']","['W', 'L', 'W', 'W']",EuroLeague 2024-25,E2024,2024-25,E,2024,2024-06-29T00:00:00,653ea5d2-0ed0-4edf-9445-176b766c6b7a,1,Group Regular Season,Regular Season,RS,REGULAR SEASON,Regular Season,True,MIL,EA7 Emporio Armani Milan,Milan,,EA7,False,https://media-cdn.cortextech.io/9512ee73-a0f1-4647-a01e-3c2938aba6b8.png,82,82,ZAL,Zalgiris Kaunas,Zalgiris,,ZAL,False,https://media-cdn.incrowdsports.com/0aa09358-3847-4c4e-b228-3582ee4e536d.png,85,85
2024,RS,30,4,Round 4,Round 4,True,2024-10-17T20:45:00,True,True,2,2024-10-17T20:45:00,2024-10-17T18:45:00Z,"['W', 'L', 'L', 'W']","['L', 'L', 'W', 'L']",EuroLeague 2024-25,E2024,2024-25,E,2024,2024-06-29T00:00:00,653ea5d2-0ed0-4edf-9445-176b766c6b7a,1,Group Regular Season,Regular Season,RS,REGULAR SEASON,Regular Season,True,MUN,FC Bayern Munich,Bayern,,BAY,False,https://media-cdn.incrowdsports.com/817b0e58-d595-4b09-ab0b-1e7cc26249ff.png,109,109,PRS,Paris Basketball,Paris,Paris,PBB,False,https://media-cdn.incrowdsports.com/a033e5b3-0de7-48a3-98d9-d9a4b9df1f39.png,107,107
2024,RS,31,4,Round 4,Round 4,True,2024-10-17T20:45:00,True,True,2,2024-10-17T20:45:00,2024-10-17T18:45:00Z,"['L', 'W', 'L', 'W']","['W', 'W', 'L', 'L']",EuroLeague 2024-25,E2024,2024-25,E,2024,2024-06-29T00:00:00,653ea5d2-0ed0-4edf-9445-176b766c6b7a,1,Group Regular Season,Regular Season,RS,REGULAR SEASON,Regular Season,True,MAD,Real Madrid,Real,,RMB,False,https://media-cdn.incrowdsports.com/1a3e1404-4f6f-4ede-9d8b-30eee7cb51b4.png,90,90,PAN,Panathinaikos AKTOR Athens,Panathinaikos,,PAO,False,https://media-cdn.incrowdsports.com/e3dff28a-9ec6-4faf-9d96-ecbc68f75780.png,86,86
2024,RS,32,4,Round 4,Round 4,True,2024-10-17T20:05:00,True,True,2,2024-10-17T20:05:00,2024-10-17T18:05:00Z,"['W', 'L', 'W', 'L']","['L', 'L', 'W', 'W']",EuroLeague 2024-25,E2024,2024-25,E,2024,2024-06-29T00:00:00,653ea5d2-0ed0-4edf-9445-176b766c6b7a,1,Group Regular Season,Regular Season,RS,REGULAR SEASON,Regular Season,True,TEL,Maccabi Playtika Tel Aviv,Maccabi,,MTA,False,https://media-cdn.incrowdsports.com/5c55ef14-29df-4328-bd52-a7a64c432350.png,79,79,PAR,Partizan Mozzart Bet Belgrade,Partizan,,PAR,False,https://media-cdn.incrowdsports.com/2681304e-77dd-4331-88b1-683078c0fb49.png,91,91
2024,RS,33,4,Round 4,Round 4,True,2024-10-18T19:00:00,True,True,2,2024-10-18T19:00:00,2024-10-18T17:00:00Z,"['W', 'W', 'L', 'W']","['L', 'L', 'L', 'L']",EuroLeague 2024-25,E2024,2024-25,E,2024,2024-06-29T00:00:00,653ea5d2-0ed0-4edf-9445-176b766c6b7a,1,Group Regular Season,Regular Season,RS,REGULAR SEASON,Regular Season,True,MCO,AS Monaco,Monaco,,ASM,False,https://media-cdn.incrowdsports.com/89ed276a-2ba3-413f-8ea2-b3be209ca129.png,101,101,VIR,Virtus Segafredo Bologna,Virtus,,VIR,False,https://media-cdn.cortextech.io/1362801d-dd09-4fd0-932d-ead56063ab77.png,85,85
2024,RS,34,4,Round 4,Round 4,True,2024-10-18T19:30:00,True,True,3,2024-10-18T20:30:00,2024-10-18T17:30:00Z,"['W', 'L', 'L', 'W']","['L', 'W', 'W', 'L']",EuroLeague 2024-25,E2024,2024-25,E,2024,2024-06-29T00:00:00,653ea5d2-0ed0-4edf-9445-176b766c6b7a,1,Group Regular Season,Regular Season,RS,REGULAR SEASON,Regular Season,True,IST,Anadolu Efes Istanbul,Anadolu Efes,Efes,EFS,False,https://media-cdn.cortextech.io/9a463aa2-ceb2-481c-9a95-1cddee0a248e.png,91,91,OLY,Olympiacos Piraeus,Olympiacos,,OLY,False,https://media-cdn.incrowdsports.com/789423ac-3cdf-4b89-b11c-b458aa5f59a6.png,89,89
2024,RS,35,4,Round 4,Round 4,True,2024-10-18T20:00:00,True,True,2,2024-10-18T20:00:00,2024-10-18T18:00:00Z,"['W', 'W', 'W', 'L']","['L', 'W', 'W', 'W']",EuroLeague 2024-25,E2024,2024-25,E,2024,2024-06-29T00:00:00,653ea5d2-0ed0-4edf-9445-176b766c6b7a,1,Group Regular Season,Regular Season,RS,REGULAR SEASON,Regular Season,True,RED,Crvena Zvezda Meridianbet Belgrade,Crvena Zvezda,,CZV,False,https://media-cdn.incrowdsports.com/d2eef4a8-62df-4fdd-9076-276004268515.png,94,84,BAR,FC Barcelona,Barcelona,,BAR,False,https://media-cdn.incrowdsports.com/35dfa503-e417-481f-963a-bdf6f013763e.png,98,84
2024,RS,36,4,Round 4,Round 4,True,2024-10-18T20:30:00,True,True,2,2024-10-18T20:30:00,2024-10-18T18:30:00Z,"['L', 'W', 'L', 'W']","['W', 'L', 'W', 'L']",EuroLeague 2024-25,E2024,2024-25,E,2024,2024-06-29T00:00:00,653ea5d2-0ed0-4edf-9445-176b766c6b7a,1,Group Regular Season,Regular Season,RS,REGULAR SEASON,Regular Season,True,ASV,LDLC ASVEL Villeurbanne,ASVEL,,ASV,False,https://media-cdn.incrowdsports.com/e33c6d1a-95ca-4dbc-b8cb-0201812104cc.png,76,76,BAS,Baskonia Vitoria-Gasteiz,Baskonia,,BKN,False,https://media-cdn.incrowdsports.com/e324a6af-2a72-443e-9813-8bf2d364ddab.png,69,69
2024,RS,37,5,Round 5,Round 5,True,2024-10-23T20:30:00,True,True,2,2024-10-23T20:30:00,2024-10-23T18:30:00Z,"['L', 'L', 'W', 'W', 'L']","['L', 'L', 'L', 'L', 'W']",EuroLeague 2024-25,E2024,2024-25,E,2024,2024-06-29T00:00:00,653ea5d2-0ed0-4edf-9445-176b766c6b7a,1,Group Regular Season,Regular Season,RS,REGULAR SEASON,Regular Season,True,PAR,Partizan Mozzart Bet Belgrade,Partizan,,PAR,False,https://media-cdn.incrowdsports.com/2681304e-77dd-4331-88b1-683078c0fb49.png,69,69,VIR,Virtus Segafredo Bologna,Virtus,,VIR,False,https://media-cdn.cortextech.io/1362801d-dd09-4fd0-932d-ead56063ab77.png,70,70
2024,RS,38,5,Round 5,Round 5,True,2024-10-24T19:00:00,True,True,2,2024-10-24T19:00:00,2024-10-24T17:00:00Z,"['W', 'W', 'L', 'W', 'L']","['L', 'L', 'W', 'L', 'W']",EuroLeague 2024-25,E2024,2024-25,E,2024,2024-06-29T00:00:00,653ea5d2-0ed0-4edf-9445-176b766c6b7a,1,Group Regular Season,Regular Season,RS,REGULAR SEASON,Regular Season,True,MCO,AS Monaco,Monaco,,ASM,False,https://media-cdn.incrowdsports.com/89ed276a-2ba3-413f-8ea2-b3be209ca129.png,80,80,PRS,Paris Basketball,Paris,Paris,PBB,False,https://media-cdn.incrowdsports.com/a033e5b3-0de7-48a3-98d9-d9a4b9df1f39.png,87,87
2024,RS,39,5,Round 5,Round 5,True,2024-10-24T19:00:00,True,True,3,2024-10-24T20:00:00,2024-10-24T17:00:00Z,"['W', 'L', 'W', 'W', 'W']","['W', 'L', 'W', 'L', 'L']",EuroLeague 2024-25,E2024,2024-25,E,2024,2024-06-29T00:00:00,653ea5d2-0ed0-4edf-9445-176b766c6b7a,1,Group Regular Season,Regular Season,RS,REGULAR SEASON,Regular Season,True,ZAL,Zalgiris Kaunas,Zalgiris,,ZAL,False,https://media-cdn.incrowdsports.com/0aa09358-3847-4c4e-b228-3582ee4e536d.png,78,78,TEL,Maccabi Playtika Tel Aviv,Maccabi,,MTA,False,https://media-cdn.incrowdsports.com/5c55ef14-29df-4328-bd52-a7a64c432350.png,63,63
2024,RS,40,5,Round 5,Round 5,True,2024-10-24T20:30:00,True,True,2,2024-10-24T20:30:00,2024-10-24T18:30:00Z,"['L', 'W', 'L', 'L', 'L']","['W', 'L', 'L', 'W', 'W']",EuroLeague 2024-25,E2024,2024-25,E,2024,2024-06-29T00:00:00,653ea5d2-0ed0-4edf-9445-176b766c6b7a,1,Group Regular Season,Regular Season,RS,REGULAR SEASON,Regular Season,True,MIL,EA7 Emporio Armani Milan,Milan,,EA7,False,https://media-cdn.cortextech.io/9512ee73-a0f1-4647-a01e-3c2938aba6b8.png,84,84,IST,Anadolu Efes Istanbul,Anadolu Efes,Efes,EFS,False,https://media-cdn.cortextech.io/9a463aa2-ceb2-481c-9a95-1cddee0a248e.png,96,96
2024,RS,41,5,Round 5,Round 5,True,2024-10-24T20:30:00,True,True,2,2024-10-24T20:30:00,2024-10-24T18:30:00Z,"['W', 'L', 'W', 'L', 'W']","['L', 'L', 'W', 'L', 'L']",EuroLeague 2024-25,E2024,2024-25,E,2024,2024-06-29T00:00:00,653ea5d2-0ed0-4edf-9445-176b766c6b7a,1,Group Regular Season,Regular Season,RS,REGULAR SEASON,Regular Season,True,BAS,Baskonia Vitoria-Gasteiz,Baskonia,,BKN,False,https://media-cdn.incrowdsports.com/e324a6af-2a72-443e-9813-8bf2d364ddab.png,80,80,BER,ALBA Berlin,ALBA,,BER,False,https://media-cdn.incrowdsports.com/ccc34858-22b0-47dc-904c-9940b0a16ff3.png,57,57
2024,RS,42,5,Round 5,Round 5,True,2024-10-24T20:45:00,True,True,2,2024-10-24T20:45:00,2024-10-24T18:45:00Z,"['L', 'W', 'L', 'W', 'W']","['W', 'W', 'W', 'L', 'L']",EuroLeague 2024-25,E2024,2024-25,E,2024,2024-06-29T00:00:00,653ea5d2-0ed0-4edf-9445-176b766c6b7a,1,Group Regular Season,Regular Season,RS,REGULAR SEASON,Regular Season,True,MAD,Real Madrid,Real,,RMB,False,https://media-cdn.incrowdsports.com/1a3e1404-4f6f-4ede-9d8b-30eee7cb51b4.png,95,95,RED,Crvena Zvezda Meridianbet Belgrade,Crvena Zvezda,,CZV,False,https://media-cdn.incrowdsports.com/d2eef4a8-62df-4fdd-9076-276004268515.png,72,72
2024,RS,43,5,Round 5,Round 5,True,2024-10-25T19:45:00,True,True,3,2024-10-25T20:45:00,2024-10-25T17:45:00Z,"['W', 'W', 'L', 'W', 'L']","['W', 'W', 'L', 'L', 'W']",EuroLeague 2024-25,E2024,2024-25,E,2024,2024-06-29T00:00:00,653ea5d2-0ed0-4edf-9445-176b766c6b7a,1,Group Regular Season,Regular Season,RS,REGULAR SEASON,Regular Season,True,ULK,Fenerbahce Beko Istanbul,Fenerbahce,,FBB,False,https://media-cdn.cortextech.io/3b7f020e-5b39-49a1-b4b2-efea918edab7.png,76,76,PAN,Panathinaikos AKTOR Athens,Panathinaikos,,PAO,False,https://media-cdn.incrowdsports.com/e3dff28a-9ec6-4faf-9d96-ecbc68f75780.png,81,81
2024,RS,44,5,Round 5,Round 5,True,2024-10-25T20:30:00,True,True,2,2024-10-25T20:30:00,2024-10-25T18:30:00Z,"['L', 'W', 'W', 'W', 'W']","['L', 'W', 'L', 'W', 'L']",EuroLeague 2024-25,E2024,2024-25,E,2024,2024-06-29T00:00:00,653ea5d2-0ed0-4edf-9445-176b766c6b7a,1,Group Regular Season,Regular Season,RS,REGULAR SEASON,Regular Season,True,BAR,FC Barcelona,Barcelona,,BAR,False,https://media-cdn.incrowdsports.com/35dfa503-e417-481f-963a-bdf6f013763e.png,90,90,ASV,LDLC ASVEL Villeurbanne,ASVEL,,ASV,False,https://media-cdn.incrowdsports.com/e33c6d1a-95ca-4dbc-b8cb-0201812104cc.png,83,83
2024,RS,45,5,Round 5,Round 5,True,2024-10-25T20:45:00,True,True,2,2024-10-25T20:45:00,2024-10-25T18:45:00Z,"['W', 'L', 'L', 'W', 'W']","['L', 'W', 'W', 'L', 'L']",EuroLeague 2024-25,E2024,2024-25,E,2024,2024-06-29T00:00:00,653ea5d2-0ed0-4edf-9445-176b766c6b7a,1,Group Regular Season,Regular Season,RS,REGULAR SEASON,Regular Season,True,MUN,FC Bayern Munich,Bayern,,BAY,False,https://media-cdn.incrowdsports.com/817b0e58-d595-4b09-ab0b-1e7cc26249ff.png,84,84,OLY,Olympiacos Piraeus,Olympiacos,,OLY,False,https://media-cdn.incrowdsports.com/789423ac-3cdf-4b89-b11c-b458aa5f59a6.png,80,80
2024,RS,46,6,Round 6,Round 6,True,2024-10-29T18:30:00,True,True,3,2024-10-29T20:30:00,2024-10-29T17:30:00Z,"['L', 'L', 'W', 'W', 'L']","['W', 'W', 'W', 'W', 'W']",EuroLeague 2024-25,E2024,2024-25,E,2024,2024-06-29T00:00:00,653ea5d2-0ed0-4edf-9445-176b766c6b7a,1,Group Regular Season,Regular Season,RS,REGULAR SEASON,Regular Season,True,IST,Anadolu Efes Istanbul,Anadolu Efes,Efes,EFS,False,https://media-cdn.cortextech.io/9a463aa2-ceb2-481c-9a95-1cddee0a248e.png,88,88,BAR,FC Barcelona,Barcelona,,BAR,False,https://media-cdn.incrowdsports.com/35dfa503-e417-481f-963a-bdf6f013763e.png,97,97
2024,RS,47,6,Round 6,Round 6,True,2024-10-29T19:30:00,True,True,2,2024-10-29T20:30:00,2024-10-29T18:30:00Z,"['W', 'L', 'W', 'L', 'W']","['L', 'W', 'L', 'L', 'L']",EuroLeague 2024-25,E2024,2024-25,E,2024,2024-06-29T00:00:00,653ea5d2-0ed0-4edf-9445-176b766c6b7a,1,Group Regular Season,Regular Season,RS,REGULAR SEASON,Regular Season,True,ULK,Fenerbahce Beko Istanbul,Fenerbahce,,FBB,False,https://media-cdn.cortextech.io/3b7f020e-5b39-49a1-b4b2-efea918edab7.png,84,84,TEL,Maccabi Playtika Tel Aviv,Maccabi,,MTA,False,https://media-cdn.incrowdsports.com/5c55ef14-29df-4328-bd52-a7a64c432350.png,82,82
2024,RS,48,6,Round 6,Round 6,True,2024-10-30T19:00:00,True,True,2,2024-10-30T20:00:00,2024-10-30T18:00:00Z,"['L', 'W', 'W', 'W', 'W']","['W', 'W', 'L', 'L', 'L']",EuroLeague 2024-25,E2024,2024-25,E,2024,2024-06-29T00:00:00,653ea5d2-0ed0-4edf-9445-176b766c6b7a,1,Group Regular Season,Regular Season,RS,REGULAR SEASON,Regular Season,True,ZAL,Zalgiris Kaunas,Zalgiris,,ZAL,False,https://media-cdn.incrowdsports.com/0aa09358-3847-4c4e-b228-3582ee4e536d.png,86,86,RED,Crvena Zvezda Meridianbet Belgrade,Crvena Zvezda,,CZV,False,https://media-cdn.incrowdsports.com/d2eef4a8-62df-4fdd-9076-276004268515.png,84,84
2024,RS,49,6,Round 6,Round 6,True,2024-10-29T19:30:00,True,True,2,2024-10-29T20:30:00,2024-10-29T18:30:00Z,"['L', 'W', 'L', 'L', 'L']","['L', 'W', 'L', 'W', 'W']",EuroLeague 2024-25,E2024,2024-25,E,2024,2024-06-29T00:00:00,653ea5d2-0ed0-4edf-9445-176b766c6b7a,1,Group Regular Season,Regular Season,RS,REGULAR SEASON,Regular Season,True,BER,ALBA Berlin,ALBA,,BER,False,https://media-cdn.incrowdsports.com/ccc34858-22b0-47dc-904c-9940b0a16ff3.png,83,83,PRS,Paris Basketball,Paris,Paris,PBB,False,https://media-cdn.incrowdsports.com/a033e5b3-0de7-48a3-98d9-d9a4b9df1f39.png,92,92
2024,RS,50,6,Round 6,Round 6,True,2024-10-29T20:15:00,True,True,2,2024-10-29T21:15:00,2024-10-29T19:15:00Z,"['W', 'W', 'L', 'L', 'W']","['W', 'L', 'W', 'W', 'L']",EuroLeague 2024-25,E2024,2024-25,E,2024,2024-06-29T00:00:00,653ea5d2-0ed0-4edf-9445-176b766c6b7a,1,Group Regular Season,Regular Season,RS,REGULAR SEASON,Regular Season,True,OLY,Olympiacos Piraeus,Olympiacos,,OLY,False,https://media-cdn.incrowdsports.com/789423ac-3cdf-4b89-b11c-b458aa5f59a6.png,79,79,MAD,Real Madrid,Real,,RMB,False,https://media-cdn.incrowdsports.com/1a3e1404-4f6f-4ede-9d8b-30eee7cb51b4.png,69,69
2024,RS,51,6,Round 6,Round 6,True,2024-10-30T20:15:00,True,True,2,2024-10-30T21:15:00,2024-10-30T19:15:00Z,"['W', 'L', 'L', 'W', 'W']","['W', 'L', 'W', 'L', 'L']",EuroLeague 2024-25,E2024,2024-25,E,2024,2024-06-29T00:00:00,653ea5d2-0ed0-4edf-9445-176b766c6b7a,1,Group Regular Season,Regular Season,RS,REGULAR SEASON,Regular Season,True,PAN,Panathinaikos AKTOR Athens,Panathinaikos,,PAO,False,https://media-cdn.incrowdsports.com/e3dff28a-9ec6-4faf-9d96-ecbc68f75780.png,92,92,ASV,LDLC ASVEL Villeurbanne,ASVEL,,ASV,False,https://media-cdn.incrowdsports.com/e33c6d1a-95ca-4dbc-b8cb-0201812104cc.png,68,68
2024,RS,52,6,Round 6,Round 6,True,2024-10-29T20:30:00,True,True,2,2024-10-29T21:30:00,2024-10-29T19:30:00Z,"['L', 'W', 'L', 'W', 'W']","['W', 'L', 'L', 'L', 'L']",EuroLeague 2024-25,E2024,2024-25,E,2024,2024-06-29T00:00:00,653ea5d2-0ed0-4edf-9445-176b766c6b7a,1,Group Regular Season,Regular Season,RS,REGULAR SEASON,Regular Season,True,BAS,Baskonia Vitoria-Gasteiz,Baskonia,,BKN,False,https://media-cdn.incrowdsports.com/e324a6af-2a72-443e-9813-8bf2d364ddab.png,88,88,MIL,EA7 Emporio Armani Milan,Milan,,EA7,False,https://media-cdn.cortextech.io/9512ee73-a0f1-4647-a01e-3c2938aba6b8.png,83,83
2024,RS,53,6,Round 6,Round 6,True,2024-10-30T20:45:00,True,True,2,2024-10-30T21:45:00,2024-10-30T19:45:00Z,"['L', 'W', 'W', 'L', 'L']","['W', 'L', 'W', 'L', 'W']",EuroLeague 2024-25,E2024,2024-25,E,2024,2024-06-29T00:00:00,653ea5d2-0ed0-4edf-9445-176b766c6b7a,1,Group Regular Season,Regular Season,RS,REGULAR SEASON,Regular Season,True,PAR,Partizan Mozzart Bet Belgrade,Partizan,,PAR,False,https://media-cdn.incrowdsports.com/2681304e-77dd-4331-88b1-683078c0fb49.png,74,74,MCO,AS Monaco,Monaco,,ASM,False,https://media-cdn.incrowdsports.com/89ed276a-2ba3-413f-8ea2-b3be209ca129.png,79,79
2024,RS,54,6,Round 6,Round 6,True,2024-10-29T21:00:00,True,True,1,2024-10-29T21:00:00,2024-10-29T20:00:00Z,"['L', 'L', 'L', 'W', 'L']","['L', 'L', 'W', 'W', 'W']",EuroLeague 2024-25,E2024,2024-25,E,2024,2024-06-29T00:00:00,653ea5d2-0ed0-4edf-9445-176b766c6b7a,1,Group Regular Season,Regular Season,RS,REGULAR SEASON,Regular Season,True,VIR,Virtus Segafredo Bologna,Virtus,,VIR,False,https://media-cdn.cortextech.io/1362801d-dd09-4fd0-932d-ead56063ab77.png,84,84,MUN,FC Bayern Munich,Bayern,,BAY,False,https://media-cdn.incrowdsports.com/817b0e58-d595-4b09-ab0b-1e7cc26249ff.png,87,87
2024,RS,55,7,Round 7,Round 7,True,2024-10-31T20:00:00,True,True,1,2024-10-31T20:00:00,2024-10-31T19:00:00Z,"['W', 'L', 'L', 'L', 'L']","['L', 'W', 'W', 'L', 'W']",EuroLeague 2024-25,E2024,2024-25,E,2024,2024-06-29T00:00:00,653ea5d2-0ed0-4edf-9445-176b766c6b7a,1,Group Regular Season,Regular Season,RS,REGULAR SEASON,Regular Season,True,BER,ALBA Berlin,ALBA,,BER,False,https://media-cdn.incrowdsports.com/ccc34858-22b0-47dc-904c-9940b0a16ff3.png,70,70,IST,Anadolu Efes Istanbul,Anadolu Efes,Efes,EFS,False,https://media-cdn.cortextech.io/9a463aa2-ceb2-481c-9a95-1cddee0a248e.png,86,86
2024,RS,56,7,Round 7,Round 7,True,2024-10-31T20:15:00,True,True,2,2024-10-31T21:15:00,2024-10-31T19:15:00Z,"['W', 'L', 'L', 'W', 'W']","['W', 'W', 'W', 'W', 'L']",EuroLeague 2024-25,E2024,2024-25,E,2024,2024-06-29T00:00:00,653ea5d2-0ed0-4edf-9445-176b766c6b7a,1,Group Regular Season,Regular Season,RS,REGULAR SEASON,Regular Season,True,OLY,Olympiacos Piraeus,Olympiacos,,OLY,False,https://media-cdn.incrowdsports.com/789423ac-3cdf-4b89-b11c-b458aa5f59a6.png,95,95,BAR,FC Barcelona,Barcelona,,BAR,False,https://media-cdn.incrowdsports.com/35dfa503-e417-481f-963a-bdf6f013763e.png,74,74
2024,RS,57,7,Round 7,Round 7,True,2024-10-31T20:30:00,True,True,1,2024-10-31T20:30:00,2024-10-31T19:30:00Z,"['L', 'L', 'L', 'L', 'W']","['L', 'L', 'W', 'L', 'L']",EuroLeague 2024-25,E2024,2024-25,E,2024,2024-06-29T00:00:00,653ea5d2-0ed0-4edf-9445-176b766c6b7a,1,Group Regular Season,Regular Season,RS,REGULAR SEASON,Regular Season,True,MIL,EA7 Emporio Armani Milan,Milan,,EA7,False,https://media-cdn.cortextech.io/9512ee73-a0f1-4647-a01e-3c2938aba6b8.png,99,99,VIR,Virtus Segafredo Bologna,Virtus,,VIR,False,https://media-cdn.cortextech.io/1362801d-dd09-4fd0-932d-ead56063ab77.png,90,90
2024,RS,58,7,Round 7,Round 7,True,2024-10-31T20:05:00,True,True,1,2024-10-31T20:05:00,2024-10-31T19:05:00Z,"['W', 'L', 'L', 'L', 'W']","['L', 'W', 'W', 'L', 'L']",EuroLeague 2024-25,E2024,2024-25,E,2024,2024-06-29T00:00:00,653ea5d2-0ed0-4edf-9445-176b766c6b7a,1,Group Regular Season,Regular Season,RS,REGULAR SEASON,Regular Season,True,TEL,Maccabi Playtika Tel Aviv,Maccabi,,MTA,False,https://media-cdn.incrowdsports.com/5c55ef14-29df-4328-bd52-a7a64c432350.png,79,79,MAD,Real Madrid,Real,,RMB,False,https://media-cdn.incrowdsports.com/1a3e1404-4f6f-4ede-9d8b-30eee7cb51b4.png,78,78
2024,RS,59,7,Round 7,Round 7,True,2024-11-01T18:45:00,True,True,3,2024-11-01T20:45:00,2024-11-01T17:45:00Z,"['L', 'W', 'L', 'W', 'W']","['W', 'W', 'L', 'L', 'L']",EuroLeague 2024-25,E2024,2024-25,E,2024,2024-06-29T00:00:00,653ea5d2-0ed0-4edf-9445-176b766c6b7a,1,Group Regular Season,Regular Season,RS,REGULAR SEASON,Regular Season,True,ULK,Fenerbahce Beko Istanbul,Fenerbahce,,FBB,False,https://media-cdn.cortextech.io/3b7f020e-5b39-49a1-b4b2-efea918edab7.png,89,89,PAR,Partizan Mozzart Bet Belgrade,Partizan,,PAR,False,https://media-cdn.incrowdsports.com/2681304e-77dd-4331-88b1-683078c0fb49.png,72,72
2024,RS,60,7,Round 7,Round 7,True,2024-11-01T19:00:00,True,True,2,2024-11-01T20:00:00,2024-11-01T18:00:00Z,"['W', 'W', 'W', 'W', 'W']","['L', 'W', 'L', 'W', 'L']",EuroLeague 2024-25,E2024,2024-25,E,2024,2024-06-29T00:00:00,653ea5d2-0ed0-4edf-9445-176b766c6b7a,1,Group Regular Season,Regular Season,RS,REGULAR SEASON,Regular Season,True,ZAL,Zalgiris Kaunas,Zalgiris,,ZAL,False,https://media-cdn.incrowdsports.com/0aa09358-3847-4c4e-b228-3582ee4e536d.png,63,63,MCO,AS Monaco,Monaco,,ASM,False,https://media-cdn.incrowdsports.com/89ed276a-2ba3-413f-8ea2-b3be209ca129.png,62,62
2024,RS,61,7,Round 7,Round 7,True,2024-11-01T20:00:00,True,True,1,2024-11-01T20:00:00,2024-11-01T19:00:00Z,"['W', 'L', 'L', 'L', 'L']","['L', 'L', 'W', 'W', 'W']",EuroLeague 2024-25,E2024,2024-25,E,2024,2024-06-29T00:00:00,653ea5d2-0ed0-4edf-9445-176b766c6b7a,1,Group Regular Season,Regular Season,RS,REGULAR SEASON,Regular Season,True,RED,Crvena Zvezda Meridianbet Belgrade,Crvena Zvezda,,CZV,False,https://media-cdn.incrowdsports.com/d2eef4a8-62df-4fdd-9076-276004268515.png,77,77,PAN,Panathinaikos AKTOR Athens,Panathinaikos,,PAO,False,https://media-cdn.incrowdsports.com/e3dff28a-9ec6-4faf-9d96-ecbc68f75780.png,81,81
2024,RS,62,7,Round 7,Round 7,True,2024-11-01T20:00:00,True,True,1,2024-11-01T20:00:00,2024-11-01T19:00:00Z,"['L', 'W', 'L', 'L', 'L']","['L', 'W', 'W', 'W', 'W']",EuroLeague 2024-25,E2024,2024-25,E,2024,2024-06-29T00:00:00,653ea5d2-0ed0-4edf-9445-176b766c6b7a,1,Group Regular Season,Regular Season,RS,REGULAR SEASON,Regular Season,True,ASV,LDLC ASVEL Villeurbanne,ASVEL,,ASV,False,https://media-cdn.incrowdsports.com/e33c6d1a-95ca-4dbc-b8cb-0201812104cc.png,71,71,MUN,FC Bayern Munich,Bayern,,BAY,False,https://media-cdn.incrowdsports.com/817b0e58-d595-4b09-ab0b-1e7cc26249ff.png,84,84
2024,RS,63,7,Round 7,Round 7,True,2024-11-01T20:45:00,True,True,1,2024-11-01T20:45:00,2024-11-01T19:45:00Z,"['W', 'L', 'W', 'W', 'W']","['W', 'L', 'W', 'W', 'L']",EuroLeague 2024-25,E2024,2024-25,E,2024,2024-06-29T00:00:00,653ea5d2-0ed0-4edf-9445-176b766c6b7a,1,Group Regular Season,Regular Season,RS,REGULAR SEASON,Regular Season,True,PRS,Paris Basketball,Paris,Paris,PBB,False,https://media-cdn.incrowdsports.com/a033e5b3-0de7-48a3-98d9-d9a4b9df1f39.png,67,67,BAS,Baskonia Vitoria-Gasteiz,Baskonia,,BKN,False,https://media-cdn.incrowdsports.com/e324a6af-2a72-443e-9813-8bf2d364ddab.png,65,65
2024,RS,64,8,Round 8,Round 8,True,2024-11-08T18:00:00,True,True,3,2024-11-08T20:00:00,2024-11-08T17:00:00Z,"['W', 'W', 'L', 'W', 'L']","['W', 'L', 'W', 'L', 'W']",EuroLeague 2024-25,E2024,2024-25,E,2024,2024-06-29T00:00:00,653ea5d2-0ed0-4edf-9445-176b766c6b7a,1,Group Regular Season,Regular Season,RS,REGULAR SEASON,Regular Season,True,IST,Anadolu Efes Istanbul,Anadolu Efes,Efes,EFS,False,https://media-cdn.cortextech.io/9a463aa2-ceb2-481c-9a95-1cddee0a248e.png,69,69,MCO,AS Monaco,Monaco,,ASM,False,https://media-cdn.incrowdsports.com/89ed276a-2ba3-413f-8ea2-b3be209ca129.png,81,81
2024,RS,65,8,Round 8,Round 8,True,2024-11-07T19:00:00,True,True,1,2024-11-07T19:00:00,2024-11-07T18:00:00Z,"['L', 'L', 'L', 'L', 'W']","['L', 'L', 'L', 'L', 'L']",EuroLeague 2024-25,E2024,2024-25,E,2024,2024-06-29T00:00:00,653ea5d2-0ed0-4edf-9445-176b766c6b7a,1,Group Regular Season,Regular Season,RS,REGULAR SEASON,Regular Season,True,RED,Crvena Zvezda Meridianbet Belgrade,Crvena Zvezda,,CZV,False,https://media-cdn.incrowdsports.com/d2eef4a8-62df-4fdd-9076-276004268515.png,92,92,BER,ALBA Berlin,ALBA,,BER,False,https://media-cdn.incrowdsports.com/ccc34858-22b0-47dc-904c-9940b0a16ff3.png,71,71
2024,RS,66,8,Round 8,Round 8,True,2024-11-07T20:30:00,True,True,1,2024-11-07T20:30:00,2024-11-07T19:30:00Z,"['L', 'L', 'L', 'W', 'W']","['W', 'W', 'L', 'L', 'L']",EuroLeague 2024-25,E2024,2024-25,E,2024,2024-06-29T00:00:00,653ea5d2-0ed0-4edf-9445-176b766c6b7a,1,Group Regular Season,Regular Season,RS,REGULAR SEASON,Regular Season,True,MIL,EA7 Emporio Armani Milan,Milan,,EA7,False,https://media-cdn.cortextech.io/9512ee73-a0f1-4647-a01e-3c2938aba6b8.png,85,85,MAD,Real Madrid,Real,,RMB,False,https://media-cdn.incrowdsports.com/1a3e1404-4f6f-4ede-9d8b-30eee7cb51b4.png,76,76
2024,RS,67,8,Round 8,Round 8,True,2024-11-07T20:45:00,True,True,1,2024-11-07T20:45:00,2024-11-07T19:45:00Z,"['W', 'W', 'W', 'W', 'W']","['W', 'W', 'W', 'W', 'L']",EuroLeague 2024-25,E2024,2024-25,E,2024,2024-06-29T00:00:00,653ea5d2-0ed0-4edf-9445-176b766c6b7a,1,Group Regular Season,Regular Season,RS,REGULAR SEASON,Regular Season,True,MUN,FC Bayern Munich,Bayern,,BAY,False,https://media-cdn.incrowdsports.com/817b0e58-d595-4b09-ab0b-1e7cc26249ff.png,77,77,ZAL,Zalgiris Kaunas,Zalgiris,,ZAL,False,https://media-cdn.incrowdsports.com/0aa09358-3847-4c4e-b228-3582ee4e536d.png,74,74
2024,RS,68,8,Round 8,Round 8,True,2024-11-07T20:45:00,True,True,1,2024-11-07T20:45:00,2024-11-07T19:45:00Z,"['L', 'W', 'W', 'W', 'W']","['W', 'L', 'L', 'L', 'L']",EuroLeague 2024-25,E2024,2024-25,E,2024,2024-06-29T00:00:00,653ea5d2-0ed0-4edf-9445-176b766c6b7a,1,Group Regular Season,Regular Season,RS,REGULAR SEASON,Regular Season,True,PRS,Paris Basketball,Paris,Paris,PBB,False,https://media-cdn.incrowdsports.com/a033e5b3-0de7-48a3-98d9-d9a4b9df1f39.png,74,74,PAR,Partizan Mozzart Bet Belgrade,Partizan,,PAR,False,https://media-cdn.incrowdsports.com/2681304e-77dd-4331-88b1-683078c0fb49.png,71,71
2024,RS,69,8,Round 8,Round 8,True,2024-11-08T20:00:00,True,True,1,2024-11-08T20:00:00,2024-11-08T19:00:00Z,"['W', 'L', 'L', 'L', 'L']","['W', 'L', 'W', 'W', 'W']",EuroLeague 2024-25,E2024,2024-25,E,2024,2024-06-29T00:00:00,653ea5d2-0ed0-4edf-9445-176b766c6b7a,1,Group Regular Season,Regular Season,RS,REGULAR SEASON,Regular Season,True,ASV,LDLC ASVEL Villeurbanne,ASVEL,,ASV,False,https://media-cdn.incrowdsports.com/e33c6d1a-95ca-4dbc-b8cb-0201812104cc.png,73,73,ULK,Fenerbahce Beko Istanbul,Fenerbahce,,FBB,False,https://media-cdn.cortextech.io/3b7f020e-5b39-49a1-b4b2-efea918edab7.png,77,77
2024,RS,70,8,Round 8,Round 8,True,2024-11-08T20:15:00,True,True,2,2024-11-08T21:15:00,2024-11-08T19:15:00Z,"['L', 'W', 'W', 'W', 'L']","['L', 'L', 'W', 'W', 'W']",EuroLeague 2024-25,E2024,2024-25,E,2024,2024-06-29T00:00:00,653ea5d2-0ed0-4edf-9445-176b766c6b7a,1,Group Regular Season,Regular Season,RS,REGULAR SEASON,Regular Season,True,PAN,Panathinaikos AKTOR Athens,Panathinaikos,,PAO,False,https://media-cdn.incrowdsports.com/e3dff28a-9ec6-4faf-9d96-ecbc68f75780.png,89,89,OLY,Olympiacos Piraeus,Olympiacos,,OLY,False,https://media-cdn.incrowdsports.com/789423ac-3cdf-4b89-b11c-b458aa5f59a6.png,94,94
2024,RS,71,8,Round 8,Round 8,True,2024-11-08T20:30:00,True,True,1,2024-11-08T20:30:00,2024-11-08T19:30:00Z,"['W', 'W', 'W', 'L', 'W']","['L', 'W', 'W', 'L', 'L']",EuroLeague 2024-25,E2024,2024-25,E,2024,2024-06-29T00:00:00,653ea5d2-0ed0-4edf-9445-176b766c6b7a,1,Group Regular Season,Regular Season,RS,REGULAR SEASON,Regular Season,True,BAR,FC Barcelona,Barcelona,,BAR,False,https://media-cdn.incrowdsports.com/35dfa503-e417-481f-963a-bdf6f013763e.png,91,91,BAS,Baskonia Vitoria-Gasteiz,Baskonia,,BKN,False,https://media-cdn.incrowdsports.com/e324a6af-2a72-443e-9813-8bf2d364ddab.png,68,68
2024,RS,72,8,Round 8,Round 8,True,2024-11-08T20:30:00,True,True,1,2024-11-08T20:30:00,2024-11-08T19:30:00Z,"['L', 'W', 'L', 'L', 'W']","['L', 'L', 'L', 'W', 'L']",EuroLeague 2024-25,E2024,2024-25,E,2024,2024-06-29T00:00:00,653ea5d2-0ed0-4edf-9445-176b766c6b7a,1,Group Regular Season,Regular Season,RS,REGULAR SEASON,Regular Season,True,VIR,Virtus Segafredo Bologna,Virtus,,VIR,False,https://media-cdn.cortextech.io/1362801d-dd09-4fd0-932d-ead56063ab77.png,84,84,TEL,Maccabi Playtika Tel Aviv,Maccabi,,MTA,False,https://media-cdn.incrowdsports.com/5c55ef14-29df-4328-bd52-a7a64c432350.png,77,77
2024,RS,73,9,Round 9,Round 9,True,2024-11-12T18:45:00,True,True,3,2024-11-12T20:45:00,2024-11-12T17:45:00Z,"['L', 'W', 'W', 'W', 'W']","['W', 'W', 'W', 'W', 'L']",EuroLeague 2024-25,E2024,2024-25,E,2024,2024-06-29T00:00:00,653ea5d2-0ed0-4edf-9445-176b766c6b7a,1,Group Regular Season,Regular Season,RS,REGULAR SEASON,Regular Season,True,ULK,Fenerbahce Beko Istanbul,Fenerbahce,,FBB,False,https://media-cdn.cortextech.io/3b7f020e-5b39-49a1-b4b2-efea918edab7.png,87,87,MUN,FC Bayern Munich,Bayern,,BAY,False,https://media-cdn.incrowdsports.com/817b0e58-d595-4b09-ab0b-1e7cc26249ff.png,76,76
2024,RS,74,9,Round 9,Round 9,True,2024-11-12T19:00:00,True,True,1,2024-11-12T19:00:00,2024-11-12T18:00:00Z,"['L', 'W', 'L', 'W', 'L']","['L', 'L', 'L', 'W', 'W']",EuroLeague 2024-25,E2024,2024-25,E,2024,2024-06-29T00:00:00,653ea5d2-0ed0-4edf-9445-176b766c6b7a,1,Group Regular Season,Regular Season,RS,REGULAR SEASON,Regular Season,True,MCO,AS Monaco,Monaco,,ASM,False,https://media-cdn.incrowdsports.com/89ed276a-2ba3-413f-8ea2-b3be209ca129.png,90,90,RED,Crvena Zvezda Meridianbet Belgrade,Crvena Zvezda,,CZV,False,https://media-cdn.incrowdsports.com/d2eef4a8-62df-4fdd-9076-276004268515.png,98,98
2024,RS,75,9,Round 9,Round 9,True,2024-11-12T20:00:00,True,True,1,2024-11-12T20:00:00,2024-11-12T19:00:00Z,"['L', 'L', 'L', 'L', 'W']","['L', 'L', 'W', 'W', 'L']",EuroLeague 2024-25,E2024,2024-25,E,2024,2024-06-29T00:00:00,653ea5d2-0ed0-4edf-9445-176b766c6b7a,1,Group Regular Season,Regular Season,RS,REGULAR SEASON,Regular Season,True,BER,ALBA Berlin,ALBA,,BER,False,https://media-cdn.incrowdsports.com/ccc34858-22b0-47dc-904c-9940b0a16ff3.png,105,92,MIL,EA7 Emporio Armani Milan,Milan,,EA7,False,https://media-cdn.cortextech.io/9512ee73-a0f1-4647-a01e-3c2938aba6b8.png,101,92
2024,RS,76,9,Round 9,Round 9,True,2024-11-12T20:00:00,True,True,2,2024-11-12T21:00:00,2024-11-12T19:00:00Z,"['L', 'W', 'W', 'W', 'W']","['L', 'L', 'L', 'L', 'L']",EuroLeague 2024-25,E2024,2024-25,E,2024,2024-06-29T00:00:00,653ea5d2-0ed0-4edf-9445-176b766c6b7a,1,Group Regular Season,Regular Season,RS,REGULAR SEASON,Regular Season,True,OLY,Olympiacos Piraeus,Olympiacos,,OLY,False,https://media-cdn.incrowdsports.com/789423ac-3cdf-4b89-b11c-b458aa5f59a6.png,94,94,ASV,LDLC ASVEL Villeurbanne,ASVEL,,ASV,False,https://media-cdn.incrowdsports.com/e33c6d1a-95ca-4dbc-b8cb-0201812104cc.png,92,92
2024,RS,77,9,Round 9,Round 9,True,2024-11-12T20:15:00,True,True,2,2024-11-12T21:15:00,2024-11-12T19:15:00Z,"['W', 'W', 'W', 'L', 'W']","['L', 'L', 'W', 'L', 'L']",EuroLeague 2024-25,E2024,2024-25,E,2024,2024-06-29T00:00:00,653ea5d2-0ed0-4edf-9445-176b766c6b7a,1,Group Regular Season,Regular Season,RS,REGULAR SEASON,Regular Season,True,PAN,Panathinaikos AKTOR Athens,Panathinaikos,,PAO,False,https://media-cdn.incrowdsports.com/e3dff28a-9ec6-4faf-9d96-ecbc68f75780.png,93,93,TEL,Maccabi Playtika Tel Aviv,Maccabi,,MTA,False,https://media-cdn.incrowdsports.com/5c55ef14-29df-4328-bd52-a7a64c432350.png,87,87
2024,RS,78,9,Round 9,Round 9,True,2024-11-12T20:30:00,True,True,1,2024-11-12T20:30:00,2024-11-12T19:30:00Z,"['W', 'W', 'L', 'L', 'L']","['W', 'L', 'W', 'L', 'W']",EuroLeague 2024-25,E2024,2024-25,E,2024,2024-06-29T00:00:00,653ea5d2-0ed0-4edf-9445-176b766c6b7a,1,Group Regular Season,Regular Season,RS,REGULAR SEASON,Regular Season,True,BAS,Baskonia Vitoria-Gasteiz,Baskonia,,BKN,False,https://media-cdn.incrowdsports.com/e324a6af-2a72-443e-9813-8bf2d364ddab.png,84,84,IST,Anadolu Efes Istanbul,Anadolu Efes,Efes,EFS,False,https://media-cdn.cortextech.io/9a463aa2-ceb2-481c-9a95-1cddee0a248e.png,89,89
2024,RS,79,9,Round 9,Round 9,True,2024-11-12T20:45:00,True,True,1,2024-11-12T20:45:00,2024-11-12T19:45:00Z,"['W', 'L', 'L', 'L', 'W']","['W', 'L', 'L', 'W', 'L']",EuroLeague 2024-25,E2024,2024-25,E,2024,2024-06-29T00:00:00,653ea5d2-0ed0-4edf-9445-176b766c6b7a,1,Group Regular Season,Regular Season,RS,REGULAR SEASON,Regular Season,True,MAD,Real Madrid,Real,,RMB,False,https://media-cdn.incrowdsports.com/1a3e1404-4f6f-4ede-9d8b-30eee7cb51b4.png,98,98,VIR,Virtus Segafredo Bologna,Virtus,,VIR,False,https://media-cdn.cortextech.io/1362801d-dd09-4fd0-932d-ead56063ab77.png,86,86
2024,RS,80,9,Round 9,Round 9,True,2024-11-13T18:00:00,True,True,1,2024-11-13T18:00:00,2024-11-13T17:00:00Z,"['L', 'L', 'L', 'L', 'L']","['W', 'W', 'L', 'W', 'W']",EuroLeague 2024-25,E2024,2024-25,E,2024,2024-06-29T00:00:00,653ea5d2-0ed0-4edf-9445-176b766c6b7a,1,Group Regular Season,Regular Season,RS,REGULAR SEASON,Regular Season,True,PAR,Partizan Mozzart Bet Belgrade,Partizan,,PAR,False,https://media-cdn.incrowdsports.com/2681304e-77dd-4331-88b1-683078c0fb49.png,79,79,BAR,FC Barcelona,Barcelona,,BAR,False,https://media-cdn.incrowdsports.com/35dfa503-e417-481f-963a-bdf6f013763e.png,87,87
2024,RS,81,9,Round 9,Round 9,True,2024-11-13T20:30:00,True,True,1,2024-11-13T20:30:00,2024-11-13T19:30:00Z,"['W', 'W', 'W', 'W', 'W']","['W', 'W', 'W', 'L', 'L']",EuroLeague 2024-25,E2024,2024-25,E,2024,2024-06-29T00:00:00,653ea5d2-0ed0-4edf-9445-176b766c6b7a,1,Group Regular Season,Regular Season,RS,REGULAR SEASON,Regular Season,True,PRS,Paris Basketball,Paris,Paris,PBB,False,https://media-cdn.incrowdsports.com/a033e5b3-0de7-48a3-98d9-d9a4b9df1f39.png,83,83,ZAL,Zalgiris Kaunas,Zalgiris,,ZAL,False,https://media-cdn.incrowdsports.com/0aa09358-3847-4c4e-b228-3582ee4e536d.png,77,77
2024,RS,82,10,Round 10,Round 10,True,2024-11-14T20:00:00,True,True,1,2024-11-14T20:00:00,2024-11-14T19:00:00Z,"['L', 'L', 'L', 'L', 'W']","['L', 'L', 'W', 'W', 'L']",EuroLeague 2024-25,E2024,2024-25,E,2024,2024-06-29T00:00:00,653ea5d2-0ed0-4edf-9445-176b766c6b7a,1,Group Regular Season,Regular Season,RS,REGULAR SEASON,Regular Season,True,ASV,LDLC ASVEL Villeurbanne,ASVEL,,ASV,False,https://media-cdn.incrowdsports.com/e33c6d1a-95ca-4dbc-b8cb-0201812104cc.png,77,77,RED,Crvena Zvezda Meridianbet Belgrade,Crvena Zvezda,,CZV,False,https://media-cdn.incrowdsports.com/d2eef4a8-62df-4fdd-9076-276004268515.png,74,74
2024,RS,83,10,Round 10,Round 10,True,2024-11-14T20:30:00,True,True,1,2024-11-14T20:30:00,2024-11-14T19:30:00Z,"['W', 'L', 'L', 'L', 'L']","['W', 'L', 'W', 'L', 'W']",EuroLeague 2024-25,E2024,2024-25,E,2024,2024-06-29T00:00:00,653ea5d2-0ed0-4edf-9445-176b766c6b7a,1,Group Regular Season,Regular Season,RS,REGULAR SEASON,Regular Season,True,BAS,Baskonia Vitoria-Gasteiz,Baskonia,,BKN,False,https://media-cdn.incrowdsports.com/e324a6af-2a72-443e-9813-8bf2d364ddab.png,75,75,MCO,AS Monaco,Monaco,,ASM,False,https://media-cdn.incrowdsports.com/89ed276a-2ba3-413f-8ea2-b3be209ca129.png,87,87
2024,RS,84,10,Round 10,Round 10,True,2024-11-14T20:30:00,True,True,1,2024-11-14T20:30:00,2024-11-14T19:30:00Z,"['W', 'W', 'W', 'L', 'W']","['L', 'L', 'L', 'W', 'L']",EuroLeague 2024-25,E2024,2024-25,E,2024,2024-06-29T00:00:00,653ea5d2-0ed0-4edf-9445-176b766c6b7a,1,Group Regular Season,Regular Season,RS,REGULAR SEASON,Regular Season,True,MUN,FC Bayern Munich,Bayern,,BAY,False,https://media-cdn.incrowdsports.com/817b0e58-d595-4b09-ab0b-1e7cc26249ff.png,115,115,BER,ALBA Berlin,ALBA,,BER,False,https://media-cdn.incrowdsports.com/ccc34858-22b0-47dc-904c-9940b0a16ff3.png,88,88
2024,RS,85,10,Round 10,Round 10,True,2024-11-14T20:45:00,True,True,1,2024-11-14T20:45:00,2024-11-14T19:45:00Z,"['L', 'L', 'L', 'W', 'L']","['L', 'W', 'L', 'W', 'W']",EuroLeague 2024-25,E2024,2024-25,E,2024,2024-06-29T00:00:00,653ea5d2-0ed0-4edf-9445-176b766c6b7a,1,Group Regular Season,Regular Season,RS,REGULAR SEASON,Regular Season,True,MAD,Real Madrid,Real,,RMB,False,https://media-cdn.incrowdsports.com/1a3e1404-4f6f-4ede-9d8b-30eee7cb51b4.png,64,64,IST,Anadolu Efes Istanbul,Anadolu Efes,Efes,EFS,False,https://media-cdn.cortextech.io/9a463aa2-ceb2-481c-9a95-1cddee0a248e.png,74,74
2024,RS,86,10,Round 10,Round 10,True,2024-11-14T19:00:00,True,True,1,2024-11-14T19:00:00,2024-11-14T18:00:00Z,"['L', 'W', 'L', 'L', 'L']","['W', 'W', 'W', 'W', 'W']",EuroLeague 2024-25,E2024,2024-25,E,2024,2024-06-29T00:00:00,653ea5d2-0ed0-4edf-9445-176b766c6b7a,1,Group Regular Season,Regular Season,RS,REGULAR SEASON,Regular Season,True,TEL,Maccabi Playtika Tel Aviv,Maccabi,,MTA,False,https://media-cdn.incrowdsports.com/5c55ef14-29df-4328-bd52-a7a64c432350.png,91,91,OLY,Olympiacos Piraeus,Olympiacos,,OLY,False,https://media-cdn.incrowdsports.com/789423ac-3cdf-4b89-b11c-b458aa5f59a6.png,94,94
2024,RS,87,10,Round 10,Round 10,True,2024-11-15T19:00:00,True,True,2,2024-11-15T20:00:00,2024-11-15T18:00:00Z,"['W', 'W', 'L', 'L', 'L']","['W', 'W', 'W', 'W', 'W']",EuroLeague 2024-25,E2024,2024-25,E,2024,2024-06-29T00:00:00,653ea5d2-0ed0-4edf-9445-176b766c6b7a,1,Group Regular Season,Regular Season,RS,REGULAR SEASON,Regular Season,True,ZAL,Zalgiris Kaunas,Zalgiris,,ZAL,False,https://media-cdn.incrowdsports.com/0aa09358-3847-4c4e-b228-3582ee4e536d.png,65,65,ULK,Fenerbahce Beko Istanbul,Fenerbahce,,FBB,False,https://media-cdn.cortextech.io/3b7f020e-5b39-49a1-b4b2-efea918edab7.png,72,72
2024,RS,88,10,Round 10,Round 10,True,2024-11-15T20:30:00,True,True,1,2024-11-15T20:30:00,2024-11-15T19:30:00Z,"['W', 'L', 'W', 'W', 'L']","['W', 'W', 'W', 'W', 'W']",EuroLeague 2024-25,E2024,2024-25,E,2024,2024-06-29T00:00:00,653ea5d2-0ed0-4edf-9445-176b766c6b7a,1,Group Regular Season,Regular Season,RS,REGULAR SEASON,Regular Season,True,BAR,FC Barcelona,Barcelona,,BAR,False,https://media-cdn.incrowdsports.com/35dfa503-e417-481f-963a-bdf6f013763e.png,87,87,PRS,Paris Basketball,Paris,Paris,PBB,False,https://media-cdn.incrowdsports.com/a033e5b3-0de7-48a3-98d9-d9a4b9df1f39.png,103,103
2024,RS,89,10,Round 10,Round 10,True,2024-11-15T20:30:00,True,True,1,2024-11-15T20:30:00,2024-11-15T19:30:00Z,"['L', 'L', 'L', 'L', 'L']","['L', 'W', 'W', 'L', 'W']",EuroLeague 2024-25,E2024,2024-25,E,2024,2024-06-29T00:00:00,653ea5d2-0ed0-4edf-9445-176b766c6b7a,1,Group Regular Season,Regular Season,RS,REGULAR SEASON,Regular Season,True,PAR,Partizan Mozzart Bet Belgrade,Partizan,,PAR,False,https://media-cdn.incrowdsports.com/2681304e-77dd-4331-88b1-683078c0fb49.png,81,81,MIL,EA7 Emporio Armani Milan,Milan,,EA7,False,https://media-cdn.cortextech.io/9512ee73-a0f1-4647-a01e-3c2938aba6b8.png,88,88
2024,RS,90,10,Round 10,Round 10,True,2024-11-15T20:30:00,True,True,1,2024-11-15T20:30:00,2024-11-15T19:30:00Z,"['L', 'L', 'W', 'L', 'L']","['W', 'W', 'L', 'W', 'W']",EuroLeague 2024-25,E2024,2024-25,E,2024,2024-06-29T00:00:00,653ea5d2-0ed0-4edf-9445-176b766c6b7a,1,Group Regular Season,Regular Season,RS,REGULAR SEASON,Regular Season,True,VIR,Virtus Segafredo Bologna,Virtus,,VIR,False,https://media-cdn.cortextech.io/1362801d-dd09-4fd0-932d-ead56063ab77.png,77,77,PAN,Panathinaikos AKTOR Athens,Panathinaikos,,PAO,False,https://media-cdn.incrowdsports.com/e3dff28a-9ec6-4faf-9d96-ecbc68f75780.png,82,82
2024,RS,91,11,Round 11,Round 11,True,2024-11-20T20:30:00,True,True,1,2024-11-20T20:30:00,2024-11-20T19:30:00Z,"['L', 'W', 'L', 'L', 'L']","['W', 'W', 'W', 'W', 'W']",EuroLeague 2024-25,E2024,2024-25,E,2024,2024-06-29T00:00:00,653ea5d2-0ed0-4edf-9445-176b766c6b7a,1,Group Regular Season,Regular Season,RS,REGULAR SEASON,Regular Season,True,VIR,Virtus Segafredo Bologna,Virtus,,VIR,False,https://media-cdn.cortextech.io/1362801d-dd09-4fd0-932d-ead56063ab77.png,82,82,ULK,Fenerbahce Beko Istanbul,Fenerbahce,,FBB,False,https://media-cdn.cortextech.io/3b7f020e-5b39-49a1-b4b2-efea918edab7.png,86,86
2024,RS,92,11,Round 11,Round 11,True,2024-11-21T19:00:00,True,True,1,2024-11-21T19:00:00,2024-11-21T18:00:00Z,"['L', 'W', 'L', 'W', 'W']","['L', 'L', 'L', 'W', 'L']",EuroLeague 2024-25,E2024,2024-25,E,2024,2024-06-29T00:00:00,653ea5d2-0ed0-4edf-9445-176b766c6b7a,1,Group Regular Season,Regular Season,RS,REGULAR SEASON,Regular Season,True,MCO,AS Monaco,Monaco,,ASM,False,https://media-cdn.incrowdsports.com/89ed276a-2ba3-413f-8ea2-b3be209ca129.png,103,103,ASV,LDLC ASVEL Villeurbanne,ASVEL,,ASV,False,https://media-cdn.incrowdsports.com/e33c6d1a-95ca-4dbc-b8cb-0201812104cc.png,92,92
2024,RS,93,11,Round 11,Round 11,True,2024-11-21T20:00:00,True,True,1,2024-11-21T20:00:00,2024-11-21T19:00:00Z,"['L', 'W', 'W', 'L', 'L']","['L', 'L', 'L', 'L', 'W']",EuroLeague 2024-25,E2024,2024-25,E,2024,2024-06-29T00:00:00,653ea5d2-0ed0-4edf-9445-176b766c6b7a,1,Group Regular Season,Regular Season,RS,REGULAR SEASON,Regular Season,True,RED,Crvena Zvezda Meridianbet Belgrade,Crvena Zvezda,,CZV,False,https://media-cdn.incrowdsports.com/d2eef4a8-62df-4fdd-9076-276004268515.png,77,77,PAR,Partizan Mozzart Bet Belgrade,Partizan,,PAR,False,https://media-cdn.incrowdsports.com/2681304e-77dd-4331-88b1-683078c0fb49.png,89,89
2024,RS,94,11,Round 11,Round 11,True,2024-11-21T20:15:00,True,True,2,2024-11-21T21:15:00,2024-11-21T19:15:00Z,"['W', 'W', 'W', 'W', 'W']","['L', 'L', 'L', 'L', 'L']",EuroLeague 2024-25,E2024,2024-25,E,2024,2024-06-29T00:00:00,653ea5d2-0ed0-4edf-9445-176b766c6b7a,1,Group Regular Season,Regular Season,RS,REGULAR SEASON,Regular Season,True,OLY,Olympiacos Piraeus,Olympiacos,,OLY,False,https://media-cdn.incrowdsports.com/789423ac-3cdf-4b89-b11c-b458aa5f59a6.png,92,92,BAS,Baskonia Vitoria-Gasteiz,Baskonia,,BKN,False,https://media-cdn.incrowdsports.com/e324a6af-2a72-443e-9813-8bf2d364ddab.png,69,69
2024,RS,95,11,Round 11,Round 11,True,2024-11-21T20:30:00,True,True,1,2024-11-21T20:30:00,2024-11-21T19:30:00Z,"['W', 'W', 'L', 'W', 'W']","['W', 'L', 'L', 'L', 'L']",EuroLeague 2024-25,E2024,2024-25,E,2024,2024-06-29T00:00:00,653ea5d2-0ed0-4edf-9445-176b766c6b7a,1,Group Regular Season,Regular Season,RS,REGULAR SEASON,Regular Season,True,MIL,EA7 Emporio Armani Milan,Milan,,EA7,False,https://media-cdn.cortextech.io/9512ee73-a0f1-4647-a01e-3c2938aba6b8.png,98,98,TEL,Maccabi Playtika Tel Aviv,Maccabi,,MTA,False,https://media-cdn.incrowdsports.com/5c55ef14-29df-4328-bd52-a7a64c432350.png,86,86
2024,RS,96,11,Round 11,Round 11,True,2024-11-21T20:45:00,True,True,1,2024-11-21T20:45:00,2024-11-21T19:45:00Z,"['L', 'L', 'W', 'L', 'W']","['L', 'L', 'W', 'L', 'L']",EuroLeague 2024-25,E2024,2024-25,E,2024,2024-06-29T00:00:00,653ea5d2-0ed0-4edf-9445-176b766c6b7a,1,Group Regular Season,Regular Season,RS,REGULAR SEASON,Regular Season,True,MAD,Real Madrid,Real,,RMB,False,https://media-cdn.incrowdsports.com/1a3e1404-4f6f-4ede-9d8b-30eee7cb51b4.png,98,98,BER,ALBA Berlin,ALBA,,BER,False,https://media-cdn.incrowdsports.com/ccc34858-22b0-47dc-904c-9940b0a16ff3.png,84,84
2024,RS,97,11,Round 11,Round 11,True,2024-11-21T18:30:00,True,True,3,2024-11-21T20:30:00,2024-11-21T17:30:00Z,"['W', 'L', 'W', 'W', 'L']","['W', 'W', 'W', 'W', 'W']",EuroLeague 2024-25,E2024,2024-25,E,2024,2024-06-29T00:00:00,653ea5d2-0ed0-4edf-9445-176b766c6b7a,1,Group Regular Season,Regular Season,RS,REGULAR SEASON,Regular Season,True,IST,Anadolu Efes Istanbul,Anadolu Efes,Efes,EFS,False,https://media-cdn.cortextech.io/9a463aa2-ceb2-481c-9a95-1cddee0a248e.png,84,84,PRS,Paris Basketball,Paris,Paris,PBB,False,https://media-cdn.incrowdsports.com/a033e5b3-0de7-48a3-98d9-d9a4b9df1f39.png,93,93
2024,RS,98,11,Round 11,Round 11,True,2024-11-22T19:00:00,True,True,2,2024-11-22T20:00:00,2024-11-22T18:00:00Z,"['W', 'L', 'L', 'L', 'W']","['W', 'L', 'W', 'W', 'L']",EuroLeague 2024-25,E2024,2024-25,E,2024,2024-06-29T00:00:00,653ea5d2-0ed0-4edf-9445-176b766c6b7a,1,Group Regular Season,Regular Season,RS,REGULAR SEASON,Regular Season,True,ZAL,Zalgiris Kaunas,Zalgiris,,ZAL,False,https://media-cdn.incrowdsports.com/0aa09358-3847-4c4e-b228-3582ee4e536d.png,84,84,PAN,Panathinaikos AKTOR Athens,Panathinaikos,,PAO,False,https://media-cdn.incrowdsports.com/e3dff28a-9ec6-4faf-9d96-ecbc68f75780.png,77,77
2024,RS,99,11,Round 11,Round 11,True,2024-11-22T20:30:00,True,True,1,2024-11-22T20:30:00,2024-11-22T19:30:00Z,"['W', 'W', 'L', 'W', 'W']","['L', 'W', 'W', 'L', 'L']",EuroLeague 2024-25,E2024,2024-25,E,2024,2024-06-29T00:00:00,653ea5d2-0ed0-4edf-9445-176b766c6b7a,1,Group Regular Season,Regular Season,RS,REGULAR SEASON,Regular Season,True,MUN,FC Bayern Munich,Bayern,,BAY,False,https://media-cdn.incrowdsports.com/817b0e58-d595-4b09-ab0b-1e7cc26249ff.png,100,100,BAR,FC Barcelona,Barcelona,,BAR,False,https://media-cdn.incrowdsports.com/35dfa503-e417-481f-963a-bdf6f013763e.png,78,78
2024,RS,100,12,Round 12,Round 12,True,2024-11-28T19:00:00,True,True,2,2024-11-28T20:00:00,2024-11-28T18:00:00Z,"['L', 'L', 'L', 'W', 'L']","['L', 'L', 'L', 'L', 'W']",EuroLeague 2024-25,E2024,2024-25,E,2024,2024-06-29T00:00:00,653ea5d2-0ed0-4edf-9445-176b766c6b7a,1,Group Regular Season,Regular Season,RS,REGULAR SEASON,Regular Season,True,ZAL,Zalgiris Kaunas,Zalgiris,,ZAL,False,https://media-cdn.incrowdsports.com/0aa09358-3847-4c4e-b228-3582ee4e536d.png,70,70,BAS,Baskonia Vitoria-Gasteiz,Baskonia,,BKN,False,https://media-cdn.incrowdsports.com/e324a6af-2a72-443e-9813-8bf2d364ddab.png,83,83
2024,RS,101,12,Round 12,Round 12,True,2024-11-28T20:00:00,True,True,1,2024-11-28T20:00:00,2024-11-28T19:00:00Z,"['L', 'W', 'L', 'L', 'L']","['L', 'L', 'L', 'L', 'W']",EuroLeague 2024-25,E2024,2024-25,E,2024,2024-06-29T00:00:00,653ea5d2-0ed0-4edf-9445-176b766c6b7a,1,Group Regular Season,Regular Season,RS,REGULAR SEASON,Regular Season,True,BER,ALBA Berlin,ALBA,,BER,False,https://media-cdn.incrowdsports.com/ccc34858-22b0-47dc-904c-9940b0a16ff3.png,85,85,TEL,Maccabi Playtika Tel Aviv,Maccabi,,MTA,False,https://media-cdn.incrowdsports.com/5c55ef14-29df-4328-bd52-a7a64c432350.png,103,103
2024,RS,102,12,Round 12,Round 12,True,2024-11-28T20:30:00,True,True,1,2024-11-28T20:30:00,2024-11-28T19:30:00Z,"['W', 'W', 'W', 'W', 'W']","['W', 'L', 'L', 'L', 'L']",EuroLeague 2024-25,E2024,2024-25,E,2024,2024-06-29T00:00:00,653ea5d2-0ed0-4edf-9445-176b766c6b7a,1,Group Regular Season,Regular Season,RS,REGULAR SEASON,Regular Season,True,PRS,Paris Basketball,Paris,Paris,PBB,False,https://media-cdn.incrowdsports.com/a033e5b3-0de7-48a3-98d9-d9a4b9df1f39.png,81,81,VIR,Virtus Segafredo Bologna,Virtus,,VIR,False,https://media-cdn.cortextech.io/1362801d-dd09-4fd0-932d-ead56063ab77.png,78,78
2024,RS,103,12,Round 12,Round 12,True,2024-11-28T20:30:00,True,True,1,2024-11-28T20:30:00,2024-11-28T19:30:00Z,"['L', 'L', 'L', 'W', 'W']","['W', 'W', 'W', 'W', 'L']",EuroLeague 2024-25,E2024,2024-25,E,2024,2024-06-29T00:00:00,653ea5d2-0ed0-4edf-9445-176b766c6b7a,1,Group Regular Season,Regular Season,RS,REGULAR SEASON,Regular Season,True,PAR,Partizan Mozzart Bet Belgrade,Partizan,,PAR,False,https://media-cdn.incrowdsports.com/2681304e-77dd-4331-88b1-683078c0fb49.png,78,78,OLY,Olympiacos Piraeus,Olympiacos,,OLY,False,https://media-cdn.incrowdsports.com/789423ac-3cdf-4b89-b11c-b458aa5f59a6.png,70,70
2024,RS,104,12,Round 12,Round 12,True,2024-11-29T18:45:00,True,True,3,2024-11-29T20:45:00,2024-11-29T17:45:00Z,"['W', 'W', 'W', 'W', 'L']","['W', 'L', 'W', 'W', 'W']",EuroLeague 2024-25,E2024,2024-25,E,2024,2024-06-29T00:00:00,653ea5d2-0ed0-4edf-9445-176b766c6b7a,1,Group Regular Season,Regular Season,RS,REGULAR SEASON,Regular Season,True,ULK,Fenerbahce Beko Istanbul,Fenerbahce,,FBB,False,https://media-cdn.cortextech.io/3b7f020e-5b39-49a1-b4b2-efea918edab7.png,85,85,MIL,EA7 Emporio Armani Milan,Milan,,EA7,False,https://media-cdn.cortextech.io/9512ee73-a0f1-4647-a01e-3c2938aba6b8.png,91,91
2024,RS,105,12,Round 12,Round 12,True,2024-11-29T20:00:00,True,True,1,2024-11-29T20:00:00,2024-11-29T19:00:00Z,"['W', 'W', 'L', 'L', 'W']","['W', 'L', 'W', 'W', 'L']",EuroLeague 2024-25,E2024,2024-25,E,2024,2024-06-29T00:00:00,653ea5d2-0ed0-4edf-9445-176b766c6b7a,1,Group Regular Season,Regular Season,RS,REGULAR SEASON,Regular Season,True,RED,Crvena Zvezda Meridianbet Belgrade,Crvena Zvezda,,CZV,False,https://media-cdn.incrowdsports.com/d2eef4a8-62df-4fdd-9076-276004268515.png,101,101,MUN,FC Bayern Munich,Bayern,,BAY,False,https://media-cdn.incrowdsports.com/817b0e58-d595-4b09-ab0b-1e7cc26249ff.png,77,77
2024,RS,106,12,Round 12,Round 12,True,2024-11-29T20:15:00,True,True,2,2024-11-29T21:15:00,2024-11-29T19:15:00Z,"['L', 'W', 'W', 'L', 'L']","['W', 'L', 'W', 'W', 'W']",EuroLeague 2024-25,E2024,2024-25,E,2024,2024-06-29T00:00:00,653ea5d2-0ed0-4edf-9445-176b766c6b7a,1,Group Regular Season,Regular Season,RS,REGULAR SEASON,Regular Season,True,PAN,Panathinaikos AKTOR Athens,Panathinaikos,,PAO,False,https://media-cdn.incrowdsports.com/e3dff28a-9ec6-4faf-9d96-ecbc68f75780.png,88,88,MCO,AS Monaco,Monaco,,ASM,False,https://media-cdn.incrowdsports.com/89ed276a-2ba3-413f-8ea2-b3be209ca129.png,91,91
2024,RS,107,12,Round 12,Round 12,True,2024-11-28T20:45:00,True,True,1,2024-11-28T20:45:00,2024-11-28T19:45:00Z,"['W', 'W', 'L', 'L', 'L']","['L', 'W', 'L', 'W', 'W']",EuroLeague 2024-25,E2024,2024-25,E,2024,2024-06-29T00:00:00,653ea5d2-0ed0-4edf-9445-176b766c6b7a,1,Group Regular Season,Regular Season,RS,REGULAR SEASON,Regular Season,True,BAR,FC Barcelona,Barcelona,,BAR,False,https://media-cdn.incrowdsports.com/35dfa503-e417-481f-963a-bdf6f013763e.png,90,74,MAD,Real Madrid,Real,,RMB,False,https://media-cdn.incrowdsports.com/1a3e1404-4f6f-4ede-9d8b-30eee7cb51b4.png,97,74
2024,RS,108,12,Round 12,Round 12,True,2024-11-29T21:00:00,True,True,1,2024-11-29T21:00:00,2024-11-29T20:00:00Z,"['L', 'L', 'W', 'L', 'W']","['L', 'W', 'W', 'L', 'L']",EuroLeague 2024-25,E2024,2024-25,E,2024,2024-06-29T00:00:00,653ea5d2-0ed0-4edf-9445-176b766c6b7a,1,Group Regular Season,Regular Season,RS,REGULAR SEASON,Regular Season,True,ASV,LDLC ASVEL Villeurbanne,ASVEL,,ASV,False,https://media-cdn.incrowdsports.com/e33c6d1a-95ca-4dbc-b8cb-0201812104cc.png,97,97,IST,Anadolu Efes Istanbul,Anadolu Efes,Efes,EFS,False,https://media-cdn.cortextech.io/9a463aa2-ceb2-481c-9a95-1cddee0a248e.png,82,82
2024,RS,109,13,Round 13,Round 13,True,2024-12-03T18:30:00,True,True,3,2024-12-03T20:30:00,2024-12-03T17:30:00Z,"['W', 'W', 'L', 'L', 'W']","['L', 'W', 'W', 'L', 'L']",EuroLeague 2024-25,E2024,2024-25,E,2024,2024-06-29T00:00:00,653ea5d2-0ed0-4edf-9445-176b766c6b7a,1,Group Regular Season,Regular Season,RS,REGULAR SEASON,Regular Season,True,IST,Anadolu Efes Istanbul,Anadolu Efes,Efes,EFS,False,https://media-cdn.cortextech.io/9a463aa2-ceb2-481c-9a95-1cddee0a248e.png,101,101,MUN,FC Bayern Munich,Bayern,,BAY,False,https://media-cdn.incrowdsports.com/817b0e58-d595-4b09-ab0b-1e7cc26249ff.png,90,90
2024,RS,110,13,Round 13,Round 13,True,2024-12-03T20:00:00,True,True,1,2024-12-03T20:00:00,2024-12-03T19:00:00Z,"['L', 'W', 'L', 'W', 'W']","['W', 'L', 'W', 'W', 'L']",EuroLeague 2024-25,E2024,2024-25,E,2024,2024-06-29T00:00:00,653ea5d2-0ed0-4edf-9445-176b766c6b7a,1,Group Regular Season,Regular Season,RS,REGULAR SEASON,Regular Season,True,ASV,LDLC ASVEL Villeurbanne,ASVEL,,ASV,False,https://media-cdn.incrowdsports.com/e33c6d1a-95ca-4dbc-b8cb-0201812104cc.png,80,80,MAD,Real Madrid,Real,,RMB,False,https://media-cdn.incrowdsports.com/1a3e1404-4f6f-4ede-9d8b-30eee7cb51b4.png,78,78
2024,RS,111,13,Round 13,Round 13,True,2024-12-03T20:15:00,True,True,2,2024-12-03T21:15:00,2024-12-03T19:15:00Z,"['W', 'W', 'L', 'L', 'W']","['W', 'L', 'L', 'L', 'L']",EuroLeague 2024-25,E2024,2024-25,E,2024,2024-06-29T00:00:00,653ea5d2-0ed0-4edf-9445-176b766c6b7a,1,Group Regular Season,Regular Season,RS,REGULAR SEASON,Regular Season,True,PAN,Panathinaikos AKTOR Athens,Panathinaikos,,PAO,False,https://media-cdn.incrowdsports.com/e3dff28a-9ec6-4faf-9d96-ecbc68f75780.png,90,90,BAR,FC Barcelona,Barcelona,,BAR,False,https://media-cdn.incrowdsports.com/35dfa503-e417-481f-963a-bdf6f013763e.png,89,89
2024,RS,112,13,Round 13,Round 13,True,2024-12-03T20:30:00,True,True,1,2024-12-03T20:30:00,2024-12-03T19:30:00Z,"['L', 'L', 'L', 'W', 'W']","['W', 'W', 'W', 'L', 'L']",EuroLeague 2024-25,E2024,2024-25,E,2024,2024-06-29T00:00:00,653ea5d2-0ed0-4edf-9445-176b766c6b7a,1,Group Regular Season,Regular Season,RS,REGULAR SEASON,Regular Season,True,BAS,Baskonia Vitoria-Gasteiz,Baskonia,,BKN,False,https://media-cdn.incrowdsports.com/e324a6af-2a72-443e-9813-8bf2d364ddab.png,88,88,ULK,Fenerbahce Beko Istanbul,Fenerbahce,,FBB,False,https://media-cdn.cortextech.io/3b7f020e-5b39-49a1-b4b2-efea918edab7.png,76,76
2024,RS,113,13,Round 13,Round 13,True,2024-12-03T20:30:00,True,True,1,2024-12-03T20:30:00,2024-12-03T19:30:00Z,"['L', 'L', 'W', 'W', 'W']","['L', 'L', 'W', 'L', 'L']",EuroLeague 2024-25,E2024,2024-25,E,2024,2024-06-29T00:00:00,653ea5d2-0ed0-4edf-9445-176b766c6b7a,1,Group Regular Season,Regular Season,RS,REGULAR SEASON,Regular Season,True,PAR,Partizan Mozzart Bet Belgrade,Partizan,,PAR,False,https://media-cdn.incrowdsports.com/2681304e-77dd-4331-88b1-683078c0fb49.png,84,84,ZAL,Zalgiris Kaunas,Zalgiris,,ZAL,False,https://media-cdn.incrowdsports.com/0aa09358-3847-4c4e-b228-3582ee4e536d.png,78,78
2024,RS,114,13,Round 13,Round 13,True,2024-12-03T20:05:00,True,True,1,2024-12-03T20:05:00,2024-12-03T19:05:00Z,"['L', 'L', 'L', 'W', 'L']","['W', 'W', 'W', 'W', 'W']",EuroLeague 2024-25,E2024,2024-25,E,2024,2024-06-29T00:00:00,653ea5d2-0ed0-4edf-9445-176b766c6b7a,1,Group Regular Season,Regular Season,RS,REGULAR SEASON,Regular Season,True,TEL,Maccabi Playtika Tel Aviv,Maccabi,,MTA,False,https://media-cdn.incrowdsports.com/5c55ef14-29df-4328-bd52-a7a64c432350.png,81,81,PRS,Paris Basketball,Paris,Paris,PBB,False,https://media-cdn.incrowdsports.com/a033e5b3-0de7-48a3-98d9-d9a4b9df1f39.png,93,93
2024,RS,115,13,Round 13,Round 13,True,2024-12-04T19:00:00,True,True,1,2024-12-04T19:00:00,2024-12-04T18:00:00Z,"['L', 'W', 'W', 'W', 'L']","['W', 'W', 'W', 'L', 'W']",EuroLeague 2024-25,E2024,2024-25,E,2024,2024-06-29T00:00:00,653ea5d2-0ed0-4edf-9445-176b766c6b7a,1,Group Regular Season,Regular Season,RS,REGULAR SEASON,Regular Season,True,MCO,AS Monaco,Monaco,,ASM,False,https://media-cdn.incrowdsports.com/89ed276a-2ba3-413f-8ea2-b3be209ca129.png,80,80,OLY,Olympiacos Piraeus,Olympiacos,,OLY,False,https://media-cdn.incrowdsports.com/789423ac-3cdf-4b89-b11c-b458aa5f59a6.png,89,89
2024,RS,116,13,Round 13,Round 13,True,2024-12-04T20:30:00,True,True,1,2024-12-04T20:30:00,2024-12-04T19:30:00Z,"['L', 'W', 'W', 'W', 'W']","['W', 'L', 'L', 'W', 'L']",EuroLeague 2024-25,E2024,2024-25,E,2024,2024-06-29T00:00:00,653ea5d2-0ed0-4edf-9445-176b766c6b7a,1,Group Regular Season,Regular Season,RS,REGULAR SEASON,Regular Season,True,MIL,EA7 Emporio Armani Milan,Milan,,EA7,False,https://media-cdn.cortextech.io/9512ee73-a0f1-4647-a01e-3c2938aba6b8.png,101,101,RED,Crvena Zvezda Meridianbet Belgrade,Crvena Zvezda,,CZV,False,https://media-cdn.incrowdsports.com/d2eef4a8-62df-4fdd-9076-276004268515.png,86,86
2024,RS,117,13,Round 13,Round 13,True,2024-12-04T20:45:00,True,True,1,2024-12-04T20:45:00,2024-12-04T19:45:00Z,"['L', 'L', 'L', 'L', 'L']","['W', 'L', 'L', 'L', 'W']",EuroLeague 2024-25,E2024,2024-25,E,2024,2024-06-29T00:00:00,653ea5d2-0ed0-4edf-9445-176b766c6b7a,1,Group Regular Season,Regular Season,RS,REGULAR SEASON,Regular Season,True,VIR,Virtus Segafredo Bologna,Virtus,,VIR,False,https://media-cdn.cortextech.io/1362801d-dd09-4fd0-932d-ead56063ab77.png,88,78,BER,ALBA Berlin,ALBA,,BER,False,https://media-cdn.incrowdsports.com/ccc34858-22b0-47dc-904c-9940b0a16ff3.png,90,78
2024,RS,118,14,Round 14,Round 14,True,2024-12-05T19:00:00,True,True,2,2024-12-05T20:00:00,2024-12-05T18:00:00Z,"['L', 'W', 'L', 'L', 'W']","['W', 'L', 'L', 'W', 'L']",EuroLeague 2024-25,E2024,2024-25,E,2024,2024-06-29T00:00:00,653ea5d2-0ed0-4edf-9445-176b766c6b7a,1,Group Regular Season,Regular Season,RS,REGULAR SEASON,Regular Season,True,ZAL,Zalgiris Kaunas,Zalgiris,,ZAL,False,https://media-cdn.incrowdsports.com/0aa09358-3847-4c4e-b228-3582ee4e536d.png,85,85,IST,Anadolu Efes Istanbul,Anadolu Efes,Efes,EFS,False,https://media-cdn.cortextech.io/9a463aa2-ceb2-481c-9a95-1cddee0a248e.png,72,72
2024,RS,119,14,Round 14,Round 14,True,2024-12-05T20:30:00,True,True,1,2024-12-05T20:30:00,2024-12-05T19:30:00Z,"['W', 'W', 'L', 'L', 'W']","['L', 'L', 'W', 'W', 'L']",EuroLeague 2024-25,E2024,2024-25,E,2024,2024-06-29T00:00:00,653ea5d2-0ed0-4edf-9445-176b766c6b7a,1,Group Regular Season,Regular Season,RS,REGULAR SEASON,Regular Season,True,MUN,FC Bayern Munich,Bayern,,BAY,False,https://media-cdn.incrowdsports.com/817b0e58-d595-4b09-ab0b-1e7cc26249ff.png,94,94,BAS,Baskonia Vitoria-Gasteiz,Baskonia,,BKN,False,https://media-cdn.incrowdsports.com/e324a6af-2a72-443e-9813-8bf2d364ddab.png,80,80
2024,RS,120,14,Round 14,Round 14,True,2024-12-05T20:30:00,True,True,1,2024-12-05T20:30:00,2024-12-05T19:30:00Z,"['L', 'W', 'W', 'W', 'W']","['W', 'L', 'L', 'W', 'L']",EuroLeague 2024-25,E2024,2024-25,E,2024,2024-06-29T00:00:00,653ea5d2-0ed0-4edf-9445-176b766c6b7a,1,Group Regular Season,Regular Season,RS,REGULAR SEASON,Regular Season,True,PAR,Partizan Mozzart Bet Belgrade,Partizan,,PAR,False,https://media-cdn.incrowdsports.com/2681304e-77dd-4331-88b1-683078c0fb49.png,91,91,PAN,Panathinaikos AKTOR Athens,Panathinaikos,,PAO,False,https://media-cdn.incrowdsports.com/e3dff28a-9ec6-4faf-9d96-ecbc68f75780.png,73,73
2024,RS,121,14,Round 14,Round 14,True,2024-12-05T20:45:00,True,True,1,2024-12-05T20:45:00,2024-12-05T19:45:00Z,"['L', 'W', 'W', 'L', 'L']","['W', 'W', 'L', 'L', 'W']",EuroLeague 2024-25,E2024,2024-25,E,2024,2024-06-29T00:00:00,653ea5d2-0ed0-4edf-9445-176b766c6b7a,1,Group Regular Season,Regular Season,RS,REGULAR SEASON,Regular Season,True,MAD,Real Madrid,Real,,RMB,False,https://media-cdn.incrowdsports.com/1a3e1404-4f6f-4ede-9d8b-30eee7cb51b4.png,70,70,ULK,Fenerbahce Beko Istanbul,Fenerbahce,,FBB,False,https://media-cdn.cortextech.io/3b7f020e-5b39-49a1-b4b2-efea918edab7.png,82,82
2024,RS,122,14,Round 14,Round 14,True,2024-12-05T20:05:00,True,True,1,2024-12-05T20:05:00,2024-12-05T19:05:00Z,"['L', 'L', 'W', 'L', 'L']","['L', 'L', 'L', 'L', 'W']",EuroLeague 2024-25,E2024,2024-25,E,2024,2024-06-29T00:00:00,653ea5d2-0ed0-4edf-9445-176b766c6b7a,1,Group Regular Season,Regular Season,RS,REGULAR SEASON,Regular Season,True,TEL,Maccabi Playtika Tel Aviv,Maccabi,,MTA,False,https://media-cdn.incrowdsports.com/5c55ef14-29df-4328-bd52-a7a64c432350.png,86,86,BAR,FC Barcelona,Barcelona,,BAR,False,https://media-cdn.incrowdsports.com/35dfa503-e417-481f-963a-bdf6f013763e.png,88,88
2024,RS,123,14,Round 14,Round 14,True,2024-12-06T19:00:00,True,True,1,2024-12-06T19:00:00,2024-12-06T18:00:00Z,"['W', 'W', 'W', 'L', 'W']","['L', 'L', 'L', 'W', 'L']",EuroLeague 2024-25,E2024,2024-25,E,2024,2024-06-29T00:00:00,653ea5d2-0ed0-4edf-9445-176b766c6b7a,1,Group Regular Season,Regular Season,RS,REGULAR SEASON,Regular Season,True,MCO,AS Monaco,Monaco,,ASM,False,https://media-cdn.incrowdsports.com/89ed276a-2ba3-413f-8ea2-b3be209ca129.png,100,100,BER,ALBA Berlin,ALBA,,BER,False,https://media-cdn.incrowdsports.com/ccc34858-22b0-47dc-904c-9940b0a16ff3.png,80,80
2024,RS,124,14,Round 14,Round 14,True,2024-12-06T20:15:00,True,True,2,2024-12-06T21:15:00,2024-12-06T19:15:00Z,"['W', 'W', 'L', 'W', 'L']","['W', 'W', 'W', 'W', 'W']",EuroLeague 2024-25,E2024,2024-25,E,2024,2024-06-29T00:00:00,653ea5d2-0ed0-4edf-9445-176b766c6b7a,1,Group Regular Season,Regular Season,RS,REGULAR SEASON,Regular Season,True,OLY,Olympiacos Piraeus,Olympiacos,,OLY,False,https://media-cdn.incrowdsports.com/789423ac-3cdf-4b89-b11c-b458aa5f59a6.png,90,90,PRS,Paris Basketball,Paris,Paris,PBB,False,https://media-cdn.incrowdsports.com/a033e5b3-0de7-48a3-98d9-d9a4b9df1f39.png,96,96
2024,RS,125,14,Round 14,Round 14,True,2024-12-06T20:30:00,True,True,1,2024-12-06T20:30:00,2024-12-06T19:30:00Z,"['L', 'L', 'L', 'L', 'L']","['L', 'L', 'W', 'L', 'W']",EuroLeague 2024-25,E2024,2024-25,E,2024,2024-06-29T00:00:00,653ea5d2-0ed0-4edf-9445-176b766c6b7a,1,Group Regular Season,Regular Season,RS,REGULAR SEASON,Regular Season,True,VIR,Virtus Segafredo Bologna,Virtus,,VIR,False,https://media-cdn.cortextech.io/1362801d-dd09-4fd0-932d-ead56063ab77.png,87,87,RED,Crvena Zvezda Meridianbet Belgrade,Crvena Zvezda,,CZV,False,https://media-cdn.incrowdsports.com/d2eef4a8-62df-4fdd-9076-276004268515.png,94,94
2024,RS,126,14,Round 14,Round 14,True,2024-12-06T20:45:00,True,True,1,2024-12-06T20:45:00,2024-12-06T19:45:00Z,"['W', 'W', 'W', 'W', 'W']","['W', 'L', 'W', 'W', 'L']",EuroLeague 2024-25,E2024,2024-25,E,2024,2024-06-29T00:00:00,653ea5d2-0ed0-4edf-9445-176b766c6b7a,1,Group Regular Season,Regular Season,RS,REGULAR SEASON,Regular Season,True,MIL,EA7 Emporio Armani Milan,Milan,,EA7,False,https://media-cdn.cortextech.io/9512ee73-a0f1-4647-a01e-3c2938aba6b8.png,92,92,ASV,LDLC ASVEL Villeurbanne,ASVEL,,ASV,False,https://media-cdn.incrowdsports.com/e33c6d1a-95ca-4dbc-b8cb-0201812104cc.png,84,84
2024,RS,127,15,Round 15,Round 15,True,2024-12-12T18:45:00,True,True,3,2024-12-12T20:45:00,2024-12-12T17:45:00Z,"['W', 'L', 'L', 'W', 'L']","['W', 'W', 'L', 'W', 'W']",EuroLeague 2024-25,E2024,2024-25,E,2024,2024-06-29T00:00:00,653ea5d2-0ed0-4edf-9445-176b766c6b7a,1,Group Regular Season,Regular Season,RS,REGULAR SEASON,Regular Season,True,ULK,Fenerbahce Beko Istanbul,Fenerbahce,,FBB,False,https://media-cdn.cortextech.io/3b7f020e-5b39-49a1-b4b2-efea918edab7.png,69,69,MCO,AS Monaco,Monaco,,ASM,False,https://media-cdn.incrowdsports.com/89ed276a-2ba3-413f-8ea2-b3be209ca129.png,99,99
2024,RS,128,15,Round 15,Round 15,True,2024-12-12T19:00:00,True,True,1,2024-12-12T19:00:00,2024-12-12T18:00:00Z,"['L', 'L', 'W', 'L', 'L']","['W', 'W', 'W', 'W', 'W']",EuroLeague 2024-25,E2024,2024-25,E,2024,2024-06-29T00:00:00,653ea5d2-0ed0-4edf-9445-176b766c6b7a,1,Group Regular Season,Regular Season,RS,REGULAR SEASON,Regular Season,True,BER,ALBA Berlin,ALBA,,BER,False,https://media-cdn.incrowdsports.com/ccc34858-22b0-47dc-904c-9940b0a16ff3.png,90,90,PAR,Partizan Mozzart Bet Belgrade,Partizan,,PAR,False,https://media-cdn.incrowdsports.com/2681304e-77dd-4331-88b1-683078c0fb49.png,91,91
2024,RS,129,15,Round 15,Round 15,True,2024-12-12T20:30:00,True,True,1,2024-12-12T20:30:00,2024-12-12T19:30:00Z,"['L', 'W', 'W', 'L', 'L']","['L', 'L', 'L', 'L', 'W']",EuroLeague 2024-25,E2024,2024-25,E,2024,2024-06-29T00:00:00,653ea5d2-0ed0-4edf-9445-176b766c6b7a,1,Group Regular Season,Regular Season,RS,REGULAR SEASON,Regular Season,True,BAS,Baskonia Vitoria-Gasteiz,Baskonia,,BKN,False,https://media-cdn.incrowdsports.com/e324a6af-2a72-443e-9813-8bf2d364ddab.png,81,81,VIR,Virtus Segafredo Bologna,Virtus,,VIR,False,https://media-cdn.cortextech.io/1362801d-dd09-4fd0-932d-ead56063ab77.png,82,82
2024,RS,130,15,Round 15,Round 15,True,2024-12-12T20:45:00,True,True,1,2024-12-12T20:45:00,2024-12-12T19:45:00Z,"['W', 'L', 'L', 'W', 'W']","['L', 'W', 'L', 'L', 'L']",EuroLeague 2024-25,E2024,2024-25,E,2024,2024-06-29T00:00:00,653ea5d2-0ed0-4edf-9445-176b766c6b7a,1,Group Regular Season,Regular Season,RS,REGULAR SEASON,Regular Season,True,MUN,FC Bayern Munich,Bayern,,BAY,False,https://media-cdn.incrowdsports.com/817b0e58-d595-4b09-ab0b-1e7cc26249ff.png,98,98,TEL,Maccabi Playtika Tel Aviv,Maccabi,,MTA,False,https://media-cdn.incrowdsports.com/5c55ef14-29df-4328-bd52-a7a64c432350.png,93,93
2024,RS,131,15,Round 15,Round 15,True,2024-12-12T20:45:00,True,True,1,2024-12-12T20:45:00,2024-12-12T19:45:00Z,"['W', 'W', 'L', 'L', 'L']","['W', 'L', 'L', 'W', 'W']",EuroLeague 2024-25,E2024,2024-25,E,2024,2024-06-29T00:00:00,653ea5d2-0ed0-4edf-9445-176b766c6b7a,1,Group Regular Season,Regular Season,RS,REGULAR SEASON,Regular Season,True,MAD,Real Madrid,Real,,RMB,False,https://media-cdn.incrowdsports.com/1a3e1404-4f6f-4ede-9d8b-30eee7cb51b4.png,83,83,ZAL,Zalgiris Kaunas,Zalgiris,,ZAL,False,https://media-cdn.incrowdsports.com/0aa09358-3847-4c4e-b228-3582ee4e536d.png,92,92
2024,RS,132,15,Round 15,Round 15,True,2024-12-13T18:30:00,True,True,3,2024-12-13T20:30:00,2024-12-13T17:30:00Z,"['L', 'L', 'W', 'L', 'W']","['L', 'L', 'W', 'L', 'L']",EuroLeague 2024-25,E2024,2024-25,E,2024,2024-06-29T00:00:00,653ea5d2-0ed0-4edf-9445-176b766c6b7a,1,Group Regular Season,Regular Season,RS,REGULAR SEASON,Regular Season,True,IST,Anadolu Efes Istanbul,Anadolu Efes,Efes,EFS,False,https://media-cdn.cortextech.io/9a463aa2-ceb2-481c-9a95-1cddee0a248e.png,93,93,PAN,Panathinaikos AKTOR Athens,Panathinaikos,,PAO,False,https://media-cdn.incrowdsports.com/e3dff28a-9ec6-4faf-9d96-ecbc68f75780.png,67,67
2024,RS,133,15,Round 15,Round 15,True,2024-12-13T20:30:00,True,True,1,2024-12-13T20:30:00,2024-12-13T19:30:00Z,"['L', 'W', 'L', 'W', 'W']","['W', 'L', 'W', 'L', 'L']",EuroLeague 2024-25,E2024,2024-25,E,2024,2024-06-29T00:00:00,653ea5d2-0ed0-4edf-9445-176b766c6b7a,1,Group Regular Season,Regular Season,RS,REGULAR SEASON,Regular Season,True,RED,Crvena Zvezda Meridianbet Belgrade,Crvena Zvezda,,CZV,False,https://media-cdn.incrowdsports.com/d2eef4a8-62df-4fdd-9076-276004268515.png,87,87,OLY,Olympiacos Piraeus,Olympiacos,,OLY,False,https://media-cdn.incrowdsports.com/789423ac-3cdf-4b89-b11c-b458aa5f59a6.png,73,73
2024,RS,134,15,Round 15,Round 15,True,2024-12-13T20:30:00,True,True,1,2024-12-13T20:30:00,2024-12-13T19:30:00Z,"['L', 'L', 'L', 'W', 'L']","['W', 'W', 'W', 'W', 'W']",EuroLeague 2024-25,E2024,2024-25,E,2024,2024-06-29T00:00:00,653ea5d2-0ed0-4edf-9445-176b766c6b7a,1,Group Regular Season,Regular Season,RS,REGULAR SEASON,Regular Season,True,BAR,FC Barcelona,Barcelona,,BAR,False,https://media-cdn.incrowdsports.com/35dfa503-e417-481f-963a-bdf6f013763e.png,81,81,MIL,EA7 Emporio Armani Milan,Milan,,EA7,False,https://media-cdn.cortextech.io/9512ee73-a0f1-4647-a01e-3c2938aba6b8.png,94,94
2024,RS,135,15,Round 15,Round 15,True,2024-12-13T21:00:00,True,True,1,2024-12-13T21:00:00,2024-12-13T20:00:00Z,"['L', 'W', 'W', 'L', 'W']","['W', 'W', 'W', 'W', 'L']",EuroLeague 2024-25,E2024,2024-25,E,2024,2024-06-29T00:00:00,653ea5d2-0ed0-4edf-9445-176b766c6b7a,1,Group Regular Season,Regular Season,RS,REGULAR SEASON,Regular Season,True,ASV,LDLC ASVEL Villeurbanne,ASVEL,,ASV,False,https://media-cdn.incrowdsports.com/e33c6d1a-95ca-4dbc-b8cb-0201812104cc.png,98,98,PRS,Paris Basketball,Paris,Paris,PBB,False,https://media-cdn.incrowdsports.com/a033e5b3-0de7-48a3-98d9-d9a4b9df1f39.png,93,93
2024,RS,136,16,Round 16,Round 16,True,2024-12-17T19:00:00,True,True,1,2024-12-17T19:00:00,2024-12-17T18:00:00Z,"['W', 'L', 'W', 'W', 'W']","['L', 'L', 'W', 'W', 'L']",EuroLeague 2024-25,E2024,2024-25,E,2024,2024-06-29T00:00:00,653ea5d2-0ed0-4edf-9445-176b766c6b7a,1,Group Regular Season,Regular Season,RS,REGULAR SEASON,Regular Season,True,MCO,AS Monaco,Monaco,,ASM,False,https://media-cdn.incrowdsports.com/89ed276a-2ba3-413f-8ea2-b3be209ca129.png,93,93,MUN,FC Bayern Munich,Bayern,,BAY,False,https://media-cdn.incrowdsports.com/817b0e58-d595-4b09-ab0b-1e7cc26249ff.png,74,74
2024,RS,137,16,Round 16,Round 16,True,2024-12-17T20:15:00,True,True,2,2024-12-17T21:15:00,2024-12-17T19:15:00Z,"['L', 'W', 'L', 'L', 'W']","['W', 'W', 'W', 'W', 'L']",EuroLeague 2024-25,E2024,2024-25,E,2024,2024-06-29T00:00:00,653ea5d2-0ed0-4edf-9445-176b766c6b7a,1,Group Regular Season,Regular Season,RS,REGULAR SEASON,Regular Season,True,PAN,Panathinaikos AKTOR Athens,Panathinaikos,,PAO,False,https://media-cdn.incrowdsports.com/e3dff28a-9ec6-4faf-9d96-ecbc68f75780.png,103,103,MIL,EA7 Emporio Armani Milan,Milan,,EA7,False,https://media-cdn.cortextech.io/9512ee73-a0f1-4647-a01e-3c2938aba6b8.png,74,74
2024,RS,138,16,Round 16,Round 16,True,2024-12-17T20:30:00,True,True,1,2024-12-17T20:30:00,2024-12-17T19:30:00Z,"['L', 'L', 'W', 'L', 'W']","['L', 'L', 'W', 'L', 'L']",EuroLeague 2024-25,E2024,2024-25,E,2024,2024-06-29T00:00:00,653ea5d2-0ed0-4edf-9445-176b766c6b7a,1,Group Regular Season,Regular Season,RS,REGULAR SEASON,Regular Season,True,BAR,FC Barcelona,Barcelona,,BAR,False,https://media-cdn.incrowdsports.com/35dfa503-e417-481f-963a-bdf6f013763e.png,90,90,ULK,Fenerbahce Beko Istanbul,Fenerbahce,,FBB,False,https://media-cdn.cortextech.io/3b7f020e-5b39-49a1-b4b2-efea918edab7.png,63,63
2024,RS,139,16,Round 16,Round 16,True,2024-12-17T20:30:00,True,True,1,2024-12-17T20:30:00,2024-12-17T19:30:00Z,"['W', 'W', 'W', 'L', 'L']","['W', 'L', 'L', 'L', 'W']",EuroLeague 2024-25,E2024,2024-25,E,2024,2024-06-29T00:00:00,653ea5d2-0ed0-4edf-9445-176b766c6b7a,1,Group Regular Season,Regular Season,RS,REGULAR SEASON,Regular Season,True,PRS,Paris Basketball,Paris,Paris,PBB,False,https://media-cdn.incrowdsports.com/a033e5b3-0de7-48a3-98d9-d9a4b9df1f39.png,85,85,MAD,Real Madrid,Real,,RMB,False,https://media-cdn.incrowdsports.com/1a3e1404-4f6f-4ede-9d8b-30eee7cb51b4.png,96,96
2024,RS,140,16,Round 16,Round 16,True,2024-12-17T20:45:00,True,True,1,2024-12-17T20:45:00,2024-12-17T19:45:00Z,"['L', 'W', 'L', 'L', 'L']","['L', 'L', 'W', 'W', 'W']",EuroLeague 2024-25,E2024,2024-25,E,2024,2024-06-29T00:00:00,653ea5d2-0ed0-4edf-9445-176b766c6b7a,1,Group Regular Season,Regular Season,RS,REGULAR SEASON,Regular Season,True,BER,ALBA Berlin,ALBA,,BER,False,https://media-cdn.incrowdsports.com/ccc34858-22b0-47dc-904c-9940b0a16ff3.png,66,66,ZAL,Zalgiris Kaunas,Zalgiris,,ZAL,False,https://media-cdn.incrowdsports.com/0aa09358-3847-4c4e-b228-3582ee4e536d.png,86,86
2024,RS,141,16,Round 16,Round 16,True,2024-12-17T20:05:00,True,True,1,2024-12-17T20:05:00,2024-12-17T19:05:00Z,"['W', 'L', 'L', 'L', 'L']","['W', 'W', 'L', 'L', 'W']",EuroLeague 2024-25,E2024,2024-25,E,2024,2024-06-29T00:00:00,653ea5d2-0ed0-4edf-9445-176b766c6b7a,1,Group Regular Season,Regular Season,RS,REGULAR SEASON,Regular Season,True,TEL,Maccabi Playtika Tel Aviv,Maccabi,,MTA,False,https://media-cdn.incrowdsports.com/5c55ef14-29df-4328-bd52-a7a64c432350.png,85,85,BAS,Baskonia Vitoria-Gasteiz,Baskonia,,BKN,False,https://media-cdn.incrowdsports.com/e324a6af-2a72-443e-9813-8bf2d364ddab.png,95,95
2024,RS,142,16,Round 16,Round 16,True,2024-12-18T18:30:00,True,True,3,2024-12-18T20:30:00,2024-12-18T17:30:00Z,"['L', 'W', 'L', 'W', 'W']","['W', 'L', 'W', 'W', 'L']",EuroLeague 2024-25,E2024,2024-25,E,2024,2024-06-29T00:00:00,653ea5d2-0ed0-4edf-9445-176b766c6b7a,1,Group Regular Season,Regular Season,RS,REGULAR SEASON,Regular Season,True,IST,Anadolu Efes Istanbul,Anadolu Efes,Efes,EFS,False,https://media-cdn.cortextech.io/9a463aa2-ceb2-481c-9a95-1cddee0a248e.png,89,89,RED,Crvena Zvezda Meridianbet Belgrade,Crvena Zvezda,,CZV,False,https://media-cdn.incrowdsports.com/d2eef4a8-62df-4fdd-9076-276004268515.png,67,67
2024,RS,143,16,Round 16,Round 16,True,2024-12-18T20:15:00,True,True,2,2024-12-18T21:15:00,2024-12-18T19:15:00Z,"['L', 'W', 'L', 'L', 'W']","['L', 'L', 'L', 'W', 'L']",EuroLeague 2024-25,E2024,2024-25,E,2024,2024-06-29T00:00:00,653ea5d2-0ed0-4edf-9445-176b766c6b7a,1,Group Regular Season,Regular Season,RS,REGULAR SEASON,Regular Season,True,OLY,Olympiacos Piraeus,Olympiacos,,OLY,False,https://media-cdn.incrowdsports.com/789423ac-3cdf-4b89-b11c-b458aa5f59a6.png,87,87,VIR,Virtus Segafredo Bologna,Virtus,,VIR,False,https://media-cdn.cortextech.io/1362801d-dd09-4fd0-932d-ead56063ab77.png,77,77
2024,RS,144,16,Round 16,Round 16,True,2024-12-17T20:45:00,True,True,1,2024-12-17T20:45:00,2024-12-17T19:45:00Z,"['W', 'W', 'W', 'W', 'L']","['W', 'W', 'L', 'W', 'W']",EuroLeague 2024-25,E2024,2024-25,E,2024,2024-06-29T00:00:00,653ea5d2-0ed0-4edf-9445-176b766c6b7a,1,Group Regular Season,Regular Season,RS,REGULAR SEASON,Regular Season,True,PAR,Partizan Mozzart Bet Belgrade,Partizan,,PAR,False,https://media-cdn.incrowdsports.com/2681304e-77dd-4331-88b1-683078c0fb49.png,79,79,ASV,LDLC ASVEL Villeurbanne,ASVEL,,ASV,False,https://media-cdn.incrowdsports.com/e33c6d1a-95ca-4dbc-b8cb-0201812104cc.png,82,82
2024,RS,145,17,Round 17,Round 17,True,2024-12-19T18:45:00,True,True,2,2024-12-19T19:45:00,2024-12-19T17:45:00Z,"['W', 'L', 'L', 'W', 'W']","['W', 'L', 'L', 'W', 'L']",EuroLeague 2024-25,E2024,2024-25,E,2024,2024-06-29T00:00:00,653ea5d2-0ed0-4edf-9445-176b766c6b7a,1,Group Regular Season,Regular Season,RS,REGULAR SEASON,Regular Season,True,PAN,Panathinaikos AKTOR Athens,Panathinaikos,,PAO,False,https://media-cdn.incrowdsports.com/e3dff28a-9ec6-4faf-9d96-ecbc68f75780.png,104,104,BAS,Baskonia Vitoria-Gasteiz,Baskonia,,BKN,False,https://media-cdn.incrowdsports.com/e324a6af-2a72-443e-9813-8bf2d364ddab.png,69,69
2024,RS,146,17,Round 17,Round 17,True,2025-03-03T20:30:00,True,False,1,2025-03-03T20:30:00,2025-03-03T19:30:00Z,"['W', 'W', 'L', 'L', 'L']","['L', 'W', 'L', 'L', 'W']",EuroLeague 2024-25,E2024,2024-25,E,2024,2024-06-29T00:00:00,653ea5d2-0ed0-4edf-9445-176b766c6b7a,1,Group Regular Season,Regular Season,RS,REGULAR SEASON,Regular Season,True,PRS,Paris Basketball,Paris,Paris,PBB,False,https://media-cdn.incrowdsports.com/a033e5b3-0de7-48a3-98d9-d9a4b9df1f39.png,83,83,ULK,Fenerbahce Beko Istanbul,Fenerbahce,,FBB,False,https://media-cdn.cortextech.io/3b7f020e-5b39-49a1-b4b2-efea918edab7.png,87,87
2024,RS,147,17,Round 17,Round 17,True,2024-12-19T20:45:00,True,True,1,2024-12-19T20:45:00,2024-12-19T19:45:00Z,"['L', 'L', 'L', 'W', 'W']","['L', 'W', 'W', 'W', 'L']",EuroLeague 2024-25,E2024,2024-25,E,2024,2024-06-29T00:00:00,653ea5d2-0ed0-4edf-9445-176b766c6b7a,1,Group Regular Season,Regular Season,RS,REGULAR SEASON,Regular Season,True,MAD,Real Madrid,Real,,RMB,False,https://media-cdn.incrowdsports.com/1a3e1404-4f6f-4ede-9d8b-30eee7cb51b4.png,94,94,MCO,AS Monaco,Monaco,,ASM,False,https://media-cdn.incrowdsports.com/89ed276a-2ba3-413f-8ea2-b3be209ca129.png,72,72
2024,RS,148,17,Round 17,Round 17,True,2024-12-20T18:30:00,True,True,3,2024-12-20T20:30:00,2024-12-20T17:30:00Z,"['W', 'L', 'W', 'W', 'W']","['W', 'W', 'W', 'L', 'L']",EuroLeague 2024-25,E2024,2024-25,E,2024,2024-06-29T00:00:00,653ea5d2-0ed0-4edf-9445-176b766c6b7a,1,Group Regular Season,Regular Season,RS,REGULAR SEASON,Regular Season,True,IST,Anadolu Efes Istanbul,Anadolu Efes,Efes,EFS,False,https://media-cdn.cortextech.io/9a463aa2-ceb2-481c-9a95-1cddee0a248e.png,86,86,PAR,Partizan Mozzart Bet Belgrade,Partizan,,PAR,False,https://media-cdn.incrowdsports.com/2681304e-77dd-4331-88b1-683078c0fb49.png,77,77
2024,RS,149,17,Round 17,Round 17,True,2024-12-20T19:00:00,True,True,2,2024-12-20T20:00:00,2024-12-20T18:00:00Z,"['L', 'W', 'W', 'W', 'L']","['W', 'L', 'W', 'W', 'W']",EuroLeague 2024-25,E2024,2024-25,E,2024,2024-06-29T00:00:00,653ea5d2-0ed0-4edf-9445-176b766c6b7a,1,Group Regular Season,Regular Season,RS,REGULAR SEASON,Regular Season,True,ZAL,Zalgiris Kaunas,Zalgiris,,ZAL,False,https://media-cdn.incrowdsports.com/0aa09358-3847-4c4e-b228-3582ee4e536d.png,72,72,ASV,LDLC ASVEL Villeurbanne,ASVEL,,ASV,False,https://media-cdn.incrowdsports.com/e33c6d1a-95ca-4dbc-b8cb-0201812104cc.png,78,78
2024,RS,150,17,Round 17,Round 17,True,2024-12-20T20:00:00,True,True,1,2024-12-20T20:00:00,2024-12-20T19:00:00Z,"['L', 'L', 'W', 'L', 'W']","['L', 'W', 'L', 'W', 'L']",EuroLeague 2024-25,E2024,2024-25,E,2024,2024-06-29T00:00:00,653ea5d2-0ed0-4edf-9445-176b766c6b7a,1,Group Regular Season,Regular Season,RS,REGULAR SEASON,Regular Season,True,VIR,Virtus Segafredo Bologna,Virtus,,VIR,False,https://media-cdn.cortextech.io/1362801d-dd09-4fd0-932d-ead56063ab77.png,86,86,BAR,FC Barcelona,Barcelona,,BAR,False,https://media-cdn.incrowdsports.com/35dfa503-e417-481f-963a-bdf6f013763e.png,81,81
2024,RS,151,17,Round 17,Round 17,True,2024-12-20T20:15:00,True,True,2,2024-12-20T21:15:00,2024-12-20T19:15:00Z,"['W', 'L', 'L', 'W', 'W']","['W', 'L', 'L', 'L', 'L']",EuroLeague 2024-25,E2024,2024-25,E,2024,2024-06-29T00:00:00,653ea5d2-0ed0-4edf-9445-176b766c6b7a,1,Group Regular Season,Regular Season,RS,REGULAR SEASON,Regular Season,True,OLY,Olympiacos Piraeus,Olympiacos,,OLY,False,https://media-cdn.incrowdsports.com/789423ac-3cdf-4b89-b11c-b458aa5f59a6.png,90,90,BER,ALBA Berlin,ALBA,,BER,False,https://media-cdn.incrowdsports.com/ccc34858-22b0-47dc-904c-9940b0a16ff3.png,85,85
2024,RS,152,17,Round 17,Round 17,True,2024-12-20T20:30:00,True,True,1,2024-12-20T20:30:00,2024-12-20T19:30:00Z,"['L', 'W', 'W', 'L', 'W']","['L', 'L', 'L', 'L', 'L']",EuroLeague 2024-25,E2024,2024-25,E,2024,2024-06-29T00:00:00,653ea5d2-0ed0-4edf-9445-176b766c6b7a,1,Group Regular Season,Regular Season,RS,REGULAR SEASON,Regular Season,True,RED,Crvena Zvezda Meridianbet Belgrade,Crvena Zvezda,,CZV,False,https://media-cdn.incrowdsports.com/d2eef4a8-62df-4fdd-9076-276004268515.png,81,81,TEL,Maccabi Playtika Tel Aviv,Maccabi,,MTA,False,https://media-cdn.incrowdsports.com/5c55ef14-29df-4328-bd52-a7a64c432350.png,73,73
2024,RS,153,17,Round 17,Round 17,True,2024-12-20T21:00:00,True,True,1,2024-12-20T21:00:00,2024-12-20T20:00:00Z,"['W', 'W', 'W', 'L', 'L']","['L', 'W', 'W', 'L', 'W']",EuroLeague 2024-25,E2024,2024-25,E,2024,2024-06-29T00:00:00,653ea5d2-0ed0-4edf-9445-176b766c6b7a,1,Group Regular Season,Regular Season,RS,REGULAR SEASON,Regular Season,True,MIL,EA7 Emporio Armani Milan,Milan,,EA7,False,https://media-cdn.cortextech.io/9512ee73-a0f1-4647-a01e-3c2938aba6b8.png,78,78,MUN,FC Bayern Munich,Bayern,,BAY,False,https://media-cdn.incrowdsports.com/817b0e58-d595-4b09-ab0b-1e7cc26249ff.png,79,79
2024,RS,154,18,Round 18,Round 18,True,2024-12-26T19:00:00,True,True,1,2024-12-26T19:00:00,2024-12-26T18:00:00Z,"['W', 'W', 'W', 'L', 'W']","['L', 'W', 'W', 'W', 'L']",EuroLeague 2024-25,E2024,2024-25,E,2024,2024-06-29T00:00:00,653ea5d2-0ed0-4edf-9445-176b766c6b7a,1,Group Regular Season,Regular Season,RS,REGULAR SEASON,Regular Season,True,MCO,AS Monaco,Monaco,,ASM,False,https://media-cdn.incrowdsports.com/89ed276a-2ba3-413f-8ea2-b3be209ca129.png,94,94,IST,Anadolu Efes Istanbul,Anadolu Efes,Efes,EFS,False,https://media-cdn.cortextech.io/9a463aa2-ceb2-481c-9a95-1cddee0a248e.png,75,75
2024,RS,155,18,Round 18,Round 18,True,2024-12-26T19:00:00,True,True,1,2024-12-26T19:00:00,2024-12-26T18:00:00Z,"['L', 'L', 'L', 'L', 'L']","['L', 'L', 'W', 'W', 'W']",EuroLeague 2024-25,E2024,2024-25,E,2024,2024-06-29T00:00:00,653ea5d2-0ed0-4edf-9445-176b766c6b7a,1,Group Regular Season,Regular Season,RS,REGULAR SEASON,Regular Season,True,BER,ALBA Berlin,ALBA,,BER,False,https://media-cdn.incrowdsports.com/ccc34858-22b0-47dc-904c-9940b0a16ff3.png,69,69,MAD,Real Madrid,Real,,RMB,False,https://media-cdn.incrowdsports.com/1a3e1404-4f6f-4ede-9d8b-30eee7cb51b4.png,80,80
2024,RS,156,18,Round 18,Round 18,True,2024-12-26T20:30:00,True,True,1,2024-12-26T20:30:00,2024-12-26T19:30:00Z,"['W', 'W', 'L', 'L', 'L']","['L', 'L', 'W', 'W', 'W']",EuroLeague 2024-25,E2024,2024-25,E,2024,2024-06-29T00:00:00,653ea5d2-0ed0-4edf-9445-176b766c6b7a,1,Group Regular Season,Regular Season,RS,REGULAR SEASON,Regular Season,True,MIL,EA7 Emporio Armani Milan,Milan,,EA7,False,https://media-cdn.cortextech.io/9512ee73-a0f1-4647-a01e-3c2938aba6b8.png,83,83,OLY,Olympiacos Piraeus,Olympiacos,,OLY,False,https://media-cdn.incrowdsports.com/789423ac-3cdf-4b89-b11c-b458aa5f59a6.png,84,84
2024,RS,157,18,Round 18,Round 18,True,2024-12-26T20:05:00,True,True,1,2024-12-26T20:05:00,2024-12-26T19:05:00Z,"['L', 'L', 'L', 'L', 'W']","['W', 'W', 'W', 'L', 'L']",EuroLeague 2024-25,E2024,2024-25,E,2024,2024-06-29T00:00:00,653ea5d2-0ed0-4edf-9445-176b766c6b7a,1,Group Regular Season,Regular Season,RS,REGULAR SEASON,Regular Season,True,TEL,Maccabi Playtika Tel Aviv,Maccabi,,MTA,False,https://media-cdn.incrowdsports.com/5c55ef14-29df-4328-bd52-a7a64c432350.png,95,95,ZAL,Zalgiris Kaunas,Zalgiris,,ZAL,False,https://media-cdn.incrowdsports.com/0aa09358-3847-4c4e-b228-3582ee4e536d.png,78,78
2024,RS,158,18,Round 18,Round 18,True,2024-12-27T20:30:00,True,True,1,2024-12-27T20:30:00,2024-12-27T19:30:00Z,"['W', 'L', 'W', 'L', 'L']","['W', 'W', 'L', 'W', 'W']",EuroLeague 2024-25,E2024,2024-25,E,2024,2024-06-29T00:00:00,653ea5d2-0ed0-4edf-9445-176b766c6b7a,1,Group Regular Season,Regular Season,RS,REGULAR SEASON,Regular Season,True,BAR,FC Barcelona,Barcelona,,BAR,False,https://media-cdn.incrowdsports.com/35dfa503-e417-481f-963a-bdf6f013763e.png,74,74,RED,Crvena Zvezda Meridianbet Belgrade,Crvena Zvezda,,CZV,False,https://media-cdn.incrowdsports.com/d2eef4a8-62df-4fdd-9076-276004268515.png,78,78
2024,RS,159,18,Round 18,Round 18,True,2024-12-27T20:30:00,True,True,1,2024-12-27T20:30:00,2024-12-27T19:30:00Z,"['W', 'W', 'L', 'L', 'W']","['W', 'L', 'L', 'L', 'W']",EuroLeague 2024-25,E2024,2024-25,E,2024,2024-06-29T00:00:00,653ea5d2-0ed0-4edf-9445-176b766c6b7a,1,Group Regular Season,Regular Season,RS,REGULAR SEASON,Regular Season,True,PAR,Partizan Mozzart Bet Belgrade,Partizan,,PAR,False,https://media-cdn.incrowdsports.com/2681304e-77dd-4331-88b1-683078c0fb49.png,90,90,ULK,Fenerbahce Beko Istanbul,Fenerbahce,,FBB,False,https://media-cdn.cortextech.io/3b7f020e-5b39-49a1-b4b2-efea918edab7.png,81,81
2024,RS,160,18,Round 18,Round 18,True,2024-12-27T20:30:00,True,True,1,2024-12-27T20:30:00,2024-12-27T19:30:00Z,"['L', 'L', 'W', 'L', 'W']","['W', 'L', 'L', 'L', 'L']",EuroLeague 2024-25,E2024,2024-25,E,2024,2024-06-29T00:00:00,653ea5d2-0ed0-4edf-9445-176b766c6b7a,1,Group Regular Season,Regular Season,RS,REGULAR SEASON,Regular Season,True,BAS,Baskonia Vitoria-Gasteiz,Baskonia,,BKN,False,https://media-cdn.incrowdsports.com/e324a6af-2a72-443e-9813-8bf2d364ddab.png,94,94,PRS,Paris Basketball,Paris,Paris,PBB,False,https://media-cdn.incrowdsports.com/a033e5b3-0de7-48a3-98d9-d9a4b9df1f39.png,81,81
2024,RS,161,18,Round 18,Round 18,True,2024-12-27T20:30:00,True,True,1,2024-12-27T20:30:00,2024-12-27T19:30:00Z,"['W', 'W', 'L', 'W', 'L']","['L', 'L', 'W', 'W', 'W']",EuroLeague 2024-25,E2024,2024-25,E,2024,2024-06-29T00:00:00,653ea5d2-0ed0-4edf-9445-176b766c6b7a,1,Group Regular Season,Regular Season,RS,REGULAR SEASON,Regular Season,True,MUN,FC Bayern Munich,Bayern,,BAY,False,https://media-cdn.incrowdsports.com/817b0e58-d595-4b09-ab0b-1e7cc26249ff.png,69,69,PAN,Panathinaikos AKTOR Athens,Panathinaikos,,PAO,False,https://media-cdn.incrowdsports.com/e3dff28a-9ec6-4faf-9d96-ecbc68f75780.png,80,80
2024,RS,162,18,Round 18,Round 18,True,2024-12-27T20:30:00,True,True,1,2024-12-27T20:30:00,2024-12-27T19:30:00Z,"['L', 'W', 'L', 'W', 'W']","['L', 'W', 'W', 'W', 'L']",EuroLeague 2024-25,E2024,2024-25,E,2024,2024-06-29T00:00:00,653ea5d2-0ed0-4edf-9445-176b766c6b7a,1,Group Regular Season,Regular Season,RS,REGULAR SEASON,Regular Season,True,VIR,Virtus Segafredo Bologna,Virtus,,VIR,False,https://media-cdn.cortextech.io/1362801d-dd09-4fd0-932d-ead56063ab77.png,83,83,ASV,LDLC ASVEL Villeurbanne,ASVEL,,ASV,False,https://media-cdn.incrowdsports.com/e33c6d1a-95ca-4dbc-b8cb-0201812104cc.png,69,69
2024,RS,163,19,Round 19,Round 19,True,2025-01-02T19:00:00,True,True,2,2025-01-02T20:00:00,2025-01-02T18:00:00Z,"['W', 'W', 'L', 'L', 'L']","['L', 'W', 'W', 'W', 'W']",EuroLeague 2024-25,E2024,2024-25,E,2024,2024-06-29T00:00:00,653ea5d2-0ed0-4edf-9445-176b766c6b7a,1,Group Regular Season,Regular Season,RS,REGULAR SEASON,Regular Season,True,ZAL,Zalgiris Kaunas,Zalgiris,,ZAL,False,https://media-cdn.incrowdsports.com/0aa09358-3847-4c4e-b228-3582ee4e536d.png,85,85,OLY,Olympiacos Piraeus,Olympiacos,,OLY,False,https://media-cdn.incrowdsports.com/789423ac-3cdf-4b89-b11c-b458aa5f59a6.png,92,92
2024,RS,164,19,Round 19,Round 19,True,2025-01-02T20:00:00,True,True,1,2025-01-02T20:00:00,2025-01-02T19:00:00Z,"['L', 'L', 'L', 'L', 'L']","['W', 'W', 'L', 'W', 'W']",EuroLeague 2024-25,E2024,2024-25,E,2024,2024-06-29T00:00:00,653ea5d2-0ed0-4edf-9445-176b766c6b7a,1,Group Regular Season,Regular Season,RS,REGULAR SEASON,Regular Season,True,BER,ALBA Berlin,ALBA,,BER,False,https://media-cdn.incrowdsports.com/ccc34858-22b0-47dc-904c-9940b0a16ff3.png,90,90,MCO,AS Monaco,Monaco,,ASM,False,https://media-cdn.incrowdsports.com/89ed276a-2ba3-413f-8ea2-b3be209ca129.png,105,105
2024,RS,165,19,Round 19,Round 19,True,2025-01-02T20:00:00,True,True,1,2025-01-02T20:00:00,2025-01-02T19:00:00Z,"['W', 'W', 'W', 'L', 'L']","['W', 'L', 'L', 'L', 'W']",EuroLeague 2024-25,E2024,2024-25,E,2024,2024-06-29T00:00:00,653ea5d2-0ed0-4edf-9445-176b766c6b7a,1,Group Regular Season,Regular Season,RS,REGULAR SEASON,Regular Season,True,ASV,LDLC ASVEL Villeurbanne,ASVEL,,ASV,False,https://media-cdn.incrowdsports.com/e33c6d1a-95ca-4dbc-b8cb-0201812104cc.png,66,66,MIL,EA7 Emporio Armani Milan,Milan,,EA7,False,https://media-cdn.cortextech.io/9512ee73-a0f1-4647-a01e-3c2938aba6b8.png,75,75
2024,RS,166,19,Round 19,Round 19,True,2025-01-02T20:30:00,True,True,1,2025-01-02T20:30:00,2025-01-02T19:30:00Z,"['L', 'W', 'L', 'W', 'L']","['W', 'L', 'W', 'W', 'W']",EuroLeague 2024-25,E2024,2024-25,E,2024,2024-06-29T00:00:00,653ea5d2-0ed0-4edf-9445-176b766c6b7a,1,Group Regular Season,Regular Season,RS,REGULAR SEASON,Regular Season,True,BAS,Baskonia Vitoria-Gasteiz,Baskonia,,BKN,False,https://media-cdn.incrowdsports.com/e324a6af-2a72-443e-9813-8bf2d364ddab.png,73,73,RED,Crvena Zvezda Meridianbet Belgrade,Crvena Zvezda,,CZV,False,https://media-cdn.incrowdsports.com/d2eef4a8-62df-4fdd-9076-276004268515.png,75,75
2024,RS,167,19,Round 19,Round 19,True,2025-01-03T18:45:00,True,True,3,2025-01-03T20:45:00,2025-01-03T17:45:00Z,"['L', 'L', 'L', 'W', 'W']","['W', 'W', 'W', 'L', 'L']",EuroLeague 2024-25,E2024,2024-25,E,2024,2024-06-29T00:00:00,653ea5d2-0ed0-4edf-9445-176b766c6b7a,1,Group Regular Season,Regular Season,RS,REGULAR SEASON,Regular Season,True,ULK,Fenerbahce Beko Istanbul,Fenerbahce,,FBB,False,https://media-cdn.cortextech.io/3b7f020e-5b39-49a1-b4b2-efea918edab7.png,84,84,IST,Anadolu Efes Istanbul,Anadolu Efes,Efes,EFS,False,https://media-cdn.cortextech.io/9a463aa2-ceb2-481c-9a95-1cddee0a248e.png,76,76
2024,RS,168,19,Round 19,Round 19,True,2025-01-03T20:15:00,True,True,2,2025-01-03T21:15:00,2025-01-03T19:15:00Z,"['L', 'W', 'W', 'W', 'W']","['W', 'L', 'W', 'W', 'L']",EuroLeague 2024-25,E2024,2024-25,E,2024,2024-06-29T00:00:00,653ea5d2-0ed0-4edf-9445-176b766c6b7a,1,Group Regular Season,Regular Season,RS,REGULAR SEASON,Regular Season,True,PAN,Panathinaikos AKTOR Athens,Panathinaikos,,PAO,False,https://media-cdn.incrowdsports.com/e3dff28a-9ec6-4faf-9d96-ecbc68f75780.png,111,111,VIR,Virtus Segafredo Bologna,Virtus,,VIR,False,https://media-cdn.cortextech.io/1362801d-dd09-4fd0-932d-ead56063ab77.png,90,90
2024,RS,169,19,Round 19,Round 19,True,2025-01-03T20:15:00,True,True,1,2025-01-03T20:15:00,2025-01-03T19:15:00Z,"['L', 'L', 'L', 'L', 'L']","['L', 'W', 'L', 'L', 'W']",EuroLeague 2024-25,E2024,2024-25,E,2024,2024-06-29T00:00:00,653ea5d2-0ed0-4edf-9445-176b766c6b7a,1,Group Regular Season,Regular Season,RS,REGULAR SEASON,Regular Season,True,PRS,Paris Basketball,Paris,Paris,PBB,False,https://media-cdn.incrowdsports.com/a033e5b3-0de7-48a3-98d9-d9a4b9df1f39.png,79,79,BAR,FC Barcelona,Barcelona,,BAR,False,https://media-cdn.incrowdsports.com/35dfa503-e417-481f-963a-bdf6f013763e.png,90,90
2024,RS,170,19,Round 19,Round 19,True,2025-01-03T20:30:00,True,True,1,2025-01-03T20:30:00,2025-01-03T19:30:00Z,"['W', 'L', 'L', 'W', 'W']","['L', 'L', 'L', 'W', 'L']",EuroLeague 2024-25,E2024,2024-25,E,2024,2024-06-29T00:00:00,653ea5d2-0ed0-4edf-9445-176b766c6b7a,1,Group Regular Season,Regular Season,RS,REGULAR SEASON,Regular Season,True,PAR,Partizan Mozzart Bet Belgrade,Partizan,,PAR,False,https://media-cdn.incrowdsports.com/2681304e-77dd-4331-88b1-683078c0fb49.png,98,98,TEL,Maccabi Playtika Tel Aviv,Maccabi,,MTA,False,https://media-cdn.incrowdsports.com/5c55ef14-29df-4328-bd52-a7a64c432350.png,75,75
2024,RS,171,19,Round 19,Round 19,True,2025-01-03T21:00:00,True,True,1,2025-01-03T21:00:00,2025-01-03T20:00:00Z,"['L', 'W', 'W', 'W', 'W']","['W', 'L', 'W', 'L', 'L']",EuroLeague 2024-25,E2024,2024-25,E,2024,2024-06-29T00:00:00,653ea5d2-0ed0-4edf-9445-176b766c6b7a,1,Group Regular Season,Regular Season,RS,REGULAR SEASON,Regular Season,True,MAD,Real Madrid,Real,,RMB,False,https://media-cdn.incrowdsports.com/1a3e1404-4f6f-4ede-9d8b-30eee7cb51b4.png,88,88,MUN,FC Bayern Munich,Bayern,,BAY,False,https://media-cdn.incrowdsports.com/817b0e58-d595-4b09-ab0b-1e7cc26249ff.png,76,76
2024,RS,172,20,Round 20,Round 20,True,2025-01-09T18:45:00,True,True,3,2025-01-09T20:45:00,2025-01-09T17:45:00Z,"['L', 'L', 'W', 'W', 'W']","['L', 'L', 'L', 'L', 'L']",EuroLeague 2024-25,E2024,2024-25,E,2024,2024-06-29T00:00:00,653ea5d2-0ed0-4edf-9445-176b766c6b7a,1,Group Regular Season,Regular Season,RS,REGULAR SEASON,Regular Season,True,ULK,Fenerbahce Beko Istanbul,Fenerbahce,,FBB,False,https://media-cdn.cortextech.io/3b7f020e-5b39-49a1-b4b2-efea918edab7.png,90,90,BER,ALBA Berlin,ALBA,,BER,False,https://media-cdn.incrowdsports.com/ccc34858-22b0-47dc-904c-9940b0a16ff3.png,73,73
2024,RS,173,20,Round 20,Round 20,True,2025-01-09T19:00:00,True,True,1,2025-01-09T19:00:00,2025-01-09T18:00:00Z,"['W', 'L', 'W', 'W', 'L']","['W', 'L', 'L', 'W', 'W']",EuroLeague 2024-25,E2024,2024-25,E,2024,2024-06-29T00:00:00,653ea5d2-0ed0-4edf-9445-176b766c6b7a,1,Group Regular Season,Regular Season,RS,REGULAR SEASON,Regular Season,True,MCO,AS Monaco,Monaco,,ASM,False,https://media-cdn.incrowdsports.com/89ed276a-2ba3-413f-8ea2-b3be209ca129.png,84,84,BAR,FC Barcelona,Barcelona,,BAR,False,https://media-cdn.incrowdsports.com/35dfa503-e417-481f-963a-bdf6f013763e.png,98,98
2024,RS,174,20,Round 20,Round 20,True,2025-01-09T20:15:00,True,True,2,2025-01-09T21:15:00,2025-01-09T19:15:00Z,"['W', 'W', 'W', 'W', 'W']","['L', 'L', 'W', 'W', 'L']",EuroLeague 2024-25,E2024,2024-25,E,2024,2024-06-29T00:00:00,653ea5d2-0ed0-4edf-9445-176b766c6b7a,1,Group Regular Season,Regular Season,RS,REGULAR SEASON,Regular Season,True,PAN,Panathinaikos AKTOR Athens,Panathinaikos,,PAO,False,https://media-cdn.incrowdsports.com/e3dff28a-9ec6-4faf-9d96-ecbc68f75780.png,96,96,PAR,Partizan Mozzart Bet Belgrade,Partizan,,PAR,False,https://media-cdn.incrowdsports.com/2681304e-77dd-4331-88b1-683078c0fb49.png,84,84
2024,RS,175,20,Round 20,Round 20,True,2025-01-09T20:05:00,True,True,1,2025-01-09T20:05:00,2025-01-09T19:05:00Z,"['L', 'L', 'W', 'L', 'L']","['L', 'L', 'L', 'W', 'W']",EuroLeague 2024-25,E2024,2024-25,E,2024,2024-06-29T00:00:00,653ea5d2-0ed0-4edf-9445-176b766c6b7a,1,Group Regular Season,Regular Season,RS,REGULAR SEASON,Regular Season,True,TEL,Maccabi Playtika Tel Aviv,Maccabi,,MTA,False,https://media-cdn.incrowdsports.com/5c55ef14-29df-4328-bd52-a7a64c432350.png,74,74,MIL,EA7 Emporio Armani Milan,Milan,,EA7,False,https://media-cdn.cortextech.io/9512ee73-a0f1-4647-a01e-3c2938aba6b8.png,107,107
2024,RS,176,20,Round 20,Round 20,True,2025-01-10T18:30:00,True,True,3,2025-01-10T20:30:00,2025-01-10T17:30:00Z,"['W', 'W', 'L', 'L', 'L']","['W', 'W', 'L', 'L', 'W']",EuroLeague 2024-25,E2024,2024-25,E,2024,2024-06-29T00:00:00,653ea5d2-0ed0-4edf-9445-176b766c6b7a,1,Group Regular Season,Regular Season,RS,REGULAR SEASON,Regular Season,True,IST,Anadolu Efes Istanbul,Anadolu Efes,Efes,EFS,False,https://media-cdn.cortextech.io/9a463aa2-ceb2-481c-9a95-1cddee0a248e.png,76,76,ASV,LDLC ASVEL Villeurbanne,ASVEL,,ASV,False,https://media-cdn.incrowdsports.com/e33c6d1a-95ca-4dbc-b8cb-0201812104cc.png,82,82
2024,RS,177,20,Round 20,Round 20,True,2025-01-10T19:00:00,True,True,2,2025-01-10T20:00:00,2025-01-10T18:00:00Z,"['W', 'L', 'L', 'L', 'L']","['W', 'W', 'W', 'W', 'W']",EuroLeague 2024-25,E2024,2024-25,E,2024,2024-06-29T00:00:00,653ea5d2-0ed0-4edf-9445-176b766c6b7a,1,Group Regular Season,Regular Season,RS,REGULAR SEASON,Regular Season,True,ZAL,Zalgiris Kaunas,Zalgiris,,ZAL,False,https://media-cdn.incrowdsports.com/0aa09358-3847-4c4e-b228-3582ee4e536d.png,64,64,MAD,Real Madrid,Real,,RMB,False,https://media-cdn.incrowdsports.com/1a3e1404-4f6f-4ede-9d8b-30eee7cb51b4.png,83,83
2024,RS,178,20,Round 20,Round 20,True,2025-01-10T20:00:00,True,True,1,2025-01-10T20:00:00,2025-01-10T19:00:00Z,"['L', 'W', 'W', 'W', 'W']","['L', 'L', 'L', 'L', 'L']",EuroLeague 2024-25,E2024,2024-25,E,2024,2024-06-29T00:00:00,653ea5d2-0ed0-4edf-9445-176b766c6b7a,1,Group Regular Season,Regular Season,RS,REGULAR SEASON,Regular Season,True,RED,Crvena Zvezda Meridianbet Belgrade,Crvena Zvezda,,CZV,False,https://media-cdn.incrowdsports.com/d2eef4a8-62df-4fdd-9076-276004268515.png,85,85,PRS,Paris Basketball,Paris,Paris,PBB,False,https://media-cdn.incrowdsports.com/a033e5b3-0de7-48a3-98d9-d9a4b9df1f39.png,69,69
2024,RS,179,20,Round 20,Round 20,True,2025-01-10T20:15:00,True,True,2,2025-01-10T21:15:00,2025-01-10T19:15:00Z,"['W', 'W', 'W', 'W', 'W']","['L', 'W', 'L', 'L', 'L']",EuroLeague 2024-25,E2024,2024-25,E,2024,2024-06-29T00:00:00,653ea5d2-0ed0-4edf-9445-176b766c6b7a,1,Group Regular Season,Regular Season,RS,REGULAR SEASON,Regular Season,True,OLY,Olympiacos Piraeus,Olympiacos,,OLY,False,https://media-cdn.incrowdsports.com/789423ac-3cdf-4b89-b11c-b458aa5f59a6.png,112,112,MUN,FC Bayern Munich,Bayern,,BAY,False,https://media-cdn.incrowdsports.com/817b0e58-d595-4b09-ab0b-1e7cc26249ff.png,69,69
2024,RS,180,20,Round 20,Round 20,True,2025-01-10T20:45:00,True,True,1,2025-01-10T20:45:00,2025-01-10T19:45:00Z,"['L', 'W', 'W', 'L', 'W']","['W', 'L', 'W', 'L', 'L']",EuroLeague 2024-25,E2024,2024-25,E,2024,2024-06-29T00:00:00,653ea5d2-0ed0-4edf-9445-176b766c6b7a,1,Group Regular Season,Regular Season,RS,REGULAR SEASON,Regular Season,True,VIR,Virtus Segafredo Bologna,Virtus,,VIR,False,https://media-cdn.cortextech.io/1362801d-dd09-4fd0-932d-ead56063ab77.png,76,76,BAS,Baskonia Vitoria-Gasteiz,Baskonia,,BKN,False,https://media-cdn.incrowdsports.com/e324a6af-2a72-443e-9813-8bf2d364ddab.png,74,74
2024,RS,181,21,Round 21,Round 21,True,2025-01-14T20:00:00,True,True,1,2025-01-14T20:00:00,2025-01-14T19:00:00Z,"['W', 'L', 'L', 'W', 'L']","['L', 'W', 'W', 'L', 'W']",EuroLeague 2024-25,E2024,2024-25,E,2024,2024-06-29T00:00:00,653ea5d2-0ed0-4edf-9445-176b766c6b7a,1,Group Regular Season,Regular Season,RS,REGULAR SEASON,Regular Season,True,ASV,LDLC ASVEL Villeurbanne,ASVEL,,ASV,False,https://media-cdn.incrowdsports.com/e33c6d1a-95ca-4dbc-b8cb-0201812104cc.png,62,62,PAR,Partizan Mozzart Bet Belgrade,Partizan,,PAR,False,https://media-cdn.incrowdsports.com/2681304e-77dd-4331-88b1-683078c0fb49.png,93,93
2024,RS,182,21,Round 21,Round 21,True,2025-01-14T20:30:00,True,True,1,2025-01-14T20:30:00,2025-01-14T19:30:00Z,"['L', 'W', 'L', 'L', 'L']","['W', 'W', 'W', 'W', 'W']",EuroLeague 2024-25,E2024,2024-25,E,2024,2024-06-29T00:00:00,653ea5d2-0ed0-4edf-9445-176b766c6b7a,1,Group Regular Season,Regular Season,RS,REGULAR SEASON,Regular Season,True,BAS,Baskonia Vitoria-Gasteiz,Baskonia,,BKN,False,https://media-cdn.incrowdsports.com/e324a6af-2a72-443e-9813-8bf2d364ddab.png,101,89,OLY,Olympiacos Piraeus,Olympiacos,,OLY,False,https://media-cdn.incrowdsports.com/789423ac-3cdf-4b89-b11c-b458aa5f59a6.png,102,89
2024,RS,183,21,Round 21,Round 21,True,2025-01-14T20:30:00,True,True,1,2025-01-14T20:30:00,2025-01-14T19:30:00Z,"['L', 'L', 'W', 'W', 'W']","['L', 'L', 'L', 'L', 'L']",EuroLeague 2024-25,E2024,2024-25,E,2024,2024-06-29T00:00:00,653ea5d2-0ed0-4edf-9445-176b766c6b7a,1,Group Regular Season,Regular Season,RS,REGULAR SEASON,Regular Season,True,MIL,EA7 Emporio Armani Milan,Milan,,EA7,False,https://media-cdn.cortextech.io/9512ee73-a0f1-4647-a01e-3c2938aba6b8.png,100,100,BER,ALBA Berlin,ALBA,,BER,False,https://media-cdn.incrowdsports.com/ccc34858-22b0-47dc-904c-9940b0a16ff3.png,68,68
2024,RS,184,21,Round 21,Round 21,True,2025-01-14T20:30:00,True,True,1,2025-01-14T20:30:00,2025-01-14T19:30:00Z,"['L', 'L', 'L', 'W', 'L']","['W', 'L', 'L', 'L', 'L']",EuroLeague 2024-25,E2024,2024-25,E,2024,2024-06-29T00:00:00,653ea5d2-0ed0-4edf-9445-176b766c6b7a,1,Group Regular Season,Regular Season,RS,REGULAR SEASON,Regular Season,True,PRS,Paris Basketball,Paris,Paris,PBB,False,https://media-cdn.incrowdsports.com/a033e5b3-0de7-48a3-98d9-d9a4b9df1f39.png,88,88,IST,Anadolu Efes Istanbul,Anadolu Efes,Efes,EFS,False,https://media-cdn.cortextech.io/9a463aa2-ceb2-481c-9a95-1cddee0a248e.png,84,84
2024,RS,185,21,Round 21,Round 21,True,2025-01-14T20:45:00,True,True,1,2025-01-14T20:45:00,2025-01-14T19:45:00Z,"['W', 'W', 'W', 'W', 'W']","['L', 'W', 'L', 'L', 'L']",EuroLeague 2024-25,E2024,2024-25,E,2024,2024-06-29T00:00:00,653ea5d2-0ed0-4edf-9445-176b766c6b7a,1,Group Regular Season,Regular Season,RS,REGULAR SEASON,Regular Season,True,MAD,Real Madrid,Real,,RMB,False,https://media-cdn.incrowdsports.com/1a3e1404-4f6f-4ede-9d8b-30eee7cb51b4.png,116,116,TEL,Maccabi Playtika Tel Aviv,Maccabi,,MTA,False,https://media-cdn.incrowdsports.com/5c55ef14-29df-4328-bd52-a7a64c432350.png,113,113
2024,RS,186,21,Round 21,Round 21,True,2025-01-15T19:00:00,True,True,2,2025-01-15T20:00:00,2025-01-15T18:00:00Z,"['L', 'L', 'L', 'L', 'W']","['W', 'W', 'L', 'W', 'L']",EuroLeague 2024-25,E2024,2024-25,E,2024,2024-06-29T00:00:00,653ea5d2-0ed0-4edf-9445-176b766c6b7a,1,Group Regular Season,Regular Season,RS,REGULAR SEASON,Regular Season,True,ZAL,Zalgiris Kaunas,Zalgiris,,ZAL,False,https://media-cdn.incrowdsports.com/0aa09358-3847-4c4e-b228-3582ee4e536d.png,77,77,VIR,Virtus Segafredo Bologna,Virtus,,VIR,False,https://media-cdn.cortextech.io/1362801d-dd09-4fd0-932d-ead56063ab77.png,68,68
2024,RS,187,21,Round 21,Round 21,True,2025-01-15T20:00:00,True,True,1,2025-01-15T20:00:00,2025-01-15T19:00:00Z,"['W', 'W', 'W', 'W', 'L']","['L', 'W', 'W', 'W', 'W']",EuroLeague 2024-25,E2024,2024-25,E,2024,2024-06-29T00:00:00,653ea5d2-0ed0-4edf-9445-176b766c6b7a,1,Group Regular Season,Regular Season,RS,REGULAR SEASON,Regular Season,True,RED,Crvena Zvezda Meridianbet Belgrade,Crvena Zvezda,,CZV,False,https://media-cdn.incrowdsports.com/d2eef4a8-62df-4fdd-9076-276004268515.png,91,91,ULK,Fenerbahce Beko Istanbul,Fenerbahce,,FBB,False,https://media-cdn.cortextech.io/3b7f020e-5b39-49a1-b4b2-efea918edab7.png,96,96
2024,RS,188,21,Round 21,Round 21,True,2025-01-15T20:30:00,True,True,1,2025-01-15T20:30:00,2025-01-15T19:30:00Z,"['L', 'L', 'W', 'W', 'W']","['W', 'W', 'W', 'W', 'L']",EuroLeague 2024-25,E2024,2024-25,E,2024,2024-06-29T00:00:00,653ea5d2-0ed0-4edf-9445-176b766c6b7a,1,Group Regular Season,Regular Season,RS,REGULAR SEASON,Regular Season,True,BAR,FC Barcelona,Barcelona,,BAR,False,https://media-cdn.incrowdsports.com/35dfa503-e417-481f-963a-bdf6f013763e.png,82,82,PAN,Panathinaikos AKTOR Athens,Panathinaikos,,PAO,False,https://media-cdn.incrowdsports.com/e3dff28a-9ec6-4faf-9d96-ecbc68f75780.png,73,73
2024,RS,189,21,Round 21,Round 21,True,2025-01-15T20:30:00,True,True,1,2025-01-15T20:30:00,2025-01-15T19:30:00Z,"['W', 'L', 'L', 'L', 'W']","['L', 'W', 'W', 'L', 'L']",EuroLeague 2024-25,E2024,2024-25,E,2024,2024-06-29T00:00:00,653ea5d2-0ed0-4edf-9445-176b766c6b7a,1,Group Regular Season,Regular Season,RS,REGULAR SEASON,Regular Season,True,MUN,FC Bayern Munich,Bayern,,BAY,False,https://media-cdn.incrowdsports.com/817b0e58-d595-4b09-ab0b-1e7cc26249ff.png,95,95,MCO,AS Monaco,Monaco,,ASM,False,https://media-cdn.incrowdsports.com/89ed276a-2ba3-413f-8ea2-b3be209ca129.png,94,94
2024,RS,190,22,Round 22,Round 22,True,2025-01-16T20:00:00,True,True,1,2025-01-16T20:00:00,2025-01-16T19:00:00Z,"['L', 'L', 'W', 'L', 'W']","['L', 'L', 'L', 'L', 'L']",EuroLeague 2024-25,E2024,2024-25,E,2024,2024-06-29T00:00:00,653ea5d2-0ed0-4edf-9445-176b766c6b7a,1,Group Regular Season,Regular Season,RS,REGULAR SEASON,Regular Season,True,ASV,LDLC ASVEL Villeurbanne,ASVEL,,ASV,False,https://media-cdn.incrowdsports.com/e33c6d1a-95ca-4dbc-b8cb-0201812104cc.png,96,85,BER,ALBA Berlin,ALBA,,BER,False,https://media-cdn.incrowdsports.com/ccc34858-22b0-47dc-904c-9940b0a16ff3.png,89,85
2024,RS,191,22,Round 22,Round 22,True,2025-01-16T20:30:00,True,True,1,2025-01-16T20:30:00,2025-01-16T19:30:00Z,"['L', 'W', 'W', 'W', 'L']","['W', 'W', 'L', 'W', 'W']",EuroLeague 2024-25,E2024,2024-25,E,2024,2024-06-29T00:00:00,653ea5d2-0ed0-4edf-9445-176b766c6b7a,1,Group Regular Season,Regular Season,RS,REGULAR SEASON,Regular Season,True,MIL,EA7 Emporio Armani Milan,Milan,,EA7,False,https://media-cdn.cortextech.io/9512ee73-a0f1-4647-a01e-3c2938aba6b8.png,70,70,PAR,Partizan Mozzart Bet Belgrade,Partizan,,PAR,False,https://media-cdn.incrowdsports.com/2681304e-77dd-4331-88b1-683078c0fb49.png,90,90
2024,RS,192,22,Round 22,Round 22,True,2025-01-16T20:30:00,True,True,1,2025-01-16T20:30:00,2025-01-16T19:30:00Z,"['L', 'L', 'W', 'W', 'L']","['W', 'L', 'L', 'L', 'L']",EuroLeague 2024-25,E2024,2024-25,E,2024,2024-06-29T00:00:00,653ea5d2-0ed0-4edf-9445-176b766c6b7a,1,Group Regular Season,Regular Season,RS,REGULAR SEASON,Regular Season,True,PRS,Paris Basketball,Paris,Paris,PBB,False,https://media-cdn.incrowdsports.com/a033e5b3-0de7-48a3-98d9-d9a4b9df1f39.png,96,96,TEL,Maccabi Playtika Tel Aviv,Maccabi,,MTA,False,https://media-cdn.incrowdsports.com/5c55ef14-29df-4328-bd52-a7a64c432350.png,83,83
2024,RS,193,22,Round 22,Round 22,True,2025-01-16T20:45:00,True,True,1,2025-01-16T20:45:00,2025-01-16T19:45:00Z,"['W', 'W', 'W', 'W', 'L']","['W', 'W', 'W', 'W', 'W']",EuroLeague 2024-25,E2024,2024-25,E,2024,2024-06-29T00:00:00,653ea5d2-0ed0-4edf-9445-176b766c6b7a,1,Group Regular Season,Regular Season,RS,REGULAR SEASON,Regular Season,True,MAD,Real Madrid,Real,,RMB,False,https://media-cdn.incrowdsports.com/1a3e1404-4f6f-4ede-9d8b-30eee7cb51b4.png,86,86,OLY,Olympiacos Piraeus,Olympiacos,,OLY,False,https://media-cdn.incrowdsports.com/789423ac-3cdf-4b89-b11c-b458aa5f59a6.png,96,96
2024,RS,194,22,Round 22,Round 22,True,2025-01-17T18:45:00,True,True,3,2025-01-17T20:45:00,2025-01-17T17:45:00Z,"['W', 'W', 'W', 'W', 'W']","['L', 'L', 'L', 'W', 'L']",EuroLeague 2024-25,E2024,2024-25,E,2024,2024-06-29T00:00:00,653ea5d2-0ed0-4edf-9445-176b766c6b7a,1,Group Regular Season,Regular Season,RS,REGULAR SEASON,Regular Season,True,ULK,Fenerbahce Beko Istanbul,Fenerbahce,,FBB,False,https://media-cdn.cortextech.io/3b7f020e-5b39-49a1-b4b2-efea918edab7.png,98,98,ZAL,Zalgiris Kaunas,Zalgiris,,ZAL,False,https://media-cdn.incrowdsports.com/0aa09358-3847-4c4e-b228-3582ee4e536d.png,86,86
2024,RS,195,22,Round 22,Round 22,True,2025-01-17T20:00:00,True,True,1,2025-01-17T20:00:00,2025-01-17T19:00:00Z,"['W', 'W', 'W', 'L', 'W']","['W', 'W', 'L', 'L', 'L']",EuroLeague 2024-25,E2024,2024-25,E,2024,2024-06-29T00:00:00,653ea5d2-0ed0-4edf-9445-176b766c6b7a,1,Group Regular Season,Regular Season,RS,REGULAR SEASON,Regular Season,True,RED,Crvena Zvezda Meridianbet Belgrade,Crvena Zvezda,,CZV,False,https://media-cdn.incrowdsports.com/d2eef4a8-62df-4fdd-9076-276004268515.png,88,76,MCO,AS Monaco,Monaco,,ASM,False,https://media-cdn.incrowdsports.com/89ed276a-2ba3-413f-8ea2-b3be209ca129.png,82,76
2024,RS,196,22,Round 22,Round 22,True,2025-01-17T20:30:00,True,True,1,2025-01-17T20:30:00,2025-01-17T19:30:00Z,"['W', 'L', 'L', 'L', 'W']","['W', 'W', 'W', 'L', 'L']",EuroLeague 2024-25,E2024,2024-25,E,2024,2024-06-29T00:00:00,653ea5d2-0ed0-4edf-9445-176b766c6b7a,1,Group Regular Season,Regular Season,RS,REGULAR SEASON,Regular Season,True,BAS,Baskonia Vitoria-Gasteiz,Baskonia,,BKN,False,https://media-cdn.incrowdsports.com/e324a6af-2a72-443e-9813-8bf2d364ddab.png,91,91,PAN,Panathinaikos AKTOR Athens,Panathinaikos,,PAO,False,https://media-cdn.incrowdsports.com/e3dff28a-9ec6-4faf-9d96-ecbc68f75780.png,77,77
2024,RS,197,22,Round 22,Round 22,True,2025-01-17T20:30:00,True,True,1,2025-01-17T20:30:00,2025-01-17T19:30:00Z,"['L', 'L', 'L', 'W', 'L']","['W', 'L', 'W', 'L', 'W']",EuroLeague 2024-25,E2024,2024-25,E,2024,2024-06-29T00:00:00,653ea5d2-0ed0-4edf-9445-176b766c6b7a,1,Group Regular Season,Regular Season,RS,REGULAR SEASON,Regular Season,True,MUN,FC Bayern Munich,Bayern,,BAY,False,https://media-cdn.incrowdsports.com/817b0e58-d595-4b09-ab0b-1e7cc26249ff.png,72,72,VIR,Virtus Segafredo Bologna,Virtus,,VIR,False,https://media-cdn.cortextech.io/1362801d-dd09-4fd0-932d-ead56063ab77.png,82,82
2024,RS,198,22,Round 22,Round 22,True,2025-01-17T20:45:00,True,True,1,2025-01-17T20:45:00,2025-01-17T19:45:00Z,"['L', 'W', 'W', 'W', 'W']","['L', 'L', 'L', 'L', 'L']",EuroLeague 2024-25,E2024,2024-25,E,2024,2024-06-29T00:00:00,653ea5d2-0ed0-4edf-9445-176b766c6b7a,1,Group Regular Season,Regular Season,RS,REGULAR SEASON,Regular Season,True,BAR,FC Barcelona,Barcelona,,BAR,False,https://media-cdn.incrowdsports.com/35dfa503-e417-481f-963a-bdf6f013763e.png,90,90,IST,Anadolu Efes Istanbul,Anadolu Efes,Efes,EFS,False,https://media-cdn.cortextech.io/9a463aa2-ceb2-481c-9a95-1cddee0a248e.png,80,80
2024,RS,199,23,Round 23,Round 23,True,2025-01-23T18:30:00,True,True,3,2025-01-23T20:30:00,2025-01-23T17:30:00Z,"['L', 'L', 'L', 'L', 'W']","['W', 'W', 'W', 'L', 'L']",EuroLeague 2024-25,E2024,2024-25,E,2024,2024-06-29T00:00:00,653ea5d2-0ed0-4edf-9445-176b766c6b7a,1,Group Regular Season,Regular Season,RS,REGULAR SEASON,Regular Season,True,IST,Anadolu Efes Istanbul,Anadolu Efes,Efes,EFS,False,https://media-cdn.cortextech.io/9a463aa2-ceb2-481c-9a95-1cddee0a248e.png,110,110,MIL,EA7 Emporio Armani Milan,Milan,,EA7,False,https://media-cdn.cortextech.io/9512ee73-a0f1-4647-a01e-3c2938aba6b8.png,66,66
2024,RS,200,23,Round 23,Round 23,True,2025-01-23T20:15:00,True,True,2,2025-01-23T21:15:00,2025-01-23T19:15:00Z,"['W', 'W', 'L', 'L', 'W']","['L', 'L', 'W', 'L', 'L']",EuroLeague 2024-25,E2024,2024-25,E,2024,2024-06-29T00:00:00,653ea5d2-0ed0-4edf-9445-176b766c6b7a,1,Group Regular Season,Regular Season,RS,REGULAR SEASON,Regular Season,True,PAN,Panathinaikos AKTOR Athens,Panathinaikos,,PAO,False,https://media-cdn.incrowdsports.com/e3dff28a-9ec6-4faf-9d96-ecbc68f75780.png,89,89,ZAL,Zalgiris Kaunas,Zalgiris,,ZAL,False,https://media-cdn.incrowdsports.com/0aa09358-3847-4c4e-b228-3582ee4e536d.png,76,76
2024,RS,201,23,Round 23,Round 23,True,2025-01-23T20:30:00,True,True,1,2025-01-23T20:30:00,2025-01-23T19:30:00Z,"['L', 'W', 'L', 'W', 'L']","['W', 'L', 'L', 'L', 'W']",EuroLeague 2024-25,E2024,2024-25,E,2024,2024-06-29T00:00:00,653ea5d2-0ed0-4edf-9445-176b766c6b7a,1,Group Regular Season,Regular Season,RS,REGULAR SEASON,Regular Season,True,VIR,Virtus Segafredo Bologna,Virtus,,VIR,False,https://media-cdn.cortextech.io/1362801d-dd09-4fd0-932d-ead56063ab77.png,80,80,MCO,AS Monaco,Monaco,,ASM,False,https://media-cdn.incrowdsports.com/89ed276a-2ba3-413f-8ea2-b3be209ca129.png,86,86
2024,RS,202,23,Round 23,Round 23,True,2025-01-23T20:45:00,True,True,1,2025-01-23T20:45:00,2025-01-23T19:45:00Z,"['W', 'W', 'W', 'L', 'W']","['L', 'L', 'L', 'W', 'L']",EuroLeague 2024-25,E2024,2024-25,E,2024,2024-06-29T00:00:00,653ea5d2-0ed0-4edf-9445-176b766c6b7a,1,Group Regular Season,Regular Season,RS,REGULAR SEASON,Regular Season,True,MAD,Real Madrid,Real,,RMB,False,https://media-cdn.incrowdsports.com/1a3e1404-4f6f-4ede-9d8b-30eee7cb51b4.png,90,90,BAS,Baskonia Vitoria-Gasteiz,Baskonia,,BKN,False,https://media-cdn.incrowdsports.com/e324a6af-2a72-443e-9813-8bf2d364ddab.png,89,89
2024,RS,203,23,Round 23,Round 23,True,2025-01-23T20:05:00,True,True,1,2025-01-23T20:05:00,2025-01-23T19:05:00Z,"['L', 'L', 'L', 'L', 'W']","['W', 'W', 'L', 'W', 'L']",EuroLeague 2024-25,E2024,2024-25,E,2024,2024-06-29T00:00:00,653ea5d2-0ed0-4edf-9445-176b766c6b7a,1,Group Regular Season,Regular Season,RS,REGULAR SEASON,Regular Season,True,TEL,Maccabi Playtika Tel Aviv,Maccabi,,MTA,False,https://media-cdn.incrowdsports.com/5c55ef14-29df-4328-bd52-a7a64c432350.png,85,85,RED,Crvena Zvezda Meridianbet Belgrade,Crvena Zvezda,,CZV,False,https://media-cdn.incrowdsports.com/d2eef4a8-62df-4fdd-9076-276004268515.png,73,73
2024,RS,204,23,Round 23,Round 23,True,2025-01-24T20:00:00,True,True,1,2025-01-24T20:00:00,2025-01-24T19:00:00Z,"['L', 'L', 'L', 'L', 'L']","['L', 'L', 'W', 'L', 'W']",EuroLeague 2024-25,E2024,2024-25,E,2024,2024-06-29T00:00:00,653ea5d2-0ed0-4edf-9445-176b766c6b7a,1,Group Regular Season,Regular Season,RS,REGULAR SEASON,Regular Season,True,BER,ALBA Berlin,ALBA,,BER,False,https://media-cdn.incrowdsports.com/ccc34858-22b0-47dc-904c-9940b0a16ff3.png,84,84,MUN,FC Bayern Munich,Bayern,,BAY,False,https://media-cdn.incrowdsports.com/817b0e58-d595-4b09-ab0b-1e7cc26249ff.png,99,99
2024,RS,205,23,Round 23,Round 23,True,2025-01-24T20:00:00,True,True,1,2025-01-24T20:00:00,2025-01-24T19:00:00Z,"['L', 'W', 'L', 'W', 'W']","['W', 'W', 'W', 'W', 'L']",EuroLeague 2024-25,E2024,2024-25,E,2024,2024-06-29T00:00:00,653ea5d2-0ed0-4edf-9445-176b766c6b7a,1,Group Regular Season,Regular Season,RS,REGULAR SEASON,Regular Season,True,ASV,LDLC ASVEL Villeurbanne,ASVEL,,ASV,False,https://media-cdn.incrowdsports.com/e33c6d1a-95ca-4dbc-b8cb-0201812104cc.png,100,100,BAR,FC Barcelona,Barcelona,,BAR,False,https://media-cdn.incrowdsports.com/35dfa503-e417-481f-963a-bdf6f013763e.png,94,94
2024,RS,206,23,Round 23,Round 23,True,2025-01-24T20:15:00,True,True,2,2025-01-24T21:15:00,2025-01-24T19:15:00Z,"['W', 'W', 'W', 'W', 'L']","['W', 'W', 'W', 'W', 'W']",EuroLeague 2024-25,E2024,2024-25,E,2024,2024-06-29T00:00:00,653ea5d2-0ed0-4edf-9445-176b766c6b7a,1,Group Regular Season,Regular Season,RS,REGULAR SEASON,Regular Season,True,OLY,Olympiacos Piraeus,Olympiacos,,OLY,False,https://media-cdn.incrowdsports.com/789423ac-3cdf-4b89-b11c-b458aa5f59a6.png,77,77,ULK,Fenerbahce Beko Istanbul,Fenerbahce,,FBB,False,https://media-cdn.cortextech.io/3b7f020e-5b39-49a1-b4b2-efea918edab7.png,87,87
2024,RS,207,23,Round 23,Round 23,True,2025-01-22T20:30:00,True,True,1,2025-01-22T20:30:00,2025-01-22T19:30:00Z,"['W', 'L', 'W', 'W', 'W']","['L', 'W', 'W', 'L', 'L']",EuroLeague 2024-25,E2024,2024-25,E,2024,2024-06-29T00:00:00,653ea5d2-0ed0-4edf-9445-176b766c6b7a,1,Group Regular Season,Regular Season,RS,REGULAR SEASON,Regular Season,True,PAR,Partizan Mozzart Bet Belgrade,Partizan,,PAR,False,https://media-cdn.incrowdsports.com/2681304e-77dd-4331-88b1-683078c0fb49.png,92,92,PRS,Paris Basketball,Paris,Paris,PBB,False,https://media-cdn.incrowdsports.com/a033e5b3-0de7-48a3-98d9-d9a4b9df1f39.png,86,86
2024,RS,208,24,Round 24,Round 24,True,2025-01-30T19:00:00,True,True,2,2025-01-30T20:00:00,2025-01-30T18:00:00Z,"['L', 'W', 'L', 'L', 'L']","['L', 'W', 'L', 'W', 'W']",EuroLeague 2024-25,E2024,2024-25,E,2024,2024-06-29T00:00:00,653ea5d2-0ed0-4edf-9445-176b766c6b7a,1,Group Regular Season,Regular Season,RS,REGULAR SEASON,Regular Season,True,ZAL,Zalgiris Kaunas,Zalgiris,,ZAL,False,https://media-cdn.incrowdsports.com/0aa09358-3847-4c4e-b228-3582ee4e536d.png,82,82,MUN,FC Bayern Munich,Bayern,,BAY,False,https://media-cdn.incrowdsports.com/817b0e58-d595-4b09-ab0b-1e7cc26249ff.png,97,97
2024,RS,209,24,Round 24,Round 24,True,2025-01-30T20:30:00,True,True,1,2025-01-30T20:30:00,2025-01-30T19:30:00Z,"['L', 'L', 'W', 'L', 'W']","['W', 'W', 'W', 'L', 'L']",EuroLeague 2024-25,E2024,2024-25,E,2024,2024-06-29T00:00:00,653ea5d2-0ed0-4edf-9445-176b766c6b7a,1,Group Regular Season,Regular Season,RS,REGULAR SEASON,Regular Season,True,BAS,Baskonia Vitoria-Gasteiz,Baskonia,,BKN,False,https://media-cdn.incrowdsports.com/e324a6af-2a72-443e-9813-8bf2d364ddab.png,88,88,BAR,FC Barcelona,Barcelona,,BAR,False,https://media-cdn.incrowdsports.com/35dfa503-e417-481f-963a-bdf6f013763e.png,86,86
2024,RS,210,24,Round 24,Round 24,True,2025-01-30T20:30:00,True,True,1,2025-01-30T20:30:00,2025-01-30T19:30:00Z,"['W', 'W', 'L', 'L', 'W']","['W', 'L', 'L', 'W', 'L']",EuroLeague 2024-25,E2024,2024-25,E,2024,2024-06-29T00:00:00,653ea5d2-0ed0-4edf-9445-176b766c6b7a,1,Group Regular Season,Regular Season,RS,REGULAR SEASON,Regular Season,True,MIL,EA7 Emporio Armani Milan,Milan,,EA7,False,https://media-cdn.cortextech.io/9512ee73-a0f1-4647-a01e-3c2938aba6b8.png,87,87,PAN,Panathinaikos AKTOR Athens,Panathinaikos,,PAO,False,https://media-cdn.incrowdsports.com/e3dff28a-9ec6-4faf-9d96-ecbc68f75780.png,75,75
2024,RS,211,24,Round 24,Round 24,True,2025-01-30T20:30:00,True,True,1,2025-01-30T20:30:00,2025-01-30T19:30:00Z,"['W', 'W', 'L', 'W', 'L']","['W', 'L', 'W', 'W', 'L']",EuroLeague 2024-25,E2024,2024-25,E,2024,2024-06-29T00:00:00,653ea5d2-0ed0-4edf-9445-176b766c6b7a,1,Group Regular Season,Regular Season,RS,REGULAR SEASON,Regular Season,True,PRS,Paris Basketball,Paris,Paris,PBB,False,https://media-cdn.incrowdsports.com/a033e5b3-0de7-48a3-98d9-d9a4b9df1f39.png,91,91,ASV,LDLC ASVEL Villeurbanne,ASVEL,,ASV,False,https://media-cdn.incrowdsports.com/e33c6d1a-95ca-4dbc-b8cb-0201812104cc.png,82,82
2024,RS,212,24,Round 24,Round 24,True,2025-01-30T20:05:00,True,True,1,2025-01-30T20:05:00,2025-01-30T19:05:00Z,"['L', 'L', 'L', 'W', 'L']","['L', 'L', 'L', 'L', 'W']",EuroLeague 2024-25,E2024,2024-25,E,2024,2024-06-29T00:00:00,653ea5d2-0ed0-4edf-9445-176b766c6b7a,1,Group Regular Season,Regular Season,RS,REGULAR SEASON,Regular Season,True,TEL,Maccabi Playtika Tel Aviv,Maccabi,,MTA,False,https://media-cdn.incrowdsports.com/5c55ef14-29df-4328-bd52-a7a64c432350.png,87,87,BER,ALBA Berlin,ALBA,,BER,False,https://media-cdn.incrowdsports.com/ccc34858-22b0-47dc-904c-9940b0a16ff3.png,93,93
2024,RS,213,24,Round 24,Round 24,True,2025-01-31T18:30:00,True,True,3,2025-01-31T20:30:00,2025-01-31T17:30:00Z,"['W', 'W', 'W', 'W', 'W']","['W', 'L', 'W', 'L', 'L']",EuroLeague 2024-25,E2024,2024-25,E,2024,2024-06-29T00:00:00,653ea5d2-0ed0-4edf-9445-176b766c6b7a,1,Group Regular Season,Regular Season,RS,REGULAR SEASON,Regular Season,True,ULK,Fenerbahce Beko Istanbul,Fenerbahce,,FBB,False,https://media-cdn.cortextech.io/3b7f020e-5b39-49a1-b4b2-efea918edab7.png,95,95,VIR,Virtus Segafredo Bologna,Virtus,,VIR,False,https://media-cdn.cortextech.io/1362801d-dd09-4fd0-932d-ead56063ab77.png,81,81
2024,RS,214,24,Round 24,Round 24,True,2025-01-31T19:00:00,True,True,1,2025-01-31T19:00:00,2025-01-31T18:00:00Z,"['L', 'L', 'L', 'W', 'W']","['W', 'W', 'L', 'W', 'L']",EuroLeague 2024-25,E2024,2024-25,E,2024,2024-06-29T00:00:00,653ea5d2-0ed0-4edf-9445-176b766c6b7a,1,Group Regular Season,Regular Season,RS,REGULAR SEASON,Regular Season,True,MCO,AS Monaco,Monaco,,ASM,False,https://media-cdn.incrowdsports.com/89ed276a-2ba3-413f-8ea2-b3be209ca129.png,77,77,MAD,Real Madrid,Real,,RMB,False,https://media-cdn.incrowdsports.com/1a3e1404-4f6f-4ede-9d8b-30eee7cb51b4.png,73,73
2024,RS,215,24,Round 24,Round 24,True,2025-01-31T20:15:00,True,True,2,2025-01-31T21:15:00,2025-01-31T19:15:00Z,"['W', 'W', 'W', 'L', 'W']","['L', 'L', 'L', 'W', 'L']",EuroLeague 2024-25,E2024,2024-25,E,2024,2024-06-29T00:00:00,653ea5d2-0ed0-4edf-9445-176b766c6b7a,1,Group Regular Season,Regular Season,RS,REGULAR SEASON,Regular Season,True,OLY,Olympiacos Piraeus,Olympiacos,,OLY,False,https://media-cdn.incrowdsports.com/789423ac-3cdf-4b89-b11c-b458aa5f59a6.png,92,92,IST,Anadolu Efes Istanbul,Anadolu Efes,Efes,EFS,False,https://media-cdn.cortextech.io/9a463aa2-ceb2-481c-9a95-1cddee0a248e.png,89,89
2024,RS,216,24,Round 24,Round 24,True,2025-01-31T20:30:00,True,True,1,2025-01-31T20:30:00,2025-01-31T19:30:00Z,"['L', 'W', 'W', 'W', 'L']","['W', 'L', 'W', 'L', 'W']",EuroLeague 2024-25,E2024,2024-25,E,2024,2024-06-29T00:00:00,653ea5d2-0ed0-4edf-9445-176b766c6b7a,1,Group Regular Season,Regular Season,RS,REGULAR SEASON,Regular Season,True,PAR,Partizan Mozzart Bet Belgrade,Partizan,,PAR,False,https://media-cdn.incrowdsports.com/2681304e-77dd-4331-88b1-683078c0fb49.png,71,71,RED,Crvena Zvezda Meridianbet Belgrade,Crvena Zvezda,,CZV,False,https://media-cdn.incrowdsports.com/d2eef4a8-62df-4fdd-9076-276004268515.png,73,73
2024,RS,217,25,Round 25,Round 25,True,2025-02-04T18:30:00,True,True,3,2025-02-04T20:30:00,2025-02-04T17:30:00Z,"['L', 'L', 'W', 'L', 'W']","['W', 'L', 'W', 'L', 'L']",EuroLeague 2024-25,E2024,2024-25,E,2024,2024-06-29T00:00:00,653ea5d2-0ed0-4edf-9445-176b766c6b7a,1,Group Regular Season,Regular Season,RS,REGULAR SEASON,Regular Season,True,IST,Anadolu Efes Istanbul,Anadolu Efes,Efes,EFS,False,https://media-cdn.cortextech.io/9a463aa2-ceb2-481c-9a95-1cddee0a248e.png,79,79,MAD,Real Madrid,Real,,RMB,False,https://media-cdn.incrowdsports.com/1a3e1404-4f6f-4ede-9d8b-30eee7cb51b4.png,73,73
2024,RS,218,25,Round 25,Round 25,True,2025-02-04T19:00:00,True,True,2,2025-02-04T20:00:00,2025-02-04T18:00:00Z,"['W', 'L', 'L', 'L', 'W']","['L', 'L', 'L', 'W', 'L']",EuroLeague 2024-25,E2024,2024-25,E,2024,2024-06-29T00:00:00,653ea5d2-0ed0-4edf-9445-176b766c6b7a,1,Group Regular Season,Regular Season,RS,REGULAR SEASON,Regular Season,True,ZAL,Zalgiris Kaunas,Zalgiris,,ZAL,False,https://media-cdn.incrowdsports.com/0aa09358-3847-4c4e-b228-3582ee4e536d.png,73,73,BER,ALBA Berlin,ALBA,,BER,False,https://media-cdn.incrowdsports.com/ccc34858-22b0-47dc-904c-9940b0a16ff3.png,53,53
2024,RS,219,25,Round 25,Round 25,True,2025-02-04T20:00:00,True,True,1,2025-02-04T20:00:00,2025-02-04T19:00:00Z,"['L', 'W', 'L', 'W', 'W']","['L', 'W', 'W', 'L', 'L']",EuroLeague 2024-25,E2024,2024-25,E,2024,2024-06-29T00:00:00,653ea5d2-0ed0-4edf-9445-176b766c6b7a,1,Group Regular Season,Regular Season,RS,REGULAR SEASON,Regular Season,True,RED,Crvena Zvezda Meridianbet Belgrade,Crvena Zvezda,,CZV,False,https://media-cdn.incrowdsports.com/d2eef4a8-62df-4fdd-9076-276004268515.png,73,73,ASV,LDLC ASVEL Villeurbanne,ASVEL,,ASV,False,https://media-cdn.incrowdsports.com/e33c6d1a-95ca-4dbc-b8cb-0201812104cc.png,66,66
2024,RS,220,25,Round 25,Round 25,True,2025-02-04T20:15:00,True,True,2,2025-02-04T21:15:00,2025-02-04T19:15:00Z,"['L', 'L', 'W', 'L', 'W']","['W', 'W', 'W', 'L', 'W']",EuroLeague 2024-25,E2024,2024-25,E,2024,2024-06-29T00:00:00,653ea5d2-0ed0-4edf-9445-176b766c6b7a,1,Group Regular Season,Regular Season,RS,REGULAR SEASON,Regular Season,True,PAN,Panathinaikos AKTOR Athens,Panathinaikos,,PAO,False,https://media-cdn.incrowdsports.com/e3dff28a-9ec6-4faf-9d96-ecbc68f75780.png,91,91,ULK,Fenerbahce Beko Istanbul,Fenerbahce,,FBB,False,https://media-cdn.cortextech.io/3b7f020e-5b39-49a1-b4b2-efea918edab7.png,90,90
2024,RS,221,25,Round 25,Round 25,True,2025-02-04T20:45:00,True,True,1,2025-02-04T20:45:00,2025-02-04T19:45:00Z,"['W', 'L', 'W', 'W', 'W']","['W', 'L', 'L', 'W', 'L']",EuroLeague 2024-25,E2024,2024-25,E,2024,2024-06-29T00:00:00,653ea5d2-0ed0-4edf-9445-176b766c6b7a,1,Group Regular Season,Regular Season,RS,REGULAR SEASON,Regular Season,True,MUN,FC Bayern Munich,Bayern,,BAY,False,https://media-cdn.incrowdsports.com/817b0e58-d595-4b09-ab0b-1e7cc26249ff.png,87,87,MIL,EA7 Emporio Armani Milan,Milan,,EA7,False,https://media-cdn.cortextech.io/9512ee73-a0f1-4647-a01e-3c2938aba6b8.png,70,70
2024,RS,222,25,Round 25,Round 25,True,2025-02-05T19:00:00,True,True,1,2025-02-05T19:00:00,2025-02-05T18:00:00Z,"['L', 'L', 'W', 'W', 'W']","['L', 'W', 'L', 'W', 'L']",EuroLeague 2024-25,E2024,2024-25,E,2024,2024-06-29T00:00:00,653ea5d2-0ed0-4edf-9445-176b766c6b7a,1,Group Regular Season,Regular Season,RS,REGULAR SEASON,Regular Season,True,MCO,AS Monaco,Monaco,,ASM,False,https://media-cdn.incrowdsports.com/89ed276a-2ba3-413f-8ea2-b3be209ca129.png,92,92,BAS,Baskonia Vitoria-Gasteiz,Baskonia,,BKN,False,https://media-cdn.incrowdsports.com/e324a6af-2a72-443e-9813-8bf2d364ddab.png,85,85
2024,RS,223,25,Round 25,Round 25,True,2025-02-05T20:30:00,True,True,1,2025-02-05T20:30:00,2025-02-05T19:30:00Z,"['W', 'W', 'L', 'L', 'W']","['L', 'L', 'W', 'L', 'L']",EuroLeague 2024-25,E2024,2024-25,E,2024,2024-06-29T00:00:00,653ea5d2-0ed0-4edf-9445-176b766c6b7a,1,Group Regular Season,Regular Season,RS,REGULAR SEASON,Regular Season,True,BAR,FC Barcelona,Barcelona,,BAR,False,https://media-cdn.incrowdsports.com/35dfa503-e417-481f-963a-bdf6f013763e.png,100,100,TEL,Maccabi Playtika Tel Aviv,Maccabi,,MTA,False,https://media-cdn.incrowdsports.com/5c55ef14-29df-4328-bd52-a7a64c432350.png,71,71
2024,RS,224,25,Round 25,Round 25,True,2025-02-05T20:30:00,True,True,1,2025-02-05T20:30:00,2025-02-05T19:30:00Z,"['W', 'L', 'W', 'L', 'L']","['W', 'W', 'L', 'W', 'W']",EuroLeague 2024-25,E2024,2024-25,E,2024,2024-06-29T00:00:00,653ea5d2-0ed0-4edf-9445-176b766c6b7a,1,Group Regular Season,Regular Season,RS,REGULAR SEASON,Regular Season,True,PRS,Paris Basketball,Paris,Paris,PBB,False,https://media-cdn.incrowdsports.com/a033e5b3-0de7-48a3-98d9-d9a4b9df1f39.png,73,73,OLY,Olympiacos Piraeus,Olympiacos,,OLY,False,https://media-cdn.incrowdsports.com/789423ac-3cdf-4b89-b11c-b458aa5f59a6.png,90,90
2024,RS,225,25,Round 25,Round 25,True,2025-02-05T20:30:00,True,True,1,2025-02-05T20:30:00,2025-02-05T19:30:00Z,"['L', 'W', 'L', 'L', 'L']","['W', 'W', 'W', 'L', 'W']",EuroLeague 2024-25,E2024,2024-25,E,2024,2024-06-29T00:00:00,653ea5d2-0ed0-4edf-9445-176b766c6b7a,1,Group Regular Season,Regular Season,RS,REGULAR SEASON,Regular Season,True,VIR,Virtus Segafredo Bologna,Virtus,,VIR,False,https://media-cdn.cortextech.io/1362801d-dd09-4fd0-932d-ead56063ab77.png,71,71,PAR,Partizan Mozzart Bet Belgrade,Partizan,,PAR,False,https://media-cdn.incrowdsports.com/2681304e-77dd-4331-88b1-683078c0fb49.png,81,81
2024,RS,226,26,Round 26,Round 26,True,2025-02-06T18:30:00,True,True,3,2025-02-06T20:30:00,2025-02-06T17:30:00Z,"['W', 'W', 'L', 'W', 'W']","['L', 'W', 'L', 'L', 'L']",EuroLeague 2024-25,E2024,2024-25,E,2024,2024-06-29T00:00:00,653ea5d2-0ed0-4edf-9445-176b766c6b7a,1,Group Regular Season,Regular Season,RS,REGULAR SEASON,Regular Season,True,ULK,Fenerbahce Beko Istanbul,Fenerbahce,,FBB,False,https://media-cdn.cortextech.io/3b7f020e-5b39-49a1-b4b2-efea918edab7.png,78,78,MAD,Real Madrid,Real,,RMB,False,https://media-cdn.incrowdsports.com/1a3e1404-4f6f-4ede-9d8b-30eee7cb51b4.png,67,67
2024,RS,227,26,Round 26,Round 26,True,2025-02-06T19:00:00,True,True,1,2025-02-06T19:00:00,2025-02-06T18:00:00Z,"['L', 'L', 'W', 'L', 'L']","['W', 'L', 'W', 'W', 'W']",EuroLeague 2024-25,E2024,2024-25,E,2024,2024-06-29T00:00:00,653ea5d2-0ed0-4edf-9445-176b766c6b7a,1,Group Regular Season,Regular Season,RS,REGULAR SEASON,Regular Season,True,BER,ALBA Berlin,ALBA,,BER,False,https://media-cdn.incrowdsports.com/ccc34858-22b0-47dc-904c-9940b0a16ff3.png,71,71,RED,Crvena Zvezda Meridianbet Belgrade,Crvena Zvezda,,CZV,False,https://media-cdn.incrowdsports.com/d2eef4a8-62df-4fdd-9076-276004268515.png,77,77
2024,RS,228,26,Round 26,Round 26,True,2025-02-06T19:00:00,True,True,2,2025-02-06T20:00:00,2025-02-06T18:00:00Z,"['L', 'L', 'L', 'W', 'L']","['L', 'L', 'W', 'L', 'W']",EuroLeague 2024-25,E2024,2024-25,E,2024,2024-06-29T00:00:00,653ea5d2-0ed0-4edf-9445-176b766c6b7a,1,Group Regular Season,Regular Season,RS,REGULAR SEASON,Regular Season,True,ZAL,Zalgiris Kaunas,Zalgiris,,ZAL,False,https://media-cdn.incrowdsports.com/0aa09358-3847-4c4e-b228-3582ee4e536d.png,87,87,MIL,EA7 Emporio Armani Milan,Milan,,EA7,False,https://media-cdn.cortextech.io/9512ee73-a0f1-4647-a01e-3c2938aba6b8.png,89,89
2024,RS,229,26,Round 26,Round 26,True,2025-02-06T20:15:00,True,True,2,2025-02-06T21:15:00,2025-02-06T19:15:00Z,"['L', 'W', 'L', 'W', 'W']","['L', 'W', 'L', 'W', 'L']",EuroLeague 2024-25,E2024,2024-25,E,2024,2024-06-29T00:00:00,653ea5d2-0ed0-4edf-9445-176b766c6b7a,1,Group Regular Season,Regular Season,RS,REGULAR SEASON,Regular Season,True,PAN,Panathinaikos AKTOR Athens,Panathinaikos,,PAO,False,https://media-cdn.incrowdsports.com/e3dff28a-9ec6-4faf-9d96-ecbc68f75780.png,104,104,IST,Anadolu Efes Istanbul,Anadolu Efes,Efes,EFS,False,https://media-cdn.cortextech.io/9a463aa2-ceb2-481c-9a95-1cddee0a248e.png,89,89
2024,RS,230,26,Round 26,Round 26,True,2025-02-06T20:30:00,True,True,1,2025-02-06T20:30:00,2025-02-06T19:30:00Z,"['L', 'W', 'W', 'W', 'W']","['W', 'W', 'L', 'L', 'L']",EuroLeague 2024-25,E2024,2024-25,E,2024,2024-06-29T00:00:00,653ea5d2-0ed0-4edf-9445-176b766c6b7a,1,Group Regular Season,Regular Season,RS,REGULAR SEASON,Regular Season,True,MUN,FC Bayern Munich,Bayern,,BAY,False,https://media-cdn.incrowdsports.com/817b0e58-d595-4b09-ab0b-1e7cc26249ff.png,76,76,ASV,LDLC ASVEL Villeurbanne,ASVEL,,ASV,False,https://media-cdn.incrowdsports.com/e33c6d1a-95ca-4dbc-b8cb-0201812104cc.png,67,67
2024,RS,231,26,Round 26,Round 26,True,2025-02-07T19:00:00,True,True,1,2025-02-07T19:00:00,2025-02-07T18:00:00Z,"['L', 'W', 'W', 'W', 'L']","['W', 'W', 'L', 'W', 'W']",EuroLeague 2024-25,E2024,2024-25,E,2024,2024-06-29T00:00:00,653ea5d2-0ed0-4edf-9445-176b766c6b7a,1,Group Regular Season,Regular Season,RS,REGULAR SEASON,Regular Season,True,MCO,AS Monaco,Monaco,,ASM,False,https://media-cdn.incrowdsports.com/89ed276a-2ba3-413f-8ea2-b3be209ca129.png,69,69,PAR,Partizan Mozzart Bet Belgrade,Partizan,,PAR,False,https://media-cdn.incrowdsports.com/2681304e-77dd-4331-88b1-683078c0fb49.png,86,86
2024,RS,232,26,Round 26,Round 26,True,2025-02-07T20:30:00,True,True,1,2025-02-07T20:30:00,2025-02-07T19:30:00Z,"['W', 'L', 'W', 'L', 'W']","['L', 'W', 'L', 'L', 'L']",EuroLeague 2024-25,E2024,2024-25,E,2024,2024-06-29T00:00:00,653ea5d2-0ed0-4edf-9445-176b766c6b7a,1,Group Regular Season,Regular Season,RS,REGULAR SEASON,Regular Season,True,BAS,Baskonia Vitoria-Gasteiz,Baskonia,,BKN,False,https://media-cdn.incrowdsports.com/e324a6af-2a72-443e-9813-8bf2d364ddab.png,89,89,TEL,Maccabi Playtika Tel Aviv,Maccabi,,MTA,False,https://media-cdn.incrowdsports.com/5c55ef14-29df-4328-bd52-a7a64c432350.png,82,82
2024,RS,233,26,Round 26,Round 26,True,2025-02-07T20:30:00,True,True,1,2025-02-07T20:30:00,2025-02-07T19:30:00Z,"['W', 'L', 'L', 'W', 'L']","['W', 'L', 'W', 'W', 'W']",EuroLeague 2024-25,E2024,2024-25,E,2024,2024-06-29T00:00:00,653ea5d2-0ed0-4edf-9445-176b766c6b7a,1,Group Regular Season,Regular Season,RS,REGULAR SEASON,Regular Season,True,BAR,FC Barcelona,Barcelona,,BAR,False,https://media-cdn.incrowdsports.com/35dfa503-e417-481f-963a-bdf6f013763e.png,88,88,OLY,Olympiacos Piraeus,Olympiacos,,OLY,False,https://media-cdn.incrowdsports.com/789423ac-3cdf-4b89-b11c-b458aa5f59a6.png,90,90
2024,RS,234,26,Round 26,Round 26,True,2025-02-07T20:30:00,True,True,1,2025-02-07T20:30:00,2025-02-07T19:30:00Z,"['W', 'L', 'L', 'L', 'L']","['L', 'W', 'L', 'W', 'L']",EuroLeague 2024-25,E2024,2024-25,E,2024,2024-06-29T00:00:00,653ea5d2-0ed0-4edf-9445-176b766c6b7a,1,Group Regular Season,Regular Season,RS,REGULAR SEASON,Regular Season,True,VIR,Virtus Segafredo Bologna,Virtus,,VIR,False,https://media-cdn.cortextech.io/1362801d-dd09-4fd0-932d-ead56063ab77.png,77,77,PRS,Paris Basketball,Paris,Paris,PBB,False,https://media-cdn.incrowdsports.com/a033e5b3-0de7-48a3-98d9-d9a4b9df1f39.png,83,83
2024,RS,235,27,Round 27,Round 27,True,2025-02-27T20:00:00,True,True,1,2025-02-27T20:00:00,2025-02-27T19:00:00Z,"['L', 'W', 'W', 'W', 'L']","['L', 'L', 'W', 'L', 'W']",EuroLeague 2024-25,E2024,2024-25,E,2024,2024-06-29T00:00:00,653ea5d2-0ed0-4edf-9445-176b766c6b7a,1,Group Regular Season,Regular Season,RS,REGULAR SEASON,Regular Season,True,RED,Crvena Zvezda Meridianbet Belgrade,Crvena Zvezda,,CZV,False,https://media-cdn.incrowdsports.com/d2eef4a8-62df-4fdd-9076-276004268515.png,80,80,ZAL,Zalgiris Kaunas,Zalgiris,,ZAL,False,https://media-cdn.incrowdsports.com/0aa09358-3847-4c4e-b228-3582ee4e536d.png,86,86
2024,RS,236,27,Round 27,Round 27,True,2025-02-27T20:30:00,True,True,1,2025-02-27T20:30:00,2025-02-27T19:30:00Z,"['L', 'W', 'L', 'W', 'W']","['W', 'W', 'W', 'L', 'L']",EuroLeague 2024-25,E2024,2024-25,E,2024,2024-06-29T00:00:00,653ea5d2-0ed0-4edf-9445-176b766c6b7a,1,Group Regular Season,Regular Season,RS,REGULAR SEASON,Regular Season,True,MIL,EA7 Emporio Armani Milan,Milan,,EA7,False,https://media-cdn.cortextech.io/9512ee73-a0f1-4647-a01e-3c2938aba6b8.png,86,86,MCO,AS Monaco,Monaco,,ASM,False,https://media-cdn.incrowdsports.com/89ed276a-2ba3-413f-8ea2-b3be209ca129.png,80,80
2024,RS,237,27,Round 27,Round 27,True,2025-02-27T20:30:00,True,True,1,2025-02-27T20:30:00,2025-02-27T19:30:00Z,"['W', 'L', 'W', 'W', 'L']","['W', 'W', 'W', 'W', 'L']",EuroLeague 2024-25,E2024,2024-25,E,2024,2024-06-29T00:00:00,653ea5d2-0ed0-4edf-9445-176b766c6b7a,1,Group Regular Season,Regular Season,RS,REGULAR SEASON,Regular Season,True,PRS,Paris Basketball,Paris,Paris,PBB,False,https://media-cdn.incrowdsports.com/a033e5b3-0de7-48a3-98d9-d9a4b9df1f39.png,93,93,MUN,FC Bayern Munich,Bayern,,BAY,False,https://media-cdn.incrowdsports.com/817b0e58-d595-4b09-ab0b-1e7cc26249ff.png,88,88
2024,RS,238,27,Round 27,Round 27,True,2025-02-27T20:45:00,True,True,1,2025-02-27T20:45:00,2025-02-27T19:45:00Z,"['W', 'L', 'L', 'L', 'W']","['L', 'L', 'W', 'L', 'L']",EuroLeague 2024-25,E2024,2024-25,E,2024,2024-06-29T00:00:00,653ea5d2-0ed0-4edf-9445-176b766c6b7a,1,Group Regular Season,Regular Season,RS,REGULAR SEASON,Regular Season,True,MAD,Real Madrid,Real,,RMB,False,https://media-cdn.incrowdsports.com/1a3e1404-4f6f-4ede-9d8b-30eee7cb51b4.png,96,96,BAR,FC Barcelona,Barcelona,,BAR,False,https://media-cdn.incrowdsports.com/35dfa503-e417-481f-963a-bdf6f013763e.png,91,91
2024,RS,239,27,Round 27,Round 27,True,2025-02-27T21:00:00,True,True,1,2025-02-27T21:00:00,2025-02-27T20:00:00Z,"['W', 'L', 'L', 'L', 'W']","['W', 'L', 'W', 'L', 'W']",EuroLeague 2024-25,E2024,2024-25,E,2024,2024-06-29T00:00:00,653ea5d2-0ed0-4edf-9445-176b766c6b7a,1,Group Regular Season,Regular Season,RS,REGULAR SEASON,Regular Season,True,TEL,Maccabi Playtika Tel Aviv,Maccabi,,MTA,False,https://media-cdn.incrowdsports.com/5c55ef14-29df-4328-bd52-a7a64c432350.png,94,94,ULK,Fenerbahce Beko Istanbul,Fenerbahce,,FBB,False,https://media-cdn.cortextech.io/3b7f020e-5b39-49a1-b4b2-efea918edab7.png,76,76
2024,RS,240,27,Round 27,Round 27,True,2025-02-28T18:30:00,True,True,3,2025-02-28T20:30:00,2025-02-28T17:30:00Z,"['W', 'L', 'W', 'L', 'W']","['L', 'W', 'L', 'L', 'L']",EuroLeague 2024-25,E2024,2024-25,E,2024,2024-06-29T00:00:00,653ea5d2-0ed0-4edf-9445-176b766c6b7a,1,Group Regular Season,Regular Season,RS,REGULAR SEASON,Regular Season,True,IST,Anadolu Efes Istanbul,Anadolu Efes,Efes,EFS,False,https://media-cdn.cortextech.io/9a463aa2-ceb2-481c-9a95-1cddee0a248e.png,98,98,BER,ALBA Berlin,ALBA,,BER,False,https://media-cdn.incrowdsports.com/ccc34858-22b0-47dc-904c-9940b0a16ff3.png,73,73
2024,RS,241,27,Round 27,Round 27,True,2025-02-28T20:00:00,True,True,1,2025-02-28T20:00:00,2025-02-28T19:00:00Z,"['L', 'L', 'L', 'L', 'L']","['L', 'W', 'W', 'W', 'W']",EuroLeague 2024-25,E2024,2024-25,E,2024,2024-06-29T00:00:00,653ea5d2-0ed0-4edf-9445-176b766c6b7a,1,Group Regular Season,Regular Season,RS,REGULAR SEASON,Regular Season,True,VIR,Virtus Segafredo Bologna,Virtus,,VIR,False,https://media-cdn.cortextech.io/1362801d-dd09-4fd0-932d-ead56063ab77.png,70,70,OLY,Olympiacos Piraeus,Olympiacos,,OLY,False,https://media-cdn.incrowdsports.com/789423ac-3cdf-4b89-b11c-b458aa5f59a6.png,92,92
2024,RS,242,27,Round 27,Round 27,True,2025-02-28T20:30:00,True,True,1,2025-02-28T20:30:00,2025-02-28T19:30:00Z,"['W', 'L', 'W', 'W', 'W']","['L', 'W', 'L', 'W', 'L']",EuroLeague 2024-25,E2024,2024-25,E,2024,2024-06-29T00:00:00,653ea5d2-0ed0-4edf-9445-176b766c6b7a,1,Group Regular Season,Regular Season,RS,REGULAR SEASON,Regular Season,True,PAR,Partizan Mozzart Bet Belgrade,Partizan,,PAR,False,https://media-cdn.incrowdsports.com/2681304e-77dd-4331-88b1-683078c0fb49.png,86,86,BAS,Baskonia Vitoria-Gasteiz,Baskonia,,BKN,False,https://media-cdn.incrowdsports.com/e324a6af-2a72-443e-9813-8bf2d364ddab.png,73,73
2024,RS,243,27,Round 27,Round 27,True,2025-02-28T21:00:00,True,True,1,2025-02-28T21:00:00,2025-02-28T20:00:00Z,"['W', 'L', 'L', 'L', 'L']","['W', 'L', 'W', 'W', 'W']",EuroLeague 2024-25,E2024,2024-25,E,2024,2024-06-29T00:00:00,653ea5d2-0ed0-4edf-9445-176b766c6b7a,1,Group Regular Season,Regular Season,RS,REGULAR SEASON,Regular Season,True,ASV,LDLC ASVEL Villeurbanne,ASVEL,,ASV,False,https://media-cdn.incrowdsports.com/e33c6d1a-95ca-4dbc-b8cb-0201812104cc.png,93,93,PAN,Panathinaikos AKTOR Athens,Panathinaikos,,PAO,False,https://media-cdn.incrowdsports.com/e3dff28a-9ec6-4faf-9d96-ecbc68f75780.png,96,96
2024,RS,244,28,Round 28,Round 28,True,2025-03-05T20:30:00,True,True,1,2025-03-05T20:30:00,2025-03-05T19:30:00Z,"['L', 'W', 'W', 'L', 'L']","['W', 'W', 'L', 'L', 'W']",EuroLeague 2024-25,E2024,2024-25,E,2024,2024-06-29T00:00:00,653ea5d2-0ed0-4edf-9445-176b766c6b7a,1,Group Regular Season,Regular Season,RS,REGULAR SEASON,Regular Season,True,PRS,Paris Basketball,Paris,Paris,PBB,False,https://media-cdn.incrowdsports.com/a033e5b3-0de7-48a3-98d9-d9a4b9df1f39.png,79,79,MCO,AS Monaco,Monaco,,ASM,False,https://media-cdn.incrowdsports.com/89ed276a-2ba3-413f-8ea2-b3be209ca129.png,91,91
2024,RS,245,28,Round 28,Round 28,True,2025-03-06T20:45:00,True,True,2,2025-03-06T21:45:00,2025-03-06T19:45:00Z,"['L', 'W', 'W', 'W', 'W']","['L', 'L', 'L', 'W', 'L']",EuroLeague 2024-25,E2024,2024-25,E,2024,2024-06-29T00:00:00,653ea5d2-0ed0-4edf-9445-176b766c6b7a,1,Group Regular Season,Regular Season,RS,REGULAR SEASON,Regular Season,True,PAN,Panathinaikos AKTOR Athens,Panathinaikos,,PAO,False,https://media-cdn.incrowdsports.com/e3dff28a-9ec6-4faf-9d96-ecbc68f75780.png,85,85,MAD,Real Madrid,Real,,RMB,False,https://media-cdn.incrowdsports.com/1a3e1404-4f6f-4ede-9d8b-30eee7cb51b4.png,70,70
2024,RS,246,28,Round 28,Round 28,True,2025-03-06T20:30:00,True,True,1,2025-03-06T20:30:00,2025-03-06T19:30:00Z,"['W', 'L', 'W', 'L', 'W']","['L', 'W', 'L', 'W', 'L']",EuroLeague 2024-25,E2024,2024-25,E,2024,2024-06-29T00:00:00,653ea5d2-0ed0-4edf-9445-176b766c6b7a,1,Group Regular Season,Regular Season,RS,REGULAR SEASON,Regular Season,True,BAS,Baskonia Vitoria-Gasteiz,Baskonia,,BKN,False,https://media-cdn.incrowdsports.com/e324a6af-2a72-443e-9813-8bf2d364ddab.png,66,66,ZAL,Zalgiris Kaunas,Zalgiris,,ZAL,False,https://media-cdn.incrowdsports.com/0aa09358-3847-4c4e-b228-3582ee4e536d.png,65,65
2024,RS,247,28,Round 28,Round 28,True,2025-03-06T20:30:00,True,True,1,2025-03-06T20:30:00,2025-03-06T19:30:00Z,"['W', 'L', 'W', 'W', 'L']","['L', 'W', 'L', 'W', 'W']",EuroLeague 2024-25,E2024,2024-25,E,2024,2024-06-29T00:00:00,653ea5d2-0ed0-4edf-9445-176b766c6b7a,1,Group Regular Season,Regular Season,RS,REGULAR SEASON,Regular Season,True,MIL,EA7 Emporio Armani Milan,Milan,,EA7,False,https://media-cdn.cortextech.io/9512ee73-a0f1-4647-a01e-3c2938aba6b8.png,76,76,ULK,Fenerbahce Beko Istanbul,Fenerbahce,,FBB,False,https://media-cdn.cortextech.io/3b7f020e-5b39-49a1-b4b2-efea918edab7.png,100,100
2024,RS,248,28,Round 28,Round 28,True,2025-03-06T20:30:00,True,True,1,2025-03-06T20:30:00,2025-03-06T19:30:00Z,"['W', 'W', 'W', 'L', 'W']","['W', 'W', 'W', 'L', 'L']",EuroLeague 2024-25,E2024,2024-25,E,2024,2024-06-29T00:00:00,653ea5d2-0ed0-4edf-9445-176b766c6b7a,1,Group Regular Season,Regular Season,RS,REGULAR SEASON,Regular Season,True,MUN,FC Bayern Munich,Bayern,,BAY,False,https://media-cdn.incrowdsports.com/817b0e58-d595-4b09-ab0b-1e7cc26249ff.png,100,100,RED,Crvena Zvezda Meridianbet Belgrade,Crvena Zvezda,,CZV,False,https://media-cdn.incrowdsports.com/d2eef4a8-62df-4fdd-9076-276004268515.png,82,82
2024,RS,249,28,Round 28,Round 28,True,2025-03-07T18:30:00,True,True,3,2025-03-07T20:30:00,2025-03-07T17:30:00Z,"['L', 'W', 'L', 'W', 'W']","['L', 'L', 'L', 'L', 'L']",EuroLeague 2024-25,E2024,2024-25,E,2024,2024-06-29T00:00:00,653ea5d2-0ed0-4edf-9445-176b766c6b7a,1,Group Regular Season,Regular Season,RS,REGULAR SEASON,Regular Season,True,IST,Anadolu Efes Istanbul,Anadolu Efes,Efes,EFS,False,https://media-cdn.cortextech.io/9a463aa2-ceb2-481c-9a95-1cddee0a248e.png,89,89,VIR,Virtus Segafredo Bologna,Virtus,,VIR,False,https://media-cdn.cortextech.io/1362801d-dd09-4fd0-932d-ead56063ab77.png,68,68
2024,RS,250,28,Round 28,Round 28,True,2025-03-07T20:00:00,True,True,1,2025-03-07T20:00:00,2025-03-07T19:00:00Z,"['L', 'L', 'L', 'L', 'L']","['L', 'L', 'L', 'W', 'W']",EuroLeague 2024-25,E2024,2024-25,E,2024,2024-06-29T00:00:00,653ea5d2-0ed0-4edf-9445-176b766c6b7a,1,Group Regular Season,Regular Season,RS,REGULAR SEASON,Regular Season,True,ASV,LDLC ASVEL Villeurbanne,ASVEL,,ASV,False,https://media-cdn.incrowdsports.com/e33c6d1a-95ca-4dbc-b8cb-0201812104cc.png,95,95,TEL,Maccabi Playtika Tel Aviv,Maccabi,,MTA,False,https://media-cdn.incrowdsports.com/5c55ef14-29df-4328-bd52-a7a64c432350.png,102,102
2024,RS,251,28,Round 28,Round 28,True,2025-03-07T20:15:00,True,True,2,2025-03-07T21:15:00,2025-03-07T19:15:00Z,"['W', 'W', 'W', 'W', 'W']","['L', 'W', 'W', 'W', 'L']",EuroLeague 2024-25,E2024,2024-25,E,2024,2024-06-29T00:00:00,653ea5d2-0ed0-4edf-9445-176b766c6b7a,1,Group Regular Season,Regular Season,RS,REGULAR SEASON,Regular Season,True,OLY,Olympiacos Piraeus,Olympiacos,,OLY,False,https://media-cdn.incrowdsports.com/789423ac-3cdf-4b89-b11c-b458aa5f59a6.png,82,82,PAR,Partizan Mozzart Bet Belgrade,Partizan,,PAR,False,https://media-cdn.incrowdsports.com/2681304e-77dd-4331-88b1-683078c0fb49.png,70,70
2024,RS,252,28,Round 28,Round 28,True,2025-03-07T20:30:00,True,True,1,2025-03-07T20:30:00,2025-03-07T19:30:00Z,"['W', 'L', 'L', 'L', 'L']","['L', 'W', 'L', 'L', 'W']",EuroLeague 2024-25,E2024,2024-25,E,2024,2024-06-29T00:00:00,653ea5d2-0ed0-4edf-9445-176b766c6b7a,1,Group Regular Season,Regular Season,RS,REGULAR SEASON,Regular Season,True,BER,ALBA Berlin,ALBA,,BER,False,https://media-cdn.incrowdsports.com/ccc34858-22b0-47dc-904c-9940b0a16ff3.png,85,85,BAR,FC Barcelona,Barcelona,,BAR,False,https://media-cdn.incrowdsports.com/35dfa503-e417-481f-963a-bdf6f013763e.png,99,99
2024,RS,253,29,Round 29,Round 29,True,2025-03-13T18:45:00,True,True,3,2025-03-13T20:45:00,2025-03-13T17:45:00Z,"['W', 'L', 'W', 'W', 'W']","['L', 'L', 'L', 'L', 'L']",EuroLeague 2024-25,E2024,2024-25,E,2024,2024-06-29T00:00:00,653ea5d2-0ed0-4edf-9445-176b766c6b7a,1,Group Regular Season,Regular Season,RS,REGULAR SEASON,Regular Season,True,ULK,Fenerbahce Beko Istanbul,Fenerbahce,,FBB,False,https://media-cdn.cortextech.io/3b7f020e-5b39-49a1-b4b2-efea918edab7.png,92,92,ASV,LDLC ASVEL Villeurbanne,ASVEL,,ASV,False,https://media-cdn.incrowdsports.com/e33c6d1a-95ca-4dbc-b8cb-0201812104cc.png,82,82
2024,RS,254,29,Round 29,Round 29,True,2025-03-13T19:00:00,True,True,2,2025-03-13T20:00:00,2025-03-13T18:00:00Z,"['W', 'L', 'W', 'L', 'W']","['W', 'W', 'L', 'L', 'L']",EuroLeague 2024-25,E2024,2024-25,E,2024,2024-06-29T00:00:00,653ea5d2-0ed0-4edf-9445-176b766c6b7a,1,Group Regular Season,Regular Season,RS,REGULAR SEASON,Regular Season,True,ZAL,Zalgiris Kaunas,Zalgiris,,ZAL,False,https://media-cdn.incrowdsports.com/0aa09358-3847-4c4e-b228-3582ee4e536d.png,83,83,PRS,Paris Basketball,Paris,Paris,PBB,False,https://media-cdn.incrowdsports.com/a033e5b3-0de7-48a3-98d9-d9a4b9df1f39.png,81,81
2024,RS,255,29,Round 29,Round 29,True,2025-03-13T20:00:00,True,True,1,2025-03-13T20:00:00,2025-03-13T19:00:00Z,"['L', 'L', 'L', 'L', 'W']","['L', 'W', 'L', 'W', 'L']",EuroLeague 2024-25,E2024,2024-25,E,2024,2024-06-29T00:00:00,653ea5d2-0ed0-4edf-9445-176b766c6b7a,1,Group Regular Season,Regular Season,RS,REGULAR SEASON,Regular Season,True,BER,ALBA Berlin,ALBA,,BER,False,https://media-cdn.incrowdsports.com/ccc34858-22b0-47dc-904c-9940b0a16ff3.png,97,97,BAS,Baskonia Vitoria-Gasteiz,Baskonia,,BKN,False,https://media-cdn.incrowdsports.com/e324a6af-2a72-443e-9813-8bf2d364ddab.png,90,90
2024,RS,256,29,Round 29,Round 29,True,2025-03-13T20:45:00,True,True,1,2025-03-13T20:45:00,2025-03-13T19:45:00Z,"['L', 'L', 'L', 'L', 'L']","['L', 'L', 'W', 'L', 'W']",EuroLeague 2024-25,E2024,2024-25,E,2024,2024-06-29T00:00:00,653ea5d2-0ed0-4edf-9445-176b766c6b7a,1,Group Regular Season,Regular Season,RS,REGULAR SEASON,Regular Season,True,VIR,Virtus Segafredo Bologna,Virtus,,VIR,False,https://media-cdn.cortextech.io/1362801d-dd09-4fd0-932d-ead56063ab77.png,67,67,MAD,Real Madrid,Real,,RMB,False,https://media-cdn.incrowdsports.com/1a3e1404-4f6f-4ede-9d8b-30eee7cb51b4.png,80,80
2024,RS,257,29,Round 29,Round 29,True,2025-03-13T20:05:00,True,True,1,2025-03-13T20:05:00,2025-03-13T19:05:00Z,"['L', 'L', 'W', 'W', 'W']","['W', 'L', 'L', 'W', 'L']",EuroLeague 2024-25,E2024,2024-25,E,2024,2024-06-29T00:00:00,653ea5d2-0ed0-4edf-9445-176b766c6b7a,1,Group Regular Season,Regular Season,RS,REGULAR SEASON,Regular Season,True,TEL,Maccabi Playtika Tel Aviv,Maccabi,,MTA,False,https://media-cdn.incrowdsports.com/5c55ef14-29df-4328-bd52-a7a64c432350.png,91,91,MCO,AS Monaco,Monaco,,ASM,False,https://media-cdn.incrowdsports.com/89ed276a-2ba3-413f-8ea2-b3be209ca129.png,88,88
2024,RS,258,29,Round 29,Round 29,True,2025-03-13T19:00:00,True,True,1,2025-03-13T19:00:00,2025-03-13T18:00:00Z,"['W', 'W', 'L', 'L', 'L']","['L', 'W', 'W', 'L', 'W']",EuroLeague 2024-25,E2024,2024-25,E,2024,2024-06-29T00:00:00,653ea5d2-0ed0-4edf-9445-176b766c6b7a,1,Group Regular Season,Regular Season,RS,REGULAR SEASON,Regular Season,True,RED,Crvena Zvezda Meridianbet Belgrade,Crvena Zvezda,,CZV,False,https://media-cdn.incrowdsports.com/d2eef4a8-62df-4fdd-9076-276004268515.png,80,80,MIL,EA7 Emporio Armani Milan,Milan,,EA7,False,https://media-cdn.cortextech.io/9512ee73-a0f1-4647-a01e-3c2938aba6b8.png,82,82
2024,RS,259,29,Round 29,Round 29,True,2025-03-14T20:15:00,True,True,2,2025-03-14T21:15:00,2025-03-14T19:15:00Z,"['W', 'W', 'W', 'W', 'W']","['W', 'W', 'W', 'W', 'L']",EuroLeague 2024-25,E2024,2024-25,E,2024,2024-06-29T00:00:00,653ea5d2-0ed0-4edf-9445-176b766c6b7a,1,Group Regular Season,Regular Season,RS,REGULAR SEASON,Regular Season,True,OLY,Olympiacos Piraeus,Olympiacos,,OLY,False,https://media-cdn.incrowdsports.com/789423ac-3cdf-4b89-b11c-b458aa5f59a6.png,76,76,PAN,Panathinaikos AKTOR Athens,Panathinaikos,,PAO,False,https://media-cdn.incrowdsports.com/e3dff28a-9ec6-4faf-9d96-ecbc68f75780.png,74,74
2024,RS,260,29,Round 29,Round 29,True,2025-03-14T20:30:00,True,True,1,2025-03-14T20:30:00,2025-03-14T19:30:00Z,"['W', 'W', 'L', 'W', 'L']","['W', 'L', 'W', 'W', 'W']",EuroLeague 2024-25,E2024,2024-25,E,2024,2024-06-29T00:00:00,653ea5d2-0ed0-4edf-9445-176b766c6b7a,1,Group Regular Season,Regular Season,RS,REGULAR SEASON,Regular Season,True,MUN,FC Bayern Munich,Bayern,,BAY,False,https://media-cdn.incrowdsports.com/817b0e58-d595-4b09-ab0b-1e7cc26249ff.png,92,92,IST,Anadolu Efes Istanbul,Anadolu Efes,Efes,EFS,False,https://media-cdn.cortextech.io/9a463aa2-ceb2-481c-9a95-1cddee0a248e.png,97,97
2024,RS,261,29,Round 29,Round 29,True,2025-03-14T20:45:00,True,True,1,2025-03-14T20:45:00,2025-03-14T19:45:00Z,"['W', 'L', 'L', 'W', 'W']","['W', 'W', 'W', 'L', 'L']",EuroLeague 2024-25,E2024,2024-25,E,2024,2024-06-29T00:00:00,653ea5d2-0ed0-4edf-9445-176b766c6b7a,1,Group Regular Season,Regular Season,RS,REGULAR SEASON,Regular Season,True,BAR,FC Barcelona,Barcelona,,BAR,False,https://media-cdn.incrowdsports.com/35dfa503-e417-481f-963a-bdf6f013763e.png,87,87,PAR,Partizan Mozzart Bet Belgrade,Partizan,,PAR,False,https://media-cdn.incrowdsports.com/2681304e-77dd-4331-88b1-683078c0fb49.png,80,80
2024,RS,262,30,Round 30,Round 30,True,2025-03-18T20:30:00,True,True,1,2025-03-18T20:30:00,2025-03-18T19:30:00Z,"['W', 'L', 'L', 'L', 'W']","['W', 'W', 'L', 'W', 'L']",EuroLeague 2024-25,E2024,2024-25,E,2024,2024-06-29T00:00:00,653ea5d2-0ed0-4edf-9445-176b766c6b7a,1,Group Regular Season,Regular Season,RS,REGULAR SEASON,Regular Season,True,PRS,Paris Basketball,Paris,Paris,PBB,False,https://media-cdn.incrowdsports.com/a033e5b3-0de7-48a3-98d9-d9a4b9df1f39.png,92,92,MIL,EA7 Emporio Armani Milan,Milan,,EA7,False,https://media-cdn.cortextech.io/9512ee73-a0f1-4647-a01e-3c2938aba6b8.png,79,79
2024,RS,263,30,Round 30,Round 30,True,2025-03-20T19:00:00,True,True,1,2025-03-20T19:00:00,2025-03-20T18:00:00Z,"['L', 'L', 'W', 'L', 'W']","['L', 'W', 'W', 'W', 'L']",EuroLeague 2024-25,E2024,2024-25,E,2024,2024-06-29T00:00:00,653ea5d2-0ed0-4edf-9445-176b766c6b7a,1,Group Regular Season,Regular Season,RS,REGULAR SEASON,Regular Season,True,MCO,AS Monaco,Monaco,,ASM,False,https://media-cdn.incrowdsports.com/89ed276a-2ba3-413f-8ea2-b3be209ca129.png,91,91,ULK,Fenerbahce Beko Istanbul,Fenerbahce,,FBB,False,https://media-cdn.cortextech.io/3b7f020e-5b39-49a1-b4b2-efea918edab7.png,82,82
2024,RS,264,30,Round 30,Round 30,True,2025-03-20T19:00:00,True,True,2,2025-03-20T20:00:00,2025-03-20T18:00:00Z,"['W', 'W', 'W', 'W', 'L']","['W', 'L', 'L', 'L', 'W']",EuroLeague 2024-25,E2024,2024-25,E,2024,2024-06-29T00:00:00,653ea5d2-0ed0-4edf-9445-176b766c6b7a,1,Group Regular Season,Regular Season,RS,REGULAR SEASON,Regular Season,True,OLY,Olympiacos Piraeus,Olympiacos,,OLY,False,https://media-cdn.incrowdsports.com/789423ac-3cdf-4b89-b11c-b458aa5f59a6.png,73,73,RED,Crvena Zvezda Meridianbet Belgrade,Crvena Zvezda,,CZV,False,https://media-cdn.incrowdsports.com/d2eef4a8-62df-4fdd-9076-276004268515.png,81,81
2024,RS,265,30,Round 30,Round 30,True,2025-03-20T20:30:00,True,True,1,2025-03-20T20:30:00,2025-03-20T19:30:00Z,"['W', 'L', 'W', 'L', 'W']","['W', 'L', 'W', 'L', 'L']",EuroLeague 2024-25,E2024,2024-25,E,2024,2024-06-29T00:00:00,653ea5d2-0ed0-4edf-9445-176b766c6b7a,1,Group Regular Season,Regular Season,RS,REGULAR SEASON,Regular Season,True,BAS,Baskonia Vitoria-Gasteiz,Baskonia,,BKN,False,https://media-cdn.incrowdsports.com/e324a6af-2a72-443e-9813-8bf2d364ddab.png,112,112,MUN,FC Bayern Munich,Bayern,,BAY,False,https://media-cdn.incrowdsports.com/817b0e58-d595-4b09-ab0b-1e7cc26249ff.png,89,89
2024,RS,266,30,Round 30,Round 30,True,2025-03-20T20:45:00,True,True,1,2025-03-20T20:45:00,2025-03-20T19:45:00Z,"['L', 'W', 'L', 'W', 'W']","['L', 'L', 'L', 'L', 'L']",EuroLeague 2024-25,E2024,2024-25,E,2024,2024-06-29T00:00:00,653ea5d2-0ed0-4edf-9445-176b766c6b7a,1,Group Regular Season,Regular Season,RS,REGULAR SEASON,Regular Season,True,MAD,Real Madrid,Real,,RMB,False,https://media-cdn.incrowdsports.com/1a3e1404-4f6f-4ede-9d8b-30eee7cb51b4.png,81,81,ASV,LDLC ASVEL Villeurbanne,ASVEL,,ASV,False,https://media-cdn.incrowdsports.com/e33c6d1a-95ca-4dbc-b8cb-0201812104cc.png,70,70
2024,RS,267,30,Round 30,Round 30,True,2025-03-20T20:15:00,True,True,1,2025-03-20T20:15:00,2025-03-20T19:15:00Z,"['L', 'W', 'W', 'W', 'W']","['L', 'L', 'L', 'L', 'L']",EuroLeague 2024-25,E2024,2024-25,E,2024,2024-06-29T00:00:00,653ea5d2-0ed0-4edf-9445-176b766c6b7a,1,Group Regular Season,Regular Season,RS,REGULAR SEASON,Regular Season,True,TEL,Maccabi Playtika Tel Aviv,Maccabi,,MTA,False,https://media-cdn.incrowdsports.com/5c55ef14-29df-4328-bd52-a7a64c432350.png,77,77,VIR,Virtus Segafredo Bologna,Virtus,,VIR,False,https://media-cdn.cortextech.io/1362801d-dd09-4fd0-932d-ead56063ab77.png,67,67
2024,RS,268,30,Round 30,Round 30,True,2025-03-21T20:15:00,True,True,2,2025-03-21T21:15:00,2025-03-21T19:15:00Z,"['W', 'W', 'W', 'L', 'W']","['L', 'L', 'L', 'W', 'L']",EuroLeague 2024-25,E2024,2024-25,E,2024,2024-06-29T00:00:00,653ea5d2-0ed0-4edf-9445-176b766c6b7a,1,Group Regular Season,Regular Season,RS,REGULAR SEASON,Regular Season,True,PAN,Panathinaikos AKTOR Athens,Panathinaikos,,PAO,False,https://media-cdn.incrowdsports.com/e3dff28a-9ec6-4faf-9d96-ecbc68f75780.png,91,91,BER,ALBA Berlin,ALBA,,BER,False,https://media-cdn.incrowdsports.com/ccc34858-22b0-47dc-904c-9940b0a16ff3.png,81,81
2024,RS,269,30,Round 30,Round 30,True,2025-03-21T20:30:00,True,True,1,2025-03-21T20:30:00,2025-03-21T19:30:00Z,"['L', 'L', 'W', 'W', 'W']","['L', 'W', 'L', 'W', 'L']",EuroLeague 2024-25,E2024,2024-25,E,2024,2024-06-29T00:00:00,653ea5d2-0ed0-4edf-9445-176b766c6b7a,1,Group Regular Season,Regular Season,RS,REGULAR SEASON,Regular Season,True,BAR,FC Barcelona,Barcelona,,BAR,False,https://media-cdn.incrowdsports.com/35dfa503-e417-481f-963a-bdf6f013763e.png,82,82,ZAL,Zalgiris Kaunas,Zalgiris,,ZAL,False,https://media-cdn.incrowdsports.com/0aa09358-3847-4c4e-b228-3582ee4e536d.png,70,70
2024,RS,270,30,Round 30,Round 30,True,2025-03-21T20:45:00,True,True,1,2025-03-21T20:45:00,2025-03-21T19:45:00Z,"['W', 'W', 'L', 'L', 'L']","['L', 'W', 'W', 'W', 'W']",EuroLeague 2024-25,E2024,2024-25,E,2024,2024-06-29T00:00:00,653ea5d2-0ed0-4edf-9445-176b766c6b7a,1,Group Regular Season,Regular Season,RS,REGULAR SEASON,Regular Season,True,PAR,Partizan Mozzart Bet Belgrade,Partizan,,PAR,False,https://media-cdn.incrowdsports.com/2681304e-77dd-4331-88b1-683078c0fb49.png,65,65,IST,Anadolu Efes Istanbul,Anadolu Efes,Efes,EFS,False,https://media-cdn.cortextech.io/9a463aa2-ceb2-481c-9a95-1cddee0a248e.png,97,97
2024,RS,271,31,Round 31,Round 31,True,2025-03-25T18:45:00,True,True,3,2025-03-25T20:45:00,2025-03-25T17:45:00Z,"['W', 'W', 'W', 'L', 'W']","['L', 'L', 'L', 'W', 'L']",EuroLeague 2024-25,E2024,2024-25,E,2024,2024-06-29T00:00:00,653ea5d2-0ed0-4edf-9445-176b766c6b7a,1,Group Regular Season,Regular Season,RS,REGULAR SEASON,Regular Season,True,ULK,Fenerbahce Beko Istanbul,Fenerbahce,,FBB,False,https://media-cdn.cortextech.io/3b7f020e-5b39-49a1-b4b2-efea918edab7.png,101,101,PRS,Paris Basketball,Paris,Paris,PBB,False,https://media-cdn.incrowdsports.com/a033e5b3-0de7-48a3-98d9-d9a4b9df1f39.png,100,100
2024,RS,272,31,Round 31,Round 31,True,2025-03-25T19:00:00,True,True,1,2025-03-25T19:00:00,2025-03-25T18:00:00Z,"['L', 'W', 'L', 'W', 'W']","['W', 'L', 'W', 'L', 'L']",EuroLeague 2024-25,E2024,2024-25,E,2024,2024-06-29T00:00:00,653ea5d2-0ed0-4edf-9445-176b766c6b7a,1,Group Regular Season,Regular Season,RS,REGULAR SEASON,Regular Season,True,MCO,AS Monaco,Monaco,,ASM,False,https://media-cdn.incrowdsports.com/89ed276a-2ba3-413f-8ea2-b3be209ca129.png,96,80,ZAL,Zalgiris Kaunas,Zalgiris,,ZAL,False,https://media-cdn.incrowdsports.com/0aa09358-3847-4c4e-b228-3582ee4e536d.png,86,80
2024,RS,273,31,Round 31,Round 31,True,2025-03-25T20:30:00,True,True,1,2025-03-25T20:30:00,2025-03-25T19:30:00Z,"['L', 'W', 'W', 'W', 'L']","['L', 'W', 'L', 'L', 'W']",EuroLeague 2024-25,E2024,2024-25,E,2024,2024-06-29T00:00:00,653ea5d2-0ed0-4edf-9445-176b766c6b7a,1,Group Regular Season,Regular Season,RS,REGULAR SEASON,Regular Season,True,BAR,FC Barcelona,Barcelona,,BAR,False,https://media-cdn.incrowdsports.com/35dfa503-e417-481f-963a-bdf6f013763e.png,101,101,MUN,FC Bayern Munich,Bayern,,BAY,False,https://media-cdn.incrowdsports.com/817b0e58-d595-4b09-ab0b-1e7cc26249ff.png,102,102
2024,RS,274,31,Round 31,Round 31,True,2025-03-25T20:45:00,True,True,1,2025-03-25T20:45:00,2025-03-25T19:45:00Z,"['L', 'L', 'L', 'L', 'W']","['W', 'W', 'W', 'L', 'L']",EuroLeague 2024-25,E2024,2024-25,E,2024,2024-06-29T00:00:00,653ea5d2-0ed0-4edf-9445-176b766c6b7a,1,Group Regular Season,Regular Season,RS,REGULAR SEASON,Regular Season,True,ASV,LDLC ASVEL Villeurbanne,ASVEL,,ASV,False,https://media-cdn.incrowdsports.com/e33c6d1a-95ca-4dbc-b8cb-0201812104cc.png,81,81,OLY,Olympiacos Piraeus,Olympiacos,,OLY,False,https://media-cdn.incrowdsports.com/789423ac-3cdf-4b89-b11c-b458aa5f59a6.png,70,70
2024,RS,275,31,Round 31,Round 31,True,2025-03-25T20:45:00,True,True,1,2025-03-25T20:45:00,2025-03-25T19:45:00Z,"['W', 'L', 'L', 'L', 'W']","['L', 'L', 'W', 'L', 'L']",EuroLeague 2024-25,E2024,2024-25,E,2024,2024-06-29T00:00:00,653ea5d2-0ed0-4edf-9445-176b766c6b7a,1,Group Regular Season,Regular Season,RS,REGULAR SEASON,Regular Season,True,PAR,Partizan Mozzart Bet Belgrade,Partizan,,PAR,False,https://media-cdn.incrowdsports.com/2681304e-77dd-4331-88b1-683078c0fb49.png,85,85,BER,ALBA Berlin,ALBA,,BER,False,https://media-cdn.incrowdsports.com/ccc34858-22b0-47dc-904c-9940b0a16ff3.png,71,71
2024,RS,276,31,Round 31,Round 31,True,2025-03-25T20:45:00,True,True,1,2025-03-25T20:45:00,2025-03-25T19:45:00Z,"['W', 'L', 'W', 'W', 'W']","['W', 'L', 'W', 'L', 'L']",EuroLeague 2024-25,E2024,2024-25,E,2024,2024-06-29T00:00:00,653ea5d2-0ed0-4edf-9445-176b766c6b7a,1,Group Regular Season,Regular Season,RS,REGULAR SEASON,Regular Season,True,MAD,Real Madrid,Real,,RMB,False,https://media-cdn.incrowdsports.com/1a3e1404-4f6f-4ede-9d8b-30eee7cb51b4.png,96,96,MIL,EA7 Emporio Armani Milan,Milan,,EA7,False,https://media-cdn.cortextech.io/9512ee73-a0f1-4647-a01e-3c2938aba6b8.png,89,89
2024,RS,277,31,Round 31,Round 31,True,2025-03-26T18:30:00,True,True,3,2025-03-26T20:30:00,2025-03-26T17:30:00Z,"['W', 'W', 'W', 'W', 'W']","['L', 'W', 'L', 'W', 'L']",EuroLeague 2024-25,E2024,2024-25,E,2024,2024-06-29T00:00:00,653ea5d2-0ed0-4edf-9445-176b766c6b7a,1,Group Regular Season,Regular Season,RS,REGULAR SEASON,Regular Season,True,IST,Anadolu Efes Istanbul,Anadolu Efes,Efes,EFS,False,https://media-cdn.cortextech.io/9a463aa2-ceb2-481c-9a95-1cddee0a248e.png,92,92,BAS,Baskonia Vitoria-Gasteiz,Baskonia,,BKN,False,https://media-cdn.incrowdsports.com/e324a6af-2a72-443e-9813-8bf2d364ddab.png,76,76
2024,RS,278,31,Round 31,Round 31,True,2025-03-26T20:00:00,True,True,1,2025-03-26T20:00:00,2025-03-26T19:00:00Z,"['L', 'L', 'L', 'W', 'W']","['L', 'L', 'L', 'L', 'L']",EuroLeague 2024-25,E2024,2024-25,E,2024,2024-06-29T00:00:00,653ea5d2-0ed0-4edf-9445-176b766c6b7a,1,Group Regular Season,Regular Season,RS,REGULAR SEASON,Regular Season,True,RED,Crvena Zvezda Meridianbet Belgrade,Crvena Zvezda,,CZV,False,https://media-cdn.incrowdsports.com/d2eef4a8-62df-4fdd-9076-276004268515.png,88,88,VIR,Virtus Segafredo Bologna,Virtus,,VIR,False,https://media-cdn.cortextech.io/1362801d-dd09-4fd0-932d-ead56063ab77.png,52,52
2024,RS,279,31,Round 31,Round 31,True,2025-03-26T20:05:00,True,True,1,2025-03-26T20:05:00,2025-03-26T19:05:00Z,"['W', 'W', 'W', 'W', 'L']","['W', 'W', 'L', 'W', 'W']",EuroLeague 2024-25,E2024,2024-25,E,2024,2024-06-29T00:00:00,653ea5d2-0ed0-4edf-9445-176b766c6b7a,1,Group Regular Season,Regular Season,RS,REGULAR SEASON,Regular Season,True,TEL,Maccabi Playtika Tel Aviv,Maccabi,,MTA,False,https://media-cdn.incrowdsports.com/5c55ef14-29df-4328-bd52-a7a64c432350.png,92,92,PAN,Panathinaikos AKTOR Athens,Panathinaikos,,PAO,False,https://media-cdn.incrowdsports.com/e3dff28a-9ec6-4faf-9d96-ecbc68f75780.png,99,99
2024,RS,280,32,Round 32,Round 32,True,2025-03-27T20:00:00,True,True,1,2025-03-27T20:00:00,2025-03-27T19:00:00Z,"['L', 'L', 'L', 'W', 'W']","['L', 'W', 'L', 'L', 'L']",EuroLeague 2024-25,E2024,2024-25,E,2024,2024-06-29T00:00:00,653ea5d2-0ed0-4edf-9445-176b766c6b7a,1,Group Regular Season,Regular Season,RS,REGULAR SEASON,Regular Season,True,ASV,LDLC ASVEL Villeurbanne,ASVEL,,ASV,False,https://media-cdn.incrowdsports.com/e33c6d1a-95ca-4dbc-b8cb-0201812104cc.png,88,88,ZAL,Zalgiris Kaunas,Zalgiris,,ZAL,False,https://media-cdn.incrowdsports.com/0aa09358-3847-4c4e-b228-3582ee4e536d.png,79,79
2024,RS,281,32,Round 32,Round 32,True,2025-03-27T20:15:00,True,True,2,2025-03-27T21:15:00,2025-03-27T19:15:00Z,"['W', 'W', 'L', 'L', 'L']","['W', 'L', 'W', 'W', 'W']",EuroLeague 2024-25,E2024,2024-25,E,2024,2024-06-29T00:00:00,653ea5d2-0ed0-4edf-9445-176b766c6b7a,1,Group Regular Season,Regular Season,RS,REGULAR SEASON,Regular Season,True,OLY,Olympiacos Piraeus,Olympiacos,,OLY,False,https://media-cdn.incrowdsports.com/789423ac-3cdf-4b89-b11c-b458aa5f59a6.png,77,77,MCO,AS Monaco,Monaco,,ASM,False,https://media-cdn.incrowdsports.com/89ed276a-2ba3-413f-8ea2-b3be209ca129.png,80,80
2024,RS,282,32,Round 32,Round 32,True,2025-03-27T20:30:00,True,True,1,2025-03-27T20:30:00,2025-03-27T19:30:00Z,"['L', 'W', 'L', 'L', 'L']","['W', 'W', 'W', 'L', 'W']",EuroLeague 2024-25,E2024,2024-25,E,2024,2024-06-29T00:00:00,653ea5d2-0ed0-4edf-9445-176b766c6b7a,1,Group Regular Season,Regular Season,RS,REGULAR SEASON,Regular Season,True,MIL,EA7 Emporio Armani Milan,Milan,,EA7,False,https://media-cdn.cortextech.io/9512ee73-a0f1-4647-a01e-3c2938aba6b8.png,88,88,BAR,FC Barcelona,Barcelona,,BAR,False,https://media-cdn.incrowdsports.com/35dfa503-e417-481f-963a-bdf6f013763e.png,98,98
2024,RS,283,32,Round 32,Round 32,True,2025-03-27T20:30:00,True,True,1,2025-03-27T20:30:00,2025-03-27T19:30:00Z,"['W', 'L', 'L', 'W', 'W']","['L', 'L', 'L', 'W', 'L']",EuroLeague 2024-25,E2024,2024-25,E,2024,2024-06-29T00:00:00,653ea5d2-0ed0-4edf-9445-176b766c6b7a,1,Group Regular Season,Regular Season,RS,REGULAR SEASON,Regular Season,True,MUN,FC Bayern Munich,Bayern,,BAY,False,https://media-cdn.incrowdsports.com/817b0e58-d595-4b09-ab0b-1e7cc26249ff.png,89,89,PAR,Partizan Mozzart Bet Belgrade,Partizan,,PAR,False,https://media-cdn.incrowdsports.com/2681304e-77dd-4331-88b1-683078c0fb49.png,74,74
2024,RS,284,32,Round 32,Round 32,True,2025-03-28T18:30:00,True,True,2,2025-03-28T19:30:00,2025-03-28T17:30:00Z,"['W', 'W', 'W', 'W', 'W']","['W', 'W', 'W', 'L', 'L']",EuroLeague 2024-25,E2024,2024-25,E,2024,2024-06-29T00:00:00,653ea5d2-0ed0-4edf-9445-176b766c6b7a,1,Group Regular Season,Regular Season,RS,REGULAR SEASON,Regular Season,True,IST,Anadolu Efes Istanbul,Anadolu Efes,Efes,EFS,False,https://media-cdn.cortextech.io/9a463aa2-ceb2-481c-9a95-1cddee0a248e.png,90,90,TEL,Maccabi Playtika Tel Aviv,Maccabi,,MTA,False,https://media-cdn.incrowdsports.com/5c55ef14-29df-4328-bd52-a7a64c432350.png,88,88
2024,RS,285,32,Round 32,Round 32,True,2025-03-28T18:45:00,True,True,3,2025-03-28T20:45:00,2025-03-28T17:45:00Z,"['W', 'W', 'L', 'W', 'W']","['W', 'L', 'W', 'L', 'L']",EuroLeague 2024-25,E2024,2024-25,E,2024,2024-06-29T00:00:00,653ea5d2-0ed0-4edf-9445-176b766c6b7a,1,Group Regular Season,Regular Season,RS,REGULAR SEASON,Regular Season,True,ULK,Fenerbahce Beko Istanbul,Fenerbahce,,FBB,False,https://media-cdn.cortextech.io/3b7f020e-5b39-49a1-b4b2-efea918edab7.png,82,82,BAS,Baskonia Vitoria-Gasteiz,Baskonia,,BKN,False,https://media-cdn.incrowdsports.com/e324a6af-2a72-443e-9813-8bf2d364ddab.png,77,77
2024,RS,286,32,Round 32,Round 32,True,2025-03-28T20:00:00,True,True,1,2025-03-28T20:00:00,2025-03-28T19:00:00Z,"['L', 'W', 'L', 'L', 'L']","['L', 'L', 'L', 'L', 'W']",EuroLeague 2024-25,E2024,2024-25,E,2024,2024-06-29T00:00:00,653ea5d2-0ed0-4edf-9445-176b766c6b7a,1,Group Regular Season,Regular Season,RS,REGULAR SEASON,Regular Season,True,BER,ALBA Berlin,ALBA,,BER,False,https://media-cdn.incrowdsports.com/ccc34858-22b0-47dc-904c-9940b0a16ff3.png,64,64,VIR,Virtus Segafredo Bologna,Virtus,,VIR,False,https://media-cdn.cortextech.io/1362801d-dd09-4fd0-932d-ead56063ab77.png,108,108
2024,RS,287,32,Round 32,Round 32,True,2025-03-28T20:00:00,True,True,1,2025-03-28T20:00:00,2025-03-28T19:00:00Z,"['L', 'L', 'W', 'W', 'L']","['L', 'W', 'W', 'W', 'W']",EuroLeague 2024-25,E2024,2024-25,E,2024,2024-06-29T00:00:00,653ea5d2-0ed0-4edf-9445-176b766c6b7a,1,Group Regular Season,Regular Season,RS,REGULAR SEASON,Regular Season,True,RED,Crvena Zvezda Meridianbet Belgrade,Crvena Zvezda,,CZV,False,https://media-cdn.incrowdsports.com/d2eef4a8-62df-4fdd-9076-276004268515.png,72,72,MAD,Real Madrid,Real,,RMB,False,https://media-cdn.incrowdsports.com/1a3e1404-4f6f-4ede-9d8b-30eee7cb51b4.png,78,78
2024,RS,288,32,Round 32,Round 32,True,2025-03-28T20:15:00,True,True,2,2025-03-28T21:15:00,2025-03-28T19:15:00Z,"['W', 'L', 'W', 'W', 'L']","['L', 'L', 'W', 'L', 'W']",EuroLeague 2024-25,E2024,2024-25,E,2024,2024-06-29T00:00:00,653ea5d2-0ed0-4edf-9445-176b766c6b7a,1,Group Regular Season,Regular Season,RS,REGULAR SEASON,Regular Season,True,PAN,Panathinaikos AKTOR Athens,Panathinaikos,,PAO,False,https://media-cdn.incrowdsports.com/e3dff28a-9ec6-4faf-9d96-ecbc68f75780.png,98,98,PRS,Paris Basketball,Paris,Paris,PBB,False,https://media-cdn.incrowdsports.com/a033e5b3-0de7-48a3-98d9-d9a4b9df1f39.png,101,101
2024,RS,289,33,Round 33,Round 33,True,2025-04-03T19:00:00,True,True,2,2025-04-03T19:00:00,2025-04-03T17:00:00Z,"['L', 'W', 'W', 'W', 'L']","['L', 'W', 'W', 'L', 'W']",EuroLeague 2024-25,E2024,2024-25,E,2024,2024-06-29T00:00:00,653ea5d2-0ed0-4edf-9445-176b766c6b7a,1,Group Regular Season,Regular Season,RS,REGULAR SEASON,Regular Season,True,MCO,AS Monaco,Monaco,,ASM,False,https://media-cdn.incrowdsports.com/89ed276a-2ba3-413f-8ea2-b3be209ca129.png,76,76,PAN,Panathinaikos AKTOR Athens,Panathinaikos,,PAO,False,https://media-cdn.incrowdsports.com/e3dff28a-9ec6-4faf-9d96-ecbc68f75780.png,88,88
2024,RS,290,33,Round 33,Round 33,True,2025-04-02T19:45:00,True,True,3,2025-04-02T20:45:00,2025-04-02T17:45:00Z,"['W', 'L', 'W', 'W', 'L']","['W', 'W', 'L', 'W', 'W']",EuroLeague 2024-25,E2024,2024-25,E,2024,2024-06-29T00:00:00,653ea5d2-0ed0-4edf-9445-176b766c6b7a,1,Group Regular Season,Regular Season,RS,REGULAR SEASON,Regular Season,True,ULK,Fenerbahce Beko Istanbul,Fenerbahce,,FBB,False,https://media-cdn.cortextech.io/3b7f020e-5b39-49a1-b4b2-efea918edab7.png,75,75,BAR,FC Barcelona,Barcelona,,BAR,False,https://media-cdn.incrowdsports.com/35dfa503-e417-481f-963a-bdf6f013763e.png,83,83
2024,RS,291,33,Round 33,Round 33,True,2025-04-03T19:00:00,True,True,3,2025-04-03T20:00:00,2025-04-03T17:00:00Z,"['W', 'L', 'L', 'L', 'W']","['L', 'L', 'W', 'L', 'L']",EuroLeague 2024-25,E2024,2024-25,E,2024,2024-06-29T00:00:00,653ea5d2-0ed0-4edf-9445-176b766c6b7a,1,Group Regular Season,Regular Season,RS,REGULAR SEASON,Regular Season,True,ZAL,Zalgiris Kaunas,Zalgiris,,ZAL,False,https://media-cdn.incrowdsports.com/0aa09358-3847-4c4e-b228-3582ee4e536d.png,70,70,PAR,Partizan Mozzart Bet Belgrade,Partizan,,PAR,False,https://media-cdn.incrowdsports.com/2681304e-77dd-4331-88b1-683078c0fb49.png,66,66
2024,RS,292,33,Round 33,Round 33,True,2025-04-03T21:00:00,True,True,2,2025-04-03T21:00:00,2025-04-03T19:00:00Z,"['W', 'W', 'W', 'W', 'W']","['L', 'W', 'L', 'W', 'L']",EuroLeague 2024-25,E2024,2024-25,E,2024,2024-06-29T00:00:00,653ea5d2-0ed0-4edf-9445-176b766c6b7a,1,Group Regular Season,Regular Season,RS,REGULAR SEASON,Regular Season,True,MAD,Real Madrid,Real,,RMB,False,https://media-cdn.incrowdsports.com/1a3e1404-4f6f-4ede-9d8b-30eee7cb51b4.png,105,105,PRS,Paris Basketball,Paris,Paris,PBB,False,https://media-cdn.incrowdsports.com/a033e5b3-0de7-48a3-98d9-d9a4b9df1f39.png,104,104
2024,RS,293,33,Round 33,Round 33,True,2025-04-03T20:30:00,True,True,2,2025-04-03T20:30:00,2025-04-03T18:30:00Z,"['W', 'W', 'L', 'L', 'W']","['L', 'L', 'W', 'W', 'L']",EuroLeague 2024-25,E2024,2024-25,E,2024,2024-06-29T00:00:00,653ea5d2-0ed0-4edf-9445-176b766c6b7a,1,Group Regular Season,Regular Season,RS,REGULAR SEASON,Regular Season,True,TEL,Maccabi Playtika Tel Aviv,Maccabi,,MTA,False,https://media-cdn.incrowdsports.com/5c55ef14-29df-4328-bd52-a7a64c432350.png,93,93,MUN,FC Bayern Munich,Bayern,,BAY,False,https://media-cdn.incrowdsports.com/817b0e58-d595-4b09-ab0b-1e7cc26249ff.png,90,90
2024,RS,294,33,Round 33,Round 33,True,2025-04-04T20:00:00,True,True,2,2025-04-04T20:00:00,2025-04-04T18:00:00Z,"['W', 'L', 'L', 'L', 'L']","['W', 'L', 'L', 'L', 'W']",EuroLeague 2024-25,E2024,2024-25,E,2024,2024-06-29T00:00:00,653ea5d2-0ed0-4edf-9445-176b766c6b7a,1,Group Regular Season,Regular Season,RS,REGULAR SEASON,Regular Season,True,BER,ALBA Berlin,ALBA,,BER,False,https://media-cdn.incrowdsports.com/ccc34858-22b0-47dc-904c-9940b0a16ff3.png,92,92,OLY,Olympiacos Piraeus,Olympiacos,,OLY,False,https://media-cdn.incrowdsports.com/789423ac-3cdf-4b89-b11c-b458aa5f59a6.png,100,100
2024,RS,295,33,Round 33,Round 33,True,2025-04-04T20:00:00,True,True,2,2025-04-04T20:00:00,2025-04-04T18:00:00Z,"['L', 'W', 'W', 'L', 'L']","['W', 'W', 'W', 'W', 'W']",EuroLeague 2024-25,E2024,2024-25,E,2024,2024-06-29T00:00:00,653ea5d2-0ed0-4edf-9445-176b766c6b7a,1,Group Regular Season,Regular Season,RS,REGULAR SEASON,Regular Season,True,RED,Crvena Zvezda Meridianbet Belgrade,Crvena Zvezda,,CZV,False,https://media-cdn.incrowdsports.com/d2eef4a8-62df-4fdd-9076-276004268515.png,96,88,IST,Anadolu Efes Istanbul,Anadolu Efes,Efes,EFS,False,https://media-cdn.cortextech.io/9a463aa2-ceb2-481c-9a95-1cddee0a248e.png,97,88
2024,RS,296,33,Round 33,Round 33,True,2025-04-04T20:30:00,True,True,2,2025-04-04T20:30:00,2025-04-04T18:30:00Z,"['L', 'W', 'L', 'L', 'W']","['L', 'L', 'W', 'W', 'L']",EuroLeague 2024-25,E2024,2024-25,E,2024,2024-06-29T00:00:00,653ea5d2-0ed0-4edf-9445-176b766c6b7a,1,Group Regular Season,Regular Season,RS,REGULAR SEASON,Regular Season,True,BAS,Baskonia Vitoria-Gasteiz,Baskonia,,BKN,False,https://media-cdn.incrowdsports.com/e324a6af-2a72-443e-9813-8bf2d364ddab.png,111,111,ASV,LDLC ASVEL Villeurbanne,ASVEL,,ASV,False,https://media-cdn.incrowdsports.com/e33c6d1a-95ca-4dbc-b8cb-0201812104cc.png,75,75
2024,RS,297,33,Round 33,Round 33,True,2025-04-04T20:30:00,True,True,2,2025-04-04T20:30:00,2025-04-04T18:30:00Z,"['L', 'L', 'L', 'W', 'W']","['W', 'L', 'L', 'L', 'L']",EuroLeague 2024-25,E2024,2024-25,E,2024,2024-06-29T00:00:00,653ea5d2-0ed0-4edf-9445-176b766c6b7a,1,Group Regular Season,Regular Season,RS,REGULAR SEASON,Regular Season,True,VIR,Virtus Segafredo Bologna,Virtus,,VIR,False,https://media-cdn.cortextech.io/1362801d-dd09-4fd0-932d-ead56063ab77.png,90,90,MIL,EA7 Emporio Armani Milan,Milan,,EA7,False,https://media-cdn.cortextech.io/9512ee73-a0f1-4647-a01e-3c2938aba6b8.png,70,70
2024,RS,298,34,Round 34,Round 34,True,2025-04-10T20:00:00,True,True,2,2025-04-10T20:00:00,2025-04-10T18:00:00Z,"['L', 'W', 'W', 'L', 'L']","['L', 'W', 'W', 'L', 'W']",EuroLeague 2024-25,E2024,2024-25,E,2024,2024-06-29T00:00:00,653ea5d2-0ed0-4edf-9445-176b766c6b7a,1,Group Regular Season,Regular Season,RS,REGULAR SEASON,Regular Season,True,MUN,FC Bayern Munich,Bayern,,BAY,False,https://media-cdn.incrowdsports.com/817b0e58-d595-4b09-ab0b-1e7cc26249ff.png,77,77,ULK,Fenerbahce Beko Istanbul,Fenerbahce,,FBB,False,https://media-cdn.cortextech.io/3b7f020e-5b39-49a1-b4b2-efea918edab7.png,89,89
2024,RS,299,34,Round 34,Round 34,True,2025-04-10T20:15:00,True,True,3,2025-04-10T21:15:00,2025-04-10T18:15:00Z,"['L', 'L', 'L', 'W', 'W']","['W', 'L', 'L', 'W', 'L']",EuroLeague 2024-25,E2024,2024-25,E,2024,2024-06-29T00:00:00,653ea5d2-0ed0-4edf-9445-176b766c6b7a,1,Group Regular Season,Regular Season,RS,REGULAR SEASON,Regular Season,True,OLY,Olympiacos Piraeus,Olympiacos,,OLY,False,https://media-cdn.incrowdsports.com/789423ac-3cdf-4b89-b11c-b458aa5f59a6.png,99,99,TEL,Maccabi Playtika Tel Aviv,Maccabi,,MTA,False,https://media-cdn.incrowdsports.com/5c55ef14-29df-4328-bd52-a7a64c432350.png,93,93
2024,RS,300,34,Round 34,Round 34,True,2025-04-10T20:30:00,True,True,2,2025-04-10T20:30:00,2025-04-10T18:30:00Z,"['L', 'L', 'L', 'L', 'W']","['W', 'L', 'L', 'W', 'L']",EuroLeague 2024-25,E2024,2024-25,E,2024,2024-06-29T00:00:00,653ea5d2-0ed0-4edf-9445-176b766c6b7a,1,Group Regular Season,Regular Season,RS,REGULAR SEASON,Regular Season,True,MIL,EA7 Emporio Armani Milan,Milan,,EA7,False,https://media-cdn.cortextech.io/9512ee73-a0f1-4647-a01e-3c2938aba6b8.png,111,111,BAS,Baskonia Vitoria-Gasteiz,Baskonia,,BKN,False,https://media-cdn.incrowdsports.com/e324a6af-2a72-443e-9813-8bf2d364ddab.png,89,89
2024,RS,301,34,Round 34,Round 34,True,2025-04-10T20:30:00,True,True,2,2025-04-10T20:30:00,2025-04-10T18:30:00Z,"['L', 'W', 'L', 'L', 'L']","['W', 'W', 'W', 'W', 'W']",EuroLeague 2024-25,E2024,2024-25,E,2024,2024-06-29T00:00:00,653ea5d2-0ed0-4edf-9445-176b766c6b7a,1,Group Regular Season,Regular Season,RS,REGULAR SEASON,Regular Season,True,PAR,Partizan Mozzart Bet Belgrade,Partizan,,PAR,False,https://media-cdn.incrowdsports.com/2681304e-77dd-4331-88b1-683078c0fb49.png,89,89,MAD,Real Madrid,Real,,RMB,False,https://media-cdn.incrowdsports.com/1a3e1404-4f6f-4ede-9d8b-30eee7cb51b4.png,91,91
2024,RS,302,34,Round 34,Round 34,True,2025-04-10T20:45:00,True,True,2,2025-04-10T20:45:00,2025-04-10T18:45:00Z,"['W', 'L', 'W', 'L', 'W']","['L', 'L', 'L', 'L', 'L']",EuroLeague 2024-25,E2024,2024-25,E,2024,2024-06-29T00:00:00,653ea5d2-0ed0-4edf-9445-176b766c6b7a,1,Group Regular Season,Regular Season,RS,REGULAR SEASON,Regular Season,True,PRS,Paris Basketball,Paris,Paris,PBB,False,https://media-cdn.incrowdsports.com/a033e5b3-0de7-48a3-98d9-d9a4b9df1f39.png,72,72,BER,ALBA Berlin,ALBA,,BER,False,https://media-cdn.incrowdsports.com/ccc34858-22b0-47dc-904c-9940b0a16ff3.png,63,63
2024,RS,303,34,Round 34,Round 34,True,2025-04-11T19:30:00,True,True,3,2025-04-11T20:30:00,2025-04-11T17:30:00Z,"['W', 'W', 'W', 'W', 'W']","['L', 'L', 'L', 'W', 'L']",EuroLeague 2024-25,E2024,2024-25,E,2024,2024-06-29T00:00:00,653ea5d2-0ed0-4edf-9445-176b766c6b7a,1,Group Regular Season,Regular Season,RS,REGULAR SEASON,Regular Season,True,IST,Anadolu Efes Istanbul,Anadolu Efes,Efes,EFS,False,https://media-cdn.cortextech.io/9a463aa2-ceb2-481c-9a95-1cddee0a248e.png,87,87,ZAL,Zalgiris Kaunas,Zalgiris,,ZAL,False,https://media-cdn.incrowdsports.com/0aa09358-3847-4c4e-b228-3582ee4e536d.png,77,77
2024,RS,304,34,Round 34,Round 34,True,2025-04-10T20:00:00,True,True,2,2025-04-10T20:00:00,2025-04-10T18:00:00Z,"['L', 'W', 'W', 'L', 'L']","['W', 'W', 'W', 'L', 'W']",EuroLeague 2024-25,E2024,2024-25,E,2024,2024-06-29T00:00:00,653ea5d2-0ed0-4edf-9445-176b766c6b7a,1,Group Regular Season,Regular Season,RS,REGULAR SEASON,Regular Season,True,ASV,LDLC ASVEL Villeurbanne,ASVEL,,ASV,False,https://media-cdn.incrowdsports.com/e33c6d1a-95ca-4dbc-b8cb-0201812104cc.png,78,78,MCO,AS Monaco,Monaco,,ASM,False,https://media-cdn.incrowdsports.com/89ed276a-2ba3-413f-8ea2-b3be209ca129.png,83,83
2024,RS,305,34,Round 34,Round 34,True,2025-04-11T20:15:00,True,True,3,2025-04-11T21:15:00,2025-04-11T18:15:00Z,"['W', 'W', 'L', 'W', 'W']","['W', 'W', 'L', 'L', 'L']",EuroLeague 2024-25,E2024,2024-25,E,2024,2024-06-29T00:00:00,653ea5d2-0ed0-4edf-9445-176b766c6b7a,1,Group Regular Season,Regular Season,RS,REGULAR SEASON,Regular Season,True,PAN,Panathinaikos AKTOR Athens,Panathinaikos,,PAO,False,https://media-cdn.incrowdsports.com/e3dff28a-9ec6-4faf-9d96-ecbc68f75780.png,111,96,RED,Crvena Zvezda Meridianbet Belgrade,Crvena Zvezda,,CZV,False,https://media-cdn.incrowdsports.com/d2eef4a8-62df-4fdd-9076-276004268515.png,104,96
2024,RS,306,34,Round 34,Round 34,True,2025-04-11T20:30:00,True,True,2,2025-04-11T20:30:00,2025-04-11T18:30:00Z,"['W', 'L', 'W', 'W', 'W']","['L', 'L', 'W', 'W', 'L']",EuroLeague 2024-25,E2024,2024-25,E,2024,2024-06-29T00:00:00,653ea5d2-0ed0-4edf-9445-176b766c6b7a,1,Group Regular Season,Regular Season,RS,REGULAR SEASON,Regular Season,True,BAR,FC Barcelona,Barcelona,,BAR,False,https://media-cdn.incrowdsports.com/35dfa503-e417-481f-963a-bdf6f013763e.png,91,91,VIR,Virtus Segafredo Bologna,Virtus,,VIR,False,https://media-cdn.cortextech.io/1362801d-dd09-4fd0-932d-ead56063ab77.png,87,87
2024,PI,307,35,Round 35,Round 35,True,2025-04-15T21:00:00,True,True,2,2025-04-15T21:00:00,2025-04-15T19:00:00Z,"['W', 'W', 'W', 'W', 'L']","['L', 'W', 'L', 'W', 'W']",EuroLeague 2024-25,E2024,2024-25,E,2024,2024-06-29T00:00:00,73e69b3f-8955-4bbd-a430-eab82b206e1f,1,Group A,A,PI,PLAY-IN,Play-In,False,MAD,Real Madrid,Real,,RMB,False,https://media-cdn.incrowdsports.com/1a3e1404-4f6f-4ede-9d8b-30eee7cb51b4.png,73,73,PRS,Paris Basketball,Paris,Paris,PBB,False,https://media-cdn.incrowdsports.com/a033e5b3-0de7-48a3-98d9-d9a4b9df1f39.png,81,81
2024,PI,308,35,Round 35,Round 35,True,2025-04-15T20:30:00,True,True,2,2025-04-15T20:30:00,2025-04-15T18:30:00Z,"['W', 'W', 'L', 'L', 'W']","['W', 'L', 'L', 'L', 'L']",EuroLeague 2024-25,E2024,2024-25,E,2024,2024-06-29T00:00:00,1260eac8-6c4f-41a5-9057-a98813472f4d,2,Group B,B,PI,PLAY-IN,Play-In,False,MUN,FC Bayern Munich,Bayern,,BAY,False,https://media-cdn.incrowdsports.com/817b0e58-d595-4b09-ab0b-1e7cc26249ff.png,97,84,RED,Crvena Zvezda Meridianbet Belgrade,Crvena Zvezda,,CZV,False,https://media-cdn.incrowdsports.com/d2eef4a8-62df-4fdd-9076-276004268515.png,93,84
2024,PI,309,36,Round 36,Round 36,True,2025-04-18T20:45:00,True,True,2,2025-04-18T20:45:00,2025-04-18T18:45:00Z,"['W', 'W', 'W', 'L', 'W']","['W', 'L', 'L', 'W', 'L']",EuroLeague 2024-25,E2024,2024-25,E,2024,2024-06-29T00:00:00,6891b585-57a1-4dc1-b7bd-0c4d8ae9d935,3,Group C,C,PI,PLAY-IN,Play-In,False,MAD,Real Madrid,Real,,RMB,False,https://media-cdn.incrowdsports.com/1a3e1404-4f6f-4ede-9d8b-30eee7cb51b4.png,93,93,MUN,FC Bayern Munich,Bayern,,BAY,False,https://media-cdn.incrowdsports.com/817b0e58-d595-4b09-ab0b-1e7cc26249ff.png,71,71
2024,PO,310,37,Round 37,Round 37,True,2025-04-23T20:30:00,True,True,3,2025-04-23T21:30:00,2025-04-23T18:30:00Z,"['L', 'L', 'W', 'W', 'W']","['W', 'W', 'L', 'W', 'L']",EuroLeague 2024-25,E2024,2024-25,E,2024,2024-06-29T00:00:00,657b720a-26c1-4610-a86e-8fff501eb240,1,Group PLAYOFF A ,PLAYOFF A ,PO,PLAYOFFS,Playoffs,False,OLY,Olympiacos Piraeus,Olympiacos,,OLY,False,https://media-cdn.incrowdsports.com/789423ac-3cdf-4b89-b11c-b458aa5f59a6.png,84,84,MAD,Real Madrid,Real,,RMB,False,https://media-cdn.incrowdsports.com/1a3e1404-4f6f-4ede-9d8b-30eee7cb51b4.png,72,72
2024,PO,311,37,Round 37,Round 37,True,2025-04-23T19:00:00,True,True,2,2025-04-23T19:00:00,2025-04-23T17:00:00Z,"['W', 'W', 'L', 'W', 'W']","['L', 'W', 'W', 'W', 'L']",EuroLeague 2024-25,E2024,2024-25,E,2024,2024-06-29T00:00:00,d6e1f1cd-0b7a-483a-8733-5356c8e4a54a,2,Group PLAYOFF B,PLAYOFF B,PO,PLAYOFFS,Playoffs,False,MCO,AS Monaco,Monaco,,ASM,False,https://media-cdn.incrowdsports.com/89ed276a-2ba3-413f-8ea2-b3be209ca129.png,97,97,BAR,FC Barcelona,Barcelona,,BAR,False,https://media-cdn.incrowdsports.com/35dfa503-e417-481f-963a-bdf6f013763e.png,80,80
2024,PO,312,37,Round 37,Round 37,True,2025-04-22T20:30:00,True,True,3,2025-04-22T21:30:00,2025-04-22T18:30:00Z,"['W', 'L', 'W', 'W', 'W']","['W', 'W', 'W', 'W', 'L']",EuroLeague 2024-25,E2024,2024-25,E,2024,2024-06-29T00:00:00,44660580-222b-49c3-acde-e750dc989334,3,Group PLAYOFF C,PLAYOFF C,PO,PLAYOFFS,Playoffs,False,PAN,Panathinaikos AKTOR Athens,Panathinaikos,,PAO,False,https://media-cdn.incrowdsports.com/e3dff28a-9ec6-4faf-9d96-ecbc68f75780.png,87,87,IST,Anadolu Efes Istanbul,Anadolu Efes,Efes,EFS,False,https://media-cdn.cortextech.io/9a463aa2-ceb2-481c-9a95-1cddee0a248e.png,83,83
2024,PO,313,37,Round 37,Round 37,True,2025-04-22T19:45:00,True,True,3,2025-04-22T20:45:00,2025-04-22T17:45:00Z,"['W', 'W', 'L', 'W', 'W']","['W', 'L', 'W', 'W', 'L']",EuroLeague 2024-25,E2024,2024-25,E,2024,2024-06-29T00:00:00,1684c2d4-d03e-4a01-8916-23096f4e0007,4,Group PLAYOFF D,PLAYOFF D,PO,PLAYOFFS,Playoffs,False,ULK,Fenerbahce Beko Istanbul,Fenerbahce,,FBB,False,https://media-cdn.cortextech.io/3b7f020e-5b39-49a1-b4b2-efea918edab7.png,83,83,PRS,Paris Basketball,Paris,Paris,PBB,False,https://media-cdn.incrowdsports.com/a033e5b3-0de7-48a3-98d9-d9a4b9df1f39.png,78,78
2024,PO,314,38,Round 38,Round 38,True,2025-04-25T20:30:00,True,True,3,2025-04-25T21:30:00,2025-04-25T18:30:00Z,"['L', 'W', 'W', 'W', 'W']","['W', 'L', 'W', 'L', 'L']",EuroLeague 2024-25,E2024,2024-25,E,2024,2024-06-29T00:00:00,657b720a-26c1-4610-a86e-8fff501eb240,1,Group PLAYOFF A ,PLAYOFF A ,PO,PLAYOFFS,Playoffs,False,OLY,Olympiacos Piraeus,Olympiacos,,OLY,False,https://media-cdn.incrowdsports.com/789423ac-3cdf-4b89-b11c-b458aa5f59a6.png,77,77,MAD,Real Madrid,Real,,RMB,False,https://media-cdn.incrowdsports.com/1a3e1404-4f6f-4ede-9d8b-30eee7cb51b4.png,71,71
2024,PO,315,38,Round 38,Round 38,True,2025-04-25T19:00:00,True,True,2,2025-04-25T19:00:00,2025-04-25T17:00:00Z,"['W', 'L', 'W', 'W', 'W']","['W', 'W', 'W', 'L', 'L']",EuroLeague 2024-25,E2024,2024-25,E,2024,2024-06-29T00:00:00,d6e1f1cd-0b7a-483a-8733-5356c8e4a54a,2,Group PLAYOFF B,PLAYOFF B,PO,PLAYOFFS,Playoffs,False,MCO,AS Monaco,Monaco,,ASM,False,https://media-cdn.incrowdsports.com/89ed276a-2ba3-413f-8ea2-b3be209ca129.png,92,92,BAR,FC Barcelona,Barcelona,,BAR,False,https://media-cdn.incrowdsports.com/35dfa503-e417-481f-963a-bdf6f013763e.png,79,79
2024,PO,316,38,Round 38,Round 38,True,2025-04-24T20:30:00,True,True,3,2025-04-24T21:30:00,2025-04-24T18:30:00Z,"['L', 'W', 'W', 'W', 'L']","['W', 'W', 'W', 'L', 'W']",EuroLeague 2024-25,E2024,2024-25,E,2024,2024-06-29T00:00:00,44660580-222b-49c3-acde-e750dc989334,3,Group PLAYOFF C,PLAYOFF C,PO,PLAYOFFS,Playoffs,False,PAN,Panathinaikos AKTOR Athens,Panathinaikos,,PAO,False,https://media-cdn.incrowdsports.com/e3dff28a-9ec6-4faf-9d96-ecbc68f75780.png,76,76,IST,Anadolu Efes Istanbul,Anadolu Efes,Efes,EFS,False,https://media-cdn.cortextech.io/9a463aa2-ceb2-481c-9a95-1cddee0a248e.png,79,79
2024,PO,317,38,Round 38,Round 38,True,2025-04-24T19:45:00,True,True,3,2025-04-24T20:45:00,2025-04-24T17:45:00Z,"['W', 'L', 'W', 'W', 'W']","['L', 'W', 'W', 'L', 'L']",EuroLeague 2024-25,E2024,2024-25,E,2024,2024-06-29T00:00:00,1684c2d4-d03e-4a01-8916-23096f4e0007,4,Group PLAYOFF D,PLAYOFF D,PO,PLAYOFFS,Playoffs,False,ULK,Fenerbahce Beko Istanbul,Fenerbahce,,FBB,False,https://media-cdn.cortextech.io/3b7f020e-5b39-49a1-b4b2-efea918edab7.png,89,89,PRS,Paris Basketball,Paris,Paris,PBB,False,https://media-cdn.incrowdsports.com/a033e5b3-0de7-48a3-98d9-d9a4b9df1f39.png,72,72
2024,PO,318,39,Round 39,Round 39,True,2025-04-29T21:00:00,True,True,2,2025-04-29T21:00:00,2025-04-29T19:00:00Z,"['L', 'W', 'L', 'L', 'W']","['W', 'W', 'W', 'W', 'L']",EuroLeague 2024-25,E2024,2024-25,E,2024,2024-06-29T00:00:00,657b720a-26c1-4610-a86e-8fff501eb240,1,Group PLAYOFF A ,PLAYOFF A ,PO,PLAYOFFS,Playoffs,False,MAD,Real Madrid,Real,,RMB,False,https://media-cdn.incrowdsports.com/1a3e1404-4f6f-4ede-9d8b-30eee7cb51b4.png,80,80,OLY,Olympiacos Piraeus,Olympiacos,,OLY,False,https://media-cdn.incrowdsports.com/789423ac-3cdf-4b89-b11c-b458aa5f59a6.png,72,72
2024,PO,319,39,Round 39,Round 39,True,2025-04-30T19:00:00,True,True,2,2025-04-30T19:00:00,2025-04-30T17:00:00Z,"['W', 'W', 'L', 'L', 'W']","['L', 'W', 'W', 'W', 'L']",EuroLeague 2024-25,E2024,2024-25,E,2024,2024-06-29T00:00:00,d6e1f1cd-0b7a-483a-8733-5356c8e4a54a,2,Group PLAYOFF B,PLAYOFF B,PO,PLAYOFFS,Playoffs,False,BAR,FC Barcelona,Barcelona,,BAR,False,https://media-cdn.incrowdsports.com/35dfa503-e417-481f-963a-bdf6f013763e.png,100,100,MCO,AS Monaco,Monaco,,ASM,False,https://media-cdn.incrowdsports.com/89ed276a-2ba3-413f-8ea2-b3be209ca129.png,89,89
2024,PO,320,39,Round 39,Round 39,True,2025-04-30T19:45:00,True,True,3,2025-04-30T20:45:00,2025-04-30T17:45:00Z,"['W', 'W', 'L', 'W', 'L']","['W', 'W', 'W', 'L', 'W']",EuroLeague 2024-25,E2024,2024-25,E,2024,2024-06-29T00:00:00,44660580-222b-49c3-acde-e750dc989334,3,Group PLAYOFF C,PLAYOFF C,PO,PLAYOFFS,Playoffs,False,IST,Anadolu Efes Istanbul,Anadolu Efes,Efes,EFS,False,https://media-cdn.cortextech.io/9a463aa2-ceb2-481c-9a95-1cddee0a248e.png,77,77,PAN,Panathinaikos AKTOR Athens,Panathinaikos,,PAO,False,https://media-cdn.incrowdsports.com/e3dff28a-9ec6-4faf-9d96-ecbc68f75780.png,81,81
2024,PO,321,39,Round 39,Round 39,True,2025-04-29T20:30:00,True,True,2,2025-04-29T20:30:00,2025-04-29T18:30:00Z,"['W', 'W', 'L', 'L', 'L']","['L', 'W', 'W', 'W', 'W']",EuroLeague 2024-25,E2024,2024-25,E,2024,2024-06-29T00:00:00,1684c2d4-d03e-4a01-8916-23096f4e0007,4,Group PLAYOFF D,PLAYOFF D,PO,PLAYOFFS,Playoffs,False,PRS,Paris Basketball,Paris,Paris,PBB,False,https://media-cdn.incrowdsports.com/a033e5b3-0de7-48a3-98d9-d9a4b9df1f39.png,88,80,ULK,Fenerbahce Beko Istanbul,Fenerbahce,,FBB,False,https://media-cdn.cortextech.io/3b7f020e-5b39-49a1-b4b2-efea918edab7.png,98,80
2024,PO,322,40,Round 40,Round 40,True,2025-05-01T21:00:00,True,True,2,2025-05-01T21:00:00,2025-05-01T19:00:00Z,"['W', 'L', 'L', 'W', 'L']","['W', 'W', 'W', 'L', 'W']",EuroLeague 2024-25,E2024,2024-25,E,2024,2024-06-29T00:00:00,657b720a-26c1-4610-a86e-8fff501eb240,1,Group PLAYOFF A ,PLAYOFF A ,PO,PLAYOFFS,Playoffs,False,MAD,Real Madrid,Real,,RMB,False,https://media-cdn.incrowdsports.com/1a3e1404-4f6f-4ede-9d8b-30eee7cb51b4.png,84,84,OLY,Olympiacos Piraeus,Olympiacos,,OLY,False,https://media-cdn.incrowdsports.com/789423ac-3cdf-4b89-b11c-b458aa5f59a6.png,86,86
2024,PO,323,40,Round 40,Round 40,True,2025-05-02T20:45:00,True,True,2,2025-05-02T20:45:00,2025-05-02T18:45:00Z,"['W', 'L', 'L', 'W', 'W']","['W', 'W', 'W', 'L', 'L']",EuroLeague 2024-25,E2024,2024-25,E,2024,2024-06-29T00:00:00,d6e1f1cd-0b7a-483a-8733-5356c8e4a54a,2,Group PLAYOFF B,PLAYOFF B,PO,PLAYOFFS,Playoffs,False,BAR,FC Barcelona,Barcelona,,BAR,False,https://media-cdn.incrowdsports.com/35dfa503-e417-481f-963a-bdf6f013763e.png,79,79,MCO,AS Monaco,Monaco,,ASM,False,https://media-cdn.incrowdsports.com/89ed276a-2ba3-413f-8ea2-b3be209ca129.png,72,72
2024,PO,324,40,Round 40,Round 40,True,2025-05-02T19:30:00,True,True,3,2025-05-02T20:30:00,2025-05-02T17:30:00Z,"['W', 'L', 'W', 'L', 'W']","['W', 'W', 'L', 'W', 'L']",EuroLeague 2024-25,E2024,2024-25,E,2024,2024-06-29T00:00:00,44660580-222b-49c3-acde-e750dc989334,3,Group PLAYOFF C,PLAYOFF C,PO,PLAYOFFS,Playoffs,False,IST,Anadolu Efes Istanbul,Anadolu Efes,Efes,EFS,False,https://media-cdn.cortextech.io/9a463aa2-ceb2-481c-9a95-1cddee0a248e.png,85,85,PAN,Panathinaikos AKTOR Athens,Panathinaikos,,PAO,False,https://media-cdn.incrowdsports.com/e3dff28a-9ec6-4faf-9d96-ecbc68f75780.png,82,82
2024,PO,325,41,Round 41,Round 41,True,2025-05-06T19:00:00,True,True,2,2025-05-06T19:00:00,2025-05-06T17:00:00Z,"['W', 'W', 'L', 'L', 'W']","['L', 'L', 'W', 'W', 'L']",EuroLeague 2024-25,E2024,2024-25,E,2024,2024-06-29T00:00:00,d6e1f1cd-0b7a-483a-8733-5356c8e4a54a,2,Group PLAYOFF B,PLAYOFF B,PO,PLAYOFFS,Playoffs,False,MCO,AS Monaco,Monaco,,ASM,False,https://media-cdn.incrowdsports.com/89ed276a-2ba3-413f-8ea2-b3be209ca129.png,85,85,BAR,FC Barcelona,Barcelona,,BAR,False,https://media-cdn.incrowdsports.com/35dfa503-e417-481f-963a-bdf6f013763e.png,84,84
2024,PO,326,41,Round 41,Round 41,True,2025-05-06T20:45:00,True,True,3,2025-05-06T21:45:00,2025-05-06T18:45:00Z,"['W', 'L', 'W', 'L', 'W']","['L', 'W', 'L', 'W', 'L']",EuroLeague 2024-25,E2024,2024-25,E,2024,2024-06-29T00:00:00,44660580-222b-49c3-acde-e750dc989334,3,Group PLAYOFF C,PLAYOFF C,PO,PLAYOFFS,Playoffs,False,PAN,Panathinaikos AKTOR Athens,Panathinaikos,,PAO,False,https://media-cdn.incrowdsports.com/e3dff28a-9ec6-4faf-9d96-ecbc68f75780.png,75,75,IST,Anadolu Efes Istanbul,Anadolu Efes,Efes,EFS,False,https://media-cdn.cortextech.io/9a463aa2-ceb2-481c-9a95-1cddee0a248e.png,67,67
2024,FF,327,42,Round 42,Round 42,True,2025-05-23T20:00:00,True,True,4,2025-05-23T22:00:00,2025-05-23T18:00:00Z,"['W', 'W', 'L', 'W', 'L']","['W', 'L', 'L', 'W', 'W']",EuroLeague 2024-25,E2024,2024-25,E,2024,2024-06-29T00:00:00,c0aa6af9-f43c-4673-be77-9f806d78ee7a,1,Group SEMIFINAL A ,SEMIFINAL A ,FF,FINAL FOUR,Final Four,False,OLY,Olympiacos Piraeus,Olympiacos,,OLY,False,https://media-cdn.incrowdsports.com/789423ac-3cdf-4b89-b11c-b458aa5f59a6.png,68,68,MCO,AS Monaco,Monaco,,ASM,False,https://media-cdn.incrowdsports.com/89ed276a-2ba3-413f-8ea2-b3be209ca129.png,78,78
2024,FF,328,42,Round 42,Round 42,True,2025-05-23T17:00:00,True,True,4,2025-05-23T19:00:00,2025-05-23T15:00:00Z,"['W', 'W', 'W', 'W', 'W']","['L', 'W', 'L', 'W', 'L']",EuroLeague 2024-25,E2024,2024-25,E,2024,2024-06-29T00:00:00,1653f9c8-3167-496d-86ea-a7dc7fa88843,2,Group SEMIFINAL B,SEMIFINAL B,FF,FINAL FOUR,Final Four,False,ULK,Fenerbahce Beko Istanbul,Fenerbahce,,FBB,False,https://media-cdn.cortextech.io/3b7f020e-5b39-49a1-b4b2-efea918edab7.png,82,82,PAN,Panathinaikos AKTOR Athens,Panathinaikos,,PAO,False,https://media-cdn.incrowdsports.com/e3dff28a-9ec6-4faf-9d96-ecbc68f75780.png,76,76
2024,FF,329,43,Round 43,Round 43,True,2025-05-25T16:00:00,True,True,4,2025-05-25T18:00:00,2025-05-25T14:00:00Z,"['W', 'L', 'W', 'L', 'W']","['W', 'L', 'W', 'L', 'L']",EuroLeague 2024-25,E2024,2024-25,E,2024,2024-06-29T00:00:00,a016f1be-528e-46b4-bcb7-00fc93b79781,3,Group THIRD PLACE GAME,THIRD PLACE GAME,FF,FINAL FOUR,Final Four,False,OLY,Olympiacos Piraeus,Olympiacos,,OLY,False,https://media-cdn.incrowdsports.com/789423ac-3cdf-4b89-b11c-b458aa5f59a6.png,97,97,PAN,Panathinaikos AKTOR Athens,Panathinaikos,,PAO,False,https://media-cdn.incrowdsports.com/e3dff28a-9ec6-4faf-9d96-ecbc68f75780.png,93,93
2024,FF,330,43,Round 43,Round 43,True,2025-05-25T19:00:00,True,True,4,2025-05-25T21:00:00,2025-05-25T17:00:00Z,"['L', 'L', 'W', 'W', 'L']","['W', 'W', 'W', 'W', 'W']",EuroLeague 2024-25,E2024,2024-25,E,2024,2024-06-29T00:00:00,9d17ecd3-46e0-4d7e-bafd-d3d91b11008d,4,Group CHAMPIONSHIP GAME ,CHAMPIONSHIP GAME ,FF,FINAL FOUR,Final Four,False,MCO,AS Monaco,Monaco,,ASM,False,https://media-cdn.incrowdsports.com/89ed276a-2ba3-413f-8ea2-b3be209ca129.png,70,70,ULK,Fenerbahce Beko Istanbul,Fenerbahce,,FBB,False,https://media-cdn.cortextech.io/3b7f020e-5b39-49a1-b4b2-efea918edab7.png,81,81
