Season,Phase,Gamecode,Round,roundAlias,roundName,played,date,confirmedDate,confirmedHour,localTimeZone,localDate,utcDate,localLast5Form,roadLast5Form,season.name,season.code,season.alias,season.competitionCode,season.year,season.startDate,group.id,group.order,group.name,group.rawName,phaseType.code,phaseType.alias,phaseType.name,phaseType.isGroupPhase,local.club.code,local.club.name,local.club.abbreviatedName,local.club.editorialName,local.club.tvCode,local.club.isVirtual,local.club.images.crest,local.score,local.standingsScore,road.club.code,road.club.name,road.club.abbreviatedName,road.club.editorialName,road.club.tvCode,road.club.isVirtual,road.club.images.crest,road.score,road.standingsScore
2024,RS,1,1,Round 1,Round 1,True,2024-09-25T19:00:00,True,True,2,2024-09-25T19:00:00,2024-09-25T17:00:00Z,['L'],['W'],EuroCup-2024-25,U2024,2024-25,U,2024,2024-06-29T00:00:00,d7fbf7bc-fa38-436d-be58-359f792d76e5,1,Group A,A,RS,REGULAR SEASON,Regular Season,True,TSO,Trefl Sopot,Sopot,,SOP,False,https://media-cdn.incrowdsports.com/9ef7b3dd-9f80-4639-964d-9db4dfe436ee.png,93,81,ULM,ratiopharm Ulm,Ulm,,ULM,False,https://media-cdn.incrowdsports.com/497dc717-214d-4c03-8c67-0c4870278aa0.png,96,81
2024,RS,2,1,Round 1,Round 1,True,2024-09-24T20:30:00,True,True,2,2024-09-24T20:30:00,2024-09-24T18:30:00Z,['W'],['L'],EuroCup-2024-25,U2024,2024-25,U,2024,2024-06-29T00:00:00,d7fbf7bc-fa38-436d-be58-359f792d76e5,1,Group A,A,RS,REGULAR SEASON,Regular Season,True,JOV,Joventut Badalona,Joventut,,CJB,False,https://media-cdn.incrowdsports.com/4867b9ca-abc6-48fd-a47f-011904a74bf8.png,78,78,HTA,Hapoel Shlomo Tel Aviv,Hapoel Tel Aviv,,HTA,False,https://media-cdn.incrowdsports.com/cbb1c3ad-03d5-426a-b5ef-2832a4eee484.png,75,75
2024,RS,3,1,Round 1,Round 1,True,2024-09-25T18:00:00,True,True,3,2024-09-25T19:00:00,2024-09-25T16:00:00Z,['L'],['W'],EuroCup-2024-25,U2024,2024-25,U,2024,2024-06-29T00:00:00,d7fbf7bc-fa38-436d-be58-359f792d76e5,1,Group A,A,RS,REGULAR SEASON,Regular Season,True,WOL,Wolves Twinsbet Vilnius,Wolves,,WLV,False,https://media-cdn.incrowdsports.com/bab91c74-fc2e-4176-9db5-06f40e0e6759.png,69,69,BAH,Bahcesehir College Istanbul,Bahcesehir,,BKS,False,https://media-cdn.incrowdsports.com/1d3274d8-da86-4d21-9e97-6810ab88babe.png,80,80
2024,RS,4,1,Round 1,Round 1,True,2024-09-25T19:00:00,True,True,3,2024-09-25T20:00:00,2024-09-25T17:00:00Z,['W'],['L'],EuroCup-2024-25,U2024,2024-25,U,2024,2024-06-29T00:00:00,d7fbf7bc-fa38-436d-be58-359f792d76e5,1,Group A,A,RS,REGULAR SEASON,Regular Season,True,BES,Besiktas Fibabanka Istanbul,Besiktas,,BJK,False,https://media-cdn.cortextech.io/7d37b2d0-2a4a-4a86-bf2c-266bd8da7cac.png,94,94,BUD,Buducnost VOLI Podgorica,Buducnost,,BUD,False,https://media-cdn.incrowdsports.com/47161285-94b3-4266-9d23-b722e8600945.png,76,76
2024,RS,5,1,Round 1,Round 1,True,2024-09-24T21:00:00,True,True,1,2024-09-24T20:00:00,2024-09-24T19:00:00Z,['W'],['L'],EuroCup-2024-25,U2024,2024-25,U,2024,2024-06-29T00:00:00,d7fbf7bc-fa38-436d-be58-359f792d76e5,1,Group A,A,RS,REGULAR SEASON,Regular Season,True,CAN,Dreamland Gran Canaria,Gran Canaria,,DGC,False,https://media-cdn.incrowdsports.com/a074edc1-e180-4515-a876-447884b570b1.png,84,84,TRN,Dolomiti Energia Trento,Trento,,TRE,False,https://media-cdn.incrowdsports.com/00c5cc07-732c-43c3-9d6e-5440594a25f8.png,81,81
2024,RS,6,1,Round 1,Round 1,True,2024-09-25T19:00:00,True,True,3,2024-09-25T20:00:00,2024-09-25T17:00:00Z,['L'],['W'],EuroCup-2024-25,U2024,2024-25,U,2024,2024-06-29T00:00:00,52dd6cf6-70fb-4327-b4d3-fa0b48db829d,2,Group B,B,RS,REGULAR SEASON,Regular Season,True,JER,Hapoel Bank Yahav Jerusalem,Hapoel Jerusalem,,JLM,False,https://media-cdn.incrowdsports.com/8058e0c5-3042-45e1-9423-f93f33c54576.png,64,64,PAM,Valencia Basket,Valencia,,VBC,False,https://media-cdn.cortextech.io/d88f3c71-1519-4b19-8cfb-99e26a4c008e.png,80,80
2024,RS,7,1,Round 1,Round 1,True,2024-09-24T19:30:00,True,True,2,2024-09-24T19:30:00,2024-09-24T17:30:00Z,['L'],['W'],EuroCup-2024-25,U2024,2024-25,U,2024,2024-06-29T00:00:00,52dd6cf6-70fb-4327-b4d3-fa0b48db829d,2,Group B,B,RS,REGULAR SEASON,Regular Season,True,HAM,Veolia Towers Hamburg,Hamburg,,HAM,False,https://media-cdn.incrowdsports.com/5ef8be01-ad71-42c2-aa02-d5c7a9495258.png,80,80,BOU,Cosea JL Bourg-en-Bresse,Bourg,,JLB,False,https://media-cdn.incrowdsports.com/d4225e1b-7c1b-4382-98d4-ca8511c64441.png,100,100
2024,RS,8,1,Round 1,Round 1,True,2024-09-25T18:00:00,True,True,3,2024-09-25T19:00:00,2024-09-25T16:00:00Z,['L'],['W'],EuroCup-2024-25,U2024,2024-25,U,2024,2024-06-29T00:00:00,52dd6cf6-70fb-4327-b4d3-fa0b48db829d,2,Group B,B,RS,REGULAR SEASON,Regular Season,True,CLU,U-BT Cluj-Napoca,Cluj,,UBT,False,https://media-cdn.incrowdsports.com/ae3e2844-0615-41bb-a788-a4f0d54b8d5e.png,86,86,LJU,Cedevita Olimpija Ljubljana,Cedevita Olimpija,,COL,False,https://media-cdn.incrowdsports.com/73b33d13-570e-4e49-a9cb-fe806831eaa7.png,93,93
2024,RS,9,1,Round 1,Round 1,True,2024-09-25T20:00:00,True,True,2,2024-09-25T20:00:00,2024-09-25T18:00:00Z,['W'],['L'],EuroCup-2024-25,U2024,2024-25,U,2024,2024-06-29T00:00:00,52dd6cf6-70fb-4327-b4d3-fa0b48db829d,2,Group B,B,RS,REGULAR SEASON,Regular Season,True,VNC,Umana Reyer Venice,Reyer Venice,,URV,False,https://media-cdn.incrowdsports.com/104f5074-9f23-47da-a21f-f2078db8244c.png,95,95,ARI,Aris Midea Thessaloniki,Aris,,ARI,False,https://media-cdn.cortextech.io/28be84d9-ad7e-43b3-8d8c-822bb76b8a9e.png,75,75
2024,RS,10,1,Round 1,Round 1,True,2024-09-24T18:30:00,True,True,3,2024-09-24T19:30:00,2024-09-24T16:30:00Z,['W'],['L'],EuroCup-2024-25,U2024,2024-25,U,2024,2024-06-29T00:00:00,52dd6cf6-70fb-4327-b4d3-fa0b48db829d,2,Group B,B,RS,REGULAR SEASON,Regular Season,True,TTK,Turk Telekom Ankara,Turk Telekom,,TTA,False,https://media-cdn.incrowdsports.com/4ba35608-54ca-4800-a59c-f2571e6f8e13.png,72,72,LKB,7Bet-Lietkabelis Panevezys,Lietkabelis,,LIE,False,https://media-cdn.cortextech.io/ffcb6e37-31f4-48f6-91c2-a8c9a6f791a9.png,66,66
2024,RS,11,2,Round 2,Round 2,True,2024-10-02T20:00:00,True,True,2,2024-10-02T20:00:00,2024-10-02T18:00:00Z,"['L', 'W']","['L', 'L']",EuroCup-2024-25,U2024,2024-25,U,2024,2024-06-29T00:00:00,d7fbf7bc-fa38-436d-be58-359f792d76e5,1,Group A,A,RS,REGULAR SEASON,Regular Season,True,TRN,Dolomiti Energia Trento,Trento,,TRE,False,https://media-cdn.incrowdsports.com/00c5cc07-732c-43c3-9d6e-5440594a25f8.png,84,84,TSO,Trefl Sopot,Sopot,,SOP,False,https://media-cdn.incrowdsports.com/9ef7b3dd-9f80-4639-964d-9db4dfe436ee.png,78,78
2024,RS,12,2,Round 2,Round 2,True,2024-10-02T19:00:00,True,True,2,2024-10-02T19:00:00,2024-10-02T17:00:00Z,"['L', 'L']","['W', 'W']",EuroCup-2024-25,U2024,2024-25,U,2024,2024-06-29T00:00:00,d7fbf7bc-fa38-436d-be58-359f792d76e5,1,Group A,A,RS,REGULAR SEASON,Regular Season,True,BUD,Buducnost VOLI Podgorica,Buducnost,,BUD,False,https://media-cdn.incrowdsports.com/47161285-94b3-4266-9d23-b722e8600945.png,86,81,CAN,Dreamland Gran Canaria,Gran Canaria,,DGC,False,https://media-cdn.incrowdsports.com/a074edc1-e180-4515-a876-447884b570b1.png,89,81
2024,RS,13,2,Round 2,Round 2,True,2024-10-01T18:00:00,True,True,3,2024-10-01T19:00:00,2024-10-01T16:00:00Z,"['W', 'W']","['W', 'L']",EuroCup-2024-25,U2024,2024-25,U,2024,2024-06-29T00:00:00,d7fbf7bc-fa38-436d-be58-359f792d76e5,1,Group A,A,RS,REGULAR SEASON,Regular Season,True,BAH,Bahcesehir College Istanbul,Bahcesehir,,BKS,False,https://media-cdn.incrowdsports.com/1d3274d8-da86-4d21-9e97-6810ab88babe.png,87,87,BES,Besiktas Fibabanka Istanbul,Besiktas,,BJK,False,https://media-cdn.cortextech.io/7d37b2d0-2a4a-4a86-bf2c-266bd8da7cac.png,66,66
2024,RS,14,2,Round 2,Round 2,True,2024-10-01T19:45:00,True,True,3,2024-10-01T20:45:00,2024-10-01T17:45:00Z,"['L', 'W']","['L', 'L']",EuroCup-2024-25,U2024,2024-25,U,2024,2024-06-29T00:00:00,d7fbf7bc-fa38-436d-be58-359f792d76e5,1,Group A,A,RS,REGULAR SEASON,Regular Season,True,HTA,Hapoel Shlomo Tel Aviv,Hapoel Tel Aviv,,HTA,False,https://media-cdn.incrowdsports.com/cbb1c3ad-03d5-426a-b5ef-2832a4eee484.png,89,89,WOL,Wolves Twinsbet Vilnius,Wolves,,WLV,False,https://media-cdn.incrowdsports.com/bab91c74-fc2e-4176-9db5-06f40e0e6759.png,84,84
2024,RS,15,2,Round 2,Round 2,True,2024-10-01T19:00:00,True,True,2,2024-10-01T19:00:00,2024-10-01T17:00:00Z,"['W', 'W']","['W', 'L']",EuroCup-2024-25,U2024,2024-25,U,2024,2024-06-29T00:00:00,d7fbf7bc-fa38-436d-be58-359f792d76e5,1,Group A,A,RS,REGULAR SEASON,Regular Season,True,ULM,ratiopharm Ulm,Ulm,,ULM,False,https://media-cdn.incrowdsports.com/497dc717-214d-4c03-8c67-0c4870278aa0.png,87,87,JOV,Joventut Badalona,Joventut,,CJB,False,https://media-cdn.incrowdsports.com/4867b9ca-abc6-48fd-a47f-011904a74bf8.png,83,83
2024,RS,16,2,Round 2,Round 2,True,2024-10-01T18:00:00,True,True,3,2024-10-01T19:00:00,2024-10-01T16:00:00Z,"['L', 'L']","['L', 'W']",EuroCup-2024-25,U2024,2024-25,U,2024,2024-06-29T00:00:00,52dd6cf6-70fb-4327-b4d3-fa0b48db829d,2,Group B,B,RS,REGULAR SEASON,Regular Season,True,LKB,7Bet-Lietkabelis Panevezys,Lietkabelis,,LIE,False,https://media-cdn.cortextech.io/ffcb6e37-31f4-48f6-91c2-a8c9a6f791a9.png,74,74,JER,Hapoel Bank Yahav Jerusalem,Hapoel Jerusalem,,JLM,False,https://media-cdn.incrowdsports.com/8058e0c5-3042-45e1-9423-f93f33c54576.png,94,94
2024,RS,17,2,Round 2,Round 2,True,2024-10-02T19:00:00,True,True,3,2024-10-02T20:00:00,2024-10-02T17:00:00Z,"['L', 'L']","['W', 'W']",EuroCup-2024-25,U2024,2024-25,U,2024,2024-06-29T00:00:00,52dd6cf6-70fb-4327-b4d3-fa0b48db829d,2,Group B,B,RS,REGULAR SEASON,Regular Season,True,ARI,Aris Midea Thessaloniki,Aris,,ARI,False,https://media-cdn.cortextech.io/28be84d9-ad7e-43b3-8d8c-822bb76b8a9e.png,63,63,TTK,Turk Telekom Ankara,Turk Telekom,,TTA,False,https://media-cdn.incrowdsports.com/4ba35608-54ca-4800-a59c-f2571e6f8e13.png,68,68
2024,RS,18,2,Round 2,Round 2,True,2024-10-01T20:00:00,True,True,2,2024-10-01T20:00:00,2024-10-01T18:00:00Z,"['W', 'W']","['W', 'L']",EuroCup-2024-25,U2024,2024-25,U,2024,2024-06-29T00:00:00,52dd6cf6-70fb-4327-b4d3-fa0b48db829d,2,Group B,B,RS,REGULAR SEASON,Regular Season,True,LJU,Cedevita Olimpija Ljubljana,Cedevita Olimpija,,COL,False,https://media-cdn.incrowdsports.com/73b33d13-570e-4e49-a9cb-fe806831eaa7.png,87,87,VNC,Umana Reyer Venice,Reyer Venice,,URV,False,https://media-cdn.incrowdsports.com/104f5074-9f23-47da-a21f-f2078db8244c.png,82,82
2024,RS,19,2,Round 2,Round 2,True,2024-10-02T19:30:00,True,True,2,2024-10-02T19:30:00,2024-10-02T17:30:00Z,"['W', 'W']","['L', 'L']",EuroCup-2024-25,U2024,2024-25,U,2024,2024-06-29T00:00:00,52dd6cf6-70fb-4327-b4d3-fa0b48db829d,2,Group B,B,RS,REGULAR SEASON,Regular Season,True,BOU,Cosea JL Bourg-en-Bresse,Bourg,,JLB,False,https://media-cdn.incrowdsports.com/d4225e1b-7c1b-4382-98d4-ca8511c64441.png,84,84,CLU,U-BT Cluj-Napoca,Cluj,,UBT,False,https://media-cdn.incrowdsports.com/ae3e2844-0615-41bb-a788-a4f0d54b8d5e.png,73,73
2024,RS,20,2,Round 2,Round 2,True,2024-10-02T20:30:00,True,True,2,2024-10-02T20:30:00,2024-10-02T18:30:00Z,"['W', 'W']","['L', 'L']",EuroCup-2024-25,U2024,2024-25,U,2024,2024-06-29T00:00:00,52dd6cf6-70fb-4327-b4d3-fa0b48db829d,2,Group B,B,RS,REGULAR SEASON,Regular Season,True,PAM,Valencia Basket,Valencia,,VBC,False,https://media-cdn.cortextech.io/d88f3c71-1519-4b19-8cfb-99e26a4c008e.png,105,105,HAM,Veolia Towers Hamburg,Hamburg,,HAM,False,https://media-cdn.incrowdsports.com/5ef8be01-ad71-42c2-aa02-d5c7a9495258.png,78,78
2024,RS,21,3,Round 3,Round 3,True,2024-10-09T19:00:00,True,True,2,2024-10-09T19:00:00,2024-10-09T17:00:00Z,"['L', 'L', 'L']","['W', 'L', 'W']",EuroCup-2024-25,U2024,2024-25,U,2024,2024-06-29T00:00:00,d7fbf7bc-fa38-436d-be58-359f792d76e5,1,Group A,A,RS,REGULAR SEASON,Regular Season,True,TSO,Trefl Sopot,Sopot,,SOP,False,https://media-cdn.incrowdsports.com/9ef7b3dd-9f80-4639-964d-9db4dfe436ee.png,73,73,JOV,Joventut Badalona,Joventut,,CJB,False,https://media-cdn.incrowdsports.com/4867b9ca-abc6-48fd-a47f-011904a74bf8.png,78,78
2024,RS,22,3,Round 3,Round 3,True,2024-10-08T18:00:00,True,True,3,2024-10-08T19:00:00,2024-10-08T16:00:00Z,"['L', 'L', 'L']","['W', 'W', 'W']",EuroCup-2024-25,U2024,2024-25,U,2024,2024-06-29T00:00:00,d7fbf7bc-fa38-436d-be58-359f792d76e5,1,Group A,A,RS,REGULAR SEASON,Regular Season,True,WOL,Wolves Twinsbet Vilnius,Wolves,,WLV,False,https://media-cdn.incrowdsports.com/bab91c74-fc2e-4176-9db5-06f40e0e6759.png,76,76,ULM,ratiopharm Ulm,Ulm,,ULM,False,https://media-cdn.incrowdsports.com/497dc717-214d-4c03-8c67-0c4870278aa0.png,94,94
2024,RS,23,3,Round 3,Round 3,True,2024-10-08T20:00:00,True,True,2,2024-10-08T20:00:00,2024-10-08T18:00:00Z,"['W', 'L', 'L']","['L', 'W', 'W']",EuroCup-2024-25,U2024,2024-25,U,2024,2024-06-29T00:00:00,d7fbf7bc-fa38-436d-be58-359f792d76e5,1,Group A,A,RS,REGULAR SEASON,Regular Season,True,BES,Besiktas Fibabanka Istanbul,Besiktas,,BJK,False,https://media-cdn.cortextech.io/7d37b2d0-2a4a-4a86-bf2c-266bd8da7cac.png,87,87,HTA,Hapoel Shlomo Tel Aviv,Hapoel Tel Aviv,,HTA,False,https://media-cdn.incrowdsports.com/cbb1c3ad-03d5-426a-b5ef-2832a4eee484.png,101,101
2024,RS,24,3,Round 3,Round 3,True,2024-10-09T21:00:00,True,True,1,2024-10-09T20:00:00,2024-10-09T19:00:00Z,"['W', 'W', 'W']","['W', 'W', 'L']",EuroCup-2024-25,U2024,2024-25,U,2024,2024-06-29T00:00:00,d7fbf7bc-fa38-436d-be58-359f792d76e5,1,Group A,A,RS,REGULAR SEASON,Regular Season,True,CAN,Dreamland Gran Canaria,Gran Canaria,,DGC,False,https://media-cdn.incrowdsports.com/a074edc1-e180-4515-a876-447884b570b1.png,66,66,BAH,Bahcesehir College Istanbul,Bahcesehir,,BKS,False,https://media-cdn.incrowdsports.com/1d3274d8-da86-4d21-9e97-6810ab88babe.png,63,63
2024,RS,25,3,Round 3,Round 3,True,2024-10-09T20:00:00,True,True,2,2024-10-09T20:00:00,2024-10-09T18:00:00Z,"['L', 'W', 'L']","['L', 'L', 'W']",EuroCup-2024-25,U2024,2024-25,U,2024,2024-06-29T00:00:00,d7fbf7bc-fa38-436d-be58-359f792d76e5,1,Group A,A,RS,REGULAR SEASON,Regular Season,True,TRN,Dolomiti Energia Trento,Trento,,TRE,False,https://media-cdn.incrowdsports.com/00c5cc07-732c-43c3-9d6e-5440594a25f8.png,64,64,BUD,Buducnost VOLI Podgorica,Buducnost,,BUD,False,https://media-cdn.incrowdsports.com/47161285-94b3-4266-9d23-b722e8600945.png,85,85
2024,RS,26,3,Round 3,Round 3,True,2024-10-09T19:00:00,True,True,3,2024-10-09T20:00:00,2024-10-09T17:00:00Z,"['L', 'W', 'W']","['L', 'L', 'L']",EuroCup-2024-25,U2024,2024-25,U,2024,2024-06-29T00:00:00,52dd6cf6-70fb-4327-b4d3-fa0b48db829d,2,Group B,B,RS,REGULAR SEASON,Regular Season,True,JER,Hapoel Bank Yahav Jerusalem,Hapoel Jerusalem,,JLM,False,https://media-cdn.incrowdsports.com/8058e0c5-3042-45e1-9423-f93f33c54576.png,89,89,HAM,Veolia Towers Hamburg,Hamburg,,HAM,False,https://media-cdn.incrowdsports.com/5ef8be01-ad71-42c2-aa02-d5c7a9495258.png,74,74
2024,RS,27,3,Round 3,Round 3,True,2024-10-09T18:00:00,True,True,3,2024-10-09T19:00:00,2024-10-09T16:00:00Z,"['L', 'L', 'L']","['W', 'W', 'W']",EuroCup-2024-25,U2024,2024-25,U,2024,2024-06-29T00:00:00,52dd6cf6-70fb-4327-b4d3-fa0b48db829d,2,Group B,B,RS,REGULAR SEASON,Regular Season,True,CLU,U-BT Cluj-Napoca,Cluj,,UBT,False,https://media-cdn.incrowdsports.com/ae3e2844-0615-41bb-a788-a4f0d54b8d5e.png,96,96,PAM,Valencia Basket,Valencia,,VBC,False,https://media-cdn.cortextech.io/d88f3c71-1519-4b19-8cfb-99e26a4c008e.png,105,105
2024,RS,28,3,Round 3,Round 3,True,2024-10-08T20:00:00,True,True,2,2024-10-08T20:00:00,2024-10-08T18:00:00Z,"['W', 'L', 'L']","['W', 'W', 'W']",EuroCup-2024-25,U2024,2024-25,U,2024,2024-06-29T00:00:00,52dd6cf6-70fb-4327-b4d3-fa0b48db829d,2,Group B,B,RS,REGULAR SEASON,Regular Season,True,VNC,Umana Reyer Venice,Reyer Venice,,URV,False,https://media-cdn.incrowdsports.com/104f5074-9f23-47da-a21f-f2078db8244c.png,66,66,BOU,Cosea JL Bourg-en-Bresse,Bourg,,JLB,False,https://media-cdn.incrowdsports.com/d4225e1b-7c1b-4382-98d4-ca8511c64441.png,88,88
2024,RS,29,3,Round 3,Round 3,True,2024-10-08T18:30:00,True,True,3,2024-10-08T19:30:00,2024-10-08T16:30:00Z,"['W', 'W', 'W']","['W', 'W', 'L']",EuroCup-2024-25,U2024,2024-25,U,2024,2024-06-29T00:00:00,52dd6cf6-70fb-4327-b4d3-fa0b48db829d,2,Group B,B,RS,REGULAR SEASON,Regular Season,True,TTK,Turk Telekom Ankara,Turk Telekom,,TTA,False,https://media-cdn.incrowdsports.com/4ba35608-54ca-4800-a59c-f2571e6f8e13.png,78,78,LJU,Cedevita Olimpija Ljubljana,Cedevita Olimpija,,COL,False,https://media-cdn.incrowdsports.com/73b33d13-570e-4e49-a9cb-fe806831eaa7.png,70,70
2024,RS,30,3,Round 3,Round 3,True,2024-10-08T18:00:00,True,True,3,2024-10-08T19:00:00,2024-10-08T16:00:00Z,"['L', 'L', 'L']","['L', 'L', 'W']",EuroCup-2024-25,U2024,2024-25,U,2024,2024-06-29T00:00:00,52dd6cf6-70fb-4327-b4d3-fa0b48db829d,2,Group B,B,RS,REGULAR SEASON,Regular Season,True,LKB,7Bet-Lietkabelis Panevezys,Lietkabelis,,LIE,False,https://media-cdn.cortextech.io/ffcb6e37-31f4-48f6-91c2-a8c9a6f791a9.png,74,74,ARI,Aris Midea Thessaloniki,Aris,,ARI,False,https://media-cdn.cortextech.io/28be84d9-ad7e-43b3-8d8c-822bb76b8a9e.png,92,92
2024,RS,31,4,Round 4,Round 4,True,2024-10-16T19:00:00,True,True,2,2024-10-16T19:00:00,2024-10-16T17:00:00Z,"['L', 'L', 'W', 'W']","['L', 'L', 'L', 'L']",EuroCup-2024-25,U2024,2024-25,U,2024,2024-06-29T00:00:00,d7fbf7bc-fa38-436d-be58-359f792d76e5,1,Group A,A,RS,REGULAR SEASON,Regular Season,True,BUD,Buducnost VOLI Podgorica,Buducnost,,BUD,False,https://media-cdn.incrowdsports.com/47161285-94b3-4266-9d23-b722e8600945.png,92,92,TSO,Trefl Sopot,Sopot,,SOP,False,https://media-cdn.incrowdsports.com/9ef7b3dd-9f80-4639-964d-9db4dfe436ee.png,83,83
2024,RS,32,4,Round 4,Round 4,True,2024-10-16T18:00:00,True,True,3,2024-10-16T19:00:00,2024-10-16T16:00:00Z,"['W', 'W', 'L', 'W']","['L', 'W', 'L', 'L']",EuroCup-2024-25,U2024,2024-25,U,2024,2024-06-29T00:00:00,d7fbf7bc-fa38-436d-be58-359f792d76e5,1,Group A,A,RS,REGULAR SEASON,Regular Season,True,BAH,Bahcesehir College Istanbul,Bahcesehir,,BKS,False,https://media-cdn.incrowdsports.com/1d3274d8-da86-4d21-9e97-6810ab88babe.png,110,110,TRN,Dolomiti Energia Trento,Trento,,TRE,False,https://media-cdn.incrowdsports.com/00c5cc07-732c-43c3-9d6e-5440594a25f8.png,70,70
2024,RS,33,4,Round 4,Round 4,True,2024-10-15T19:00:00,True,True,3,2024-10-15T20:00:00,2024-10-15T17:00:00Z,"['L', 'W', 'W', 'W']","['W', 'W', 'W', 'L']",EuroCup-2024-25,U2024,2024-25,U,2024,2024-06-29T00:00:00,d7fbf7bc-fa38-436d-be58-359f792d76e5,1,Group A,A,RS,REGULAR SEASON,Regular Season,True,HTA,Hapoel Shlomo Tel Aviv,Hapoel Tel Aviv,,HTA,False,https://media-cdn.incrowdsports.com/cbb1c3ad-03d5-426a-b5ef-2832a4eee484.png,79,79,CAN,Dreamland Gran Canaria,Gran Canaria,,DGC,False,https://media-cdn.incrowdsports.com/a074edc1-e180-4515-a876-447884b570b1.png,66,66
2024,RS,34,4,Round 4,Round 4,True,2024-10-14T19:00:00,True,True,3,2024-10-14T20:00:00,2024-10-14T17:00:00Z,"['W', 'L', 'L', 'W']","['W', 'W', 'W', 'L']",EuroCup-2024-25,U2024,2024-25,U,2024,2024-06-29T00:00:00,d7fbf7bc-fa38-436d-be58-359f792d76e5,1,Group A,A,RS,REGULAR SEASON,Regular Season,True,BES,Besiktas Fibabanka Istanbul,Besiktas,,BJK,False,https://media-cdn.cortextech.io/7d37b2d0-2a4a-4a86-bf2c-266bd8da7cac.png,107,107,ULM,ratiopharm Ulm,Ulm,,ULM,False,https://media-cdn.incrowdsports.com/497dc717-214d-4c03-8c67-0c4870278aa0.png,74,74
2024,RS,35,4,Round 4,Round 4,True,2024-10-16T20:30:00,True,True,2,2024-10-16T20:30:00,2024-10-16T18:30:00Z,"['W', 'L', 'W', 'L']","['L', 'L', 'L', 'W']",EuroCup-2024-25,U2024,2024-25,U,2024,2024-06-29T00:00:00,d7fbf7bc-fa38-436d-be58-359f792d76e5,1,Group A,A,RS,REGULAR SEASON,Regular Season,True,JOV,Joventut Badalona,Joventut,,CJB,False,https://media-cdn.incrowdsports.com/4867b9ca-abc6-48fd-a47f-011904a74bf8.png,63,63,WOL,Wolves Twinsbet Vilnius,Wolves,,WLV,False,https://media-cdn.incrowdsports.com/bab91c74-fc2e-4176-9db5-06f40e0e6759.png,86,86
2024,RS,36,4,Round 4,Round 4,True,2024-10-16T19:00:00,True,True,3,2024-10-16T20:00:00,2024-10-16T17:00:00Z,"['L', 'L', 'W', 'L']","['L', 'W', 'W', 'W']",EuroCup-2024-25,U2024,2024-25,U,2024,2024-06-29T00:00:00,52dd6cf6-70fb-4327-b4d3-fa0b48db829d,2,Group B,B,RS,REGULAR SEASON,Regular Season,True,ARI,Aris Midea Thessaloniki,Aris,,ARI,False,https://media-cdn.cortextech.io/28be84d9-ad7e-43b3-8d8c-822bb76b8a9e.png,68,68,JER,Hapoel Bank Yahav Jerusalem,Hapoel Jerusalem,,JLM,False,https://media-cdn.incrowdsports.com/8058e0c5-3042-45e1-9423-f93f33c54576.png,78,78
2024,RS,37,4,Round 4,Round 4,True,2024-10-15T18:30:00,True,True,2,2024-10-15T18:30:00,2024-10-15T16:30:00Z,"['W', 'W', 'L', 'W']","['L', 'L', 'L', 'L']",EuroCup-2024-25,U2024,2024-25,U,2024,2024-06-29T00:00:00,52dd6cf6-70fb-4327-b4d3-fa0b48db829d,2,Group B,B,RS,REGULAR SEASON,Regular Season,True,LJU,Cedevita Olimpija Ljubljana,Cedevita Olimpija,,COL,False,https://media-cdn.incrowdsports.com/73b33d13-570e-4e49-a9cb-fe806831eaa7.png,76,76,LKB,7Bet-Lietkabelis Panevezys,Lietkabelis,,LIE,False,https://media-cdn.cortextech.io/ffcb6e37-31f4-48f6-91c2-a8c9a6f791a9.png,72,72
2024,RS,38,4,Round 4,Round 4,True,2024-10-15T19:30:00,True,True,2,2024-10-15T19:30:00,2024-10-15T17:30:00Z,"['W', 'W', 'W', 'W']","['W', 'W', 'W', 'L']",EuroCup-2024-25,U2024,2024-25,U,2024,2024-06-29T00:00:00,52dd6cf6-70fb-4327-b4d3-fa0b48db829d,2,Group B,B,RS,REGULAR SEASON,Regular Season,True,BOU,Cosea JL Bourg-en-Bresse,Bourg,,JLB,False,https://media-cdn.incrowdsports.com/d4225e1b-7c1b-4382-98d4-ca8511c64441.png,67,67,TTK,Turk Telekom Ankara,Turk Telekom,,TTA,False,https://media-cdn.incrowdsports.com/4ba35608-54ca-4800-a59c-f2571e6f8e13.png,63,63
2024,RS,39,4,Round 4,Round 4,True,2024-10-17T19:00:00,True,True,2,2024-10-17T19:00:00,2024-10-17T17:00:00Z,"['W', 'W', 'W', 'W']","['W', 'L', 'L', 'L']",EuroCup-2024-25,U2024,2024-25,U,2024,2024-06-29T00:00:00,52dd6cf6-70fb-4327-b4d3-fa0b48db829d,2,Group B,B,RS,REGULAR SEASON,Regular Season,True,PAM,Valencia Basket,Valencia,,VBC,False,https://media-cdn.cortextech.io/d88f3c71-1519-4b19-8cfb-99e26a4c008e.png,105,105,VNC,Umana Reyer Venice,Reyer Venice,,URV,False,https://media-cdn.incrowdsports.com/104f5074-9f23-47da-a21f-f2078db8244c.png,83,83
2024,RS,40,4,Round 4,Round 4,True,2024-10-15T19:30:00,True,True,2,2024-10-15T19:30:00,2024-10-15T17:30:00Z,"['L', 'L', 'L', 'L']","['L', 'L', 'L', 'W']",EuroCup-2024-25,U2024,2024-25,U,2024,2024-06-29T00:00:00,52dd6cf6-70fb-4327-b4d3-fa0b48db829d,2,Group B,B,RS,REGULAR SEASON,Regular Season,True,HAM,Veolia Towers Hamburg,Hamburg,,HAM,False,https://media-cdn.incrowdsports.com/5ef8be01-ad71-42c2-aa02-d5c7a9495258.png,67,67,CLU,U-BT Cluj-Napoca,Cluj,,UBT,False,https://media-cdn.incrowdsports.com/ae3e2844-0615-41bb-a788-a4f0d54b8d5e.png,103,103
2024,RS,41,5,Round 5,Round 5,True,2024-10-22T19:45:00,True,True,2,2024-10-22T19:45:00,2024-10-22T17:45:00Z,"['L', 'L', 'L', 'L', 'L']","['L', 'L', 'L', 'W', 'W']",EuroCup-2024-25,U2024,2024-25,U,2024,2024-06-29T00:00:00,d7fbf7bc-fa38-436d-be58-359f792d76e5,1,Group A,A,RS,REGULAR SEASON,Regular Season,True,TSO,Trefl Sopot,Sopot,,SOP,False,https://media-cdn.incrowdsports.com/9ef7b3dd-9f80-4639-964d-9db4dfe436ee.png,92,84,WOL,Wolves Twinsbet Vilnius,Wolves,,WLV,False,https://media-cdn.incrowdsports.com/bab91c74-fc2e-4176-9db5-06f40e0e6759.png,99,84
2024,RS,42,5,Round 5,Round 5,True,2024-10-22T19:00:00,True,True,3,2024-10-22T20:00:00,2024-10-22T17:00:00Z,"['W', 'L', 'L', 'W', 'W']","['W', 'L', 'W', 'L', 'L']",EuroCup-2024-25,U2024,2024-25,U,2024,2024-06-29T00:00:00,d7fbf7bc-fa38-436d-be58-359f792d76e5,1,Group A,A,RS,REGULAR SEASON,Regular Season,True,BES,Besiktas Fibabanka Istanbul,Besiktas,,BJK,False,https://media-cdn.cortextech.io/7d37b2d0-2a4a-4a86-bf2c-266bd8da7cac.png,82,82,JOV,Joventut Badalona,Joventut,,CJB,False,https://media-cdn.incrowdsports.com/4867b9ca-abc6-48fd-a47f-011904a74bf8.png,76,76
2024,RS,43,5,Round 5,Round 5,True,2024-10-22T21:00:00,True,True,1,2024-10-22T20:00:00,2024-10-22T19:00:00Z,"['W', 'W', 'W', 'L', 'W']","['W', 'W', 'W', 'L', 'L']",EuroCup-2024-25,U2024,2024-25,U,2024,2024-06-29T00:00:00,d7fbf7bc-fa38-436d-be58-359f792d76e5,1,Group A,A,RS,REGULAR SEASON,Regular Season,True,CAN,Dreamland Gran Canaria,Gran Canaria,,DGC,False,https://media-cdn.incrowdsports.com/a074edc1-e180-4515-a876-447884b570b1.png,125,125,ULM,ratiopharm Ulm,Ulm,,ULM,False,https://media-cdn.incrowdsports.com/497dc717-214d-4c03-8c67-0c4870278aa0.png,78,78
2024,RS,44,5,Round 5,Round 5,True,2024-10-23T20:00:00,True,True,2,2024-10-23T20:00:00,2024-10-23T18:00:00Z,"['L', 'W', 'L', 'L', 'W']","['L', 'W', 'W', 'W', 'L']",EuroCup-2024-25,U2024,2024-25,U,2024,2024-06-29T00:00:00,d7fbf7bc-fa38-436d-be58-359f792d76e5,1,Group A,A,RS,REGULAR SEASON,Regular Season,True,TRN,Dolomiti Energia Trento,Trento,,TRE,False,https://media-cdn.incrowdsports.com/00c5cc07-732c-43c3-9d6e-5440594a25f8.png,79,79,HTA,Hapoel Shlomo Tel Aviv,Hapoel Tel Aviv,,HTA,False,https://media-cdn.incrowdsports.com/cbb1c3ad-03d5-426a-b5ef-2832a4eee484.png,73,73
2024,RS,45,5,Round 5,Round 5,True,2024-10-23T19:30:00,True,True,2,2024-10-23T19:30:00,2024-10-23T17:30:00Z,"['L', 'L', 'W', 'W', 'L']","['W', 'W', 'L', 'W', 'W']",EuroCup-2024-25,U2024,2024-25,U,2024,2024-06-29T00:00:00,d7fbf7bc-fa38-436d-be58-359f792d76e5,1,Group A,A,RS,REGULAR SEASON,Regular Season,True,BUD,Buducnost VOLI Podgorica,Buducnost,,BUD,False,https://media-cdn.incrowdsports.com/47161285-94b3-4266-9d23-b722e8600945.png,75,75,BAH,Bahcesehir College Istanbul,Bahcesehir,,BKS,False,https://media-cdn.incrowdsports.com/1d3274d8-da86-4d21-9e97-6810ab88babe.png,92,92
2024,RS,46,5,Round 5,Round 5,True,2024-10-23T18:30:00,True,True,3,2024-10-23T19:30:00,2024-10-23T16:30:00Z,"['L', 'W', 'W', 'W', 'L']","['L', 'L', 'L', 'W', 'W']",EuroCup-2024-25,U2024,2024-25,U,2024,2024-06-29T00:00:00,52dd6cf6-70fb-4327-b4d3-fa0b48db829d,2,Group B,B,RS,REGULAR SEASON,Regular Season,True,JER,Hapoel Bank Yahav Jerusalem,Hapoel Jerusalem,,JLM,False,https://media-cdn.incrowdsports.com/8058e0c5-3042-45e1-9423-f93f33c54576.png,73,73,CLU,U-BT Cluj-Napoca,Cluj,,UBT,False,https://media-cdn.incrowdsports.com/ae3e2844-0615-41bb-a788-a4f0d54b8d5e.png,81,81
2024,RS,47,5,Round 5,Round 5,True,2024-10-22T20:00:00,True,True,2,2024-10-22T20:00:00,2024-10-22T18:00:00Z,"['W', 'L', 'L', 'L', 'W']","['L', 'L', 'L', 'L', 'L']",EuroCup-2024-25,U2024,2024-25,U,2024,2024-06-29T00:00:00,52dd6cf6-70fb-4327-b4d3-fa0b48db829d,2,Group B,B,RS,REGULAR SEASON,Regular Season,True,VNC,Umana Reyer Venice,Reyer Venice,,URV,False,https://media-cdn.incrowdsports.com/104f5074-9f23-47da-a21f-f2078db8244c.png,80,80,HAM,Veolia Towers Hamburg,Hamburg,,HAM,False,https://media-cdn.incrowdsports.com/5ef8be01-ad71-42c2-aa02-d5c7a9495258.png,68,68
2024,RS,48,5,Round 5,Round 5,True,2024-10-23T18:30:00,True,True,3,2024-10-23T19:30:00,2024-10-23T16:30:00Z,"['W', 'W', 'W', 'L', 'L']","['W', 'W', 'W', 'W', 'W']",EuroCup-2024-25,U2024,2024-25,U,2024,2024-06-29T00:00:00,52dd6cf6-70fb-4327-b4d3-fa0b48db829d,2,Group B,B,RS,REGULAR SEASON,Regular Season,True,TTK,Turk Telekom Ankara,Turk Telekom,,TTA,False,https://media-cdn.incrowdsports.com/4ba35608-54ca-4800-a59c-f2571e6f8e13.png,87,87,PAM,Valencia Basket,Valencia,,VBC,False,https://media-cdn.cortextech.io/d88f3c71-1519-4b19-8cfb-99e26a4c008e.png,101,101
2024,RS,49,5,Round 5,Round 5,True,2024-10-22T18:00:00,True,True,3,2024-10-22T19:00:00,2024-10-22T16:00:00Z,"['L', 'L', 'L', 'L', 'W']","['W', 'W', 'W', 'W', 'L']",EuroCup-2024-25,U2024,2024-25,U,2024,2024-06-29T00:00:00,52dd6cf6-70fb-4327-b4d3-fa0b48db829d,2,Group B,B,RS,REGULAR SEASON,Regular Season,True,LKB,7Bet-Lietkabelis Panevezys,Lietkabelis,,LIE,False,https://media-cdn.cortextech.io/ffcb6e37-31f4-48f6-91c2-a8c9a6f791a9.png,84,84,BOU,Cosea JL Bourg-en-Bresse,Bourg,,JLB,False,https://media-cdn.incrowdsports.com/d4225e1b-7c1b-4382-98d4-ca8511c64441.png,80,80
2024,RS,50,5,Round 5,Round 5,True,2024-10-23T19:00:00,True,True,3,2024-10-23T20:00:00,2024-10-23T17:00:00Z,"['L', 'L', 'W', 'L', 'L']","['W', 'W', 'L', 'W', 'W']",EuroCup-2024-25,U2024,2024-25,U,2024,2024-06-29T00:00:00,52dd6cf6-70fb-4327-b4d3-fa0b48db829d,2,Group B,B,RS,REGULAR SEASON,Regular Season,True,ARI,Aris Midea Thessaloniki,Aris,,ARI,False,https://media-cdn.cortextech.io/28be84d9-ad7e-43b3-8d8c-822bb76b8a9e.png,75,75,LJU,Cedevita Olimpija Ljubljana,Cedevita Olimpija,,COL,False,https://media-cdn.incrowdsports.com/73b33d13-570e-4e49-a9cb-fe806831eaa7.png,82,82
2024,RS,51,6,Round 6,Round 6,True,2024-10-30T17:00:00,True,True,3,2024-10-30T19:00:00,2024-10-30T16:00:00Z,"['W', 'L', 'W', 'W', 'W']","['L', 'L', 'L', 'L', 'L']",EuroCup-2024-25,U2024,2024-25,U,2024,2024-06-29T00:00:00,d7fbf7bc-fa38-436d-be58-359f792d76e5,1,Group A,A,RS,REGULAR SEASON,Regular Season,True,BAH,Bahcesehir College Istanbul,Bahcesehir,,BKS,False,https://media-cdn.incrowdsports.com/1d3274d8-da86-4d21-9e97-6810ab88babe.png,79,79,TSO,Trefl Sopot,Sopot,,SOP,False,https://media-cdn.incrowdsports.com/9ef7b3dd-9f80-4639-964d-9db4dfe436ee.png,67,67
2024,RS,52,6,Round 6,Round 6,True,2024-10-30T19:00:00,True,True,2,2024-10-30T20:00:00,2024-10-30T18:00:00Z,"['W', 'W', 'W', 'L', 'W']","['L', 'W', 'W', 'L', 'L']",EuroCup-2024-25,U2024,2024-25,U,2024,2024-06-29T00:00:00,d7fbf7bc-fa38-436d-be58-359f792d76e5,1,Group A,A,RS,REGULAR SEASON,Regular Season,True,HTA,Hapoel Shlomo Tel Aviv,Hapoel Tel Aviv,,HTA,False,https://media-cdn.incrowdsports.com/cbb1c3ad-03d5-426a-b5ef-2832a4eee484.png,92,92,BUD,Buducnost VOLI Podgorica,Buducnost,,BUD,False,https://media-cdn.incrowdsports.com/47161285-94b3-4266-9d23-b722e8600945.png,72,72
2024,RS,53,6,Round 6,Round 6,True,2024-10-30T19:00:00,True,True,1,2024-10-30T19:00:00,2024-10-30T18:00:00Z,"['W', 'W', 'L', 'L', 'W']","['W', 'L', 'L', 'W', 'L']",EuroCup-2024-25,U2024,2024-25,U,2024,2024-06-29T00:00:00,d7fbf7bc-fa38-436d-be58-359f792d76e5,1,Group A,A,RS,REGULAR SEASON,Regular Season,True,ULM,ratiopharm Ulm,Ulm,,ULM,False,https://media-cdn.incrowdsports.com/497dc717-214d-4c03-8c67-0c4870278aa0.png,84,84,TRN,Dolomiti Energia Trento,Trento,,TRE,False,https://media-cdn.incrowdsports.com/00c5cc07-732c-43c3-9d6e-5440594a25f8.png,82,82
2024,RS,54,6,Round 6,Round 6,True,2024-10-29T20:30:00,True,True,1,2024-10-29T20:30:00,2024-10-29T19:30:00Z,"['L', 'W', 'L', 'L', 'L']","['W', 'W', 'L', 'W', 'W']",EuroCup-2024-25,U2024,2024-25,U,2024,2024-06-29T00:00:00,d7fbf7bc-fa38-436d-be58-359f792d76e5,1,Group A,A,RS,REGULAR SEASON,Regular Season,True,JOV,Joventut Badalona,Joventut,,CJB,False,https://media-cdn.incrowdsports.com/4867b9ca-abc6-48fd-a47f-011904a74bf8.png,76,67,CAN,Dreamland Gran Canaria,Gran Canaria,,DGC,False,https://media-cdn.incrowdsports.com/a074edc1-e180-4515-a876-447884b570b1.png,78,67
2024,RS,55,6,Round 6,Round 6,True,2024-10-29T18:00:00,True,True,2,2024-10-29T19:00:00,2024-10-29T17:00:00Z,"['L', 'L', 'W', 'W', 'W']","['L', 'L', 'W', 'W', 'L']",EuroCup-2024-25,U2024,2024-25,U,2024,2024-06-29T00:00:00,d7fbf7bc-fa38-436d-be58-359f792d76e5,1,Group A,A,RS,REGULAR SEASON,Regular Season,True,WOL,Wolves Twinsbet Vilnius,Wolves,,WLV,False,https://media-cdn.incrowdsports.com/bab91c74-fc2e-4176-9db5-06f40e0e6759.png,93,93,BES,Besiktas Fibabanka Istanbul,Besiktas,,BJK,False,https://media-cdn.cortextech.io/7d37b2d0-2a4a-4a86-bf2c-266bd8da7cac.png,78,78
2024,RS,56,6,Round 6,Round 6,True,2024-10-30T18:30:00,True,True,1,2024-10-30T18:30:00,2024-10-30T17:30:00Z,"['W', 'L', 'W', 'W', 'L']","['W', 'W', 'W', 'L', 'W']",EuroCup-2024-25,U2024,2024-25,U,2024,2024-06-29T00:00:00,52dd6cf6-70fb-4327-b4d3-fa0b48db829d,2,Group B,B,RS,REGULAR SEASON,Regular Season,True,LJU,Cedevita Olimpija Ljubljana,Cedevita Olimpija,,COL,False,https://media-cdn.incrowdsports.com/73b33d13-570e-4e49-a9cb-fe806831eaa7.png,83,83,JER,Hapoel Bank Yahav Jerusalem,Hapoel Jerusalem,,JLM,False,https://media-cdn.incrowdsports.com/8058e0c5-3042-45e1-9423-f93f33c54576.png,94,94
2024,RS,57,6,Round 6,Round 6,True,2024-10-30T19:30:00,True,True,1,2024-10-30T19:30:00,2024-10-30T18:30:00Z,"['W', 'W', 'W', 'L', 'L']","['L', 'W', 'L', 'L', 'W']",EuroCup-2024-25,U2024,2024-25,U,2024,2024-06-29T00:00:00,52dd6cf6-70fb-4327-b4d3-fa0b48db829d,2,Group B,B,RS,REGULAR SEASON,Regular Season,True,BOU,Cosea JL Bourg-en-Bresse,Bourg,,JLB,False,https://media-cdn.incrowdsports.com/d4225e1b-7c1b-4382-98d4-ca8511c64441.png,88,88,ARI,Aris Midea Thessaloniki,Aris,,ARI,False,https://media-cdn.cortextech.io/28be84d9-ad7e-43b3-8d8c-822bb76b8a9e.png,91,91
2024,RS,58,6,Round 6,Round 6,True,2024-12-20T20:30:00,True,True,1,2024-12-20T20:30:00,2024-12-20T19:30:00Z,"['W', 'W', 'W', 'W', 'L']","['L', 'L', 'L', 'W', 'W']",EuroCup-2024-25,U2024,2024-25,U,2024,2024-06-29T00:00:00,52dd6cf6-70fb-4327-b4d3-fa0b48db829d,2,Group B,B,RS,REGULAR SEASON,Regular Season,True,PAM,Valencia Basket,Valencia,,VBC,False,https://media-cdn.cortextech.io/d88f3c71-1519-4b19-8cfb-99e26a4c008e.png,106,97,LKB,7Bet-Lietkabelis Panevezys,Lietkabelis,,LIE,False,https://media-cdn.cortextech.io/ffcb6e37-31f4-48f6-91c2-a8c9a6f791a9.png,107,97
2024,RS,59,6,Round 6,Round 6,True,2024-10-29T19:30:00,True,True,1,2024-10-29T19:30:00,2024-10-29T18:30:00Z,"['L', 'L', 'L', 'L', 'W']","['W', 'W', 'L', 'L', 'L']",EuroCup-2024-25,U2024,2024-25,U,2024,2024-06-29T00:00:00,52dd6cf6-70fb-4327-b4d3-fa0b48db829d,2,Group B,B,RS,REGULAR SEASON,Regular Season,True,HAM,Veolia Towers Hamburg,Hamburg,,HAM,False,https://media-cdn.incrowdsports.com/5ef8be01-ad71-42c2-aa02-d5c7a9495258.png,89,89,TTK,Turk Telekom Ankara,Turk Telekom,,TTA,False,https://media-cdn.incrowdsports.com/4ba35608-54ca-4800-a59c-f2571e6f8e13.png,77,77
2024,RS,60,6,Round 6,Round 6,True,2024-10-30T18:00:00,True,True,2,2024-10-30T19:00:00,2024-10-30T17:00:00Z,"['L', 'L', 'W', 'W', 'W']","['L', 'L', 'L', 'W', 'L']",EuroCup-2024-25,U2024,2024-25,U,2024,2024-06-29T00:00:00,52dd6cf6-70fb-4327-b4d3-fa0b48db829d,2,Group B,B,RS,REGULAR SEASON,Regular Season,True,CLU,U-BT Cluj-Napoca,Cluj,,UBT,False,https://media-cdn.incrowdsports.com/ae3e2844-0615-41bb-a788-a4f0d54b8d5e.png,86,86,VNC,Umana Reyer Venice,Reyer Venice,,URV,False,https://media-cdn.incrowdsports.com/104f5074-9f23-47da-a21f-f2078db8244c.png,78,78
2024,RS,61,7,Round 7,Round 7,True,2024-11-05T19:00:00,True,True,1,2024-11-05T19:00:00,2024-11-05T18:00:00Z,"['L', 'L', 'L', 'L', 'L']","['L', 'W', 'W', 'L', 'W']",EuroCup-2024-25,U2024,2024-25,U,2024,2024-06-29T00:00:00,d7fbf7bc-fa38-436d-be58-359f792d76e5,1,Group A,A,RS,REGULAR SEASON,Regular Season,True,TSO,Trefl Sopot,Sopot,,SOP,False,https://media-cdn.incrowdsports.com/9ef7b3dd-9f80-4639-964d-9db4dfe436ee.png,79,79,BES,Besiktas Fibabanka Istanbul,Besiktas,,BJK,False,https://media-cdn.cortextech.io/7d37b2d0-2a4a-4a86-bf2c-266bd8da7cac.png,100,100
2024,RS,62,7,Round 7,Round 7,True,2024-11-06T21:00:00,True,True,0,2024-11-06T20:00:00,2024-11-06T20:00:00Z,"['W', 'L', 'W', 'W', 'L']","['L', 'W', 'W', 'W', 'W']",EuroCup-2024-25,U2024,2024-25,U,2024,2024-06-29T00:00:00,d7fbf7bc-fa38-436d-be58-359f792d76e5,1,Group A,A,RS,REGULAR SEASON,Regular Season,True,CAN,Dreamland Gran Canaria,Gran Canaria,,DGC,False,https://media-cdn.incrowdsports.com/a074edc1-e180-4515-a876-447884b570b1.png,66,66,WOL,Wolves Twinsbet Vilnius,Wolves,,WLV,False,https://media-cdn.incrowdsports.com/bab91c74-fc2e-4176-9db5-06f40e0e6759.png,68,68
2024,RS,63,7,Round 7,Round 7,True,2024-11-05T20:00:00,True,True,1,2024-11-05T20:00:00,2024-11-05T19:00:00Z,"['L', 'L', 'W', 'L', 'W']","['W', 'L', 'L', 'L', 'L']",EuroCup-2024-25,U2024,2024-25,U,2024,2024-06-29T00:00:00,d7fbf7bc-fa38-436d-be58-359f792d76e5,1,Group A,A,RS,REGULAR SEASON,Regular Season,True,TRN,Dolomiti Energia Trento,Trento,,TRE,False,https://media-cdn.incrowdsports.com/00c5cc07-732c-43c3-9d6e-5440594a25f8.png,87,87,JOV,Joventut Badalona,Joventut,,CJB,False,https://media-cdn.incrowdsports.com/4867b9ca-abc6-48fd-a47f-011904a74bf8.png,85,85
2024,RS,64,7,Round 7,Round 7,True,2024-11-06T19:45:00,True,True,1,2024-11-06T19:45:00,2024-11-06T18:45:00Z,"['W', 'W', 'L', 'L', 'W']","['W', 'L', 'L', 'W', 'L']",EuroCup-2024-25,U2024,2024-25,U,2024,2024-06-29T00:00:00,d7fbf7bc-fa38-436d-be58-359f792d76e5,1,Group A,A,RS,REGULAR SEASON,Regular Season,True,BUD,Buducnost VOLI Podgorica,Buducnost,,BUD,False,https://media-cdn.incrowdsports.com/47161285-94b3-4266-9d23-b722e8600945.png,105,88,ULM,ratiopharm Ulm,Ulm,,ULM,False,https://media-cdn.incrowdsports.com/497dc717-214d-4c03-8c67-0c4870278aa0.png,100,88
2024,RS,65,7,Round 7,Round 7,True,2024-11-05T20:00:00,True,True,1,2024-11-05T20:00:00,2024-11-05T19:00:00Z,"['L', 'W', 'W', 'W', 'W']","['W', 'W', 'L', 'W', 'L']",EuroCup-2024-25,U2024,2024-25,U,2024,2024-06-29T00:00:00,d7fbf7bc-fa38-436d-be58-359f792d76e5,1,Group A,A,RS,REGULAR SEASON,Regular Season,True,BAH,Bahcesehir College Istanbul,Bahcesehir,,BKS,False,https://media-cdn.incrowdsports.com/1d3274d8-da86-4d21-9e97-6810ab88babe.png,90,90,HTA,Hapoel Shlomo Tel Aviv,Hapoel Tel Aviv,,HTA,False,https://media-cdn.incrowdsports.com/cbb1c3ad-03d5-426a-b5ef-2832a4eee484.png,82,82
2024,RS,66,7,Round 7,Round 7,True,2024-11-06T19:00:00,True,True,2,2024-11-06T20:00:00,2024-11-06T18:00:00Z,"['W', 'W', 'L', 'W', 'W']","['L', 'L', 'W', 'L', 'L']",EuroCup-2024-25,U2024,2024-25,U,2024,2024-06-29T00:00:00,52dd6cf6-70fb-4327-b4d3-fa0b48db829d,2,Group B,B,RS,REGULAR SEASON,Regular Season,True,JER,Hapoel Bank Yahav Jerusalem,Hapoel Jerusalem,,JLM,False,https://media-cdn.incrowdsports.com/8058e0c5-3042-45e1-9423-f93f33c54576.png,94,94,VNC,Umana Reyer Venice,Reyer Venice,,URV,False,https://media-cdn.incrowdsports.com/104f5074-9f23-47da-a21f-f2078db8244c.png,66,66
2024,RS,67,7,Round 7,Round 7,True,2024-11-06T17:30:00,True,True,3,2024-11-06T19:30:00,2024-11-06T16:30:00Z,"['W', 'L', 'L', 'L', 'W']","['L', 'W', 'W', 'W', 'L']",EuroCup-2024-25,U2024,2024-25,U,2024,2024-06-29T00:00:00,52dd6cf6-70fb-4327-b4d3-fa0b48db829d,2,Group B,B,RS,REGULAR SEASON,Regular Season,True,TTK,Turk Telekom Ankara,Turk Telekom,,TTA,False,https://media-cdn.incrowdsports.com/4ba35608-54ca-4800-a59c-f2571e6f8e13.png,99,99,CLU,U-BT Cluj-Napoca,Cluj,,UBT,False,https://media-cdn.incrowdsports.com/ae3e2844-0615-41bb-a788-a4f0d54b8d5e.png,80,80
2024,RS,68,7,Round 7,Round 7,True,2024-11-06T18:00:00,True,True,2,2024-11-06T19:00:00,2024-11-06T17:00:00Z,"['L', 'L', 'W', 'W', 'W']","['L', 'L', 'L', 'W', 'L']",EuroCup-2024-25,U2024,2024-25,U,2024,2024-06-29T00:00:00,52dd6cf6-70fb-4327-b4d3-fa0b48db829d,2,Group B,B,RS,REGULAR SEASON,Regular Season,True,LKB,7Bet-Lietkabelis Panevezys,Lietkabelis,,LIE,False,https://media-cdn.cortextech.io/ffcb6e37-31f4-48f6-91c2-a8c9a6f791a9.png,91,91,HAM,Veolia Towers Hamburg,Hamburg,,HAM,False,https://media-cdn.incrowdsports.com/5ef8be01-ad71-42c2-aa02-d5c7a9495258.png,68,68
2024,RS,69,7,Round 7,Round 7,True,2024-11-06T19:00:00,True,True,2,2024-11-06T20:00:00,2024-11-06T18:00:00Z,"['W', 'L', 'L', 'W', 'L']","['W', 'W', 'W', 'W', 'L']",EuroCup-2024-25,U2024,2024-25,U,2024,2024-06-29T00:00:00,52dd6cf6-70fb-4327-b4d3-fa0b48db829d,2,Group B,B,RS,REGULAR SEASON,Regular Season,True,ARI,Aris Midea Thessaloniki,Aris,,ARI,False,https://media-cdn.cortextech.io/28be84d9-ad7e-43b3-8d8c-822bb76b8a9e.png,59,59,PAM,Valencia Basket,Valencia,,VBC,False,https://media-cdn.cortextech.io/d88f3c71-1519-4b19-8cfb-99e26a4c008e.png,63,63
2024,RS,70,7,Round 7,Round 7,True,2024-11-06T18:30:00,True,True,1,2024-11-06T18:30:00,2024-11-06T17:30:00Z,"['L', 'W', 'W', 'L', 'L']","['W', 'W', 'L', 'L', 'W']",EuroCup-2024-25,U2024,2024-25,U,2024,2024-06-29T00:00:00,52dd6cf6-70fb-4327-b4d3-fa0b48db829d,2,Group B,B,RS,REGULAR SEASON,Regular Season,True,LJU,Cedevita Olimpija Ljubljana,Cedevita Olimpija,,COL,False,https://media-cdn.incrowdsports.com/73b33d13-570e-4e49-a9cb-fe806831eaa7.png,83,83,BOU,Cosea JL Bourg-en-Bresse,Bourg,,JLB,False,https://media-cdn.incrowdsports.com/d4225e1b-7c1b-4382-98d4-ca8511c64441.png,90,90
2024,RS,71,8,Round 8,Round 8,True,2024-11-12T19:00:00,True,True,1,2024-11-12T19:00:00,2024-11-12T18:00:00Z,"['L', 'L', 'L', 'L', 'L']","['W', 'L', 'W', 'L', 'W']",EuroCup-2024-25,U2024,2024-25,U,2024,2024-06-29T00:00:00,d7fbf7bc-fa38-436d-be58-359f792d76e5,1,Group A,A,RS,REGULAR SEASON,Regular Season,True,TSO,Trefl Sopot,Sopot,,SOP,False,https://media-cdn.incrowdsports.com/9ef7b3dd-9f80-4639-964d-9db4dfe436ee.png,64,64,HTA,Hapoel Shlomo Tel Aviv,Hapoel Tel Aviv,,HTA,False,https://media-cdn.incrowdsports.com/cbb1c3ad-03d5-426a-b5ef-2832a4eee484.png,93,93
2024,RS,72,8,Round 8,Round 8,True,2024-11-13T19:00:00,True,True,1,2024-11-13T19:00:00,2024-11-13T18:00:00Z,"['L', 'L', 'W', 'L', 'L']","['W', 'W', 'W', 'W', 'W']",EuroCup-2024-25,U2024,2024-25,U,2024,2024-06-29T00:00:00,d7fbf7bc-fa38-436d-be58-359f792d76e5,1,Group A,A,RS,REGULAR SEASON,Regular Season,True,ULM,ratiopharm Ulm,Ulm,,ULM,False,https://media-cdn.incrowdsports.com/497dc717-214d-4c03-8c67-0c4870278aa0.png,72,72,BAH,Bahcesehir College Istanbul,Bahcesehir,,BKS,False,https://media-cdn.incrowdsports.com/1d3274d8-da86-4d21-9e97-6810ab88babe.png,80,80
2024,RS,73,8,Round 8,Round 8,True,2024-11-13T20:30:00,True,True,1,2024-11-13T20:30:00,2024-11-13T19:30:00Z,"['L', 'L', 'L', 'L', 'W']","['W', 'L', 'L', 'W', 'L']",EuroCup-2024-25,U2024,2024-25,U,2024,2024-06-29T00:00:00,d7fbf7bc-fa38-436d-be58-359f792d76e5,1,Group A,A,RS,REGULAR SEASON,Regular Season,True,JOV,Joventut Badalona,Joventut,,CJB,False,https://media-cdn.incrowdsports.com/4867b9ca-abc6-48fd-a47f-011904a74bf8.png,78,78,BUD,Buducnost VOLI Podgorica,Buducnost,,BUD,False,https://media-cdn.incrowdsports.com/47161285-94b3-4266-9d23-b722e8600945.png,72,72
2024,RS,74,8,Round 8,Round 8,True,2024-11-12T18:00:00,True,True,2,2024-11-12T19:00:00,2024-11-12T17:00:00Z,"['W', 'W', 'W', 'W', 'W']","['L', 'W', 'L', 'W', 'L']",EuroCup-2024-25,U2024,2024-25,U,2024,2024-06-29T00:00:00,d7fbf7bc-fa38-436d-be58-359f792d76e5,1,Group A,A,RS,REGULAR SEASON,Regular Season,True,WOL,Wolves Twinsbet Vilnius,Wolves,,WLV,False,https://media-cdn.incrowdsports.com/bab91c74-fc2e-4176-9db5-06f40e0e6759.png,88,88,TRN,Dolomiti Energia Trento,Trento,,TRE,False,https://media-cdn.incrowdsports.com/00c5cc07-732c-43c3-9d6e-5440594a25f8.png,83,83
2024,RS,75,8,Round 8,Round 8,True,2024-11-13T18:00:00,True,True,3,2024-11-13T20:00:00,2024-11-13T17:00:00Z,"['W', 'W', 'L', 'W', 'L']","['L', 'W', 'W', 'L', 'W']",EuroCup-2024-25,U2024,2024-25,U,2024,2024-06-29T00:00:00,d7fbf7bc-fa38-436d-be58-359f792d76e5,1,Group A,A,RS,REGULAR SEASON,Regular Season,True,BES,Besiktas Fibabanka Istanbul,Besiktas,,BJK,False,https://media-cdn.cortextech.io/7d37b2d0-2a4a-4a86-bf2c-266bd8da7cac.png,74,74,CAN,Dreamland Gran Canaria,Gran Canaria,,DGC,False,https://media-cdn.incrowdsports.com/a074edc1-e180-4515-a876-447884b570b1.png,76,76
2024,RS,76,8,Round 8,Round 8,True,2024-11-13T19:00:00,True,True,2,2024-11-13T20:00:00,2024-11-13T18:00:00Z,"['W', 'L', 'W', 'W', 'W']","['W', 'L', 'L', 'W', 'L']",EuroCup-2024-25,U2024,2024-25,U,2024,2024-06-29T00:00:00,52dd6cf6-70fb-4327-b4d3-fa0b48db829d,2,Group B,B,RS,REGULAR SEASON,Regular Season,True,JER,Hapoel Bank Yahav Jerusalem,Hapoel Jerusalem,,JLM,False,https://media-cdn.incrowdsports.com/8058e0c5-3042-45e1-9423-f93f33c54576.png,86,86,BOU,Cosea JL Bourg-en-Bresse,Bourg,,JLB,False,https://media-cdn.incrowdsports.com/d4225e1b-7c1b-4382-98d4-ca8511c64441.png,77,77
2024,RS,77,8,Round 8,Round 8,True,2024-11-12T20:30:00,True,True,1,2024-11-12T20:30:00,2024-11-12T19:30:00Z,"['W', 'W', 'W', 'W', 'L']","['W', 'W', 'L', 'L', 'L']",EuroCup-2024-25,U2024,2024-25,U,2024,2024-06-29T00:00:00,52dd6cf6-70fb-4327-b4d3-fa0b48db829d,2,Group B,B,RS,REGULAR SEASON,Regular Season,True,PAM,Valencia Basket,Valencia,,VBC,False,https://media-cdn.cortextech.io/d88f3c71-1519-4b19-8cfb-99e26a4c008e.png,109,109,LJU,Cedevita Olimpija Ljubljana,Cedevita Olimpija,,COL,False,https://media-cdn.incrowdsports.com/73b33d13-570e-4e49-a9cb-fe806831eaa7.png,80,80
2024,RS,78,8,Round 8,Round 8,True,2024-11-12T19:30:00,True,True,1,2024-11-12T19:30:00,2024-11-12T18:30:00Z,"['L', 'L', 'W', 'L', 'W']","['L', 'L', 'W', 'L', 'L']",EuroCup-2024-25,U2024,2024-25,U,2024,2024-06-29T00:00:00,52dd6cf6-70fb-4327-b4d3-fa0b48db829d,2,Group B,B,RS,REGULAR SEASON,Regular Season,True,HAM,Veolia Towers Hamburg,Hamburg,,HAM,False,https://media-cdn.incrowdsports.com/5ef8be01-ad71-42c2-aa02-d5c7a9495258.png,93,93,ARI,Aris Midea Thessaloniki,Aris,,ARI,False,https://media-cdn.cortextech.io/28be84d9-ad7e-43b3-8d8c-822bb76b8a9e.png,69,69
2024,RS,79,8,Round 8,Round 8,True,2024-11-13T18:00:00,True,True,2,2024-11-13T19:00:00,2024-11-13T17:00:00Z,"['W', 'W', 'W', 'L', 'W']","['L', 'W', 'W', 'L', 'W']",EuroCup-2024-25,U2024,2024-25,U,2024,2024-06-29T00:00:00,52dd6cf6-70fb-4327-b4d3-fa0b48db829d,2,Group B,B,RS,REGULAR SEASON,Regular Season,True,CLU,U-BT Cluj-Napoca,Cluj,,UBT,False,https://media-cdn.incrowdsports.com/ae3e2844-0615-41bb-a788-a4f0d54b8d5e.png,100,100,LKB,7Bet-Lietkabelis Panevezys,Lietkabelis,,LIE,False,https://media-cdn.cortextech.io/ffcb6e37-31f4-48f6-91c2-a8c9a6f791a9.png,93,93
2024,RS,80,8,Round 8,Round 8,True,2024-11-13T20:00:00,True,True,1,2024-11-13T20:00:00,2024-11-13T19:00:00Z,"['L', 'W', 'L', 'L', 'W']","['L', 'L', 'L', 'W', 'L']",EuroCup-2024-25,U2024,2024-25,U,2024,2024-06-29T00:00:00,52dd6cf6-70fb-4327-b4d3-fa0b48db829d,2,Group B,B,RS,REGULAR SEASON,Regular Season,True,VNC,Umana Reyer Venice,Reyer Venice,,URV,False,https://media-cdn.incrowdsports.com/104f5074-9f23-47da-a21f-f2078db8244c.png,75,75,TTK,Turk Telekom Ankara,Turk Telekom,,TTA,False,https://media-cdn.incrowdsports.com/4ba35608-54ca-4800-a59c-f2571e6f8e13.png,67,67
2024,RS,81,9,Round 9,Round 9,True,2024-11-28T21:00:00,True,True,0,2024-11-28T20:00:00,2024-11-28T20:00:00Z,"['W', 'W', 'L', 'W', 'W']","['L', 'L', 'L', 'L', 'L']",EuroCup-2024-25,U2024,2024-25,U,2024,2024-06-29T00:00:00,d7fbf7bc-fa38-436d-be58-359f792d76e5,1,Group A,A,RS,REGULAR SEASON,Regular Season,True,CAN,Dreamland Gran Canaria,Gran Canaria,,DGC,False,https://media-cdn.incrowdsports.com/a074edc1-e180-4515-a876-447884b570b1.png,84,84,TSO,Trefl Sopot,Sopot,,SOP,False,https://media-cdn.incrowdsports.com/9ef7b3dd-9f80-4639-964d-9db4dfe436ee.png,58,58
2024,RS,82,9,Round 9,Round 9,True,2024-11-28T20:00:00,True,True,1,2024-11-28T20:00:00,2024-11-28T19:00:00Z,"['W', 'L', 'W', 'L', 'L']","['W', 'L', 'W', 'L', 'W']",EuroCup-2024-25,U2024,2024-25,U,2024,2024-06-29T00:00:00,d7fbf7bc-fa38-436d-be58-359f792d76e5,1,Group A,A,RS,REGULAR SEASON,Regular Season,True,TRN,Dolomiti Energia Trento,Trento,,TRE,False,https://media-cdn.incrowdsports.com/00c5cc07-732c-43c3-9d6e-5440594a25f8.png,68,68,BES,Besiktas Fibabanka Istanbul,Besiktas,,BJK,False,https://media-cdn.cortextech.io/7d37b2d0-2a4a-4a86-bf2c-266bd8da7cac.png,83,83
2024,RS,83,9,Round 9,Round 9,True,2024-11-29T19:00:00,True,True,1,2024-11-29T19:00:00,2024-11-29T18:00:00Z,"['L', 'L', 'W', 'L', 'W']","['W', 'W', 'W', 'W', 'L']",EuroCup-2024-25,U2024,2024-25,U,2024,2024-06-29T00:00:00,d7fbf7bc-fa38-436d-be58-359f792d76e5,1,Group A,A,RS,REGULAR SEASON,Regular Season,True,BUD,Buducnost VOLI Podgorica,Buducnost,,BUD,False,https://media-cdn.incrowdsports.com/47161285-94b3-4266-9d23-b722e8600945.png,104,104,WOL,Wolves Twinsbet Vilnius,Wolves,,WLV,False,https://media-cdn.incrowdsports.com/bab91c74-fc2e-4176-9db5-06f40e0e6759.png,77,77
2024,RS,84,9,Round 9,Round 9,True,2024-11-28T17:00:00,True,True,3,2024-11-28T19:00:00,2024-11-28T16:00:00Z,"['W', 'W', 'W', 'W', 'W']","['L', 'L', 'L', 'W', 'L']",EuroCup-2024-25,U2024,2024-25,U,2024,2024-06-29T00:00:00,d7fbf7bc-fa38-436d-be58-359f792d76e5,1,Group A,A,RS,REGULAR SEASON,Regular Season,True,BAH,Bahcesehir College Istanbul,Bahcesehir,,BKS,False,https://media-cdn.incrowdsports.com/1d3274d8-da86-4d21-9e97-6810ab88babe.png,89,89,JOV,Joventut Badalona,Joventut,,CJB,False,https://media-cdn.incrowdsports.com/4867b9ca-abc6-48fd-a47f-011904a74bf8.png,78,78
2024,RS,85,9,Round 9,Round 9,True,2024-11-28T19:30:00,True,True,2,2024-11-28T20:30:00,2024-11-28T18:30:00Z,"['L', 'W', 'L', 'W', 'L']","['L', 'W', 'L', 'L', 'W']",EuroCup-2024-25,U2024,2024-25,U,2024,2024-06-29T00:00:00,d7fbf7bc-fa38-436d-be58-359f792d76e5,1,Group A,A,RS,REGULAR SEASON,Regular Season,True,HTA,Hapoel Shlomo Tel Aviv,Hapoel Tel Aviv,,HTA,False,https://media-cdn.incrowdsports.com/cbb1c3ad-03d5-426a-b5ef-2832a4eee484.png,80,80,ULM,ratiopharm Ulm,Ulm,,ULM,False,https://media-cdn.incrowdsports.com/497dc717-214d-4c03-8c67-0c4870278aa0.png,82,82
2024,RS,86,9,Round 9,Round 9,True,2024-11-28T19:30:00,True,True,1,2024-11-28T19:30:00,2024-11-28T18:30:00Z,"['L', 'L', 'W', 'L', 'L']","['L', 'W', 'W', 'W', 'W']",EuroCup-2024-25,U2024,2024-25,U,2024,2024-06-29T00:00:00,52dd6cf6-70fb-4327-b4d3-fa0b48db829d,2,Group B,B,RS,REGULAR SEASON,Regular Season,True,TTK,Turk Telekom Ankara,Turk Telekom,,TTA,False,https://media-cdn.incrowdsports.com/4ba35608-54ca-4800-a59c-f2571e6f8e13.png,77,77,JER,Hapoel Bank Yahav Jerusalem,Hapoel Jerusalem,,JLM,False,https://media-cdn.incrowdsports.com/8058e0c5-3042-45e1-9423-f93f33c54576.png,94,94
2024,RS,87,9,Round 9,Round 9,True,2024-11-28T18:00:00,True,True,2,2024-11-28T19:00:00,2024-11-28T17:00:00Z,"['W', 'W', 'L', 'L', 'W']","['W', 'L', 'L', 'W', 'W']",EuroCup-2024-25,U2024,2024-25,U,2024,2024-06-29T00:00:00,52dd6cf6-70fb-4327-b4d3-fa0b48db829d,2,Group B,B,RS,REGULAR SEASON,Regular Season,True,LKB,7Bet-Lietkabelis Panevezys,Lietkabelis,,LIE,False,https://media-cdn.cortextech.io/ffcb6e37-31f4-48f6-91c2-a8c9a6f791a9.png,93,86,VNC,Umana Reyer Venice,Reyer Venice,,URV,False,https://media-cdn.incrowdsports.com/104f5074-9f23-47da-a21f-f2078db8244c.png,100,86
2024,RS,88,9,Round 9,Round 9,True,2024-11-28T18:00:00,True,True,2,2024-11-28T19:00:00,2024-11-28T17:00:00Z,"['W', 'W', 'L', 'W', 'W']","['L', 'W', 'L', 'L', 'L']",EuroCup-2024-25,U2024,2024-25,U,2024,2024-06-29T00:00:00,52dd6cf6-70fb-4327-b4d3-fa0b48db829d,2,Group B,B,RS,REGULAR SEASON,Regular Season,True,CLU,U-BT Cluj-Napoca,Cluj,,UBT,False,https://media-cdn.incrowdsports.com/ae3e2844-0615-41bb-a788-a4f0d54b8d5e.png,87,87,ARI,Aris Midea Thessaloniki,Aris,,ARI,False,https://media-cdn.cortextech.io/28be84d9-ad7e-43b3-8d8c-822bb76b8a9e.png,79,79
2024,RS,89,9,Round 9,Round 9,True,2024-11-28T18:30:00,True,True,1,2024-11-28T18:30:00,2024-11-28T17:30:00Z,"['W', 'L', 'L', 'L', 'W']","['L', 'W', 'L', 'W', 'L']",EuroCup-2024-25,U2024,2024-25,U,2024,2024-06-29T00:00:00,52dd6cf6-70fb-4327-b4d3-fa0b48db829d,2,Group B,B,RS,REGULAR SEASON,Regular Season,True,LJU,Cedevita Olimpija Ljubljana,Cedevita Olimpija,,COL,False,https://media-cdn.incrowdsports.com/73b33d13-570e-4e49-a9cb-fe806831eaa7.png,95,95,HAM,Veolia Towers Hamburg,Hamburg,,HAM,False,https://media-cdn.incrowdsports.com/5ef8be01-ad71-42c2-aa02-d5c7a9495258.png,68,68
2024,RS,90,9,Round 9,Round 9,True,2024-11-28T19:30:00,True,True,1,2024-11-28T19:30:00,2024-11-28T18:30:00Z,"['L', 'L', 'W', 'L', 'L']","['W', 'W', 'W', 'W', 'L']",EuroCup-2024-25,U2024,2024-25,U,2024,2024-06-29T00:00:00,52dd6cf6-70fb-4327-b4d3-fa0b48db829d,2,Group B,B,RS,REGULAR SEASON,Regular Season,True,BOU,Cosea JL Bourg-en-Bresse,Bourg,,JLB,False,https://media-cdn.incrowdsports.com/d4225e1b-7c1b-4382-98d4-ca8511c64441.png,96,96,PAM,Valencia Basket,Valencia,,VBC,False,https://media-cdn.cortextech.io/d88f3c71-1519-4b19-8cfb-99e26a4c008e.png,107,107
2024,RS,91,10,Round 10,Round 10,True,2024-12-03T19:00:00,True,True,1,2024-12-03T19:00:00,2024-12-03T18:00:00Z,"['W', 'L', 'L', 'W', 'W']","['L', 'L', 'L', 'L', 'L']",EuroCup-2024-25,U2024,2024-25,U,2024,2024-06-29T00:00:00,d7fbf7bc-fa38-436d-be58-359f792d76e5,1,Group A,A,RS,REGULAR SEASON,Regular Season,True,ULM,ratiopharm Ulm,Ulm,,ULM,False,https://media-cdn.incrowdsports.com/497dc717-214d-4c03-8c67-0c4870278aa0.png,83,83,TSO,Trefl Sopot,Sopot,,SOP,False,https://media-cdn.incrowdsports.com/9ef7b3dd-9f80-4639-964d-9db4dfe436ee.png,69,69
2024,RS,92,10,Round 10,Round 10,True,2024-12-04T18:45:00,True,True,2,2024-12-04T19:45:00,2024-12-04T17:45:00Z,"['W', 'L', 'W', 'L', 'W']","['L', 'L', 'W', 'L', 'L']",EuroCup-2024-25,U2024,2024-25,U,2024,2024-06-29T00:00:00,d7fbf7bc-fa38-436d-be58-359f792d76e5,1,Group A,A,RS,REGULAR SEASON,Regular Season,True,HTA,Hapoel Shlomo Tel Aviv,Hapoel Tel Aviv,,HTA,False,https://media-cdn.incrowdsports.com/cbb1c3ad-03d5-426a-b5ef-2832a4eee484.png,95,95,JOV,Joventut Badalona,Joventut,,CJB,False,https://media-cdn.incrowdsports.com/4867b9ca-abc6-48fd-a47f-011904a74bf8.png,70,70
2024,RS,93,10,Round 10,Round 10,True,2024-12-04T17:00:00,True,True,3,2024-12-04T19:00:00,2024-12-04T16:00:00Z,"['W', 'W', 'W', 'W', 'W']","['W', 'W', 'W', 'L', 'L']",EuroCup-2024-25,U2024,2024-25,U,2024,2024-06-29T00:00:00,d7fbf7bc-fa38-436d-be58-359f792d76e5,1,Group A,A,RS,REGULAR SEASON,Regular Season,True,BAH,Bahcesehir College Istanbul,Bahcesehir,,BKS,False,https://media-cdn.incrowdsports.com/1d3274d8-da86-4d21-9e97-6810ab88babe.png,84,84,WOL,Wolves Twinsbet Vilnius,Wolves,,WLV,False,https://media-cdn.incrowdsports.com/bab91c74-fc2e-4176-9db5-06f40e0e6759.png,74,74
2024,RS,94,10,Round 10,Round 10,True,2024-12-04T19:00:00,True,True,1,2024-12-04T19:00:00,2024-12-04T18:00:00Z,"['L', 'W', 'L', 'W', 'L']","['L', 'W', 'L', 'W', 'W']",EuroCup-2024-25,U2024,2024-25,U,2024,2024-06-29T00:00:00,d7fbf7bc-fa38-436d-be58-359f792d76e5,1,Group A,A,RS,REGULAR SEASON,Regular Season,True,BUD,Buducnost VOLI Podgorica,Buducnost,,BUD,False,https://media-cdn.incrowdsports.com/47161285-94b3-4266-9d23-b722e8600945.png,88,88,BES,Besiktas Fibabanka Istanbul,Besiktas,,BJK,False,https://media-cdn.cortextech.io/7d37b2d0-2a4a-4a86-bf2c-266bd8da7cac.png,90,90
2024,RS,95,10,Round 10,Round 10,True,2024-12-03T20:00:00,True,True,1,2024-12-03T20:00:00,2024-12-03T19:00:00Z,"['L', 'W', 'L', 'L', 'L']","['W', 'L', 'W', 'W', 'W']",EuroCup-2024-25,U2024,2024-25,U,2024,2024-06-29T00:00:00,d7fbf7bc-fa38-436d-be58-359f792d76e5,1,Group A,A,RS,REGULAR SEASON,Regular Season,True,TRN,Dolomiti Energia Trento,Trento,,TRE,False,https://media-cdn.incrowdsports.com/00c5cc07-732c-43c3-9d6e-5440594a25f8.png,70,70,CAN,Dreamland Gran Canaria,Gran Canaria,,DGC,False,https://media-cdn.incrowdsports.com/a074edc1-e180-4515-a876-447884b570b1.png,81,81
2024,RS,96,10,Round 10,Round 10,True,2024-12-04T20:45:00,True,True,1,2024-12-04T20:45:00,2024-12-04T19:45:00Z,"['W', 'W', 'W', 'W', 'L']","['W', 'W', 'W', 'W', 'L']",EuroCup-2024-25,U2024,2024-25,U,2024,2024-06-29T00:00:00,52dd6cf6-70fb-4327-b4d3-fa0b48db829d,2,Group B,B,RS,REGULAR SEASON,Regular Season,True,PAM,Valencia Basket,Valencia,,VBC,False,https://media-cdn.cortextech.io/d88f3c71-1519-4b19-8cfb-99e26a4c008e.png,96,96,JER,Hapoel Bank Yahav Jerusalem,Hapoel Jerusalem,,JLM,False,https://media-cdn.incrowdsports.com/8058e0c5-3042-45e1-9423-f93f33c54576.png,83,83
2024,RS,97,10,Round 10,Round 10,True,2024-12-04T19:30:00,True,True,1,2024-12-04T19:30:00,2024-12-04T18:30:00Z,"['L', 'W', 'L', 'L', 'W']","['W', 'L', 'W', 'L', 'L']",EuroCup-2024-25,U2024,2024-25,U,2024,2024-06-29T00:00:00,52dd6cf6-70fb-4327-b4d3-fa0b48db829d,2,Group B,B,RS,REGULAR SEASON,Regular Season,True,BOU,Cosea JL Bourg-en-Bresse,Bourg,,JLB,False,https://media-cdn.incrowdsports.com/d4225e1b-7c1b-4382-98d4-ca8511c64441.png,93,93,HAM,Veolia Towers Hamburg,Hamburg,,HAM,False,https://media-cdn.incrowdsports.com/5ef8be01-ad71-42c2-aa02-d5c7a9495258.png,82,82
2024,RS,98,10,Round 10,Round 10,True,2024-12-03T18:30:00,True,True,1,2024-12-03T18:30:00,2024-12-03T17:30:00Z,"['L', 'L', 'L', 'W', 'W']","['W', 'L', 'W', 'W', 'L']",EuroCup-2024-25,U2024,2024-25,U,2024,2024-06-29T00:00:00,52dd6cf6-70fb-4327-b4d3-fa0b48db829d,2,Group B,B,RS,REGULAR SEASON,Regular Season,True,LJU,Cedevita Olimpija Ljubljana,Cedevita Olimpija,,COL,False,https://media-cdn.incrowdsports.com/73b33d13-570e-4e49-a9cb-fe806831eaa7.png,103,103,CLU,U-BT Cluj-Napoca,Cluj,,UBT,False,https://media-cdn.incrowdsports.com/ae3e2844-0615-41bb-a788-a4f0d54b8d5e.png,96,96
2024,RS,99,10,Round 10,Round 10,True,2024-12-04T19:00:00,True,True,2,2024-12-04T20:00:00,2024-12-04T18:00:00Z,"['W', 'L', 'L', 'L', 'L']","['L', 'L', 'W', 'W', 'W']",EuroCup-2024-25,U2024,2024-25,U,2024,2024-06-29T00:00:00,52dd6cf6-70fb-4327-b4d3-fa0b48db829d,2,Group B,B,RS,REGULAR SEASON,Regular Season,True,ARI,Aris Midea Thessaloniki,Aris,,ARI,False,https://media-cdn.cortextech.io/28be84d9-ad7e-43b3-8d8c-822bb76b8a9e.png,74,74,VNC,Umana Reyer Venice,Reyer Venice,,URV,False,https://media-cdn.incrowdsports.com/104f5074-9f23-47da-a21f-f2078db8244c.png,81,81
2024,RS,100,10,Round 10,Round 10,True,2024-12-04T18:00:00,True,True,2,2024-12-04T19:00:00,2024-12-04T17:00:00Z,"['W', 'L', 'L', 'L', 'W']","['L', 'W', 'L', 'L', 'W']",EuroCup-2024-25,U2024,2024-25,U,2024,2024-06-29T00:00:00,52dd6cf6-70fb-4327-b4d3-fa0b48db829d,2,Group B,B,RS,REGULAR SEASON,Regular Season,True,LKB,7Bet-Lietkabelis Panevezys,Lietkabelis,,LIE,False,https://media-cdn.cortextech.io/ffcb6e37-31f4-48f6-91c2-a8c9a6f791a9.png,93,93,TTK,Turk Telekom Ankara,Turk Telekom,,TTA,False,https://media-cdn.incrowdsports.com/4ba35608-54ca-4800-a59c-f2571e6f8e13.png,98,98
2024,RS,101,11,Round 11,Round 11,True,2024-12-10T19:00:00,True,True,1,2024-12-10T19:00:00,2024-12-10T18:00:00Z,"['L', 'L', 'L', 'L', 'L']","['W', 'L', 'L', 'L', 'W']",EuroCup-2024-25,U2024,2024-25,U,2024,2024-06-29T00:00:00,d7fbf7bc-fa38-436d-be58-359f792d76e5,1,Group A,A,RS,REGULAR SEASON,Regular Season,True,TSO,Trefl Sopot,Sopot,,SOP,False,https://media-cdn.incrowdsports.com/9ef7b3dd-9f80-4639-964d-9db4dfe436ee.png,70,70,TRN,Dolomiti Energia Trento,Trento,,TRE,False,https://media-cdn.incrowdsports.com/00c5cc07-732c-43c3-9d6e-5440594a25f8.png,82,82
2024,RS,102,11,Round 11,Round 11,True,2024-12-11T21:00:00,True,True,0,2024-12-11T20:00:00,2024-12-11T20:00:00Z,"['L', 'W', 'W', 'W', 'W']","['W', 'L', 'W', 'L', 'L']",EuroCup-2024-25,U2024,2024-25,U,2024,2024-06-29T00:00:00,d7fbf7bc-fa38-436d-be58-359f792d76e5,1,Group A,A,RS,REGULAR SEASON,Regular Season,True,CAN,Dreamland Gran Canaria,Gran Canaria,,DGC,False,https://media-cdn.incrowdsports.com/a074edc1-e180-4515-a876-447884b570b1.png,82,82,BUD,Buducnost VOLI Podgorica,Buducnost,,BUD,False,https://media-cdn.incrowdsports.com/47161285-94b3-4266-9d23-b722e8600945.png,71,71
2024,RS,103,11,Round 11,Round 11,True,2024-12-11T19:00:00,True,True,3,2024-12-11T21:00:00,2024-12-11T18:00:00Z,"['W', 'L', 'W', 'W', 'W']","['W', 'W', 'W', 'W', 'L']",EuroCup-2024-25,U2024,2024-25,U,2024,2024-06-29T00:00:00,d7fbf7bc-fa38-436d-be58-359f792d76e5,1,Group A,A,RS,REGULAR SEASON,Regular Season,True,BES,Besiktas Fibabanka Istanbul,Besiktas,,BJK,False,https://media-cdn.cortextech.io/7d37b2d0-2a4a-4a86-bf2c-266bd8da7cac.png,89,89,BAH,Bahcesehir College Istanbul,Bahcesehir,,BKS,False,https://media-cdn.incrowdsports.com/1d3274d8-da86-4d21-9e97-6810ab88babe.png,82,82
2024,RS,104,11,Round 11,Round 11,True,2024-12-11T17:30:00,True,True,2,2024-12-11T18:30:00,2024-12-11T16:30:00Z,"['W', 'W', 'L', 'L', 'W']","['L', 'W', 'L', 'W', 'L']",EuroCup-2024-25,U2024,2024-25,U,2024,2024-06-29T00:00:00,d7fbf7bc-fa38-436d-be58-359f792d76e5,1,Group A,A,RS,REGULAR SEASON,Regular Season,True,WOL,Wolves Twinsbet Vilnius,Wolves,,WLV,False,https://media-cdn.incrowdsports.com/bab91c74-fc2e-4176-9db5-06f40e0e6759.png,104,104,HTA,Hapoel Shlomo Tel Aviv,Hapoel Tel Aviv,,HTA,False,https://media-cdn.incrowdsports.com/cbb1c3ad-03d5-426a-b5ef-2832a4eee484.png,100,100
2024,RS,105,11,Round 11,Round 11,True,2024-12-11T20:30:00,True,True,1,2024-12-11T20:30:00,2024-12-11T19:30:00Z,"['L', 'W', 'L', 'L', 'L']","['L', 'L', 'W', 'W', 'W']",EuroCup-2024-25,U2024,2024-25,U,2024,2024-06-29T00:00:00,d7fbf7bc-fa38-436d-be58-359f792d76e5,1,Group A,A,RS,REGULAR SEASON,Regular Season,True,JOV,Joventut Badalona,Joventut,,CJB,False,https://media-cdn.incrowdsports.com/4867b9ca-abc6-48fd-a47f-011904a74bf8.png,88,88,ULM,ratiopharm Ulm,Ulm,,ULM,False,https://media-cdn.incrowdsports.com/497dc717-214d-4c03-8c67-0c4870278aa0.png,102,102
2024,RS,106,11,Round 11,Round 11,True,2024-12-11T19:30:00,True,True,2,2024-12-11T20:30:00,2024-12-11T18:30:00Z,"['W', 'W', 'W', 'L', 'L']","['L', 'L', 'L', 'W', 'W']",EuroCup-2024-25,U2024,2024-25,U,2024,2024-06-29T00:00:00,52dd6cf6-70fb-4327-b4d3-fa0b48db829d,2,Group B,B,RS,REGULAR SEASON,Regular Season,True,JER,Hapoel Bank Yahav Jerusalem,Hapoel Jerusalem,,JLM,False,https://media-cdn.incrowdsports.com/8058e0c5-3042-45e1-9423-f93f33c54576.png,87,87,LKB,7Bet-Lietkabelis Panevezys,Lietkabelis,,LIE,False,https://media-cdn.cortextech.io/ffcb6e37-31f4-48f6-91c2-a8c9a6f791a9.png,93,93
2024,RS,107,11,Round 11,Round 11,True,2024-12-11T17:30:00,True,True,3,2024-12-11T19:30:00,2024-12-11T16:30:00Z,"['W', 'L', 'L', 'W', 'W']","['L', 'L', 'L', 'L', 'L']",EuroCup-2024-25,U2024,2024-25,U,2024,2024-06-29T00:00:00,52dd6cf6-70fb-4327-b4d3-fa0b48db829d,2,Group B,B,RS,REGULAR SEASON,Regular Season,True,TTK,Turk Telekom Ankara,Turk Telekom,,TTA,False,https://media-cdn.incrowdsports.com/4ba35608-54ca-4800-a59c-f2571e6f8e13.png,87,87,ARI,Aris Midea Thessaloniki,Aris,,ARI,False,https://media-cdn.cortextech.io/28be84d9-ad7e-43b3-8d8c-822bb76b8a9e.png,77,77
2024,RS,108,11,Round 11,Round 11,True,2024-12-11T20:00:00,True,True,1,2024-12-11T20:00:00,2024-12-11T19:00:00Z,"['L', 'W', 'W', 'W', 'L']","['L', 'L', 'W', 'W', 'W']",EuroCup-2024-25,U2024,2024-25,U,2024,2024-06-29T00:00:00,52dd6cf6-70fb-4327-b4d3-fa0b48db829d,2,Group B,B,RS,REGULAR SEASON,Regular Season,True,VNC,Umana Reyer Venice,Reyer Venice,,URV,False,https://media-cdn.incrowdsports.com/104f5074-9f23-47da-a21f-f2078db8244c.png,75,75,LJU,Cedevita Olimpija Ljubljana,Cedevita Olimpija,,COL,False,https://media-cdn.incrowdsports.com/73b33d13-570e-4e49-a9cb-fe806831eaa7.png,80,80
2024,RS,109,11,Round 11,Round 11,True,2024-12-11T18:00:00,True,True,2,2024-12-11T19:00:00,2024-12-11T17:00:00Z,"['L', 'W', 'W', 'L', 'W']","['W', 'L', 'L', 'W', 'L']",EuroCup-2024-25,U2024,2024-25,U,2024,2024-06-29T00:00:00,52dd6cf6-70fb-4327-b4d3-fa0b48db829d,2,Group B,B,RS,REGULAR SEASON,Regular Season,True,CLU,U-BT Cluj-Napoca,Cluj,,UBT,False,https://media-cdn.incrowdsports.com/ae3e2844-0615-41bb-a788-a4f0d54b8d5e.png,89,89,BOU,Cosea JL Bourg-en-Bresse,Bourg,,JLB,False,https://media-cdn.incrowdsports.com/d4225e1b-7c1b-4382-98d4-ca8511c64441.png,86,86
2024,RS,110,11,Round 11,Round 11,True,2024-12-10T19:30:00,True,True,1,2024-12-10T19:30:00,2024-12-10T18:30:00Z,"['L', 'W', 'L', 'L', 'L']","['W', 'W', 'W', 'W', 'L']",EuroCup-2024-25,U2024,2024-25,U,2024,2024-06-29T00:00:00,52dd6cf6-70fb-4327-b4d3-fa0b48db829d,2,Group B,B,RS,REGULAR SEASON,Regular Season,True,HAM,Veolia Towers Hamburg,Hamburg,,HAM,False,https://media-cdn.incrowdsports.com/5ef8be01-ad71-42c2-aa02-d5c7a9495258.png,78,78,PAM,Valencia Basket,Valencia,,VBC,False,https://media-cdn.cortextech.io/d88f3c71-1519-4b19-8cfb-99e26a4c008e.png,86,86
2024,RS,111,12,Round 12,Round 12,True,2024-12-18T20:30:00,True,True,1,2024-12-18T20:30:00,2024-12-18T19:30:00Z,"['W', 'L', 'L', 'L', 'W']","['L', 'L', 'L', 'L', 'L']",EuroCup-2024-25,U2024,2024-25,U,2024,2024-06-29T00:00:00,d7fbf7bc-fa38-436d-be58-359f792d76e5,1,Group A,A,RS,REGULAR SEASON,Regular Season,True,JOV,Joventut Badalona,Joventut,,CJB,False,https://media-cdn.incrowdsports.com/4867b9ca-abc6-48fd-a47f-011904a74bf8.png,92,92,TSO,Trefl Sopot,Sopot,,SOP,False,https://media-cdn.incrowdsports.com/9ef7b3dd-9f80-4639-964d-9db4dfe436ee.png,89,89
2024,RS,112,12,Round 12,Round 12,True,2024-12-18T19:00:00,True,True,1,2024-12-18T19:00:00,2024-12-18T18:00:00Z,"['L', 'W', 'W', 'W', 'W']","['W', 'L', 'L', 'W', 'L']",EuroCup-2024-25,U2024,2024-25,U,2024,2024-06-29T00:00:00,d7fbf7bc-fa38-436d-be58-359f792d76e5,1,Group A,A,RS,REGULAR SEASON,Regular Season,True,ULM,ratiopharm Ulm,Ulm,,ULM,False,https://media-cdn.incrowdsports.com/497dc717-214d-4c03-8c67-0c4870278aa0.png,114,114,WOL,Wolves Twinsbet Vilnius,Wolves,,WLV,False,https://media-cdn.incrowdsports.com/bab91c74-fc2e-4176-9db5-06f40e0e6759.png,91,91
2024,RS,113,12,Round 12,Round 12,True,2024-12-18T19:00:00,True,True,2,2024-12-18T20:00:00,2024-12-18T18:00:00Z,"['W', 'L', 'W', 'L', 'W']","['L', 'W', 'W', 'W', 'L']",EuroCup-2024-25,U2024,2024-25,U,2024,2024-06-29T00:00:00,d7fbf7bc-fa38-436d-be58-359f792d76e5,1,Group A,A,RS,REGULAR SEASON,Regular Season,True,HTA,Hapoel Shlomo Tel Aviv,Hapoel Tel Aviv,,HTA,False,https://media-cdn.incrowdsports.com/cbb1c3ad-03d5-426a-b5ef-2832a4eee484.png,109,93,BES,Besiktas Fibabanka Istanbul,Besiktas,,BJK,False,https://media-cdn.cortextech.io/7d37b2d0-2a4a-4a86-bf2c-266bd8da7cac.png,101,93
2024,RS,114,12,Round 12,Round 12,True,2024-12-17T17:00:00,True,True,3,2024-12-17T19:00:00,2024-12-17T16:00:00Z,"['W', 'W', 'W', 'L', 'W']","['W', 'W', 'W', 'W', 'L']",EuroCup-2024-25,U2024,2024-25,U,2024,2024-06-29T00:00:00,d7fbf7bc-fa38-436d-be58-359f792d76e5,1,Group A,A,RS,REGULAR SEASON,Regular Season,True,BAH,Bahcesehir College Istanbul,Bahcesehir,,BKS,False,https://media-cdn.incrowdsports.com/1d3274d8-da86-4d21-9e97-6810ab88babe.png,73,73,CAN,Dreamland Gran Canaria,Gran Canaria,,DGC,False,https://media-cdn.incrowdsports.com/a074edc1-e180-4515-a876-447884b570b1.png,65,65
2024,RS,115,12,Round 12,Round 12,True,2024-12-18T18:30:00,True,True,1,2024-12-18T18:30:00,2024-12-18T17:30:00Z,"['L', 'W', 'L', 'L', 'W']","['L', 'L', 'L', 'W', 'L']",EuroCup-2024-25,U2024,2024-25,U,2024,2024-06-29T00:00:00,d7fbf7bc-fa38-436d-be58-359f792d76e5,1,Group A,A,RS,REGULAR SEASON,Regular Season,True,BUD,Buducnost VOLI Podgorica,Buducnost,,BUD,False,https://media-cdn.incrowdsports.com/47161285-94b3-4266-9d23-b722e8600945.png,110,95,TRN,Dolomiti Energia Trento,Trento,,TRE,False,https://media-cdn.incrowdsports.com/00c5cc07-732c-43c3-9d6e-5440594a25f8.png,108,95
2024,RS,116,12,Round 12,Round 12,True,2024-12-17T19:30:00,True,True,1,2024-12-17T19:30:00,2024-12-17T18:30:00Z,"['W', 'L', 'L', 'L', 'W']","['W', 'W', 'L', 'L', 'L']",EuroCup-2024-25,U2024,2024-25,U,2024,2024-06-29T00:00:00,52dd6cf6-70fb-4327-b4d3-fa0b48db829d,2,Group B,B,RS,REGULAR SEASON,Regular Season,True,HAM,Veolia Towers Hamburg,Hamburg,,HAM,False,https://media-cdn.incrowdsports.com/5ef8be01-ad71-42c2-aa02-d5c7a9495258.png,82,82,JER,Hapoel Bank Yahav Jerusalem,Hapoel Jerusalem,,JLM,False,https://media-cdn.incrowdsports.com/8058e0c5-3042-45e1-9423-f93f33c54576.png,80,80
2024,RS,117,12,Round 12,Round 12,True,2024-12-18T20:30:00,True,True,1,2024-12-18T20:30:00,2024-12-18T19:30:00Z,"['W', 'W', 'W', 'W', 'L']","['W', 'W', 'L', 'W', 'L']",EuroCup-2024-25,U2024,2024-25,U,2024,2024-06-29T00:00:00,52dd6cf6-70fb-4327-b4d3-fa0b48db829d,2,Group B,B,RS,REGULAR SEASON,Regular Season,True,PAM,Valencia Basket,Valencia,,VBC,False,https://media-cdn.cortextech.io/d88f3c71-1519-4b19-8cfb-99e26a4c008e.png,108,108,CLU,U-BT Cluj-Napoca,Cluj,,UBT,False,https://media-cdn.incrowdsports.com/ae3e2844-0615-41bb-a788-a4f0d54b8d5e.png,80,80
2024,RS,118,12,Round 12,Round 12,True,2024-12-18T20:30:00,True,True,1,2024-12-18T20:30:00,2024-12-18T19:30:00Z,"['L', 'L', 'W', 'L', 'L']","['W', 'W', 'W', 'L', 'W']",EuroCup-2024-25,U2024,2024-25,U,2024,2024-06-29T00:00:00,52dd6cf6-70fb-4327-b4d3-fa0b48db829d,2,Group B,B,RS,REGULAR SEASON,Regular Season,True,BOU,Cosea JL Bourg-en-Bresse,Bourg,,JLB,False,https://media-cdn.incrowdsports.com/d4225e1b-7c1b-4382-98d4-ca8511c64441.png,99,99,VNC,Umana Reyer Venice,Reyer Venice,,URV,False,https://media-cdn.incrowdsports.com/104f5074-9f23-47da-a21f-f2078db8244c.png,102,102
2024,RS,119,12,Round 12,Round 12,True,2024-12-18T18:30:00,True,True,1,2024-12-18T18:30:00,2024-12-18T17:30:00Z,"['L', 'W', 'W', 'W', 'L']","['L', 'L', 'W', 'W', 'W']",EuroCup-2024-25,U2024,2024-25,U,2024,2024-06-29T00:00:00,52dd6cf6-70fb-4327-b4d3-fa0b48db829d,2,Group B,B,RS,REGULAR SEASON,Regular Season,True,LJU,Cedevita Olimpija Ljubljana,Cedevita Olimpija,,COL,False,https://media-cdn.incrowdsports.com/73b33d13-570e-4e49-a9cb-fe806831eaa7.png,74,74,TTK,Turk Telekom Ankara,Turk Telekom,,TTA,False,https://media-cdn.incrowdsports.com/4ba35608-54ca-4800-a59c-f2571e6f8e13.png,80,80
2024,RS,120,12,Round 12,Round 12,True,2024-12-17T19:00:00,True,True,2,2024-12-17T20:00:00,2024-12-17T18:00:00Z,"['L', 'L', 'L', 'L', 'W']","['L', 'L', 'W', 'L', 'W']",EuroCup-2024-25,U2024,2024-25,U,2024,2024-06-29T00:00:00,52dd6cf6-70fb-4327-b4d3-fa0b48db829d,2,Group B,B,RS,REGULAR SEASON,Regular Season,True,ARI,Aris Midea Thessaloniki,Aris,,ARI,False,https://media-cdn.cortextech.io/28be84d9-ad7e-43b3-8d8c-822bb76b8a9e.png,81,81,LKB,7Bet-Lietkabelis Panevezys,Lietkabelis,,LIE,False,https://media-cdn.cortextech.io/ffcb6e37-31f4-48f6-91c2-a8c9a6f791a9.png,66,66
2024,RS,121,13,Round 13,Round 13,True,2025-01-02T18:00:00,True,True,1,2025-01-02T18:00:00,2025-01-02T17:00:00Z,"['L', 'L', 'L', 'L', 'L']","['W', 'L', 'L', 'W', 'W']",EuroCup-2024-25,U2024,2024-25,U,2024,2024-06-29T00:00:00,d7fbf7bc-fa38-436d-be58-359f792d76e5,1,Group A,A,RS,REGULAR SEASON,Regular Season,True,TSO,Trefl Sopot,Sopot,,SOP,False,https://media-cdn.incrowdsports.com/9ef7b3dd-9f80-4639-964d-9db4dfe436ee.png,69,69,BUD,Buducnost VOLI Podgorica,Buducnost,,BUD,False,https://media-cdn.incrowdsports.com/47161285-94b3-4266-9d23-b722e8600945.png,81,81
2024,RS,122,13,Round 13,Round 13,True,2025-01-03T20:00:00,True,True,1,2025-01-03T20:00:00,2025-01-03T19:00:00Z,"['L', 'L', 'W', 'L', 'L']","['W', 'W', 'L', 'W', 'W']",EuroCup-2024-25,U2024,2024-25,U,2024,2024-06-29T00:00:00,d7fbf7bc-fa38-436d-be58-359f792d76e5,1,Group A,A,RS,REGULAR SEASON,Regular Season,True,TRN,Dolomiti Energia Trento,Trento,,TRE,False,https://media-cdn.incrowdsports.com/00c5cc07-732c-43c3-9d6e-5440594a25f8.png,69,69,BAH,Bahcesehir College Istanbul,Bahcesehir,,BKS,False,https://media-cdn.incrowdsports.com/1d3274d8-da86-4d21-9e97-6810ab88babe.png,73,73
2024,RS,123,13,Round 13,Round 13,True,2025-01-02T21:00:00,True,True,0,2025-01-02T20:00:00,2025-01-02T20:00:00Z,"['W', 'W', 'W', 'L', 'L']","['L', 'W', 'L', 'W', 'W']",EuroCup-2024-25,U2024,2024-25,U,2024,2024-06-29T00:00:00,d7fbf7bc-fa38-436d-be58-359f792d76e5,1,Group A,A,RS,REGULAR SEASON,Regular Season,True,CAN,Dreamland Gran Canaria,Gran Canaria,,DGC,False,https://media-cdn.incrowdsports.com/a074edc1-e180-4515-a876-447884b570b1.png,64,64,HTA,Hapoel Shlomo Tel Aviv,Hapoel Tel Aviv,,HTA,False,https://media-cdn.incrowdsports.com/cbb1c3ad-03d5-426a-b5ef-2832a4eee484.png,87,87
2024,RS,124,13,Round 13,Round 13,True,2024-12-26T19:00:00,True,True,1,2024-12-26T19:00:00,2024-12-26T18:00:00Z,"['W', 'W', 'W', 'W', 'W']","['W', 'W', 'W', 'L', 'L']",EuroCup-2024-25,U2024,2024-25,U,2024,2024-06-29T00:00:00,d7fbf7bc-fa38-436d-be58-359f792d76e5,1,Group A,A,RS,REGULAR SEASON,Regular Season,True,ULM,ratiopharm Ulm,Ulm,,ULM,False,https://media-cdn.incrowdsports.com/497dc717-214d-4c03-8c67-0c4870278aa0.png,104,104,BES,Besiktas Fibabanka Istanbul,Besiktas,,BJK,False,https://media-cdn.cortextech.io/7d37b2d0-2a4a-4a86-bf2c-266bd8da7cac.png,87,87
2024,RS,125,13,Round 13,Round 13,True,2025-01-03T18:00:00,True,True,2,2025-01-03T19:00:00,2025-01-03T17:00:00Z,"['L', 'L', 'W', 'L', 'W']","['L', 'L', 'L', 'W', 'L']",EuroCup-2024-25,U2024,2024-25,U,2024,2024-06-29T00:00:00,d7fbf7bc-fa38-436d-be58-359f792d76e5,1,Group A,A,RS,REGULAR SEASON,Regular Season,True,WOL,Wolves Twinsbet Vilnius,Wolves,,WLV,False,https://media-cdn.incrowdsports.com/bab91c74-fc2e-4176-9db5-06f40e0e6759.png,91,91,JOV,Joventut Badalona,Joventut,,CJB,False,https://media-cdn.incrowdsports.com/4867b9ca-abc6-48fd-a47f-011904a74bf8.png,80,80
2024,RS,126,13,Round 13,Round 13,True,2025-01-02T19:00:00,True,True,2,2025-01-02T20:00:00,2025-01-02T18:00:00Z,"['W', 'L', 'L', 'L', 'W']","['L', 'L', 'L', 'W', 'L']",EuroCup-2024-25,U2024,2024-25,U,2024,2024-06-29T00:00:00,52dd6cf6-70fb-4327-b4d3-fa0b48db829d,2,Group B,B,RS,REGULAR SEASON,Regular Season,True,JER,Hapoel Bank Yahav Jerusalem,Hapoel Jerusalem,,JLM,False,https://media-cdn.incrowdsports.com/8058e0c5-3042-45e1-9423-f93f33c54576.png,90,90,ARI,Aris Midea Thessaloniki,Aris,,ARI,False,https://media-cdn.cortextech.io/28be84d9-ad7e-43b3-8d8c-822bb76b8a9e.png,85,85
2024,RS,127,13,Round 13,Round 13,True,2025-01-16T18:30:00,True,True,2,2025-01-16T19:30:00,2025-01-16T17:30:00Z,"['L', 'W', 'L', 'W', 'L']","['W', 'W', 'W', 'L', 'W']",EuroCup-2024-25,U2024,2024-25,U,2024,2024-06-29T00:00:00,52dd6cf6-70fb-4327-b4d3-fa0b48db829d,2,Group B,B,RS,REGULAR SEASON,Regular Season,True,LKB,7Bet-Lietkabelis Panevezys,Lietkabelis,,LIE,False,https://media-cdn.cortextech.io/ffcb6e37-31f4-48f6-91c2-a8c9a6f791a9.png,78,78,LJU,Cedevita Olimpija Ljubljana,Cedevita Olimpija,,COL,False,https://media-cdn.incrowdsports.com/73b33d13-570e-4e49-a9cb-fe806831eaa7.png,88,88
2024,RS,128,13,Round 13,Round 13,True,2025-01-03T17:30:00,True,True,3,2025-01-03T19:30:00,2025-01-03T16:30:00Z,"['L', 'W', 'W', 'W', 'W']","['L', 'W', 'L', 'L', 'L']",EuroCup-2024-25,U2024,2024-25,U,2024,2024-06-29T00:00:00,52dd6cf6-70fb-4327-b4d3-fa0b48db829d,2,Group B,B,RS,REGULAR SEASON,Regular Season,True,TTK,Turk Telekom Ankara,Turk Telekom,,TTA,False,https://media-cdn.incrowdsports.com/4ba35608-54ca-4800-a59c-f2571e6f8e13.png,98,98,BOU,Cosea JL Bourg-en-Bresse,Bourg,,JLB,False,https://media-cdn.incrowdsports.com/d4225e1b-7c1b-4382-98d4-ca8511c64441.png,89,89
2024,RS,129,13,Round 13,Round 13,True,2025-01-02T20:00:00,True,True,1,2025-01-02T20:00:00,2025-01-02T19:00:00Z,"['W', 'W', 'L', 'W', 'W']","['W', 'W', 'W', 'L', 'L']",EuroCup-2024-25,U2024,2024-25,U,2024,2024-06-29T00:00:00,52dd6cf6-70fb-4327-b4d3-fa0b48db829d,2,Group B,B,RS,REGULAR SEASON,Regular Season,True,VNC,Umana Reyer Venice,Reyer Venice,,URV,False,https://media-cdn.incrowdsports.com/104f5074-9f23-47da-a21f-f2078db8244c.png,81,81,PAM,Valencia Basket,Valencia,,VBC,False,https://media-cdn.cortextech.io/d88f3c71-1519-4b19-8cfb-99e26a4c008e.png,74,74
2024,RS,130,13,Round 13,Round 13,True,2025-01-03T18:00:00,True,True,2,2025-01-03T19:00:00,2025-01-03T17:00:00Z,"['W', 'L', 'W', 'L', 'W']","['L', 'L', 'L', 'W', 'L']",EuroCup-2024-25,U2024,2024-25,U,2024,2024-06-29T00:00:00,52dd6cf6-70fb-4327-b4d3-fa0b48db829d,2,Group B,B,RS,REGULAR SEASON,Regular Season,True,CLU,U-BT Cluj-Napoca,Cluj,,UBT,False,https://media-cdn.incrowdsports.com/ae3e2844-0615-41bb-a788-a4f0d54b8d5e.png,104,104,HAM,Veolia Towers Hamburg,Hamburg,,HAM,False,https://media-cdn.incrowdsports.com/5ef8be01-ad71-42c2-aa02-d5c7a9495258.png,83,83
2024,RS,131,14,Round 14,Round 14,True,2025-01-08T18:00:00,True,True,2,2025-01-08T19:00:00,2025-01-08T17:00:00Z,"['L', 'W', 'L', 'W', 'L']","['L', 'L', 'L', 'L', 'W']",EuroCup-2024-25,U2024,2024-25,U,2024,2024-06-29T00:00:00,d7fbf7bc-fa38-436d-be58-359f792d76e5,1,Group A,A,RS,REGULAR SEASON,Regular Season,True,WOL,Wolves Twinsbet Vilnius,Wolves,,WLV,False,https://media-cdn.incrowdsports.com/bab91c74-fc2e-4176-9db5-06f40e0e6759.png,74,74,TSO,Trefl Sopot,Sopot,,SOP,False,https://media-cdn.incrowdsports.com/9ef7b3dd-9f80-4639-964d-9db4dfe436ee.png,97,97
2024,RS,132,14,Round 14,Round 14,True,2025-01-08T19:30:00,True,True,1,2025-01-08T19:30:00,2025-01-08T18:30:00Z,"['L', 'L', 'W', 'L', 'W']","['W', 'W', 'L', 'L', 'L']",EuroCup-2024-25,U2024,2024-25,U,2024,2024-06-29T00:00:00,d7fbf7bc-fa38-436d-be58-359f792d76e5,1,Group A,A,RS,REGULAR SEASON,Regular Season,True,JOV,Joventut Badalona,Joventut,,CJB,False,https://media-cdn.incrowdsports.com/4867b9ca-abc6-48fd-a47f-011904a74bf8.png,93,93,BES,Besiktas Fibabanka Istanbul,Besiktas,,BJK,False,https://media-cdn.cortextech.io/7d37b2d0-2a4a-4a86-bf2c-266bd8da7cac.png,70,70
2024,RS,133,14,Round 14,Round 14,True,2025-01-07T19:00:00,True,True,1,2025-01-07T19:00:00,2025-01-07T18:00:00Z,"['W', 'W', 'W', 'W', 'L']","['W', 'W', 'L', 'L', 'W']",EuroCup-2024-25,U2024,2024-25,U,2024,2024-06-29T00:00:00,d7fbf7bc-fa38-436d-be58-359f792d76e5,1,Group A,A,RS,REGULAR SEASON,Regular Season,True,ULM,ratiopharm Ulm,Ulm,,ULM,False,https://media-cdn.incrowdsports.com/497dc717-214d-4c03-8c67-0c4870278aa0.png,76,76,CAN,Dreamland Gran Canaria,Gran Canaria,,DGC,False,https://media-cdn.incrowdsports.com/a074edc1-e180-4515-a876-447884b570b1.png,83,83
2024,RS,134,14,Round 14,Round 14,True,2025-01-07T19:00:00,True,True,2,2025-01-07T20:00:00,2025-01-07T18:00:00Z,"['W', 'L', 'W', 'W', 'W']","['L', 'W', 'L', 'L', 'L']",EuroCup-2024-25,U2024,2024-25,U,2024,2024-06-29T00:00:00,d7fbf7bc-fa38-436d-be58-359f792d76e5,1,Group A,A,RS,REGULAR SEASON,Regular Season,True,HTA,Hapoel Shlomo Tel Aviv,Hapoel Tel Aviv,,HTA,False,https://media-cdn.incrowdsports.com/cbb1c3ad-03d5-426a-b5ef-2832a4eee484.png,89,89,TRN,Dolomiti Energia Trento,Trento,,TRE,False,https://media-cdn.incrowdsports.com/00c5cc07-732c-43c3-9d6e-5440594a25f8.png,68,68
2024,RS,135,14,Round 14,Round 14,True,2025-01-08T17:00:00,True,True,3,2025-01-08T19:00:00,2025-01-08T16:00:00Z,"['W', 'L', 'W', 'W', 'W']","['L', 'L', 'W', 'W', 'L']",EuroCup-2024-25,U2024,2024-25,U,2024,2024-06-29T00:00:00,d7fbf7bc-fa38-436d-be58-359f792d76e5,1,Group A,A,RS,REGULAR SEASON,Regular Season,True,BAH,Bahcesehir College Istanbul,Bahcesehir,,BKS,False,https://media-cdn.incrowdsports.com/1d3274d8-da86-4d21-9e97-6810ab88babe.png,95,82,BUD,Buducnost VOLI Podgorica,Buducnost,,BUD,False,https://media-cdn.incrowdsports.com/47161285-94b3-4266-9d23-b722e8600945.png,93,82
2024,RS,136,14,Round 14,Round 14,True,2025-01-08T18:00:00,True,True,2,2025-01-08T19:00:00,2025-01-08T17:00:00Z,"['L', 'W', 'L', 'W', 'L']","['L', 'L', 'L', 'W', 'W']",EuroCup-2024-25,U2024,2024-25,U,2024,2024-06-29T00:00:00,52dd6cf6-70fb-4327-b4d3-fa0b48db829d,2,Group B,B,RS,REGULAR SEASON,Regular Season,True,CLU,U-BT Cluj-Napoca,Cluj,,UBT,False,https://media-cdn.incrowdsports.com/ae3e2844-0615-41bb-a788-a4f0d54b8d5e.png,79,79,JER,Hapoel Bank Yahav Jerusalem,Hapoel Jerusalem,,JLM,False,https://media-cdn.incrowdsports.com/8058e0c5-3042-45e1-9423-f93f33c54576.png,91,91
2024,RS,137,14,Round 14,Round 14,True,2025-01-08T19:30:00,True,True,1,2025-01-08T19:30:00,2025-01-08T18:30:00Z,"['L', 'L', 'W', 'L', 'L']","['W', 'L', 'W', 'W', 'W']",EuroCup-2024-25,U2024,2024-25,U,2024,2024-06-29T00:00:00,52dd6cf6-70fb-4327-b4d3-fa0b48db829d,2,Group B,B,RS,REGULAR SEASON,Regular Season,True,HAM,Veolia Towers Hamburg,Hamburg,,HAM,False,https://media-cdn.incrowdsports.com/5ef8be01-ad71-42c2-aa02-d5c7a9495258.png,77,77,VNC,Umana Reyer Venice,Reyer Venice,,URV,False,https://media-cdn.incrowdsports.com/104f5074-9f23-47da-a21f-f2078db8244c.png,90,90
2024,RS,138,14,Round 14,Round 14,True,2025-01-07T20:30:00,True,True,1,2025-01-07T20:30:00,2025-01-07T19:30:00Z,"['W', 'W', 'L', 'L', 'W']","['W', 'W', 'W', 'W', 'L']",EuroCup-2024-25,U2024,2024-25,U,2024,2024-06-29T00:00:00,52dd6cf6-70fb-4327-b4d3-fa0b48db829d,2,Group B,B,RS,REGULAR SEASON,Regular Season,True,PAM,Valencia Basket,Valencia,,VBC,False,https://media-cdn.cortextech.io/d88f3c71-1519-4b19-8cfb-99e26a4c008e.png,116,116,TTK,Turk Telekom Ankara,Turk Telekom,,TTA,False,https://media-cdn.incrowdsports.com/4ba35608-54ca-4800-a59c-f2571e6f8e13.png,78,78
2024,RS,139,14,Round 14,Round 14,True,2025-01-07T19:30:00,True,True,1,2025-01-07T19:30:00,2025-01-07T18:30:00Z,"['W', 'L', 'L', 'L', 'W']","['W', 'L', 'W', 'L', 'L']",EuroCup-2024-25,U2024,2024-25,U,2024,2024-06-29T00:00:00,52dd6cf6-70fb-4327-b4d3-fa0b48db829d,2,Group B,B,RS,REGULAR SEASON,Regular Season,True,BOU,Cosea JL Bourg-en-Bresse,Bourg,,JLB,False,https://media-cdn.incrowdsports.com/d4225e1b-7c1b-4382-98d4-ca8511c64441.png,79,79,LKB,7Bet-Lietkabelis Panevezys,Lietkabelis,,LIE,False,https://media-cdn.cortextech.io/ffcb6e37-31f4-48f6-91c2-a8c9a6f791a9.png,66,66
2024,RS,140,14,Round 14,Round 14,True,2025-01-08T18:45:00,True,True,1,2025-01-08T18:45:00,2025-01-08T17:45:00Z,"['W', 'W', 'L', 'W', 'W']","['L', 'L', 'W', 'L', 'L']",EuroCup-2024-25,U2024,2024-25,U,2024,2024-06-29T00:00:00,52dd6cf6-70fb-4327-b4d3-fa0b48db829d,2,Group B,B,RS,REGULAR SEASON,Regular Season,True,LJU,Cedevita Olimpija Ljubljana,Cedevita Olimpija,,COL,False,https://media-cdn.incrowdsports.com/73b33d13-570e-4e49-a9cb-fe806831eaa7.png,98,98,ARI,Aris Midea Thessaloniki,Aris,,ARI,False,https://media-cdn.cortextech.io/28be84d9-ad7e-43b3-8d8c-822bb76b8a9e.png,79,79
2024,RS,141,15,Round 15,Round 15,True,2025-01-15T19:00:00,True,True,1,2025-01-15T19:00:00,2025-01-15T18:00:00Z,"['L', 'L', 'L', 'W', 'L']","['L', 'W', 'W', 'W', 'W']",EuroCup-2024-25,U2024,2024-25,U,2024,2024-06-29T00:00:00,d7fbf7bc-fa38-436d-be58-359f792d76e5,1,Group A,A,RS,REGULAR SEASON,Regular Season,True,TSO,Trefl Sopot,Sopot,,SOP,False,https://media-cdn.incrowdsports.com/9ef7b3dd-9f80-4639-964d-9db4dfe436ee.png,76,76,BAH,Bahcesehir College Istanbul,Bahcesehir,,BKS,False,https://media-cdn.incrowdsports.com/1d3274d8-da86-4d21-9e97-6810ab88babe.png,81,81
2024,RS,142,15,Round 15,Round 15,True,2025-01-15T19:00:00,True,True,1,2025-01-15T19:00:00,2025-01-15T18:00:00Z,"['L', 'W', 'W', 'L', 'W']","['L', 'W', 'W', 'W', 'L']",EuroCup-2024-25,U2024,2024-25,U,2024,2024-06-29T00:00:00,d7fbf7bc-fa38-436d-be58-359f792d76e5,1,Group A,A,RS,REGULAR SEASON,Regular Season,True,BUD,Buducnost VOLI Podgorica,Buducnost,,BUD,False,https://media-cdn.incrowdsports.com/47161285-94b3-4266-9d23-b722e8600945.png,84,84,HTA,Hapoel Shlomo Tel Aviv,Hapoel Tel Aviv,,HTA,False,https://media-cdn.incrowdsports.com/cbb1c3ad-03d5-426a-b5ef-2832a4eee484.png,83,83
2024,RS,143,15,Round 15,Round 15,True,2025-01-14T20:00:00,True,True,1,2025-01-14T20:00:00,2025-01-14T19:00:00Z,"['W', 'L', 'L', 'L', 'W']","['W', 'W', 'W', 'L', 'L']",EuroCup-2024-25,U2024,2024-25,U,2024,2024-06-29T00:00:00,d7fbf7bc-fa38-436d-be58-359f792d76e5,1,Group A,A,RS,REGULAR SEASON,Regular Season,True,TRN,Dolomiti Energia Trento,Trento,,TRE,False,https://media-cdn.incrowdsports.com/00c5cc07-732c-43c3-9d6e-5440594a25f8.png,86,86,ULM,ratiopharm Ulm,Ulm,,ULM,False,https://media-cdn.incrowdsports.com/497dc717-214d-4c03-8c67-0c4870278aa0.png,71,71
2024,RS,144,15,Round 15,Round 15,True,2025-01-15T21:00:00,True,True,0,2025-01-15T20:00:00,2025-01-15T20:00:00Z,"['W', 'L', 'L', 'W', 'L']","['L', 'W', 'L', 'W', 'W']",EuroCup-2024-25,U2024,2024-25,U,2024,2024-06-29T00:00:00,d7fbf7bc-fa38-436d-be58-359f792d76e5,1,Group A,A,RS,REGULAR SEASON,Regular Season,True,CAN,Dreamland Gran Canaria,Gran Canaria,,DGC,False,https://media-cdn.incrowdsports.com/a074edc1-e180-4515-a876-447884b570b1.png,77,77,JOV,Joventut Badalona,Joventut,,CJB,False,https://media-cdn.incrowdsports.com/4867b9ca-abc6-48fd-a47f-011904a74bf8.png,83,83
2024,RS,145,15,Round 15,Round 15,True,2025-01-14T18:00:00,True,True,3,2025-01-14T20:00:00,2025-01-14T17:00:00Z,"['W', 'L', 'L', 'L', 'W']","['W', 'L', 'W', 'L', 'L']",EuroCup-2024-25,U2024,2024-25,U,2024,2024-06-29T00:00:00,d7fbf7bc-fa38-436d-be58-359f792d76e5,1,Group A,A,RS,REGULAR SEASON,Regular Season,True,BES,Besiktas Fibabanka Istanbul,Besiktas,,BJK,False,https://media-cdn.cortextech.io/7d37b2d0-2a4a-4a86-bf2c-266bd8da7cac.png,79,79,WOL,Wolves Twinsbet Vilnius,Wolves,,WLV,False,https://media-cdn.incrowdsports.com/bab91c74-fc2e-4176-9db5-06f40e0e6759.png,77,77
2024,RS,146,15,Round 15,Round 15,True,2025-01-14T19:00:00,True,True,2,2025-01-14T20:00:00,2025-01-14T18:00:00Z,"['L', 'L', 'W', 'W', 'L']","['W', 'L', 'W', 'W', 'W']",EuroCup-2024-25,U2024,2024-25,U,2024,2024-06-29T00:00:00,52dd6cf6-70fb-4327-b4d3-fa0b48db829d,2,Group B,B,RS,REGULAR SEASON,Regular Season,True,JER,Hapoel Bank Yahav Jerusalem,Hapoel Jerusalem,,JLM,False,https://media-cdn.incrowdsports.com/8058e0c5-3042-45e1-9423-f93f33c54576.png,70,70,LJU,Cedevita Olimpija Ljubljana,Cedevita Olimpija,,COL,False,https://media-cdn.incrowdsports.com/73b33d13-570e-4e49-a9cb-fe806831eaa7.png,74,74
2024,RS,147,15,Round 15,Round 15,True,2025-01-15T19:00:00,True,True,2,2025-01-15T20:00:00,2025-01-15T18:00:00Z,"['L', 'W', 'L', 'L', 'L']","['L', 'L', 'L', 'W', 'W']",EuroCup-2024-25,U2024,2024-25,U,2024,2024-06-29T00:00:00,52dd6cf6-70fb-4327-b4d3-fa0b48db829d,2,Group B,B,RS,REGULAR SEASON,Regular Season,True,ARI,Aris Midea Thessaloniki,Aris,,ARI,False,https://media-cdn.cortextech.io/28be84d9-ad7e-43b3-8d8c-822bb76b8a9e.png,51,51,BOU,Cosea JL Bourg-en-Bresse,Bourg,,JLB,False,https://media-cdn.incrowdsports.com/d4225e1b-7c1b-4382-98d4-ca8511c64441.png,92,92
2024,RS,148,15,Round 15,Round 15,True,2025-01-14T18:00:00,True,True,2,2025-01-14T19:00:00,2025-01-14T17:00:00Z,"['L', 'W', 'L', 'L', 'L']","['W', 'L', 'L', 'W', 'W']",EuroCup-2024-25,U2024,2024-25,U,2024,2024-06-29T00:00:00,52dd6cf6-70fb-4327-b4d3-fa0b48db829d,2,Group B,B,RS,REGULAR SEASON,Regular Season,True,LKB,7Bet-Lietkabelis Panevezys,Lietkabelis,,LIE,False,https://media-cdn.cortextech.io/ffcb6e37-31f4-48f6-91c2-a8c9a6f791a9.png,91,91,PAM,Valencia Basket,Valencia,,VBC,False,https://media-cdn.cortextech.io/d88f3c71-1519-4b19-8cfb-99e26a4c008e.png,96,96
2024,RS,149,15,Round 15,Round 15,True,2025-01-15T17:30:00,True,True,3,2025-01-15T19:30:00,2025-01-15T16:30:00Z,"['W', 'W', 'W', 'L', 'W']","['L', 'W', 'L', 'L', 'L']",EuroCup-2024-25,U2024,2024-25,U,2024,2024-06-29T00:00:00,52dd6cf6-70fb-4327-b4d3-fa0b48db829d,2,Group B,B,RS,REGULAR SEASON,Regular Season,True,TTK,Turk Telekom Ankara,Turk Telekom,,TTA,False,https://media-cdn.incrowdsports.com/4ba35608-54ca-4800-a59c-f2571e6f8e13.png,77,77,HAM,Veolia Towers Hamburg,Hamburg,,HAM,False,https://media-cdn.incrowdsports.com/5ef8be01-ad71-42c2-aa02-d5c7a9495258.png,65,65
2024,RS,150,15,Round 15,Round 15,True,2025-01-15T20:00:00,True,True,1,2025-01-15T20:00:00,2025-01-15T19:00:00Z,"['L', 'W', 'W', 'W', 'L']","['W', 'L', 'W', 'L', 'W']",EuroCup-2024-25,U2024,2024-25,U,2024,2024-06-29T00:00:00,52dd6cf6-70fb-4327-b4d3-fa0b48db829d,2,Group B,B,RS,REGULAR SEASON,Regular Season,True,VNC,Umana Reyer Venice,Reyer Venice,,URV,False,https://media-cdn.incrowdsports.com/104f5074-9f23-47da-a21f-f2078db8244c.png,77,77,CLU,U-BT Cluj-Napoca,Cluj,,UBT,False,https://media-cdn.incrowdsports.com/ae3e2844-0615-41bb-a788-a4f0d54b8d5e.png,88,88
2024,RS,151,16,Round 16,Round 16,True,2025-01-22T19:00:00,True,True,3,2025-01-22T21:00:00,2025-01-22T18:00:00Z,"['L', 'L', 'L', 'W', 'W']","['L', 'L', 'W', 'L', 'L']",EuroCup-2024-25,U2024,2024-25,U,2024,2024-06-29T00:00:00,d7fbf7bc-fa38-436d-be58-359f792d76e5,1,Group A,A,RS,REGULAR SEASON,Regular Season,True,BES,Besiktas Fibabanka Istanbul,Besiktas,,BJK,False,https://media-cdn.cortextech.io/7d37b2d0-2a4a-4a86-bf2c-266bd8da7cac.png,87,87,TSO,Trefl Sopot,Sopot,,SOP,False,https://media-cdn.incrowdsports.com/9ef7b3dd-9f80-4639-964d-9db4dfe436ee.png,72,72
2024,RS,152,16,Round 16,Round 16,True,2025-01-22T18:00:00,True,True,2,2025-01-22T19:00:00,2025-01-22T17:00:00Z,"['L', 'W', 'L', 'L', 'W']","['L', 'L', 'W', 'L', 'L']",EuroCup-2024-25,U2024,2024-25,U,2024,2024-06-29T00:00:00,d7fbf7bc-fa38-436d-be58-359f792d76e5,1,Group A,A,RS,REGULAR SEASON,Regular Season,True,WOL,Wolves Twinsbet Vilnius,Wolves,,WLV,False,https://media-cdn.incrowdsports.com/bab91c74-fc2e-4176-9db5-06f40e0e6759.png,88,88,CAN,Dreamland Gran Canaria,Gran Canaria,,DGC,False,https://media-cdn.incrowdsports.com/a074edc1-e180-4515-a876-447884b570b1.png,76,76
2024,RS,153,16,Round 16,Round 16,True,2025-01-21T20:30:00,True,True,1,2025-01-21T20:30:00,2025-01-21T19:30:00Z,"['W', 'L', 'W', 'W', 'L']","['L', 'L', 'L', 'W', 'W']",EuroCup-2024-25,U2024,2024-25,U,2024,2024-06-29T00:00:00,d7fbf7bc-fa38-436d-be58-359f792d76e5,1,Group A,A,RS,REGULAR SEASON,Regular Season,True,JOV,Joventut Badalona,Joventut,,CJB,False,https://media-cdn.incrowdsports.com/4867b9ca-abc6-48fd-a47f-011904a74bf8.png,86,86,TRN,Dolomiti Energia Trento,Trento,,TRE,False,https://media-cdn.incrowdsports.com/00c5cc07-732c-43c3-9d6e-5440594a25f8.png,100,100
2024,RS,154,16,Round 16,Round 16,True,2025-01-22T19:00:00,True,True,1,2025-01-22T19:00:00,2025-01-22T18:00:00Z,"['W', 'W', 'L', 'L', 'L']","['W', 'W', 'L', 'W', 'W']",EuroCup-2024-25,U2024,2024-25,U,2024,2024-06-29T00:00:00,d7fbf7bc-fa38-436d-be58-359f792d76e5,1,Group A,A,RS,REGULAR SEASON,Regular Season,True,ULM,ratiopharm Ulm,Ulm,,ULM,False,https://media-cdn.incrowdsports.com/497dc717-214d-4c03-8c67-0c4870278aa0.png,82,82,BUD,Buducnost VOLI Podgorica,Buducnost,,BUD,False,https://media-cdn.incrowdsports.com/47161285-94b3-4266-9d23-b722e8600945.png,85,85
2024,RS,155,16,Round 16,Round 16,True,2025-01-22T18:45:00,True,True,2,2025-01-22T19:45:00,2025-01-22T17:45:00Z,"['W', 'W', 'W', 'L', 'W']","['W', 'W', 'W', 'W', 'L']",EuroCup-2024-25,U2024,2024-25,U,2024,2024-06-29T00:00:00,d7fbf7bc-fa38-436d-be58-359f792d76e5,1,Group A,A,RS,REGULAR SEASON,Regular Season,True,HTA,Hapoel Shlomo Tel Aviv,Hapoel Tel Aviv,,HTA,False,https://media-cdn.incrowdsports.com/cbb1c3ad-03d5-426a-b5ef-2832a4eee484.png,84,84,BAH,Bahcesehir College Istanbul,Bahcesehir,,BKS,False,https://media-cdn.incrowdsports.com/1d3274d8-da86-4d21-9e97-6810ab88babe.png,77,77
2024,RS,156,16,Round 16,Round 16,True,2025-01-22T20:45:00,True,True,1,2025-01-22T20:45:00,2025-01-22T19:45:00Z,"['W', 'W', 'W', 'L', 'W']","['L', 'W', 'W', 'L', 'L']",EuroCup-2024-25,U2024,2024-25,U,2024,2024-06-29T00:00:00,52dd6cf6-70fb-4327-b4d3-fa0b48db829d,2,Group B,B,RS,REGULAR SEASON,Regular Season,True,VNC,Umana Reyer Venice,Reyer Venice,,URV,False,https://media-cdn.incrowdsports.com/104f5074-9f23-47da-a21f-f2078db8244c.png,76,76,JER,Hapoel Bank Yahav Jerusalem,Hapoel Jerusalem,,JLM,False,https://media-cdn.incrowdsports.com/8058e0c5-3042-45e1-9423-f93f33c54576.png,75,75
2024,RS,157,16,Round 16,Round 16,True,2025-01-21T18:00:00,True,True,2,2025-01-21T19:00:00,2025-01-21T17:00:00Z,"['L', 'W', 'L', 'W', 'W']","['W', 'W', 'L', 'W', 'L']",EuroCup-2024-25,U2024,2024-25,U,2024,2024-06-29T00:00:00,52dd6cf6-70fb-4327-b4d3-fa0b48db829d,2,Group B,B,RS,REGULAR SEASON,Regular Season,True,CLU,U-BT Cluj-Napoca,Cluj,,UBT,False,https://media-cdn.incrowdsports.com/ae3e2844-0615-41bb-a788-a4f0d54b8d5e.png,94,94,TTK,Turk Telekom Ankara,Turk Telekom,,TTA,False,https://media-cdn.incrowdsports.com/4ba35608-54ca-4800-a59c-f2571e6f8e13.png,81,81
2024,RS,158,16,Round 16,Round 16,True,2025-01-21T19:30:00,True,True,1,2025-01-21T19:30:00,2025-01-21T18:30:00Z,"['W', 'L', 'L', 'L', 'W']","['W', 'L', 'L', 'L', 'L']",EuroCup-2024-25,U2024,2024-25,U,2024,2024-06-29T00:00:00,52dd6cf6-70fb-4327-b4d3-fa0b48db829d,2,Group B,B,RS,REGULAR SEASON,Regular Season,True,HAM,Veolia Towers Hamburg,Hamburg,,HAM,False,https://media-cdn.incrowdsports.com/5ef8be01-ad71-42c2-aa02-d5c7a9495258.png,84,84,LKB,7Bet-Lietkabelis Panevezys,Lietkabelis,,LIE,False,https://media-cdn.cortextech.io/ffcb6e37-31f4-48f6-91c2-a8c9a6f791a9.png,77,77
2024,RS,159,16,Round 16,Round 16,True,2025-01-22T20:30:00,True,True,1,2025-01-22T20:30:00,2025-01-22T19:30:00Z,"['L', 'L', 'W', 'W', 'W']","['W', 'L', 'L', 'L', 'L']",EuroCup-2024-25,U2024,2024-25,U,2024,2024-06-29T00:00:00,52dd6cf6-70fb-4327-b4d3-fa0b48db829d,2,Group B,B,RS,REGULAR SEASON,Regular Season,True,PAM,Valencia Basket,Valencia,,VBC,False,https://media-cdn.cortextech.io/d88f3c71-1519-4b19-8cfb-99e26a4c008e.png,106,106,ARI,Aris Midea Thessaloniki,Aris,,ARI,False,https://media-cdn.cortextech.io/28be84d9-ad7e-43b3-8d8c-822bb76b8a9e.png,65,65
2024,RS,160,16,Round 16,Round 16,True,2025-01-22T19:30:00,True,True,1,2025-01-22T19:30:00,2025-01-22T18:30:00Z,"['L', 'L', 'W', 'W', 'W']","['L', 'W', 'W', 'W', 'L']",EuroCup-2024-25,U2024,2024-25,U,2024,2024-06-29T00:00:00,52dd6cf6-70fb-4327-b4d3-fa0b48db829d,2,Group B,B,RS,REGULAR SEASON,Regular Season,True,BOU,Cosea JL Bourg-en-Bresse,Bourg,,JLB,False,https://media-cdn.incrowdsports.com/d4225e1b-7c1b-4382-98d4-ca8511c64441.png,87,87,LJU,Cedevita Olimpija Ljubljana,Cedevita Olimpija,,COL,False,https://media-cdn.incrowdsports.com/73b33d13-570e-4e49-a9cb-fe806831eaa7.png,82,82
2024,RS,161,17,Round 17,Round 17,True,2025-01-29T18:00:00,True,True,2,2025-01-29T19:00:00,2025-01-29T17:00:00Z,"['W', 'W', 'L', 'W', 'W']","['L', 'W', 'L', 'L', 'L']",EuroCup-2024-25,U2024,2024-25,U,2024,2024-06-29T00:00:00,d7fbf7bc-fa38-436d-be58-359f792d76e5,1,Group A,A,RS,REGULAR SEASON,Regular Season,True,HTA,Hapoel Shlomo Tel Aviv,Hapoel Tel Aviv,,HTA,False,https://media-cdn.incrowdsports.com/cbb1c3ad-03d5-426a-b5ef-2832a4eee484.png,91,91,TSO,Trefl Sopot,Sopot,,SOP,False,https://media-cdn.incrowdsports.com/9ef7b3dd-9f80-4639-964d-9db4dfe436ee.png,72,72
2024,RS,162,17,Round 17,Round 17,True,2025-01-28T17:00:00,True,True,3,2025-01-28T19:00:00,2025-01-28T16:00:00Z,"['W', 'W', 'W', 'L', 'W']","['W', 'L', 'L', 'L', 'L']",EuroCup-2024-25,U2024,2024-25,U,2024,2024-06-29T00:00:00,d7fbf7bc-fa38-436d-be58-359f792d76e5,1,Group A,A,RS,REGULAR SEASON,Regular Season,True,BAH,Bahcesehir College Istanbul,Bahcesehir,,BKS,False,https://media-cdn.incrowdsports.com/1d3274d8-da86-4d21-9e97-6810ab88babe.png,85,85,ULM,ratiopharm Ulm,Ulm,,ULM,False,https://media-cdn.incrowdsports.com/497dc717-214d-4c03-8c67-0c4870278aa0.png,81,81
2024,RS,163,17,Round 17,Round 17,True,2025-01-29T19:00:00,True,True,1,2025-01-29T19:00:00,2025-01-29T18:00:00Z,"['W', 'L', 'W', 'W', 'W']","['L', 'W', 'W', 'L', 'L']",EuroCup-2024-25,U2024,2024-25,U,2024,2024-06-29T00:00:00,d7fbf7bc-fa38-436d-be58-359f792d76e5,1,Group A,A,RS,REGULAR SEASON,Regular Season,True,BUD,Buducnost VOLI Podgorica,Buducnost,,BUD,False,https://media-cdn.incrowdsports.com/47161285-94b3-4266-9d23-b722e8600945.png,107,107,JOV,Joventut Badalona,Joventut,,CJB,False,https://media-cdn.incrowdsports.com/4867b9ca-abc6-48fd-a47f-011904a74bf8.png,75,75
2024,RS,164,17,Round 17,Round 17,True,2025-01-28T20:00:00,True,True,1,2025-01-28T20:00:00,2025-01-28T19:00:00Z,"['L', 'L', 'W', 'W', 'L']","['W', 'L', 'L', 'W', 'W']",EuroCup-2024-25,U2024,2024-25,U,2024,2024-06-29T00:00:00,d7fbf7bc-fa38-436d-be58-359f792d76e5,1,Group A,A,RS,REGULAR SEASON,Regular Season,True,TRN,Dolomiti Energia Trento,Trento,,TRE,False,https://media-cdn.incrowdsports.com/00c5cc07-732c-43c3-9d6e-5440594a25f8.png,70,70,WOL,Wolves Twinsbet Vilnius,Wolves,,WLV,False,https://media-cdn.incrowdsports.com/bab91c74-fc2e-4176-9db5-06f40e0e6759.png,96,96
2024,RS,165,17,Round 17,Round 17,True,2025-01-29T21:00:00,True,True,0,2025-01-29T20:00:00,2025-01-29T20:00:00Z,"['L', 'W', 'L', 'L', 'W']","['L', 'L', 'W', 'W', 'L']",EuroCup-2024-25,U2024,2024-25,U,2024,2024-06-29T00:00:00,d7fbf7bc-fa38-436d-be58-359f792d76e5,1,Group A,A,RS,REGULAR SEASON,Regular Season,True,CAN,Dreamland Gran Canaria,Gran Canaria,,DGC,False,https://media-cdn.incrowdsports.com/a074edc1-e180-4515-a876-447884b570b1.png,90,90,BES,Besiktas Fibabanka Istanbul,Besiktas,,BJK,False,https://media-cdn.cortextech.io/7d37b2d0-2a4a-4a86-bf2c-266bd8da7cac.png,81,81
2024,RS,166,17,Round 17,Round 17,True,2025-01-29T19:30:00,True,True,1,2025-01-29T19:30:00,2025-01-29T18:30:00Z,"['L', 'W', 'W', 'W', 'L']","['W', 'W', 'L', 'L', 'W']",EuroCup-2024-25,U2024,2024-25,U,2024,2024-06-29T00:00:00,52dd6cf6-70fb-4327-b4d3-fa0b48db829d,2,Group B,B,RS,REGULAR SEASON,Regular Season,True,BOU,Cosea JL Bourg-en-Bresse,Bourg,,JLB,False,https://media-cdn.incrowdsports.com/d4225e1b-7c1b-4382-98d4-ca8511c64441.png,67,67,JER,Hapoel Bank Yahav Jerusalem,Hapoel Jerusalem,,JLM,False,https://media-cdn.incrowdsports.com/8058e0c5-3042-45e1-9423-f93f33c54576.png,94,94
2024,RS,167,17,Round 17,Round 17,True,2025-01-28T18:30:00,True,True,1,2025-01-28T18:30:00,2025-01-28T17:30:00Z,"['W', 'W', 'W', 'L', 'L']","['L', 'W', 'W', 'W', 'W']",EuroCup-2024-25,U2024,2024-25,U,2024,2024-06-29T00:00:00,52dd6cf6-70fb-4327-b4d3-fa0b48db829d,2,Group B,B,RS,REGULAR SEASON,Regular Season,True,LJU,Cedevita Olimpija Ljubljana,Cedevita Olimpija,,COL,False,https://media-cdn.incrowdsports.com/73b33d13-570e-4e49-a9cb-fe806831eaa7.png,66,66,PAM,Valencia Basket,Valencia,,VBC,False,https://media-cdn.cortextech.io/d88f3c71-1519-4b19-8cfb-99e26a4c008e.png,72,72
2024,RS,168,17,Round 17,Round 17,True,2025-01-29T19:00:00,True,True,2,2025-01-29T20:00:00,2025-01-29T18:00:00Z,"['L', 'L', 'L', 'L', 'L']","['L', 'L', 'L', 'W', 'W']",EuroCup-2024-25,U2024,2024-25,U,2024,2024-06-29T00:00:00,52dd6cf6-70fb-4327-b4d3-fa0b48db829d,2,Group B,B,RS,REGULAR SEASON,Regular Season,True,ARI,Aris Midea Thessaloniki,Aris,,ARI,False,https://media-cdn.cortextech.io/28be84d9-ad7e-43b3-8d8c-822bb76b8a9e.png,88,84,HAM,Veolia Towers Hamburg,Hamburg,,HAM,False,https://media-cdn.incrowdsports.com/5ef8be01-ad71-42c2-aa02-d5c7a9495258.png,90,84
2024,RS,169,17,Round 17,Round 17,True,2025-01-29T18:00:00,True,True,2,2025-01-29T19:00:00,2025-01-29T17:00:00Z,"['L', 'L', 'L', 'L', 'W']","['W', 'L', 'W', 'W', 'L']",EuroCup-2024-25,U2024,2024-25,U,2024,2024-06-29T00:00:00,52dd6cf6-70fb-4327-b4d3-fa0b48db829d,2,Group B,B,RS,REGULAR SEASON,Regular Season,True,LKB,7Bet-Lietkabelis Panevezys,Lietkabelis,,LIE,False,https://media-cdn.cortextech.io/ffcb6e37-31f4-48f6-91c2-a8c9a6f791a9.png,92,92,CLU,U-BT Cluj-Napoca,Cluj,,UBT,False,https://media-cdn.incrowdsports.com/ae3e2844-0615-41bb-a788-a4f0d54b8d5e.png,91,91
2024,RS,170,17,Round 17,Round 17,True,2025-01-29T17:30:00,True,True,3,2025-01-29T19:30:00,2025-01-29T16:30:00Z,"['W', 'L', 'W', 'L', 'W']","['W', 'W', 'L', 'W', 'L']",EuroCup-2024-25,U2024,2024-25,U,2024,2024-06-29T00:00:00,52dd6cf6-70fb-4327-b4d3-fa0b48db829d,2,Group B,B,RS,REGULAR SEASON,Regular Season,True,TTK,Turk Telekom Ankara,Turk Telekom,,TTA,False,https://media-cdn.incrowdsports.com/4ba35608-54ca-4800-a59c-f2571e6f8e13.png,84,84,VNC,Umana Reyer Venice,Reyer Venice,,URV,False,https://media-cdn.incrowdsports.com/104f5074-9f23-47da-a21f-f2078db8244c.png,81,81
2024,RS,171,18,Round 18,Round 18,True,2025-02-04T19:00:00,True,True,1,2025-02-04T19:00:00,2025-02-04T18:00:00Z,"['W', 'L', 'L', 'L', 'L']","['W', 'L', 'L', 'W', 'W']",EuroCup-2024-25,U2024,2024-25,U,2024,2024-06-29T00:00:00,d7fbf7bc-fa38-436d-be58-359f792d76e5,1,Group A,A,RS,REGULAR SEASON,Regular Season,True,TSO,Trefl Sopot,Sopot,,SOP,False,https://media-cdn.incrowdsports.com/9ef7b3dd-9f80-4639-964d-9db4dfe436ee.png,73,73,CAN,Dreamland Gran Canaria,Gran Canaria,,DGC,False,https://media-cdn.incrowdsports.com/a074edc1-e180-4515-a876-447884b570b1.png,76,76
2024,RS,172,18,Round 18,Round 18,True,2025-02-05T18:00:00,True,True,3,2025-02-05T20:00:00,2025-02-05T17:00:00Z,"['L', 'W', 'W', 'L', 'W']","['L', 'W', 'W', 'L', 'L']",EuroCup-2024-25,U2024,2024-25,U,2024,2024-06-29T00:00:00,d7fbf7bc-fa38-436d-be58-359f792d76e5,1,Group A,A,RS,REGULAR SEASON,Regular Season,True,BES,Besiktas Fibabanka Istanbul,Besiktas,,BJK,False,https://media-cdn.cortextech.io/7d37b2d0-2a4a-4a86-bf2c-266bd8da7cac.png,79,79,TRN,Dolomiti Energia Trento,Trento,,TRE,False,https://media-cdn.incrowdsports.com/00c5cc07-732c-43c3-9d6e-5440594a25f8.png,75,75
2024,RS,173,18,Round 18,Round 18,True,2025-02-05T18:00:00,True,True,2,2025-02-05T19:00:00,2025-02-05T17:00:00Z,"['L', 'L', 'W', 'W', 'W']","['L', 'W', 'W', 'W', 'L']",EuroCup-2024-25,U2024,2024-25,U,2024,2024-06-29T00:00:00,d7fbf7bc-fa38-436d-be58-359f792d76e5,1,Group A,A,RS,REGULAR SEASON,Regular Season,True,WOL,Wolves Twinsbet Vilnius,Wolves,,WLV,False,https://media-cdn.incrowdsports.com/bab91c74-fc2e-4176-9db5-06f40e0e6759.png,91,91,BUD,Buducnost VOLI Podgorica,Buducnost,,BUD,False,https://media-cdn.incrowdsports.com/47161285-94b3-4266-9d23-b722e8600945.png,82,82
2024,RS,174,18,Round 18,Round 18,True,2025-02-05T20:30:00,True,True,1,2025-02-05T20:30:00,2025-02-05T19:30:00Z,"['W', 'W', 'L', 'L', 'W']","['W', 'W', 'L', 'W', 'L']",EuroCup-2024-25,U2024,2024-25,U,2024,2024-06-29T00:00:00,d7fbf7bc-fa38-436d-be58-359f792d76e5,1,Group A,A,RS,REGULAR SEASON,Regular Season,True,JOV,Joventut Badalona,Joventut,,CJB,False,https://media-cdn.incrowdsports.com/4867b9ca-abc6-48fd-a47f-011904a74bf8.png,69,69,BAH,Bahcesehir College Istanbul,Bahcesehir,,BKS,False,https://media-cdn.incrowdsports.com/1d3274d8-da86-4d21-9e97-6810ab88babe.png,56,56
2024,RS,175,18,Round 18,Round 18,True,2025-02-05T19:00:00,True,True,1,2025-02-05T19:00:00,2025-02-05T18:00:00Z,"['L', 'L', 'L', 'L', 'L']","['W', 'L', 'W', 'W', 'W']",EuroCup-2024-25,U2024,2024-25,U,2024,2024-06-29T00:00:00,d7fbf7bc-fa38-436d-be58-359f792d76e5,1,Group A,A,RS,REGULAR SEASON,Regular Season,True,ULM,ratiopharm Ulm,Ulm,,ULM,False,https://media-cdn.incrowdsports.com/497dc717-214d-4c03-8c67-0c4870278aa0.png,90,90,HTA,Hapoel Shlomo Tel Aviv,Hapoel Tel Aviv,,HTA,False,https://media-cdn.incrowdsports.com/cbb1c3ad-03d5-426a-b5ef-2832a4eee484.png,97,97
2024,RS,176,18,Round 18,Round 18,True,2025-02-05T19:30:00,True,True,2,2025-02-05T20:30:00,2025-02-05T18:30:00Z,"['W', 'L', 'L', 'W', 'W']","['L', 'W', 'L', 'W', 'L']",EuroCup-2024-25,U2024,2024-25,U,2024,2024-06-29T00:00:00,52dd6cf6-70fb-4327-b4d3-fa0b48db829d,2,Group B,B,RS,REGULAR SEASON,Regular Season,True,JER,Hapoel Bank Yahav Jerusalem,Hapoel Jerusalem,,JLM,False,https://media-cdn.incrowdsports.com/8058e0c5-3042-45e1-9423-f93f33c54576.png,76,76,TTK,Turk Telekom Ankara,Turk Telekom,,TTA,False,https://media-cdn.incrowdsports.com/4ba35608-54ca-4800-a59c-f2571e6f8e13.png,66,66
2024,RS,177,18,Round 18,Round 18,True,2025-02-04T20:00:00,True,True,1,2025-02-04T20:00:00,2025-02-04T19:00:00Z,"['W', 'L', 'W', 'L', 'W']","['L', 'L', 'L', 'W', 'L']",EuroCup-2024-25,U2024,2024-25,U,2024,2024-06-29T00:00:00,52dd6cf6-70fb-4327-b4d3-fa0b48db829d,2,Group B,B,RS,REGULAR SEASON,Regular Season,True,VNC,Umana Reyer Venice,Reyer Venice,,URV,False,https://media-cdn.incrowdsports.com/104f5074-9f23-47da-a21f-f2078db8244c.png,91,91,LKB,7Bet-Lietkabelis Panevezys,Lietkabelis,,LIE,False,https://media-cdn.cortextech.io/ffcb6e37-31f4-48f6-91c2-a8c9a6f791a9.png,77,77
2024,RS,178,18,Round 18,Round 18,True,2025-02-05T19:00:00,True,True,2,2025-02-05T20:00:00,2025-02-05T18:00:00Z,"['L', 'L', 'L', 'L', 'L']","['L', 'W', 'W', 'L', 'W']",EuroCup-2024-25,U2024,2024-25,U,2024,2024-06-29T00:00:00,52dd6cf6-70fb-4327-b4d3-fa0b48db829d,2,Group B,B,RS,REGULAR SEASON,Regular Season,True,ARI,Aris Midea Thessaloniki,Aris,,ARI,False,https://media-cdn.cortextech.io/28be84d9-ad7e-43b3-8d8c-822bb76b8a9e.png,74,74,CLU,U-BT Cluj-Napoca,Cluj,,UBT,False,https://media-cdn.incrowdsports.com/ae3e2844-0615-41bb-a788-a4f0d54b8d5e.png,89,89
2024,RS,179,18,Round 18,Round 18,True,2025-02-05T19:30:00,True,True,1,2025-02-05T19:30:00,2025-02-05T18:30:00Z,"['L', 'L', 'W', 'W', 'W']","['W', 'W', 'L', 'L', 'L']",EuroCup-2024-25,U2024,2024-25,U,2024,2024-06-29T00:00:00,52dd6cf6-70fb-4327-b4d3-fa0b48db829d,2,Group B,B,RS,REGULAR SEASON,Regular Season,True,HAM,Veolia Towers Hamburg,Hamburg,,HAM,False,https://media-cdn.incrowdsports.com/5ef8be01-ad71-42c2-aa02-d5c7a9495258.png,80,80,LJU,Cedevita Olimpija Ljubljana,Cedevita Olimpija,,COL,False,https://media-cdn.incrowdsports.com/73b33d13-570e-4e49-a9cb-fe806831eaa7.png,62,62
2024,RS,180,18,Round 18,Round 18,True,2025-02-05T20:30:00,True,True,1,2025-02-05T20:30:00,2025-02-05T19:30:00Z,"['W', 'W', 'W', 'W', 'W']","['W', 'W', 'W', 'L', 'L']",EuroCup-2024-25,U2024,2024-25,U,2024,2024-06-29T00:00:00,52dd6cf6-70fb-4327-b4d3-fa0b48db829d,2,Group B,B,RS,REGULAR SEASON,Regular Season,True,PAM,Valencia Basket,Valencia,,VBC,False,https://media-cdn.cortextech.io/d88f3c71-1519-4b19-8cfb-99e26a4c008e.png,100,100,BOU,Cosea JL Bourg-en-Bresse,Bourg,,JLB,False,https://media-cdn.incrowdsports.com/d4225e1b-7c1b-4382-98d4-ca8511c64441.png,98,98
2024,8F,181,19,Round 19,Round 19,True,2025-03-05T21:00:00,True,True,0,2025-03-05T20:00:00,2025-03-05T20:00:00Z,"['L', 'L', 'W', 'W', 'W']","['L', 'W', 'L', 'W', 'L']",EuroCup-2024-25,U2024,2024-25,U,2024,2024-06-29T00:00:00,746b6d5a-2770-4606-bef7-d40894325070,1,Group A,A,8F,EIGHTHFINALS,Eighthfinals,False,CAN,Dreamland Gran Canaria,Gran Canaria,,DGC,False,https://media-cdn.incrowdsports.com/a074edc1-e180-4515-a876-447884b570b1.png,84,84,VNC,Umana Reyer Venice,Reyer Venice,,URV,False,https://media-cdn.incrowdsports.com/104f5074-9f23-47da-a21f-f2078db8244c.png,80,80
2024,8F,182,19,Round 19,Round 19,True,2025-03-05T19:30:00,True,True,1,2025-03-05T19:30:00,2025-03-05T18:30:00Z,"['W', 'L', 'L', 'L', 'W']","['W', 'W', 'L', 'W', 'L']",EuroCup-2024-25,U2024,2024-25,U,2024,2024-06-29T00:00:00,327e6eec-e4fe-4ac9-9aab-7ba8292ea414,2,Group B,B,8F,EIGHTHFINALS,Eighthfinals,False,LJU,Cedevita Olimpija Ljubljana,Cedevita Olimpija,,COL,False,https://media-cdn.incrowdsports.com/73b33d13-570e-4e49-a9cb-fe806831eaa7.png,96,96,BES,Besiktas Fibabanka Istanbul,Besiktas,,BJK,False,https://media-cdn.cortextech.io/7d37b2d0-2a4a-4a86-bf2c-266bd8da7cac.png,86,86
2024,8F,183,19,Round 19,Round 19,True,2025-03-05T17:30:00,True,True,3,2025-03-05T19:30:00,2025-03-05T16:30:00Z,"['W', 'L', 'W', 'L', 'W']","['W', 'W', 'W', 'L', 'L']",EuroCup-2024-25,U2024,2024-25,U,2024,2024-06-29T00:00:00,e59bbe10-818c-47d7-b847-dadd4e8b5afa,3,Group C,C,8F,EIGHTHFINALS,Eighthfinals,False,TTK,Turk Telekom Ankara,Turk Telekom,,TTA,False,https://media-cdn.incrowdsports.com/4ba35608-54ca-4800-a59c-f2571e6f8e13.png,93,93,BUD,Buducnost VOLI Podgorica,Buducnost,,BUD,False,https://media-cdn.incrowdsports.com/47161285-94b3-4266-9d23-b722e8600945.png,73,73
2024,8F,184,19,Round 19,Round 19,True,2025-03-04T18:00:00,True,True,2,2025-03-04T19:00:00,2025-03-04T17:00:00Z,"['L', 'W', 'W', 'W', 'L']","['W', 'W', 'L', 'W', 'W']",EuroCup-2024-25,U2024,2024-25,U,2024,2024-06-29T00:00:00,f7a7354f-8ad9-4f5a-b718-ad6ca76fab42,4,Group D,D,8F,EIGHTHFINALS,Eighthfinals,False,WOL,Wolves Twinsbet Vilnius,Wolves,,WLV,False,https://media-cdn.incrowdsports.com/bab91c74-fc2e-4176-9db5-06f40e0e6759.png,99,81,CLU,U-BT Cluj-Napoca,Cluj,,UBT,False,https://media-cdn.incrowdsports.com/ae3e2844-0615-41bb-a788-a4f0d54b8d5e.png,100,81
2024,4F,185,20,Round 20,Round 20,True,2025-03-11T18:00:00,True,True,3,2025-03-11T20:00:00,2025-03-11T17:00:00Z,"['W', 'L', 'W', 'L', 'W']","['L', 'L', 'L', 'W', 'L']",EuroCup-2024-25,U2024,2024-25,U,2024,2024-06-29T00:00:00,32327384-0952-4a44-8064-e2aac3ccbad9,1,Group A,A,4F,QUARTERFINALS,Quarterfinals,False,BAH,Bahcesehir College Istanbul,Bahcesehir,,BKS,False,https://media-cdn.incrowdsports.com/1d3274d8-da86-4d21-9e97-6810ab88babe.png,85,85,LJU,Cedevita Olimpija Ljubljana,Cedevita Olimpija,,COL,False,https://media-cdn.incrowdsports.com/73b33d13-570e-4e49-a9cb-fe806831eaa7.png,81,81
2024,4F,186,20,Round 20,Round 20,True,2025-03-11T20:00:00,True,True,1,2025-03-11T20:00:00,2025-03-11T19:00:00Z,"['L', 'L', 'W', 'W', 'L']","['L', 'W', 'W', 'W', 'W']",EuroCup-2024-25,U2024,2024-25,U,2024,2024-06-29T00:00:00,2255e5e9-875f-4593-97c6-093e2fa8093d,2,Group B,B,4F,QUARTERFINALS,Quarterfinals,False,JER,Hapoel Bank Yahav Jerusalem,Hapoel Jerusalem,,JLM,False,https://media-cdn.incrowdsports.com/8058e0c5-3042-45e1-9423-f93f33c54576.png,89,89,CAN,Dreamland Gran Canaria,Gran Canaria,,DGC,False,https://media-cdn.incrowdsports.com/a074edc1-e180-4515-a876-447884b570b1.png,92,92
2024,4F,187,20,Round 20,Round 20,True,2025-03-12T20:30:00,True,True,1,2025-03-12T20:30:00,2025-03-12T19:30:00Z,"['W', 'W', 'W', 'W', 'W']","['W', 'L', 'W', 'W', 'L']",EuroCup-2024-25,U2024,2024-25,U,2024,2024-06-29T00:00:00,2b2b692e-10a2-4389-be07-ed3a0570f4a1,3,Group C,C,4F,QUARTERFINALS,Quarterfinals,False,PAM,Valencia Basket,Valencia,,VBC,False,https://media-cdn.cortextech.io/d88f3c71-1519-4b19-8cfb-99e26a4c008e.png,98,98,CLU,U-BT Cluj-Napoca,Cluj,,UBT,False,https://media-cdn.incrowdsports.com/ae3e2844-0615-41bb-a788-a4f0d54b8d5e.png,74,74
2024,4F,188,20,Round 20,Round 20,True,2025-03-12T18:00:00,True,True,2,2025-03-12T19:00:00,2025-03-12T17:00:00Z,"['L', 'W', 'W', 'W', 'W']","['L', 'W', 'L', 'W', 'L']",EuroCup-2024-25,U2024,2024-25,U,2024,2024-06-29T00:00:00,fe9e4c48-5ee6-4afe-bf54-282276e20182,4,Group D,D,4F,QUARTERFINALS,Quarterfinals,False,HTA,Hapoel Shlomo Tel Aviv,Hapoel Tel Aviv,,HTA,False,https://media-cdn.incrowdsports.com/cbb1c3ad-03d5-426a-b5ef-2832a4eee484.png,67,67,TTK,Turk Telekom Ankara,Turk Telekom,,TTA,False,https://media-cdn.incrowdsports.com/4ba35608-54ca-4800-a59c-f2571e6f8e13.png,61,61
2024,2F,189,21,Round 21,Round 21,True,2025-03-25T18:00:00,True,True,3,2025-03-25T20:00:00,2025-03-25T17:00:00Z,"['L', 'W', 'L', 'W', 'W']","['W', 'W', 'W', 'W', 'L']",EuroCup-2024-25,U2024,2024-25,U,2024,2024-06-29T00:00:00,a971360e-c7f7-4f87-bd10-ad256ed9503c,1,Group A,A,2F,SEMIFINALS,Semifinals,False,BAH,Bahcesehir College Istanbul,Bahcesehir,,BKS,False,https://media-cdn.incrowdsports.com/1d3274d8-da86-4d21-9e97-6810ab88babe.png,74,74,CAN,Dreamland Gran Canaria,Gran Canaria,,DGC,False,https://media-cdn.incrowdsports.com/a074edc1-e180-4515-a876-447884b570b1.png,66,66
2024,2F,190,21,Round 21,Round 21,True,2025-03-25T20:30:00,True,True,1,2025-03-25T20:30:00,2025-03-25T19:30:00Z,"['W', 'W', 'W', 'W', 'W']","['W', 'W', 'W', 'W', 'L']",EuroCup-2024-25,U2024,2024-25,U,2024,2024-06-29T00:00:00,41b90acd-e40b-466a-b26a-dcc8e31a3b85,2,Group B,B,2F,SEMIFINALS,Semifinals,False,PAM,Valencia Basket,Valencia,,VBC,False,https://media-cdn.cortextech.io/d88f3c71-1519-4b19-8cfb-99e26a4c008e.png,91,91,HTA,Hapoel Shlomo Tel Aviv,Hapoel Tel Aviv,,HTA,False,https://media-cdn.incrowdsports.com/cbb1c3ad-03d5-426a-b5ef-2832a4eee484.png,82,82
2024,2F,191,22,Round 22,Round 22,True,2025-03-28T21:00:00,True,True,0,2025-03-28T20:00:00,2025-03-28T20:00:00Z,"['W', 'W', 'W', 'L', 'W']","['W', 'L', 'W', 'W', 'L']",EuroCup-2024-25,U2024,2024-25,U,2024,2024-06-29T00:00:00,a971360e-c7f7-4f87-bd10-ad256ed9503c,1,Group A,A,2F,SEMIFINALS,Semifinals,False,CAN,Dreamland Gran Canaria,Gran Canaria,,DGC,False,https://media-cdn.incrowdsports.com/a074edc1-e180-4515-a876-447884b570b1.png,69,69,BAH,Bahcesehir College Istanbul,Bahcesehir,,BKS,False,https://media-cdn.incrowdsports.com/1d3274d8-da86-4d21-9e97-6810ab88babe.png,68,68
2024,2F,192,22,Round 22,Round 22,True,2025-03-28T18:30:00,True,True,2,2025-03-28T19:30:00,2025-03-28T17:30:00Z,"['W', 'W', 'W', 'L', 'W']","['W', 'W', 'W', 'W', 'L']",EuroCup-2024-25,U2024,2024-25,U,2024,2024-06-29T00:00:00,41b90acd-e40b-466a-b26a-dcc8e31a3b85,2,Group B,B,2F,SEMIFINALS,Semifinals,False,HTA,Hapoel Shlomo Tel Aviv,Hapoel Tel Aviv,,HTA,False,https://media-cdn.incrowdsports.com/cbb1c3ad-03d5-426a-b5ef-2832a4eee484.png,96,96,PAM,Valencia Basket,Valencia,,VBC,False,https://media-cdn.cortextech.io/d88f3c71-1519-4b19-8cfb-99e26a4c008e.png,91,91
2024,2F,193,23,Round 23,Round 23,True,2025-04-02T19:00:00,True,True,3,2025-04-02T20:00:00,2025-04-02T17:00:00Z,"['L', 'W', 'W', 'L', 'L']","['W', 'W', 'L', 'W', 'W']",EuroCup-2024-25,U2024,2024-25,U,2024,2024-06-29T00:00:00,a971360e-c7f7-4f87-bd10-ad256ed9503c,1,Group A,A,2F,SEMIFINALS,Semifinals,False,BAH,Bahcesehir College Istanbul,Bahcesehir,,BKS,False,https://media-cdn.incrowdsports.com/1d3274d8-da86-4d21-9e97-6810ab88babe.png,72,72,CAN,Dreamland Gran Canaria,Gran Canaria,,DGC,False,https://media-cdn.incrowdsports.com/a074edc1-e180-4515-a876-447884b570b1.png,76,76
2024,2F,194,23,Round 23,Round 23,True,2025-04-02T20:30:00,True,True,2,2025-04-02T20:30:00,2025-04-02T18:30:00Z,"['W', 'W', 'W', 'L', 'L']","['W', 'W', 'L', 'W', 'W']",EuroCup-2024-25,U2024,2024-25,U,2024,2024-06-29T00:00:00,41b90acd-e40b-466a-b26a-dcc8e31a3b85,2,Group B,B,2F,SEMIFINALS,Semifinals,False,PAM,Valencia Basket,Valencia,,VBC,False,https://media-cdn.cortextech.io/d88f3c71-1519-4b19-8cfb-99e26a4c008e.png,92,92,HTA,Hapoel Shlomo Tel Aviv,Hapoel Tel Aviv,,HTA,False,https://media-cdn.incrowdsports.com/cbb1c3ad-03d5-426a-b5ef-2832a4eee484.png,94,94
2024,Final,195,24,Round 24,Round 24,True,2025-04-08T19:00:00,True,True,3,2025-04-08T20:00:00,2025-04-08T17:00:00Z,"['W', 'L', 'W', 'W', 'W']","['W', 'L', 'W', 'W', 'L']",EuroCup-2024-25,U2024,2024-25,U,2024,2024-06-29T00:00:00,4236efbd-7043-4acb-b8e4-4119fdfc0118,1,Group FINALS ,FINALS ,Final,FINALS,Finals,False,HTA,Hapoel Shlomo Tel Aviv,Hapoel Tel Aviv,,HTA,False,https://media-cdn.incrowdsports.com/cbb1c3ad-03d5-426a-b5ef-2832a4eee484.png,74,74,CAN,Dreamland Gran Canaria,Gran Canaria,,DGC,False,https://media-cdn.incrowdsports.com/a074edc1-e180-4515-a876-447884b570b1.png,65,65
2024,Final,196,25,Round 25,Round 25,True,2025-04-11T21:00:00,True,True,1,2025-04-11T20:00:00,2025-04-11T19:00:00Z,"['L', 'W', 'W', 'L', 'L']","['L', 'W', 'W', 'W', 'W']",EuroCup-2024-25,U2024,2024-25,U,2024,2024-06-29T00:00:00,4236efbd-7043-4acb-b8e4-4119fdfc0118,1,Group FINALS ,FINALS ,Final,FINALS,Finals,False,CAN,Dreamland Gran Canaria,Gran Canaria,,DGC,False,https://media-cdn.incrowdsports.com/a074edc1-e180-4515-a876-447884b570b1.png,94,94,HTA,Hapoel Shlomo Tel Aviv,Hapoel Tel Aviv,,HTA,False,https://media-cdn.incrowdsports.com/cbb1c3ad-03d5-426a-b5ef-2832a4eee484.png,103,103
