Season,Phase,Round,Gamecode,Home,Player_ID,IsStarter,IsPlaying,Team,Dorsal,Player,Minutes,Points,FieldGoalsMade2,FieldGoalsAttempted2,FieldGoalsMade3,FieldGoalsAttempted3,FreeThrowsMade,FreeThrowsAttempted,OffensiveRebounds,DefensiveRebounds,TotalRebounds,Assistances,Steals,Turnovers,BlocksFavour,BlocksAgainst,FoulsCommited,FoulsReceived,Valuation,Plusminus
2024,RS,1,1,1,P013292   ,0.0,0.0,TSO,0,"JANKOWSKI, BARTOSZ",DNP,0,0,0,0,0,0,0,0,0,0,0,0,0,0,0,0,0,0,0.0
2024,RS,1,1,1,P012019   ,1.0,0.0,TSO,3,"BEST, AARON",35:18,5,1,4,1,6,0,0,0,1,1,2,2,3,0,1,2,2,-2,-7.0
2024,RS,1,1,1,P013293   ,1.0,1.0,TSO,5,"MCGOWENS, ROBERT",31:28,9,2,3,0,2,5,6,0,3,3,4,4,4,0,0,3,4,13,5.0
2024,RS,1,1,1,P013294   ,0.0,0.0,TSO,9,"JASZCZERSKI, WIKTOR",DNP,0,0,0,0,0,0,0,0,0,0,0,0,0,0,0,0,0,0,0.0
2024,RS,1,1,1,P008790   ,0.0,0.0,TSO,12,"WITLINSKI, MIKOLAJ",16:06,12,4,4,0,0,4,4,4,2,6,0,1,1,1,0,4,2,17,8.0
2024,RS,1,1,1,P013295   ,1.0,1.0,TSO,15,"ZYSKOWSKI, JAROSLAW",31:21,15,2,5,1,9,8,10,1,4,5,2,1,1,0,1,2,5,11,-9.0
2024,RS,1,1,1,P009649   ,1.0,1.0,TSO,22,"PHILLIP, TARIK",40:54,14,0,3,3,8,5,6,1,6,7,6,0,5,2,1,3,6,17,-9.0
2024,RS,1,1,1,P013296   ,1.0,1.0,TSO,32,"GROSELLE, GEOFFREY",28:54,11,3,5,0,0,5,6,4,6,10,1,1,1,1,0,4,6,22,-11.0
2024,RS,1,1,1,P013297   ,0.0,0.0,TSO,50,"WEATHERS, MARCUS",13:39,5,1,4,1,2,0,0,0,5,5,0,2,0,0,1,3,0,4,6.0
2024,RS,1,1,1,P013298   ,0.0,1.0,TSO,55,"SCHENK, JAKUB",27:20,22,1,4,5,6,5,5,1,1,2,4,1,1,0,0,3,3,24,2.0
2024,RS,1,1,1,P003885   ,0.0,0.0,TSO,81,"VAN VLIET, ANDY",DNP,0,0,0,0,0,0,0,0,0,0,0,0,0,0,0,0,0,0,0.0
2024,RS,1,1,1,Team,0.0,0.0,TSO,,Team,,0,0,0,0,0,0,0,0,1,1,0,0,0,0,0,0,0,1,
2024,RS,1,1,1,Total,,,TSO,,Total,225:00,93,14,32,11,33,32,37,11,29,40,19,12,16,4,4,24,28,107,
2024,RS,1,1,0,P006245   ,1.0,0.0,ULM,0,"WEIDEMANN, NELSON",14:43,4,2,3,0,1,0,0,0,0,0,2,0,2,0,0,4,0,-2,12.0
2024,RS,1,1,0,P013289   ,0.0,0.0,ULM,3,"SANTOS, MARCIO",09:51,2,1,1,0,1,0,0,2,1,3,1,0,0,0,0,2,2,5,-2.0
2024,RS,1,1,0,P010726   ,0.0,0.0,ULM,7,"JENSEN, TOBIAS",08:16,0,0,0,0,0,0,0,1,1,2,2,1,1,0,0,0,0,4,-5.0
2024,RS,1,1,0,P012077   ,0.0,0.0,ULM,9,"PLUMMER, ALFONSO",23:52,12,1,1,3,7,1,2,0,2,2,1,0,3,0,0,4,1,4,-10.0
2024,RS,1,1,0,P013290   ,1.0,1.0,ULM,10,"JESSUP, JUSTINIAN",39:55,20,1,4,6,10,0,0,1,5,6,1,1,2,1,0,2,1,19,6.0
2024,RS,1,1,0,P011391   ,0.0,1.0,ULM,12,"ESSENGUE, NOA",27:04,18,4,6,1,1,7,11,0,6,6,2,1,1,2,0,3,7,26,-1.0
2024,RS,1,1,0,P007952   ,0.0,0.0,ULM,13,"BRETZEL, NICOLAS",06:49,7,3,3,0,0,1,1,1,2,3,0,0,1,0,0,0,1,10,-14.0
2024,RS,1,1,0,P006997   ,1.0,1.0,ULM,14,"HERKENHOFF, PHILIPP",25:43,8,3,6,0,3,2,2,2,7,9,4,1,0,0,0,2,1,15,14.0
2024,RS,1,1,0,P013291   ,1.0,0.0,ULM,15,"ROBY, ISAIAH",20:33,2,1,3,0,4,0,0,0,2,2,0,3,0,1,0,5,1,-2,9.0
2024,RS,1,1,0,P012602   ,0.0,1.0,ULM,21,"ANIGBATA, ALEC",12:56,6,0,1,1,2,3,6,1,1,2,0,0,0,0,1,2,3,3,1.0
2024,RS,1,1,0,P011437   ,1.0,1.0,ULM,77,"SARAF, BEN",35:18,17,7,14,0,3,3,3,1,2,3,10,3,6,0,3,4,7,17,5.0
2024,RS,1,1,0,Team,0.0,0.0,ULM,,Team,,0,0,0,0,0,0,0,4,1,5,0,0,1,0,0,0,0,4,
2024,RS,1,1,0,Total,,,ULM,,Total,225:00,96,23,42,11,32,17,25,13,30,43,23,10,17,4,4,28,24,103,
2024,RS,1,2,1,P010161   ,1.0,1.0,JOV,1,"KRAAG, YANNICK",20:14,3,0,1,1,1,0,0,2,2,4,1,0,1,0,0,4,0,2,18.0
2024,RS,1,2,1,P013285   ,1.0,1.0,JOV,2,"DOTSON, DEVON DURRELL",26:35,11,5,12,0,1,1,2,0,4,4,6,2,0,0,1,2,3,14,8.0
2024,RS,1,2,1,P006771   ,0.0,0.0,JOV,3,"BUSQUETS, PEP",DNP,0,0,0,0,0,0,0,0,0,0,0,0,0,0,0,0,0,0,0.0
2024,RS,1,2,1,PJUG      ,0.0,0.0,JOV,4,"RIBAS, PAU",07:46,0,0,1,0,1,0,0,0,1,1,0,0,0,0,0,1,0,-2,12.0
2024,RS,1,2,1,P013286   ,0.0,0.0,JOV,6,"VAN DER VUURST, KEYE",09:53,4,1,1,0,2,2,2,0,0,0,0,0,4,0,0,0,1,-1,-2.0
2024,RS,1,2,1,P013287   ,1.0,1.0,JOV,12,"BRAY-GATES, KAISER EVAN",27:09,16,0,0,4,7,4,4,0,5,5,2,0,1,1,0,1,4,23,15.0
2024,RS,1,2,1,P004834   ,0.0,0.0,JOV,13,"PUSTOVYI, ARTEM",16:58,11,3,5,0,0,5,5,1,4,5,0,0,2,1,1,3,4,13,-7.0
2024,RS,1,2,1,P002361   ,1.0,1.0,JOV,16,"VIVES, GUILLEM",18:54,4,0,1,1,3,1,2,0,3,3,5,1,2,0,0,1,1,7,-3.0
2024,RS,1,2,1,P012349   ,0.0,0.0,JOV,23,"RUZIC, MICHAEL",12:34,0,0,1,0,0,0,2,0,0,0,0,0,1,1,0,3,1,-5,-14.0
2024,RS,1,2,1,P012740   ,0.0,0.0,JOV,30,"ROBERTSON, KASSIUS",17:26,3,0,2,1,1,0,0,1,0,1,3,0,1,0,0,2,1,3,-8.0
2024,RS,1,2,1,P002507   ,1.0,1.0,JOV,44,"TOMIC, ANTE",23:00,17,8,9,0,0,1,1,5,7,12,2,0,1,0,0,0,3,32,12.0
2024,RS,1,2,1,P005099   ,0.0,0.0,JOV,88,"HANGA, ADAM",19:31,9,3,5,1,4,0,0,0,2,2,1,0,1,0,0,3,0,3,-16.0
2024,RS,1,2,1,Team,0.0,0.0,JOV,,Team,,0,0,0,0,0,0,0,1,2,3,0,0,0,0,0,0,0,3,
2024,RS,1,2,1,Total,,,JOV,,Total,200:00,78,20,38,8,20,14,18,10,30,40,20,3,14,3,2,20,18,92,
2024,RS,1,2,0,P011157   ,1.0,0.0,HTA,0,"MOTLEY, JOHNATHAN",19:57,11,4,7,0,1,3,5,2,4,6,1,0,2,0,2,3,5,10,-13.0
2024,RS,1,2,0,P005181   ,0.0,0.0,HTA,1,"RAGLAND, JOE",31:47,4,1,3,0,4,2,2,4,2,6,7,2,0,0,0,1,3,15,6.0
2024,RS,1,2,0,P013283   ,0.0,1.0,HTA,9,"PALATIN, GUY",14:18,9,1,1,2,2,1,2,2,1,3,1,0,0,0,0,2,1,11,13.0
2024,RS,1,2,0,P010465   ,0.0,0.0,HTA,11,"ANGOLA, BRAIAN",DNP,0,0,0,0,0,0,0,0,0,0,0,0,0,0,0,0,0,0,0.0
2024,RS,1,2,0,P009877   ,0.0,0.0,HTA,14,"BLAYZER, OZ",DNP,0,0,0,0,0,0,0,0,0,0,0,0,0,0,0,0,0,0,0.0
2024,RS,1,2,0,P010386   ,1.0,1.0,HTA,17,"FOSTER, MARCUS",18:24,8,1,3,2,4,0,2,1,0,1,0,0,0,0,0,1,1,3,-15.0
2024,RS,1,2,0,P001927   ,1.0,1.0,HTA,22,"BEVERLEY, PATRICK",33:47,14,1,6,4,10,0,0,1,2,3,6,3,1,0,0,3,2,13,-1.0
2024,RS,1,2,0,P013284   ,1.0,1.0,HTA,24,"WAINRIGHT, ISHMAIL CARZELL",29:04,1,0,1,0,3,1,2,1,5,6,1,1,1,0,0,3,1,1,-3.0
2024,RS,1,2,0,P011386   ,0.0,0.0,HTA,31,"YAACOV, NOAM",03:10,0,0,1,0,2,0,0,0,0,0,0,0,0,0,0,0,1,-2,0.0
2024,RS,1,2,0,P010550   ,0.0,1.0,HTA,41,"GINAT, TOMER",08:42,8,4,5,0,1,0,0,3,1,4,0,0,0,0,0,0,1,11,-2.0
2024,RS,1,2,0,P009818   ,1.0,0.0,HTA,50,"BENTIL, BENJAMIN",15:36,6,3,5,0,4,0,0,0,1,1,2,0,0,0,0,1,2,4,-10.0
2024,RS,1,2,0,P012096   ,0.0,0.0,HTA,51,"CABOCLO, BRUNO",25:15,14,5,8,1,4,1,2,2,2,4,3,4,0,2,1,4,3,18,10.0
2024,RS,1,2,0,Team,0.0,0.0,HTA,,Team,,0,0,0,0,0,0,0,2,2,4,0,0,0,0,0,0,0,4,
2024,RS,1,2,0,Total,,,HTA,,Total,200:00,75,20,40,9,35,8,15,18,20,38,21,10,4,2,3,18,20,88,
2024,RS,1,3,1,P012003   ,1.0,1.0,WOL,1,"COWAN JR, ANTHONY",32:32,20,3,6,2,5,8,9,0,0,0,4,1,2,0,0,2,9,23,-3.0
2024,RS,1,3,1,P012789   ,1.0,1.0,WOL,4,"BROOKS, GARRISON",20:05,8,4,6,0,1,0,0,2,6,8,0,0,0,0,0,2,2,13,-18.0
2024,RS,1,3,1,P003212   ,0.0,0.0,WOL,8,"KARINIAUSKAS, VAIDAS",03:16,3,0,1,1,1,0,0,0,0,0,1,0,0,0,0,0,0,3,1.0
2024,RS,1,3,1,P009306   ,0.0,0.0,WOL,9,"BASLYK, DANIEL",DNP,0,0,0,0,0,0,0,0,0,0,0,0,0,0,0,0,0,0,0.0
2024,RS,1,3,1,P004645   ,0.0,0.0,WOL,10,"MINIOTAS, REGIMANTAS",15:56,2,1,3,0,1,0,0,1,5,6,0,0,0,0,1,2,0,2,7.0
2024,RS,1,3,1,P006897   ,0.0,0.0,WOL,11,"MARCINKEVICIUS, JUSTINAS",DNP,0,0,0,0,0,0,0,0,0,0,0,0,0,0,0,0,0,0,0.0
2024,RS,1,3,1,P011248   ,1.0,1.0,WOL,12,"ANDREWS, ANDREW",30:14,7,2,4,1,6,0,0,0,2,2,7,2,2,0,0,4,3,8,-19.0
2024,RS,1,3,1,P005516   ,0.0,0.0,WOL,13,"ZEMAITIS, KRISTUPAS",17:49,3,0,1,1,3,0,0,1,1,2,1,1,0,0,0,1,1,4,-1.0
2024,RS,1,3,1,P012577   ,1.0,1.0,WOL,15,"THURMAN, TRE'SHAWN",26:45,10,2,6,2,5,0,0,3,1,4,0,0,2,0,3,4,1,-1,-22.0
2024,RS,1,3,1,P008186   ,0.0,0.0,WOL,22,"BLAZEVIC, MAREK",17:00,6,3,5,0,0,0,0,1,1,2,2,1,0,0,0,4,0,5,8.0
2024,RS,1,3,1,P006853   ,0.0,0.0,WOL,23,"JOGELA, MATAS",09:36,0,0,1,0,2,0,0,1,1,2,0,0,0,0,0,0,0,-1,0.0
2024,RS,1,3,1,P006546   ,1.0,1.0,WOL,44,"TAYLOR, JEFFERY",26:47,10,1,1,1,4,5,7,1,1,2,3,0,2,0,0,2,5,11,-8.0
2024,RS,1,3,1,Team,0.0,0.0,WOL,,Team,,0,0,0,0,0,0,0,0,3,3,0,0,3,0,0,0,0,0,
2024,RS,1,3,1,Total,,,WOL,,Total,200:00,69,16,34,8,28,13,16,10,21,31,18,5,11,0,4,21,21,67,
2024,RS,1,3,0,P011192   ,1.0,1.0,BAH,0,"SMITH, JALEEN",22:21,7,2,4,1,4,0,0,0,1,1,7,0,1,0,0,4,2,7,6.0
2024,RS,1,3,0,P011201   ,0.0,0.0,BAH,2,"HAZER, SEHMUS",14:47,5,1,1,0,1,3,4,0,3,3,1,1,0,0,0,1,2,9,-7.0
2024,RS,1,3,0,P011821   ,1.0,1.0,BAH,5,"MASSINBURG, CJ",29:35,12,4,7,1,3,1,1,0,3,3,0,3,2,0,0,2,3,12,9.0
2024,RS,1,3,0,P012405   ,0.0,0.0,BAH,7,"HALTALI, FURKAN",12:28,0,0,0,0,0,0,0,1,0,1,0,0,2,0,0,2,0,-3,-5.0
2024,RS,1,3,0,P008282   ,0.0,0.0,BAH,10,"ILYASOGLU, OMERCAN",DNP,0,0,0,0,0,0,0,0,0,0,0,0,0,0,0,0,0,0,0.0
2024,RS,1,3,0,PLQV      ,0.0,0.0,BAH,17,"MUTAF, MAXIM",DNP,0,0,0,0,0,0,0,0,0,0,0,0,0,0,0,0,0,0,0.0
2024,RS,1,3,0,P012711   ,0.0,0.0,BAH,19,"SIMONOVIC, MARKO",18:46,8,1,2,2,5,0,0,1,5,6,3,1,1,2,0,2,3,16,5.0
2024,RS,1,3,0,P004172   ,0.0,1.0,BAH,20,"PONITKA, MATEUSZ",18:47,4,1,1,0,3,2,3,0,3,3,1,1,2,0,0,4,4,3,7.0
2024,RS,1,3,0,P011823   ,1.0,1.0,BAH,21,"ODIASE, TAI",25:57,14,5,9,0,0,4,4,4,1,5,0,0,1,2,0,1,5,20,19.0
2024,RS,1,3,0,P009601   ,1.0,1.0,BAH,34,"CAVANAUGH, TYLER",22:42,13,6,7,0,1,1,1,1,1,2,1,0,1,0,0,2,2,13,3.0
2024,RS,1,3,0,P008278   ,0.0,0.0,BAH,57,"BAS, GOKTUG",00:07,0,0,0,0,0,0,0,0,0,0,0,0,0,0,0,1,0,-1,0.0
2024,RS,1,3,0,P003840   ,1.0,0.0,BAH,83,"BOUTEILLE, AXEL",34:30,17,4,6,3,6,0,0,0,7,7,3,0,1,0,0,2,0,19,18.0
2024,RS,1,3,0,Team,0.0,0.0,BAH,,Team,,0,0,0,0,0,0,0,2,3,5,0,0,0,0,0,0,0,5,
2024,RS,1,3,0,Total,,,BAH,,Total,200:00,80,24,37,7,23,11,13,9,27,36,16,6,11,4,0,21,21,100,
2024,RS,1,4,1,P011924   ,1.0,1.0,BES,0,"ALLMAN, KYLE",20:02,9,2,5,0,1,5,8,1,2,3,1,1,2,1,0,3,5,8,5.0
2024,RS,1,4,1,P011936   ,1.0,0.0,BES,2,"MATHEWS, JONAH",19:25,10,3,5,1,5,1,1,0,4,4,0,0,4,0,0,1,1,4,8.0
2024,RS,1,4,1,P008945   ,0.0,1.0,BES,5,"NEEDHAM, DEREK",23:23,18,5,7,2,6,2,2,2,2,4,6,0,2,0,0,1,4,23,7.0
2024,RS,1,4,1,P003783   ,0.0,0.0,BES,6,"UGURLU, BERK",17:13,5,1,2,1,1,0,0,1,1,2,5,1,0,0,0,4,0,8,16.0
2024,RS,1,4,1,P007914   ,0.0,0.0,BES,7,"ARSLAN, YIGIT",17:10,7,2,4,1,2,0,0,2,1,3,1,0,0,0,1,2,0,5,13.0
2024,RS,1,4,1,P009680   ,0.0,0.0,BES,9,"MORGAN, CONOR",17:59,12,3,3,2,4,0,0,0,2,2,4,0,0,0,0,3,1,14,13.0
2024,RS,1,4,1,P012233   ,0.0,0.0,BES,10,"AKSU, YAGIZ",DNP,0,0,0,0,0,0,0,0,0,0,0,0,0,0,0,0,0,0,0.0
2024,RS,1,4,1,P011927   ,1.0,1.0,BES,14,"SLEVA, DUSTIN",23:24,7,1,3,1,3,2,4,4,3,7,1,1,0,0,0,2,4,12,3.0
2024,RS,1,4,1,P011379   ,1.0,1.0,BES,20,"KONAN, KEREM",13:13,4,2,2,0,0,0,0,0,4,4,1,1,1,0,0,2,2,9,-1.0
2024,RS,1,4,1,P012624   ,0.0,0.0,BES,22,"OZBEK, ATA",DNP,0,0,0,0,0,0,0,0,0,0,0,0,0,0,0,0,0,0,0.0
2024,RS,1,4,1,P013255   ,1.0,1.0,BES,30,"MARTIN, KELAN",22:53,14,4,7,1,2,3,4,0,0,0,0,0,1,0,0,2,3,9,5.0
2024,RS,1,4,1,P010652   ,0.0,0.0,BES,33,"TERRY, EMANUEL",25:18,8,3,5,0,0,2,2,3,3,6,4,2,2,1,0,3,2,16,21.0
2024,RS,1,4,1,Team,0.0,0.0,BES,,Team,,0,0,0,0,0,0,0,1,2,3,0,0,0,0,0,0,0,3,
2024,RS,1,4,1,Total,,,BES,,Total,200:00,94,26,43,9,24,15,21,14,24,38,23,6,12,2,1,23,22,111,
2024,RS,1,4,0,P013256   ,1.0,0.0,BUD,0,"MORGAN, JUWAN",21:44,12,5,6,0,2,2,4,2,1,3,3,1,1,0,0,4,4,13,-1.0
2024,RS,1,4,0,P011150   ,1.0,0.0,BUD,1,"SULAIMON, RASHEED",30:02,13,3,6,1,4,4,4,0,8,8,4,2,1,0,1,2,3,20,-6.0
2024,RS,1,4,0,P006561   ,0.0,0.0,BUD,2,"ILIC, ALEKSA",07:35,2,1,1,0,0,0,0,0,0,0,0,0,1,0,0,1,1,1,-10.0
2024,RS,1,4,0,P012630   ,0.0,0.0,BUD,3,"MAGEE, FLETCHER",22:09,6,1,4,0,1,4,4,0,0,0,0,0,1,0,0,3,2,0,-10.0
2024,RS,1,4,0,P006566   ,1.0,0.0,BUD,7,"SLAVKOVIC, ANDRIJA",15:42,4,2,2,0,1,0,0,0,0,0,0,0,0,0,0,1,1,3,-6.0
2024,RS,1,4,0,P005637   ,0.0,1.0,BUD,10,"TANASKOVIC, NIKOLA",18:16,8,4,6,0,0,0,1,3,4,7,0,1,1,0,1,2,2,11,-17.0
2024,RS,1,4,0,P011281   ,0.0,1.0,BUD,11,"FERRELL, YOGI",20:28,8,2,4,1,4,1,2,0,0,0,4,0,3,0,0,1,3,5,-20.0
2024,RS,1,4,0,P010307   ,0.0,1.0,BUD,13,"JOVANOVIC, DORDIJE",03:19,0,0,0,0,0,0,0,0,0,0,0,0,0,0,0,1,0,-1,-2.0
2024,RS,1,4,0,P013258   ,0.0,1.0,BUD,23,"DREZNJAK, MATEO",08:51,1,0,0,0,1,1,2,0,0,0,2,0,1,1,0,0,1,2,-12.0
2024,RS,1,4,0,P012606   ,1.0,0.0,BUD,25,"WRIGHT IV, MCKINLEY",19:32,13,3,6,1,1,4,5,2,2,4,2,0,2,0,0,4,4,13,2.0
2024,RS,1,4,0,P013259   ,0.0,0.0,BUD,27,"AZUBUIKE, UDOKA",01:54,1,0,0,0,0,1,4,0,2,2,0,0,0,0,0,1,2,1,2.0
2024,RS,1,4,0,P008325   ,1.0,1.0,BUD,34,"KAMENJAS, KENAN",30:28,8,4,8,0,0,0,0,1,4,5,2,3,1,0,0,2,0,11,-10.0
2024,RS,1,4,0,Team,0.0,0.0,BUD,,Team,,0,0,0,0,0,0,0,1,0,1,0,0,3,0,0,0,0,-2,
2024,RS,1,4,0,Total,,,BUD,,Total,200:00,76,25,43,3,14,17,26,9,21,30,17,7,15,1,2,22,23,77,
2024,RS,1,5,1,P012777   ,0.0,0.0,CAN,1,"URBANIAK, JAKUB",DNP,0,0,0,0,0,0,0,0,0,0,0,0,0,0,0,0,0,0,0.0
2024,RS,1,5,1,P007560   ,0.0,0.0,CAN,3,"KLJAJIC, JOVAN",07:10,0,0,0,0,0,0,0,0,1,1,0,0,1,0,0,1,0,-1,-4.0
2024,RS,1,5,1,P012016   ,0.0,0.0,CAN,4,"CONDITT IV, GEORGE",15:34,4,2,8,0,0,0,2,3,1,4,1,2,2,0,1,2,2,0,-3.0
2024,RS,1,5,1,P011251   ,0.0,0.0,CAN,5,"HOMESLEY, CALEB",18:03,6,3,7,0,1,0,0,2,3,5,2,1,1,0,0,1,1,8,-4.0
2024,RS,1,5,1,P003425   ,1.0,1.0,CAN,6,"ALBICY, ANDREW",26:12,8,1,2,1,4,3,4,0,2,2,5,2,3,0,0,2,3,10,5.0
2024,RS,1,5,1,P008121   ,1.0,1.0,CAN,9,"BRUSSINO, NICOLAS",28:03,5,1,5,1,1,0,0,2,1,3,3,1,1,0,0,1,2,8,7.0
2024,RS,1,5,1,P005005   ,0.0,0.0,CAN,10,"SALVO, MIQUEL",04:47,2,0,1,0,0,2,2,0,0,0,0,0,0,0,0,0,1,2,0.0
2024,RS,1,5,1,P010623   ,0.0,0.0,CAN,12,"ALOCEN, CARLOS",13:48,11,4,6,1,1,0,0,0,0,0,1,2,1,0,0,0,0,11,-2.0
2024,RS,1,5,1,P010452   ,0.0,0.0,CAN,13,"PELOS, PIERRE",17:35,9,3,6,1,1,0,1,1,1,2,1,1,0,1,0,1,1,10,-5.0
2024,RS,1,5,1,P006588   ,1.0,1.0,CAN,14,"SHURNA, JOHN",22:25,12,2,6,2,5,2,2,3,3,6,0,0,1,0,1,3,5,11,8.0
2024,RS,1,5,1,P008966   ,1.0,1.0,CAN,18,"TOBEY, MIKE",24:26,20,8,12,0,1,4,4,3,5,8,1,0,0,0,1,3,4,24,6.0
2024,RS,1,5,1,P012095   ,1.0,1.0,CAN,32,"THOMASSON, JOE",21:57,7,1,1,1,2,2,2,1,1,2,2,0,1,0,0,1,1,9,7.0
2024,RS,1,5,1,Team,0.0,0.0,CAN,,Team,,0,0,0,0,0,0,0,1,1,2,0,0,0,0,0,0,0,2,
2024,RS,1,5,1,Total,,,CAN,,Total,200:00,84,25,54,7,16,13,17,16,19,35,16,9,11,1,3,15,20,94,
2024,RS,1,5,0,P012593   ,1.0,1.0,TRN,1,"ELLIS, QUINN",27:51,4,2,4,0,1,0,0,0,4,4,5,0,4,0,0,0,2,8,-3.0
2024,RS,1,5,0,P013269   ,1.0,0.0,TRN,3,"CALE, MYLES",20:46,5,1,3,1,2,0,0,0,2,2,1,2,1,0,0,1,0,5,-7.0
2024,RS,1,5,0,P013270   ,0.0,1.0,TRN,5,"FORD, JORDAN",27:52,32,11,11,3,4,1,1,1,1,2,2,1,1,0,0,3,4,36,3.0
2024,RS,1,5,0,P005438   ,0.0,1.0,TRN,6,"PECCHIA, ANDREA",26:28,6,3,6,0,1,0,0,1,0,1,2,1,0,1,1,1,0,5,0.0
2024,RS,1,5,0,P012687   ,1.0,0.0,TRN,7,"NIANG, SALIOU",10:22,5,2,4,0,0,1,1,0,1,1,0,0,1,0,0,3,1,1,-6.0
2024,RS,1,5,0,P006382   ,0.0,0.0,TRN,10,"FORRAY, TOTO",11:06,3,0,1,1,2,0,0,0,1,1,0,0,2,0,0,5,1,-4,1.0
2024,RS,1,5,0,P013271   ,1.0,0.0,TRN,21,"MAWUGBE, SELOM",25:31,6,3,3,0,0,0,0,1,6,7,0,0,3,0,0,3,0,7,-1.0
2024,RS,1,5,0,P013272   ,1.0,1.0,TRN,22,"LAMB, ANTHONY",28:20,9,1,2,1,7,4,5,0,4,4,4,1,3,1,0,1,5,12,-2.0
2024,RS,1,5,0,P006724   ,0.0,1.0,TRN,26,"BAYEHE, JORDAN",21:44,11,4,4,1,2,0,2,0,4,4,1,0,0,1,0,3,1,12,0.0
2024,RS,1,5,0,P002387   ,0.0,0.0,TRN,33,"ZUKAUSKAS, EIGIRDAS",DNP,0,0,0,0,0,0,0,0,0,0,0,0,0,0,0,0,0,0,0.0
2024,RS,1,5,0,Team,0.0,0.0,TRN,,Team,,0,0,0,0,0,0,0,1,1,2,0,0,1,0,0,0,0,1,
2024,RS,1,5,0,Total,,,TRN,,Total,200:00,81,27,38,7,19,6,9,4,24,28,15,5,16,3,1,20,14,83,
2024,RS,1,6,1,P013276   ,0.0,1.0,JER,0,"SMITH, JUSTIN",14:42,6,3,5,0,0,0,0,1,2,3,0,1,2,1,1,3,0,3,-17.0
2024,RS,1,6,1,P011970   ,1.0,1.0,JER,1,"HARPER, JARED",27:35,27,4,10,2,6,13,13,0,3,3,2,0,2,0,0,1,8,27,-8.0
2024,RS,1,6,1,P013277   ,1.0,1.0,JER,4,"JOHNSON, CHRIS",19:57,6,1,1,1,2,1,2,1,1,2,0,0,0,0,0,3,1,4,-7.0
2024,RS,1,6,1,P013278   ,1.0,0.0,JER,5,"WILEY, AUSTIN",24:14,8,4,7,0,0,0,4,4,7,11,0,1,3,3,0,3,7,17,-3.0
2024,RS,1,6,1,P013279   ,0.0,0.0,JER,7,"CHACHASHVILI, GABRIEL",19:42,0,0,0,0,0,0,0,1,4,5,0,1,3,1,0,3,0,1,-3.0
2024,RS,1,6,1,P009879   ,0.0,0.0,JER,8,"DOVRAT, NOAM",16:08,1,0,1,0,2,1,2,0,2,2,0,0,2,1,0,2,2,-2,-8.0
2024,RS,1,6,1,P010431   ,0.0,0.0,JER,20,"MORGAN, JEREMY",10:39,2,1,1,0,1,0,0,0,1,1,0,1,0,0,0,1,1,3,-2.0
2024,RS,1,6,1,P010587   ,1.0,1.0,JER,44,"SMITH, KENNETH",30:19,10,3,7,0,6,4,6,0,1,1,7,1,2,0,1,4,3,3,-15.0
2024,RS,1,6,1,P006625   ,1.0,1.0,JER,50,"ZOOSMAN, YOVEL",27:37,4,2,3,0,3,0,0,0,2,2,1,2,1,0,0,3,0,1,-9.0
2024,RS,1,6,1,P013281   ,0.0,0.0,JER,80,"CORNELIUS, OR",09:07,0,0,1,0,0,0,0,0,0,0,0,0,0,0,0,1,0,-2,-8.0
2024,RS,1,6,1,Team,0.0,0.0,JER,,Team,,0,0,0,0,0,0,0,1,3,4,0,0,0,0,0,0,0,4,
2024,RS,1,6,1,Total,,,JER,,Total,200:00,64,18,36,3,20,19,27,8,26,34,10,7,15,6,2,24,22,59,
2024,RS,1,6,0,P007527   ,1.0,1.0,PAM,0,"BADIO, BRANCOU",21:55,1,0,2,0,5,1,2,1,0,1,4,0,1,0,0,2,2,-3,-2.0
2024,RS,1,6,0,P006643   ,0.0,0.0,PAM,2,"PUERTO, JOSEP",17:48,6,0,1,1,3,3,4,1,2,3,0,1,2,0,1,1,4,6,20.0
2024,RS,1,6,0,P012738   ,0.0,1.0,PAM,3,"REUVERS, NATHAN",14:41,6,2,2,0,1,2,4,2,3,5,0,0,0,2,0,3,5,12,4.0
2024,RS,1,6,0,P010393   ,0.0,1.0,PAM,4,"PRADILLA, JAIME",21:39,4,1,3,0,1,2,3,3,8,11,4,2,0,0,0,2,2,17,13.0
2024,RS,1,6,0,P005356   ,1.0,0.0,PAM,6,"LOPEZ-AROSTEGUI, XABI",16:37,9,2,2,1,4,2,2,3,2,5,0,1,1,0,0,3,4,12,-10.0
2024,RS,1,6,0,P010042   ,0.0,0.0,PAM,8,"MONTERO, JEAN",23:16,10,3,7,0,6,4,5,2,0,2,7,1,1,0,1,1,5,11,26.0
2024,RS,1,6,0,P004863   ,0.0,1.0,PAM,16,"JOVIC, STEFAN",18:12,6,3,3,0,1,0,0,0,3,3,2,2,0,0,0,0,0,12,18.0
2024,RS,1,6,0,P009864   ,1.0,0.0,PAM,22,"HAPP, ETHAN",08:26,0,0,2,0,0,0,0,0,0,0,0,0,2,0,2,3,0,-9,-5.0
2024,RS,1,6,0,P010754   ,0.0,0.0,PAM,23,"MARI, LUCAS",DNP,0,0,0,0,0,0,0,0,0,0,0,0,0,0,0,0,0,0,0.0
2024,RS,1,6,0,P010444   ,0.0,0.0,PAM,24,"COSTELLO, MATTHEW",16:53,16,5,7,2,7,0,0,4,0,4,1,1,2,0,1,3,0,9,17.0
2024,RS,1,6,0,P011982   ,1.0,1.0,PAM,37,"OJELEYE, SEMI",23:53,12,3,7,2,3,0,1,1,6,7,1,0,2,0,1,0,2,13,0.0
2024,RS,1,6,0,P011980   ,1.0,0.0,PAM,77,"SESTINA, NATHAN",16:40,10,2,4,2,6,0,0,2,4,6,1,0,1,0,0,5,0,5,-1.0
2024,RS,1,6,0,Team,0.0,0.0,PAM,,Team,,0,0,0,0,0,0,0,3,2,5,0,0,2,0,0,0,0,3,
2024,RS,1,6,0,Total,,,PAM,,Total,200:00,80,21,40,8,37,14,21,22,30,52,20,8,14,2,6,23,24,88,
2024,RS,1,7,1,P013308   ,1.0,0.0,HAM,1,"IVEY, BILLY",25:05,4,0,1,1,5,1,2,0,4,4,2,0,3,0,0,2,5,4,-10.0
2024,RS,1,7,1,P011256   ,1.0,0.0,HAM,3,"RICH, OSARO",15:29,6,1,2,0,3,4,4,0,2,2,0,2,1,0,0,1,2,6,-19.0
2024,RS,1,7,1,P013309   ,0.0,0.0,HAM,4,"LOTTIE, JAIZEC",14:53,5,2,3,0,2,1,2,0,2,2,4,0,3,0,0,0,2,6,-5.0
2024,RS,1,7,1,P008103   ,0.0,0.0,HAM,5,"MARONKA, ZSOMBOR",16:33,11,1,1,3,3,0,0,0,1,1,0,0,1,1,0,2,0,10,-11.0
2024,RS,1,7,1,P010070   ,0.0,1.0,HAM,6,"MOELLER, LEIF",06:01,0,0,3,0,0,0,0,0,1,1,0,0,2,0,0,1,1,-4,-5.0
2024,RS,1,7,1,P013311   ,0.0,1.0,HAM,11,"KENNEDY, KEONDRE",18:32,17,1,6,5,7,0,0,0,5,5,0,2,2,0,0,2,0,13,-1.0
2024,RS,1,7,1,P012695   ,0.0,1.0,HAM,14,"REECE, CAMRON",12:28,2,1,2,0,2,0,0,0,1,1,0,2,1,1,0,0,0,2,0.0
2024,RS,1,7,1,P013312   ,1.0,0.0,HAM,21,"BARNETT, JORDAN",16:14,4,2,3,0,1,0,0,1,1,2,2,0,3,1,0,2,0,2,-15.0
2024,RS,1,7,1,P013313   ,1.0,0.0,HAM,23,"KUATH, KUR",15:03,0,0,1,0,0,0,0,1,2,3,3,0,3,0,0,4,0,-2,-9.0
2024,RS,1,7,1,P003242   ,1.0,1.0,HAM,25,"OGBE, KENNETH",25:04,15,2,4,3,5,2,2,1,3,4,2,0,0,0,1,4,4,16,-9.0
2024,RS,1,7,1,P006420   ,0.0,0.0,HAM,33,"HECKMANN, PATRICK",14:56,4,2,2,0,0,0,0,0,2,2,1,0,0,0,0,4,0,3,-9.0
2024,RS,1,7,1,P006006   ,0.0,1.0,HAM,44,"TURUDIC, BENEDIKT",19:42,12,5,5,0,0,2,2,4,1,5,3,1,2,1,0,3,2,19,-7.0
2024,RS,1,7,1,Team,0.0,0.0,HAM,,Team,,0,0,0,0,0,0,0,0,2,2,0,0,2,0,0,0,0,0,
2024,RS,1,7,1,Total,,,HAM,,Total,200:00,80,17,33,12,28,10,12,7,27,34,17,7,23,4,1,25,16,75,
2024,RS,1,7,0,P004525   ,1.0,1.0,BOU,3,"SALASH, MAKSIM",21:27,12,1,4,2,2,4,4,0,5,5,1,1,2,0,1,0,2,15,14.0
2024,RS,1,7,0,P013264   ,0.0,0.0,BOU,4,"NELSON, ADRIAN",21:14,18,3,5,3,5,3,4,2,2,4,0,2,0,0,0,1,4,22,6.0
2024,RS,1,7,0,P010449   ,1.0,0.0,BOU,5,"BENITEZ, HUGO",20:19,9,3,4,1,3,0,0,0,3,3,6,1,2,0,0,3,1,12,28.0
2024,RS,1,7,0,P010450   ,0.0,0.0,BOU,7,"COURBY, MAXIME",DNP,0,0,0,0,0,0,0,0,0,0,0,0,0,0,0,0,0,0,0.0
2024,RS,1,7,0,P013265   ,1.0,1.0,BOU,8,"USHER, JORDAN",26:08,8,0,2,2,3,2,2,0,3,3,1,1,0,0,0,3,2,9,11.0
2024,RS,1,7,0,P009556   ,0.0,0.0,BOU,10,"NGOUAMA, MEHDY",14:51,3,0,1,0,5,3,4,0,1,1,3,2,1,0,0,1,5,5,7.0
2024,RS,1,7,0,P006904   ,0.0,1.0,BOU,11,"AYAYI, JOEL",19:41,7,2,3,0,0,3,4,1,4,5,5,2,2,0,1,0,4,18,-8.0
2024,RS,1,7,0,P013266   ,1.0,1.0,BOU,13,"CASTADENA, XAVIER",25:09,12,0,7,4,7,0,0,0,1,1,5,1,2,0,2,1,3,7,13.0
2024,RS,1,7,0,P011550   ,0.0,0.0,BOU,16,"JACQUES, WILSON",DNP,0,0,0,0,0,0,0,0,0,0,0,0,0,0,0,0,0,0,0.0
2024,RS,1,7,0,P009552   ,0.0,1.0,BOU,27,"PANSA, JEAN-MARC",19:10,16,7,10,0,0,2,2,1,1,2,0,0,1,0,0,2,1,13,8.0
2024,RS,1,7,0,P004945   ,0.0,0.0,BOU,33,"PAUL, BRANDON",13:52,5,0,1,1,3,2,4,0,0,0,2,0,0,0,0,0,2,4,9.0
2024,RS,1,7,0,P011837   ,1.0,0.0,BOU,34,"KOKILA, KEVIN",18:09,10,4,4,0,0,2,2,1,1,2,0,2,1,1,0,5,1,10,12.0
2024,RS,1,7,0,Team,0.0,0.0,BOU,,Team,,0,0,0,0,0,0,0,5,3,8,0,0,1,0,0,0,0,7,
2024,RS,1,7,0,Total,,,BOU,,Total,200:00,100,20,41,13,28,21,26,10,24,34,23,12,12,1,4,16,25,122,
2024,RS,1,8,1,P010651   ,1.0,1.0,CLU,1,"HERVEY, KEVIN",32:32,14,4,8,2,7,0,0,3,4,7,0,2,1,0,0,2,1,12,-7.0
2024,RS,1,8,1,P013302   ,1.0,1.0,CLU,3,"SIMPSON, ZAVIER",30:40,16,5,8,2,3,0,0,1,6,7,9,1,3,0,0,3,5,28,2.0
2024,RS,1,8,1,P005714   ,0.0,0.0,CLU,5,"MEJERIS, MAREKS",15:44,6,3,4,0,2,0,0,0,0,0,1,0,0,1,0,1,0,4,-6.0
2024,RS,1,8,1,P013303   ,0.0,0.0,CLU,6,"MIRON, DARIUS",DNP,0,0,0,0,0,0,0,0,0,0,0,0,0,0,0,0,0,0,0.0
2024,RS,1,8,1,P002820   ,1.0,1.0,CLU,9,"SALIN, SASU",24:21,2,1,1,0,3,0,0,2,1,3,2,0,0,0,0,1,2,5,-4.0
2024,RS,1,8,1,P013304   ,1.0,1.0,CLU,10,"HANKINS, ZACH",25:56,15,7,10,0,0,1,2,2,3,5,4,0,1,1,0,1,1,20,-1.0
2024,RS,1,8,1,P004862   ,0.0,0.0,CLU,11,"SEELEY, DENNIS",11:30,4,2,2,0,1,0,0,0,1,1,1,0,2,0,0,4,1,0,-6.0
2024,RS,1,8,1,P012684   ,0.0,0.0,CLU,12,"PETRIC, ALEXIS",DNP,0,0,0,0,0,0,0,0,0,0,0,0,0,0,0,0,0,0,0.0
2024,RS,1,8,1,P006618   ,0.0,0.0,CLU,23,"STEPHENS, DE'SHAWN",11:29,6,3,5,0,0,0,0,0,1,1,0,0,1,0,1,2,2,3,-1.0
2024,RS,1,8,1,P012620   ,1.0,0.0,CLU,25,"MACIUCA, MIHAI",08:53,4,0,0,0,3,4,4,0,0,0,0,1,0,0,0,1,2,3,-2.0
2024,RS,1,8,1,P011801   ,0.0,1.0,CLU,35,"RICHARD, PATRICK",12:25,3,0,0,1,1,0,0,0,2,2,0,0,2,0,0,1,0,2,0.0
2024,RS,1,8,1,P012698   ,0.0,0.0,CLU,95,"MOKOKA, ADAM",26:30,16,5,6,2,6,0,0,0,6,6,2,2,1,0,0,3,2,19,-10.0
2024,RS,1,8,1,Team,0.0,0.0,CLU,,Team,,0,0,0,0,0,0,0,0,3,3,0,0,0,0,0,0,0,3,
2024,RS,1,8,1,Total,,,CLU,,Total,200:00,86,30,44,7,26,5,6,8,27,35,19,6,11,2,1,19,16,99,
2024,RS,1,8,0,P012700   ,1.0,1.0,LJU,0,"STEWART, DJ",28:33,13,4,5,1,4,2,2,2,2,4,1,1,2,0,0,4,1,10,1.0
2024,RS,1,8,0,P012042   ,1.0,1.0,LJU,1,"ROBINSON, DEVIN",28:41,20,8,13,1,2,1,2,0,4,4,3,1,1,0,1,1,1,19,5.0
2024,RS,1,8,0,P013260   ,1.0,1.0,LJU,2,"JONES, DEVANTE",22:09,15,1,2,3,5,4,4,0,2,2,7,4,5,0,0,2,3,21,2.0
2024,RS,1,8,0,P009392   ,0.0,0.0,LJU,3,"RADOVIC, ROK",05:36,2,1,3,0,0,0,0,1,0,1,0,1,0,0,0,1,0,1,3.0
2024,RS,1,8,0,P003703   ,0.0,0.0,LJU,5,"NIKOLIC, ALEKSEJ",18:04,14,0,0,4,6,2,2,1,1,2,1,0,2,0,0,2,2,13,8.0
2024,RS,1,8,0,P011261   ,0.0,0.0,LJU,7,"GLAS, GREGOR",DNP,0,0,0,0,0,0,0,0,0,0,0,0,0,0,0,0,0,0,0.0
2024,RS,1,8,0,P013261   ,0.0,1.0,LJU,9,"LEMAR, BRYNTON",25:44,18,1,4,4,7,4,5,0,3,3,3,0,1,0,1,1,6,20,14.0
2024,RS,1,8,0,P003452   ,1.0,0.0,LJU,11,"BLAZIC, JAKA",19:54,5,0,1,1,4,2,2,0,1,1,1,0,0,0,0,1,1,3,-7.0
2024,RS,1,8,0,P012996   ,0.0,1.0,LJU,20,"BERINGER, JOAN",23:59,2,1,2,0,0,0,0,1,6,7,1,2,0,1,0,1,0,11,2.0
2024,RS,1,8,0,P009753   ,0.0,0.0,LJU,23,"GEBEN, MARTINAS",13:10,4,1,2,0,0,2,4,2,3,5,0,0,0,0,0,0,4,10,8.0
2024,RS,1,8,0,P013262   ,0.0,0.0,LJU,34,"PREPELIC, BINE",11:19,0,0,1,0,0,0,0,0,1,1,1,0,1,0,0,2,1,-1,2.0
2024,RS,1,8,0,P013263   ,1.0,0.0,LJU,37,"OGBEIDE, DEREK",02:51,0,0,0,0,0,0,0,0,0,0,0,0,2,0,0,1,0,-3,-3.0
2024,RS,1,8,0,Team,0.0,0.0,LJU,,Team,,0,0,0,0,0,0,0,1,0,1,0,0,0,0,0,0,0,1,
2024,RS,1,8,0,Total,,,LJU,,Total,200:00,93,17,33,14,28,17,21,8,23,31,18,9,14,1,2,16,19,105,
2024,RS,1,9,1,P003759   ,0.0,1.0,VNC,0,"TESSITORI, AMEDEO",15:00,11,4,6,0,0,3,4,2,0,2,0,0,0,0,1,3,3,9,20.0
2024,RS,1,9,1,P006571   ,0.0,0.0,VNC,4,"LEVER, ALESSANDRO",04:33,2,1,1,0,1,0,0,0,1,1,1,0,0,0,0,1,0,2,0.0
2024,RS,1,9,1,P007759   ,1.0,1.0,VNC,5,"MUNFORD, XAVIER",29:03,10,0,2,2,4,4,5,0,3,3,1,3,1,1,0,1,5,16,24.0
2024,RS,1,9,1,P009400   ,0.0,0.0,VNC,7,"CASARIN, DAVIDE",09:50,1,0,0,0,1,1,2,0,0,0,2,0,3,0,0,3,1,-4,-1.0
2024,RS,1,9,1,P005404   ,0.0,1.0,VNC,9,"MORETTI, DAVIDE",13:00,6,1,1,1,2,1,2,1,1,2,4,1,1,0,0,2,2,10,-1.0
2024,RS,1,9,1,P008858   ,1.0,0.0,VNC,11,"ENNIS, TYLER",28:37,12,3,7,1,3,3,4,2,4,6,8,2,2,0,0,3,2,18,20.0
2024,RS,1,9,1,P012588   ,0.0,0.0,VNC,14,"JANELIDZE, GIGA",DNP,0,0,0,0,0,0,0,0,0,0,0,0,0,0,0,0,0,0,0.0
2024,RS,1,9,1,P012796   ,1.0,0.0,VNC,21,"TSHIMANGA KABENGELE, MFIONDU",25:00,13,4,9,0,0,5,7,4,5,9,0,0,2,0,2,1,7,17,0.0
2024,RS,1,9,1,P011909   ,1.0,1.0,VNC,22,"PARKS, JORDAN",28:32,17,4,8,1,4,6,6,2,5,7,1,1,0,1,0,3,3,20,17.0
2024,RS,1,9,1,P013305   ,0.0,1.0,VNC,24,"WHEATLE, CARL",20:25,10,0,0,3,4,1,2,1,4,5,4,0,0,0,0,0,2,19,4.0
2024,RS,1,9,1,P011928   ,1.0,0.0,VNC,25,"SIMMS, AAMIR",26:00,13,4,8,1,3,2,5,1,0,1,4,0,1,0,0,2,5,11,17.0
2024,RS,1,9,1,P008052   ,0.0,0.0,VNC,33,"WILTJER, KYLE",DNP,0,0,0,0,0,0,0,0,0,0,0,0,0,0,0,0,0,0,0.0
2024,RS,1,9,1,Team,0.0,0.0,VNC,,Team,,0,0,0,0,0,0,0,4,1,5,0,0,1,0,0,0,0,4,
2024,RS,1,9,1,Total,,,VNC,,Total,200:00,95,21,42,9,22,26,37,17,24,41,25,7,11,2,3,19,30,122,
2024,RS,1,9,0,P013248   ,1.0,0.0,ARI,1,"BANKS, JAMES",17:04,9,4,5,0,0,1,1,3,2,5,0,0,3,1,0,4,1,8,-6.0
2024,RS,1,9,0,P013249   ,1.0,0.0,ARI,2,"NOLLEY, LANDERS",22:02,14,1,4,4,6,0,0,0,1,1,2,2,2,0,0,5,0,7,-17.0
2024,RS,1,9,0,P004292   ,0.0,0.0,ARI,4,"TOLIOPOULOS, VASSILIS",22:25,10,2,6,2,8,0,0,1,4,5,3,2,1,0,0,2,1,8,-10.0
2024,RS,1,9,0,P013250   ,1.0,0.0,ARI,5,"DE JULIUS, DAVID",21:16,11,4,9,0,1,3,4,0,1,1,3,0,0,0,0,5,3,6,-5.0
2024,RS,1,9,0,P013355   ,0.0,0.0,ARI,10,"CHATZIDAKIS, EMMANOUIL",05:06,2,0,0,0,0,2,4,0,0,0,0,0,1,1,0,5,3,-2,-11.0
2024,RS,1,9,0,P013356   ,1.0,0.0,ARI,12,"GKIOUZELIS, GEORGIOS",20:34,0,0,1,0,2,0,0,1,0,1,1,0,3,0,1,1,0,-6,-5.0
2024,RS,1,9,0,P003240   ,0.0,1.0,ARI,13,"BOCHORIDIS, ELEFTHERIOS",21:11,4,1,1,0,0,2,4,1,2,3,3,0,1,0,0,2,4,9,-10.0
2024,RS,1,9,0,P013360   ,0.0,1.0,ARI,14,"CLAY, DONOVAN LA'NELL",09:49,1,0,1,0,0,1,2,0,0,0,0,0,0,1,0,1,1,0,-9.0
2024,RS,1,9,0,P013251   ,0.0,1.0,ARI,22,"WOODBURY, TREY",17:10,9,1,2,2,5,1,2,1,3,4,1,0,1,0,1,1,2,8,-10.0
2024,RS,1,9,0,P013252   ,0.0,1.0,ARI,23,"ROBERTS, JOSHUA",14:31,4,2,2,0,0,0,2,2,3,5,0,0,3,0,0,4,1,1,2.0
2024,RS,1,9,0,P008084   ,1.0,1.0,ARI,72,"MANTZOUKAS, ELEFTHERIOS",28:52,11,0,2,3,4,2,4,1,2,3,1,1,2,0,0,1,3,11,-19.0
2024,RS,1,9,0,Team,0.0,0.0,ARI,,Team,,0,0,0,0,0,0,0,0,1,1,0,0,0,0,0,0,0,1,
2024,RS,1,9,0,Total,,,ARI,,Total,200:00,75,15,33,11,26,12,23,10,19,29,14,5,17,3,2,31,19,51,
2024,RS,1,10,1,P012259   ,1.0,0.0,TTK,1,"HEIDEGGER, MAX",25:01,8,1,5,1,5,3,4,1,2,3,4,0,0,0,1,1,2,6,-4.0
2024,RS,1,10,1,P007917   ,0.0,1.0,TTK,3,"DURMAZ, BERKAN",04:42,3,1,2,0,0,1,3,1,1,2,0,0,0,0,0,0,2,4,-1.0
2024,RS,1,10,1,P004056   ,1.0,0.0,TTK,5,"AKPINAR, ISMET",13:37,5,1,1,1,3,0,0,1,1,2,1,0,0,0,0,3,2,5,4.0
2024,RS,1,10,1,P011973   ,1.0,1.0,TTK,7,"ALEXANDER, KYLE",27:53,11,3,3,0,0,5,5,1,8,9,2,0,2,2,0,3,6,25,-1.0
2024,RS,1,10,1,P009025   ,1.0,1.0,TTK,8,"BROWN, ANTHONY",32:01,11,4,8,0,3,3,4,2,9,11,3,0,2,1,0,4,4,16,6.0
2024,RS,1,10,1,P012415   ,0.0,0.0,TTK,9,"TUNCA, MELIH",10:06,4,1,1,0,0,2,2,0,0,0,1,0,3,0,0,2,1,1,8.0
2024,RS,1,10,1,P011977   ,0.0,0.0,TTK,12,"OZDOGAN, ARDA",DNP,0,0,0,0,0,0,0,0,0,0,0,0,0,0,0,0,0,0,0.0
2024,RS,1,10,1,P004619   ,0.0,0.0,TTK,13,"AGVA, MAHIR",03:56,2,1,1,0,0,0,0,1,0,1,0,1,0,0,0,0,1,5,5.0
2024,RS,1,10,1,P013300   ,0.0,1.0,TTK,20,"BESS, JAVON",17:00,4,2,2,0,1,0,0,0,3,3,1,2,2,0,0,2,0,5,12.0
2024,RS,1,10,1,P006598   ,0.0,1.0,TTK,21,"HANLAN, OLIVIER",23:00,5,1,4,1,3,0,0,0,0,0,2,0,1,1,1,3,3,1,4.0
2024,RS,1,10,1,P004218   ,0.0,0.0,TTK,33,"CHARALAMPOPOULOS, VASILIS",17:06,7,2,4,0,0,3,3,1,5,6,0,0,0,0,0,2,3,12,-1.0
2024,RS,1,10,1,P011935   ,1.0,0.0,TTK,55,"MAKOUNDOU, YOAN",25:38,12,5,12,0,1,2,2,3,1,4,0,0,4,1,0,5,2,2,-2.0
2024,RS,1,10,1,Team,0.0,0.0,TTK,,Team,,0,0,0,0,0,0,0,1,4,5,0,0,0,0,0,0,0,5,
2024,RS,1,10,1,Total,,,TTK,,Total,200:00,72,22,43,3,16,19,23,12,34,46,14,3,14,5,2,25,26,87,
2024,RS,1,10,0,P009898   ,0.0,1.0,LKB,2,"BICKAUSKIS, DOVIS",17:02,3,0,4,0,1,3,4,0,0,0,0,0,0,0,1,3,3,-4,-10.0
2024,RS,1,10,0,PLXI      ,0.0,1.0,LKB,10,"LIPKEVICIUS, VYTENIS",23:40,12,1,2,2,3,4,4,0,3,3,0,2,2,0,0,1,4,16,-12.0
2024,RS,1,10,0,P010461   ,1.0,0.0,LKB,12,"MALDUNAS, GABRIELIUS",18:24,0,0,4,0,0,0,0,3,5,8,1,0,1,0,1,4,3,2,0.0
2024,RS,1,10,0,P005521   ,1.0,1.0,LKB,13,"VARNAS, MARTYNAS",25:19,9,2,3,0,3,5,8,0,2,2,0,0,0,0,0,0,4,8,-2.0
2024,RS,1,10,0,P005656   ,1.0,1.0,LKB,15,"PECARSKI, MARKO",25:22,10,5,10,0,1,0,0,4,4,8,1,0,1,2,1,3,1,11,1.0
2024,RS,1,10,0,P006586   ,1.0,0.0,LKB,16,"KALAITZAKIS, GEORGIOS",31:31,12,4,12,0,5,4,4,1,4,5,4,2,0,0,1,4,3,8,10.0
2024,RS,1,10,0,P009299   ,0.0,0.0,LKB,17,"RUBSTAVICIUS, MANTAS",20:19,8,3,4,0,4,2,3,0,2,2,2,0,4,0,0,3,4,3,-7.0
2024,RS,1,10,0,P006212   ,0.0,0.0,LKB,18,"VASILIAUSKAS, GRANTAS",DNP,0,0,0,0,0,0,0,0,0,0,0,0,0,0,0,0,0,0,0.0
2024,RS,1,10,0,P006860   ,0.0,0.0,LKB,35,"LAVRINOVICIUS, DANIELIUS",14:28,0,0,1,0,0,0,0,0,3,3,1,1,0,0,0,4,0,0,-12.0
2024,RS,1,10,0,P013247   ,1.0,1.0,LKB,50,"KOVLIAR, OLEKSADR",23:55,12,0,3,3,7,3,3,2,0,2,2,0,0,0,1,4,3,7,2.0
2024,RS,1,10,0,Team,0.0,0.0,LKB,,Team,,0,0,0,0,0,0,0,4,0,4,0,0,0,0,0,0,0,4,
2024,RS,1,10,0,Total,,,LKB,,Total,200:00,66,15,43,5,24,21,26,14,23,37,11,5,8,2,5,26,25,55,
2024,RS,2,11,1,P012593   ,1.0,1.0,TRN,1,"ELLIS, QUINN",26:22,12,2,8,2,5,2,4,0,4,4,2,2,3,0,1,2,4,7,-3.0
2024,RS,2,11,1,P013269   ,1.0,1.0,TRN,3,"CALE, MYLES",20:18,6,3,5,0,3,0,0,0,2,2,2,0,0,0,0,3,4,6,3.0
2024,RS,2,11,1,P013270   ,0.0,1.0,TRN,5,"FORD, JORDAN",28:52,20,3,6,4,6,2,2,0,2,2,2,0,2,0,1,2,1,15,9.0
2024,RS,2,11,1,P005438   ,0.0,0.0,TRN,6,"PECCHIA, ANDREA",17:02,3,1,2,0,0,1,1,1,5,6,1,0,2,0,0,3,1,5,6.0
2024,RS,2,11,1,P012687   ,1.0,0.0,TRN,7,"NIANG, SALIOU",16:05,7,2,3,1,2,0,0,3,5,8,0,0,1,0,0,5,1,8,3.0
2024,RS,2,11,1,P006382   ,0.0,0.0,TRN,10,"FORRAY, TOTO",11:21,8,4,4,0,1,0,0,0,2,2,0,0,1,0,0,3,0,5,0.0
2024,RS,2,11,1,P013271   ,1.0,0.0,TRN,21,"MAWUGBE, SELOM",20:22,9,4,6,0,0,1,2,4,1,5,1,0,1,3,0,3,6,17,-8.0
2024,RS,2,11,1,P013272   ,1.0,1.0,TRN,22,"LAMB, ANTHONY",29:06,13,2,3,2,7,3,5,0,0,0,7,0,1,0,0,3,4,12,12.0
2024,RS,2,11,1,P006724   ,0.0,1.0,TRN,26,"BAYEHE, JORDAN",19:38,3,1,2,0,1,1,1,1,3,4,1,1,1,0,0,4,1,3,14.0
2024,RS,2,11,1,P002387   ,0.0,0.0,TRN,33,"ZUKAUSKAS, EIGIRDAS",10:54,3,0,0,1,3,0,0,0,0,0,0,0,0,0,0,0,0,1,-6.0
2024,RS,2,11,1,P012242   ,0.0,0.0,TRN,68,"HASSAN, PATRICK",DNP,0,0,0,0,0,0,0,0,0,0,0,0,0,0,0,0,0,0,0.0
2024,RS,2,11,1,Team,0.0,0.0,TRN,,Team,,0,0,0,0,0,0,0,2,5,7,0,0,2,0,0,0,0,5,
2024,RS,2,11,1,Total,,,TRN,,Total,200:00,84,22,39,10,28,10,15,11,29,40,16,3,14,3,2,28,22,84,
2024,RS,2,11,0,P013292   ,0.0,0.0,TSO,0,"JANKOWSKI, BARTOSZ",06:42,0,0,1,0,1,0,0,0,0,0,0,0,0,0,0,1,0,-3,-6.0
2024,RS,2,11,0,P012019   ,1.0,1.0,TSO,3,"BEST, AARON",33:19,16,5,10,1,3,3,3,0,2,2,0,0,0,0,1,2,3,11,-5.0
2024,RS,2,11,0,P013293   ,1.0,0.0,TSO,5,"MCGOWENS, ROBERT",23:16,4,0,2,1,1,1,2,2,1,3,2,1,4,0,0,4,4,3,-14.0
2024,RS,2,11,0,P008790   ,0.0,0.0,TSO,12,"WITLINSKI, MIKOLAJ",18:50,5,1,3,0,0,3,4,0,2,2,1,0,0,0,0,4,2,3,-7.0
2024,RS,2,11,0,P013295   ,0.0,1.0,TSO,15,"ZYSKOWSKI, JAROSLAW",24:38,11,1,7,2,4,3,4,1,1,2,1,0,0,0,1,1,2,5,-5.0
2024,RS,2,11,0,P009649   ,1.0,1.0,TSO,22,"PHILLIP, TARIK",31:15,11,3,6,0,3,5,8,2,8,10,6,4,3,0,0,0,5,24,-9.0
2024,RS,2,11,0,P013296   ,1.0,0.0,TSO,32,"GROSELLE, GEOFFREY",10:47,0,0,0,0,0,0,0,0,2,2,2,1,0,1,0,5,0,1,-1.0
2024,RS,2,11,0,P013297   ,1.0,1.0,TSO,50,"WEATHERS, MARCUS",25:45,15,3,5,2,5,3,4,3,5,8,1,2,1,1,1,2,4,21,1.0
2024,RS,2,11,0,P013298   ,0.0,1.0,TSO,55,"SCHENK, JAKUB",25:28,16,2,3,2,5,6,8,1,2,3,3,1,6,0,0,3,8,16,16.0
2024,RS,2,11,0,P003885   ,0.0,0.0,TSO,81,"VAN VLIET, ANDY",DNP,0,0,0,0,0,0,0,0,0,0,0,0,0,0,0,0,0,0,0.0
2024,RS,2,11,0,Team,0.0,0.0,TSO,,Team,,0,0,0,0,0,0,0,3,3,6,0,0,1,0,0,0,0,5,
2024,RS,2,11,0,Total,,,TSO,,Total,200:00,78,15,37,8,22,24,33,12,26,38,16,9,15,2,3,22,28,86,
2024,RS,2,12,1,P013256   ,1.0,1.0,BUD,0,"MORGAN, JUWAN",35:43,15,3,3,3,3,0,0,3,4,7,1,2,2,0,0,3,3,23,20.0
2024,RS,2,12,1,P011150   ,1.0,1.0,BUD,1,"SULAIMON, RASHEED",36:18,16,4,6,2,11,2,4,1,4,5,6,0,1,0,0,1,3,15,6.0
2024,RS,2,12,1,P006561   ,0.0,0.0,BUD,2,"ILIC, ALEKSA",DNP,0,0,0,0,0,0,0,0,0,0,0,0,0,0,0,0,0,0,0.0
2024,RS,2,12,1,P012630   ,0.0,1.0,BUD,3,"MAGEE, FLETCHER",16:09,12,1,1,2,7,4,4,0,0,0,0,0,0,0,0,2,2,7,-6.0
2024,RS,2,12,1,P006566   ,1.0,0.0,BUD,7,"SLAVKOVIC, ANDRIJA",21:18,11,2,3,2,4,1,2,1,1,2,1,1,0,0,0,1,2,12,3.0
2024,RS,2,12,1,P005637   ,0.0,0.0,BUD,10,"TANASKOVIC, NIKOLA",08:59,0,0,0,0,0,0,0,0,0,0,0,1,1,0,0,1,0,-1,-23.0
2024,RS,2,12,1,P011281   ,1.0,1.0,BUD,11,"FERRELL, YOGI",34:39,9,1,4,1,8,4,5,2,4,6,7,1,1,0,0,3,6,14,15.0
2024,RS,2,12,1,P010307   ,0.0,0.0,BUD,13,"JOVANOVIC, DORDIJE",DNP,0,0,0,0,0,0,0,0,0,0,0,0,0,0,0,0,0,0,0.0
2024,RS,2,12,1,P013258   ,0.0,0.0,BUD,23,"DREZNJAK, MATEO",17:17,7,0,1,1,3,4,6,0,1,1,0,1,1,0,0,3,3,3,-9.0
2024,RS,2,12,1,P012606   ,0.0,0.0,BUD,25,"WRIGHT IV, MCKINLEY",09:37,0,0,3,0,1,0,0,0,2,2,2,0,1,0,0,0,1,0,-18.0
2024,RS,2,12,1,P013259   ,0.0,0.0,BUD,27,"AZUBUIKE, UDOKA",10:29,4,2,4,0,0,0,2,1,0,1,0,0,1,0,1,1,1,-1,-26.0
2024,RS,2,12,1,P008325   ,1.0,1.0,BUD,34,"KAMENJAS, KENAN",34:31,12,5,10,0,0,2,4,7,3,10,3,1,2,0,0,2,3,18,23.0
2024,RS,2,12,1,Team,0.0,0.0,BUD,,Team,,0,0,0,0,0,0,0,2,6,8,0,0,0,0,0,0,0,8,
2024,RS,2,12,1,Total,,,BUD,,Total,225:00,86,18,35,11,37,17,27,17,25,42,20,7,10,0,1,17,24,98,
2024,RS,2,12,0,P012777   ,0.0,0.0,CAN,1,"URBANIAK, JAKUB",DNP,0,0,0,0,0,0,0,0,0,0,0,0,0,0,0,0,0,0,0.0
2024,RS,2,12,0,P007560   ,0.0,0.0,CAN,3,"KLJAJIC, JOVAN",00:18,0,0,0,0,0,0,0,0,0,0,0,0,0,0,0,0,0,0,0.0
2024,RS,2,12,0,P012016   ,0.0,1.0,CAN,4,"CONDITT IV, GEORGE",19:46,8,4,5,0,0,0,0,0,7,7,1,0,1,0,0,4,2,12,-3.0
2024,RS,2,12,0,P011251   ,1.0,0.0,CAN,5,"HOMESLEY, CALEB",26:55,23,4,5,4,8,3,3,1,3,4,2,0,1,0,0,1,4,26,-7.0
2024,RS,2,12,0,P003425   ,1.0,1.0,CAN,6,"ALBICY, ANDREW",23:33,8,0,0,2,5,2,2,0,1,1,3,3,3,0,0,2,1,8,-1.0
2024,RS,2,12,0,P008121   ,1.0,1.0,CAN,9,"BRUSSINO, NICOLAS",35:53,11,1,2,3,8,0,0,1,5,6,5,2,1,0,0,2,1,16,-9.0
2024,RS,2,12,0,P005005   ,0.0,0.0,CAN,10,"SALVO, MIQUEL",09:07,10,3,3,0,0,4,4,0,4,4,1,0,1,0,0,1,3,16,12.0
2024,RS,2,12,0,P010623   ,0.0,1.0,CAN,12,"ALOCEN, CARLOS",22:44,9,0,0,2,5,3,3,0,3,3,1,0,2,0,0,4,2,6,1.0
2024,RS,2,12,0,P010452   ,0.0,0.0,CAN,13,"PELOS, PIERRE",21:51,6,0,0,2,5,0,0,0,1,1,3,1,2,0,0,0,3,9,4.0
2024,RS,2,12,0,P006588   ,1.0,1.0,CAN,14,"SHURNA, JOHN",22:39,3,0,1,1,3,0,0,0,1,1,2,1,0,0,0,3,0,1,-1.0
2024,RS,2,12,0,P008966   ,1.0,0.0,CAN,18,"TOBEY, MIKE",25:14,4,2,3,0,1,0,0,0,1,1,2,0,1,1,0,5,1,1,6.0
2024,RS,2,12,0,P012095   ,0.0,0.0,CAN,32,"THOMASSON, JOE",17:00,7,2,3,1,1,0,0,0,2,2,0,0,0,0,0,2,0,6,13.0
2024,RS,2,12,0,Team,0.0,0.0,CAN,,Team,,0,0,0,0,0,0,0,0,3,3,0,0,1,0,0,0,0,2,
2024,RS,2,12,0,Total,,,CAN,,Total,225:00,89,16,22,15,36,12,12,2,31,33,20,7,13,1,0,24,17,103,
2024,RS,2,13,1,P011192   ,1.0,0.0,BAH,0,"SMITH, JALEEN",26:29,12,2,5,2,2,2,2,0,2,2,5,0,0,0,0,5,2,13,21.0
2024,RS,2,13,1,P011201   ,0.0,1.0,BAH,2,"HAZER, SEHMUS",20:56,13,5,6,0,0,3,3,0,0,0,2,1,2,0,0,1,4,16,7.0
2024,RS,2,13,1,P011821   ,1.0,1.0,BAH,5,"MASSINBURG, CJ",26:37,2,0,3,0,0,2,2,0,0,0,6,1,2,0,1,1,2,4,10.0
2024,RS,2,13,1,P012405   ,1.0,1.0,BAH,7,"HALTALI, FURKAN",11:44,2,0,1,0,0,2,2,1,1,2,0,0,1,0,0,0,1,3,-4.0
2024,RS,2,13,1,P008282   ,0.0,0.0,BAH,10,"ILYASOGLU, OMERCAN",DNP,0,0,0,0,0,0,0,0,0,0,0,0,0,0,0,0,0,0,0.0
2024,RS,2,13,1,PLQV      ,0.0,0.0,BAH,17,"MUTAF, MAXIM",DNP,0,0,0,0,0,0,0,0,0,0,0,0,0,0,0,0,0,0,0.0
2024,RS,2,13,1,P012711   ,0.0,0.0,BAH,19,"SIMONOVIC, MARKO",21:35,14,5,7,1,2,1,1,1,4,5,0,2,1,2,0,3,1,17,12.0
2024,RS,2,13,1,P004172   ,0.0,1.0,BAH,20,"PONITKA, MATEUSZ",19:43,11,4,6,0,0,3,3,1,3,4,2,2,4,0,0,1,5,17,8.0
2024,RS,2,13,1,P011823   ,0.0,0.0,BAH,21,"ODIASE, TAI",21:22,12,5,9,0,0,2,3,3,4,7,1,1,3,0,0,2,2,13,20.0
2024,RS,2,13,1,P009601   ,1.0,1.0,BAH,34,"CAVANAUGH, TYLER",25:19,12,3,5,2,3,0,0,1,3,4,0,2,0,0,0,3,5,17,14.0
2024,RS,2,13,1,P008278   ,0.0,0.0,BAH,57,"BAS, GOKTUG",DNP,0,0,0,0,0,0,0,0,0,0,0,0,0,0,0,0,0,0,0.0
2024,RS,2,13,1,P003840   ,1.0,0.0,BAH,83,"BOUTEILLE, AXEL",26:15,9,2,4,1,3,2,4,1,3,4,2,0,2,0,0,0,3,10,17.0
2024,RS,2,13,1,Team,0.0,0.0,BAH,,Team,,0,0,0,0,0,0,0,2,3,5,0,0,1,0,0,0,0,4,
2024,RS,2,13,1,Total,,,BAH,,Total,200:00,87,26,46,6,10,17,20,10,23,33,18,9,16,2,1,16,25,114,
2024,RS,2,13,0,P011924   ,1.0,0.0,BES,0,"ALLMAN, KYLE",15:44,2,1,3,0,1,0,0,0,1,1,2,0,3,0,1,4,0,-6,-10.0
2024,RS,2,13,0,P011936   ,0.0,0.0,BES,2,"MATHEWS, JONAH",19:42,7,2,3,1,3,0,0,0,1,1,3,1,2,0,0,2,0,5,-14.0
2024,RS,2,13,0,P008945   ,1.0,0.0,BES,5,"NEEDHAM, DEREK",22:01,9,1,2,2,6,1,2,0,0,0,4,0,3,0,0,3,3,4,-15.0
2024,RS,2,13,0,P003783   ,0.0,1.0,BES,6,"UGURLU, BERK",21:28,3,0,4,1,2,0,0,2,1,3,3,0,0,0,1,0,0,3,-6.0
2024,RS,2,13,0,P007914   ,0.0,1.0,BES,7,"ARSLAN, YIGIT",19:24,3,0,0,1,2,0,0,0,2,2,2,1,2,0,0,1,2,6,-3.0
2024,RS,2,13,0,P009680   ,0.0,0.0,BES,9,"MORGAN, CONOR",19:12,15,4,4,1,4,4,4,2,4,6,0,0,2,0,0,4,4,16,-19.0
2024,RS,2,13,0,P012233   ,0.0,0.0,BES,10,"AKSU, YAGIZ",DNP,0,0,0,0,0,0,0,0,0,0,0,0,0,0,0,0,0,0,0.0
2024,RS,2,13,0,P011927   ,1.0,1.0,BES,14,"SLEVA, DUSTIN",19:14,5,0,2,1,3,2,2,1,0,1,0,2,1,0,0,4,2,1,0.0
2024,RS,2,13,0,P011379   ,1.0,1.0,BES,20,"KONAN, KEREM",13:13,0,0,2,0,0,0,2,1,0,1,0,0,1,0,0,1,1,-4,-5.0
2024,RS,2,13,0,P012624   ,0.0,0.0,BES,22,"OZBEK, ATA",DNP,0,0,0,0,0,0,0,0,0,0,0,0,0,0,0,0,0,0,0.0
2024,RS,2,13,0,P013255   ,1.0,1.0,BES,30,"MARTIN, KELAN",27:33,12,1,2,3,6,1,2,1,2,3,1,1,0,0,0,2,2,12,-23.0
2024,RS,2,13,0,P010652   ,0.0,0.0,BES,33,"TERRY, EMANUEL",22:29,10,4,5,0,0,2,3,1,1,2,2,2,3,1,0,4,2,10,-10.0
2024,RS,2,13,0,Team,0.0,0.0,BES,,Team,,0,0,0,0,0,0,0,0,2,2,0,0,0,0,0,0,0,2,
2024,RS,2,13,0,Total,,,BES,,Total,200:00,66,13,27,10,27,10,15,8,14,22,17,7,17,1,2,25,16,49,
2024,RS,2,14,1,P011157   ,1.0,1.0,HTA,0,"MOTLEY, JOHNATHAN",30:34,16,6,7,0,0,4,9,2,4,6,6,1,4,0,0,1,5,23,8.0
2024,RS,2,14,1,P005181   ,0.0,1.0,HTA,1,"RAGLAND, JOE",23:33,11,4,4,1,3,0,0,0,4,4,5,0,2,0,0,1,0,15,5.0
2024,RS,2,14,1,P013283   ,0.0,0.0,HTA,9,"PALATIN, GUY",10:05,0,0,0,0,2,0,0,2,0,2,0,0,0,0,0,0,2,2,-5.0
2024,RS,2,14,1,P004846   ,1.0,1.0,HTA,10,"TIMOR, BAR",22:39,8,1,4,1,1,3,6,0,3,3,1,2,2,0,2,1,3,6,4.0
2024,RS,2,14,1,P009877   ,0.0,0.0,HTA,14,"BLAYZER, OZ",DNP,0,0,0,0,0,0,0,0,0,0,0,0,0,0,0,0,0,0,0.0
2024,RS,2,14,1,P010386   ,0.0,0.0,HTA,17,"FOSTER, MARCUS",09:19,2,1,2,0,2,0,0,0,0,0,2,0,1,0,1,1,0,-2,-4.0
2024,RS,2,14,1,P001927   ,1.0,1.0,HTA,22,"BEVERLEY, PATRICK",26:37,14,0,0,4,6,2,2,0,6,6,6,1,3,1,1,4,3,21,7.0
2024,RS,2,14,1,P013284   ,1.0,1.0,HTA,24,"WAINRIGHT, ISHMAIL CARZELL",28:13,13,1,2,3,7,2,5,0,2,2,4,3,2,0,0,4,4,12,11.0
2024,RS,2,14,1,P011386   ,0.0,0.0,HTA,31,"YAACOV, NOAM",DNP,0,0,0,0,0,0,0,0,0,0,0,0,0,0,0,0,0,0,0.0
2024,RS,2,14,1,P010550   ,1.0,0.0,HTA,41,"GINAT, TOMER",28:37,14,5,7,1,6,1,2,1,4,5,3,1,2,0,0,4,2,11,6.0
2024,RS,2,14,1,P009818   ,0.0,0.0,HTA,50,"BENTIL, BENJAMIN",07:15,3,0,1,1,2,0,0,1,0,1,0,0,0,0,0,1,1,2,0.0
2024,RS,2,14,1,P012096   ,0.0,0.0,HTA,51,"CABOCLO, BRUNO",13:08,8,4,4,0,2,0,0,0,0,0,0,1,0,0,0,2,1,6,-7.0
2024,RS,2,14,1,Team,0.0,0.0,HTA,,Team,,0,0,0,0,0,0,0,2,2,4,0,0,0,0,0,0,0,4,
2024,RS,2,14,1,Total,,,HTA,,Total,200:00,89,22,31,11,31,12,24,8,25,33,27,9,16,1,4,19,21,100,
2024,RS,2,14,0,P012003   ,1.0,1.0,WOL,1,"COWAN JR, ANTHONY",32:22,11,4,8,1,8,0,0,0,3,3,7,1,5,0,1,3,3,5,-4.0
2024,RS,2,14,0,P012789   ,1.0,0.0,WOL,4,"BROOKS, GARRISON",26:48,10,5,7,0,1,0,0,2,2,4,0,1,2,1,0,2,0,9,-8.0
2024,RS,2,14,0,P003212   ,0.0,0.0,WOL,8,"KARINIAUSKAS, VAIDAS",05:47,0,0,0,0,1,0,0,0,0,0,1,0,0,0,0,1,0,-1,-2.0
2024,RS,2,14,0,P009306   ,1.0,0.0,WOL,9,"BASLYK, DANIEL",10:35,7,0,0,2,2,1,2,0,1,1,0,2,1,0,0,1,2,9,-12.0
2024,RS,2,14,0,P004645   ,1.0,1.0,WOL,10,"MINIOTAS, REGIMANTAS",23:34,0,0,3,0,2,0,2,1,5,6,0,1,0,1,0,2,1,0,-2.0
2024,RS,2,14,0,P006897   ,0.0,0.0,WOL,11,"MARCINKEVICIUS, JUSTINAS",DNP,0,0,0,0,0,0,0,0,0,0,0,0,0,0,0,0,0,0,0.0
2024,RS,2,14,0,P011248   ,1.0,1.0,WOL,12,"ANDREWS, ANDREW",26:26,8,4,4,0,3,0,0,0,0,0,5,2,1,0,0,4,4,11,-3.0
2024,RS,2,14,0,P005516   ,0.0,0.0,WOL,13,"ZEMAITIS, KRISTUPAS",14:19,5,2,3,0,1,1,2,0,1,1,2,0,0,0,0,1,1,5,-3.0
2024,RS,2,14,0,P012577   ,0.0,1.0,WOL,15,"THURMAN, TRE'SHAWN",25:29,29,3,3,5,7,8,9,0,2,2,0,1,3,1,0,4,5,28,6.0
2024,RS,2,14,0,P008186   ,0.0,0.0,WOL,22,"BLAZEVIC, MAREK",13:53,8,2,2,0,0,4,4,1,3,4,1,1,2,0,0,2,3,13,2.0
2024,RS,2,14,0,P006853   ,0.0,1.0,WOL,23,"JOGELA, MATAS",20:47,6,3,4,0,3,0,0,0,5,5,1,1,1,1,0,2,0,7,1.0
2024,RS,2,14,0,Team,0.0,0.0,WOL,,Team,,0,0,0,0,0,0,0,2,2,4,0,0,0,0,0,0,0,4,
2024,RS,2,14,0,Total,,,WOL,,Total,200:00,84,23,34,8,28,14,19,6,24,30,17,10,15,4,1,22,19,90,
2024,RS,2,15,1,P006245   ,1.0,1.0,ULM,0,"WEIDEMANN, NELSON",23:35,17,3,4,2,4,5,5,0,0,0,3,1,1,0,1,3,3,16,-2.0
2024,RS,2,15,1,P013289   ,0.0,0.0,ULM,3,"SANTOS, MARCIO",05:48,3,0,1,1,2,0,0,0,2,2,1,0,0,1,0,4,0,1,4.0
2024,RS,2,15,1,P012172   ,0.0,0.0,ULM,5,"MUELLER, JORDAN",DNP,0,0,0,0,0,0,0,0,0,0,0,0,0,0,0,0,0,0,0.0
2024,RS,2,15,1,P010726   ,0.0,0.0,ULM,7,"JENSEN, TOBIAS",14:14,4,2,4,0,1,0,0,1,1,2,4,1,3,0,0,1,0,4,5.0
2024,RS,2,15,1,P012077   ,0.0,0.0,ULM,9,"PLUMMER, ALFONSO",17:54,13,1,2,3,6,2,2,1,0,1,0,1,0,0,0,0,1,12,5.0
2024,RS,2,15,1,P013290   ,1.0,1.0,ULM,10,"JESSUP, JUSTINIAN",28:52,9,2,4,1,4,2,2,0,4,4,5,2,2,0,0,4,2,11,2.0
2024,RS,2,15,1,P011391   ,0.0,0.0,ULM,12,"ESSENGUE, NOA",18:18,8,2,4,1,1,1,1,1,3,4,1,0,1,0,1,1,2,10,5.0
2024,RS,2,15,1,P007952   ,0.0,0.0,ULM,13,"BRETZEL, NICOLAS",10:46,2,1,2,0,1,0,0,0,0,0,0,0,0,0,0,2,0,-2,3.0
2024,RS,2,15,1,P006997   ,1.0,1.0,ULM,14,"HERKENHOFF, PHILIPP",21:42,6,1,1,1,3,1,1,1,2,3,1,1,1,0,0,3,2,7,0.0
2024,RS,2,15,1,P013291   ,1.0,1.0,ULM,15,"ROBY, ISAIAH",23:26,10,1,4,2,2,2,2,2,5,7,0,1,2,2,1,2,1,13,-4.0
2024,RS,2,15,1,P012602   ,0.0,0.0,ULM,21,"ANIGBATA, ALEC",11:08,0,0,0,0,1,0,0,1,0,1,0,0,0,0,0,2,1,-1,2.0
2024,RS,2,15,1,P011437   ,1.0,1.0,ULM,77,"SARAF, BEN",24:17,15,5,9,1,4,2,3,0,0,0,2,0,1,0,1,2,5,10,0.0
2024,RS,2,15,1,Team,0.0,0.0,ULM,,Team,,0,0,0,0,0,0,0,2,2,4,0,0,1,0,0,0,0,3,
2024,RS,2,15,1,Total,,,ULM,,Total,200:00,87,18,35,12,29,15,16,9,19,28,17,7,12,3,4,24,17,84,
2024,RS,2,15,0,P010161   ,1.0,0.0,JOV,1,"KRAAG, YANNICK",17:17,6,3,5,0,0,0,0,2,2,4,0,0,1,0,1,2,1,5,0.0
2024,RS,2,15,0,P013285   ,1.0,0.0,JOV,2,"DOTSON, DEVON DURRELL",26:44,16,2,7,4,6,0,0,0,4,4,3,2,4,0,0,5,4,13,5.0
2024,RS,2,15,0,P006771   ,0.0,0.0,JOV,3,"BUSQUETS, PEP",10:24,2,1,2,0,3,0,0,0,0,0,0,0,0,0,1,0,1,-2,-15.0
2024,RS,2,15,0,PJUG      ,0.0,1.0,JOV,4,"RIBAS, PAU",18:01,3,0,1,1,3,0,0,1,2,3,2,1,2,0,0,0,1,5,5.0
2024,RS,2,15,0,P013286   ,0.0,0.0,JOV,6,"VAN DER VUURST, KEYE",03:59,0,0,1,0,0,0,0,0,0,0,0,0,1,0,1,2,0,-5,-5.0
2024,RS,2,15,0,P013287   ,1.0,1.0,JOV,12,"BRAY-GATES, KAISER EVAN",25:48,2,1,1,0,4,0,0,0,2,2,1,0,2,0,0,2,0,-3,7.0
2024,RS,2,15,0,P004834   ,0.0,0.0,JOV,13,"PUSTOVYI, ARTEM",18:49,12,4,6,0,0,4,5,1,4,5,1,0,1,2,0,2,4,18,-5.0
2024,RS,2,15,0,P002361   ,1.0,1.0,JOV,16,"VIVES, GUILLEM",17:51,2,1,1,0,0,0,0,1,1,2,6,2,2,0,0,2,0,8,4.0
2024,RS,2,15,0,P012349   ,0.0,0.0,JOV,23,"RUZIC, MICHAEL",14:12,5,1,2,1,3,0,0,1,2,3,0,0,0,1,0,1,0,5,-11.0
2024,RS,2,15,0,P012740   ,0.0,1.0,JOV,30,"ROBERTSON, KASSIUS",25:58,17,5,6,1,1,4,5,0,2,2,8,1,2,0,0,2,6,28,-6.0
2024,RS,2,15,0,P002507   ,1.0,1.0,JOV,44,"TOMIC, ANTE",20:57,18,6,10,0,0,6,7,1,4,5,0,0,1,1,0,0,7,25,1.0
2024,RS,2,15,0,Team,0.0,0.0,JOV,,Team,,0,0,0,0,0,0,0,4,2,6,0,0,1,0,0,0,0,5,
2024,RS,2,15,0,Total,,,JOV,,Total,200:00,83,24,42,7,20,14,17,11,25,36,21,6,17,4,3,18,24,102,
2024,RS,2,16,1,P009898   ,0.0,0.0,LKB,2,"BICKAUSKIS, DOVIS",19:33,13,2,2,2,4,3,4,0,0,0,0,1,0,0,0,1,4,14,-18.0
2024,RS,2,16,1,P010181   ,0.0,0.0,LKB,3,"STENIONIS, DOMINYKAS",DNP,0,0,0,0,0,0,0,0,0,0,0,0,0,0,0,0,0,0,0.0
2024,RS,2,16,1,PLXI      ,0.0,0.0,LKB,10,"LIPKEVICIUS, VYTENIS",20:29,4,1,1,0,3,2,2,3,3,6,0,1,2,0,0,5,2,3,-25.0
2024,RS,2,16,1,P010461   ,0.0,1.0,LKB,12,"MALDUNAS, GABRIELIUS",19:03,3,1,3,0,0,1,1,0,3,3,2,1,3,0,0,2,2,4,-22.0
2024,RS,2,16,1,P005521   ,1.0,1.0,LKB,13,"VARNAS, MARTYNAS",21:24,5,0,1,1,3,2,2,0,0,0,3,0,0,0,0,0,1,6,-3.0
2024,RS,2,16,1,P005656   ,1.0,1.0,LKB,15,"PECARSKI, MARKO",20:57,8,4,4,0,2,0,2,1,5,6,0,0,1,0,0,2,2,9,10.0
2024,RS,2,16,1,P006586   ,0.0,1.0,LKB,16,"KALAITZAKIS, GEORGIOS",22:51,12,1,1,2,4,4,5,0,2,2,1,0,3,0,0,2,6,13,-24.0
2024,RS,2,16,1,P009299   ,1.0,0.0,LKB,17,"RUBSTAVICIUS, MANTAS",21:20,6,0,2,1,5,3,4,0,3,3,1,0,0,1,0,4,5,5,-7.0
2024,RS,2,16,1,P005113   ,1.0,0.0,LKB,31,"STIPANOVIC, ANDRIJA",20:57,9,1,3,0,0,7,10,2,4,6,2,1,1,0,0,4,8,16,2.0
2024,RS,2,16,1,P006860   ,0.0,0.0,LKB,35,"LAVRINOVICIUS, DANIELIUS",11:07,2,1,2,0,1,0,0,0,3,3,1,0,1,0,1,3,0,-1,-12.0
2024,RS,2,16,1,P013247   ,1.0,1.0,LKB,50,"KOVLIAR, OLEKSADR",22:19,12,3,7,2,8,0,0,0,1,1,6,0,1,0,1,4,0,3,-1.0
2024,RS,2,16,1,Team,0.0,0.0,LKB,,Team,,0,0,0,0,0,0,0,4,3,7,0,0,0,0,0,0,0,7,
2024,RS,2,16,1,Total,,,LKB,,Total,200:00,74,14,26,8,30,22,30,10,27,37,16,4,12,1,2,27,30,79,
2024,RS,2,16,0,P013276   ,0.0,0.0,JER,0,"SMITH, JUSTIN",21:06,15,5,7,0,0,5,6,1,6,7,1,2,3,0,0,4,5,20,23.0
2024,RS,2,16,0,P011970   ,1.0,1.0,JER,1,"HARPER, JARED",30:02,23,2,7,1,6,16,17,0,1,1,5,1,0,1,0,3,10,27,22.0
2024,RS,2,16,0,P008912   ,0.0,0.0,JER,3,"CARRINGTON, KHADEEN",18:51,9,2,5,1,4,2,2,0,0,0,1,0,1,0,1,2,2,2,-9.0
2024,RS,2,16,0,P013277   ,0.0,0.0,JER,4,"JOHNSON, CHRIS",20:34,12,3,4,2,3,0,0,1,6,7,1,0,1,0,0,5,1,13,-7.0
2024,RS,2,16,0,P013278   ,1.0,0.0,JER,5,"WILEY, AUSTIN",12:34,2,0,0,0,0,2,4,0,1,1,1,1,0,0,0,5,2,0,-12.0
2024,RS,2,16,0,P013279   ,1.0,0.0,JER,7,"CHACHASHVILI, GABRIEL",12:22,2,1,3,0,0,0,2,1,0,1,2,1,1,0,0,5,2,-2,8.0
2024,RS,2,16,0,P009879   ,0.0,0.0,JER,8,"DOVRAT, NOAM",DNP,0,0,0,0,0,0,0,0,0,0,0,0,0,0,0,0,0,0,0.0
2024,RS,2,16,0,P010431   ,0.0,1.0,JER,20,"MORGAN, JEREMY",19:23,2,0,0,0,1,2,2,0,4,4,3,1,0,0,0,2,1,8,29.0
2024,RS,2,16,0,P010587   ,1.0,1.0,JER,44,"SMITH, KENNETH",28:39,9,0,1,3,5,0,0,0,2,2,8,0,0,0,0,1,1,16,15.0
2024,RS,2,16,0,P006625   ,0.0,1.0,JER,50,"ZOOSMAN, YOVEL",31:02,20,1,1,5,6,3,4,2,3,5,2,2,3,1,0,2,3,26,24.0
2024,RS,2,16,0,P013281   ,1.0,1.0,JER,80,"CORNELIUS, OR",05:27,0,0,1,0,0,0,0,0,0,0,0,0,0,0,0,1,0,-2,7.0
2024,RS,2,16,0,Team,0.0,0.0,JER,,Team,,0,0,0,0,0,0,0,1,5,6,0,0,0,0,0,0,0,6,
2024,RS,2,16,0,Total,,,JER,,Total,200:00,94,14,29,12,25,30,37,6,28,34,24,8,9,2,1,30,27,114,
2024,RS,2,17,1,P013248   ,1.0,0.0,ARI,1,"BANKS, JAMES",12:04,4,2,2,0,0,0,0,0,1,1,0,1,1,1,0,3,0,3,5.0
2024,RS,2,17,1,P013249   ,1.0,1.0,ARI,2,"NOLLEY, LANDERS",26:16,13,4,8,1,4,2,2,0,2,2,4,1,2,0,0,4,6,13,-3.0
2024,RS,2,17,1,P004292   ,0.0,1.0,ARI,4,"TOLIOPOULOS, VASSILIS",24:06,8,1,5,2,8,0,0,0,2,2,2,0,0,0,1,4,3,0,0.0
2024,RS,2,17,1,P013250   ,1.0,1.0,ARI,5,"DE JULIUS, DAVID",27:29,12,2,6,1,1,5,5,0,1,1,2,1,2,0,0,1,6,15,-8.0
2024,RS,2,17,1,P013355   ,0.0,0.0,ARI,10,"CHATZIDAKIS, EMMANOUIL",04:15,0,0,2,0,0,0,0,0,0,0,0,0,0,0,0,0,0,-2,-4.0
2024,RS,2,17,1,P013356   ,0.0,0.0,ARI,12,"GKIOUZELIS, GEORGIOS",09:50,0,0,1,0,0,0,0,0,1,1,0,0,0,0,0,0,0,0,-1.0
2024,RS,2,17,1,P003240   ,0.0,1.0,ARI,13,"BOCHORIDIS, ELEFTHERIOS",20:00,3,0,1,0,1,3,4,0,4,4,1,1,2,0,0,3,2,3,-3.0
2024,RS,2,17,1,P013360   ,0.0,0.0,ARI,14,"CLAY, DONOVAN LA'NELL",03:07,0,0,0,0,0,0,0,0,1,1,0,0,0,0,0,0,0,1,-5.0
2024,RS,2,17,1,P013049   ,0.0,0.0,ARI,16,"POURLIDAS, VASSILIS",00:04,0,0,0,0,0,0,0,0,0,0,0,0,0,0,0,0,0,0,2.0
2024,RS,2,17,1,P013251   ,1.0,0.0,ARI,22,"WOODBURY, TREY",19:16,4,2,4,0,3,0,0,0,4,4,2,1,2,0,0,2,0,2,1.0
2024,RS,2,17,1,P013252   ,0.0,0.0,ARI,23,"ROBERTS, JOSHUA",23:16,14,6,7,0,0,2,6,6,3,9,0,1,0,0,1,2,4,20,-6.0
2024,RS,2,17,1,P008084   ,1.0,1.0,ARI,72,"MANTZOUKAS, ELEFTHERIOS",30:17,5,1,2,1,3,0,0,1,4,5,0,0,1,1,0,3,0,4,-3.0
2024,RS,2,17,1,Team,0.0,0.0,ARI,,Team,,0,0,0,0,0,0,0,0,1,1,0,0,1,0,0,0,0,0,
2024,RS,2,17,1,Total,,,ARI,,Total,200:00,63,18,38,5,20,12,17,7,24,31,11,6,11,2,2,22,21,59,
2024,RS,2,17,0,P012259   ,1.0,0.0,TTK,1,"HEIDEGGER, MAX",18:37,3,0,1,1,5,0,0,0,1,1,2,0,2,0,1,4,2,-4,-8.0
2024,RS,2,17,0,P007917   ,0.0,0.0,TTK,3,"DURMAZ, BERKAN",06:53,2,1,1,0,1,0,0,0,0,0,0,0,0,0,0,1,1,1,0.0
2024,RS,2,17,0,P004056   ,0.0,1.0,TTK,5,"AKPINAR, ISMET",14:38,13,2,2,3,6,0,0,2,0,2,1,0,1,0,0,3,2,11,0.0
2024,RS,2,17,0,P011973   ,1.0,1.0,TTK,7,"ALEXANDER, KYLE",33:17,12,5,12,0,0,2,4,10,4,14,0,1,0,1,0,1,4,22,2.0
2024,RS,2,17,0,P009025   ,1.0,1.0,TTK,8,"BROWN, ANTHONY",34:40,17,6,12,1,7,2,2,3,3,6,2,2,2,1,0,4,1,11,7.0
2024,RS,2,17,0,P012415   ,0.0,0.0,TTK,9,"TUNCA, MELIH",01:37,0,0,0,0,0,0,0,0,0,0,0,0,1,0,0,0,0,-1,-1.0
2024,RS,2,17,0,P011977   ,0.0,0.0,TTK,12,"OZDOGAN, ARDA",DNP,0,0,0,0,0,0,0,0,0,0,0,0,0,0,0,0,0,0,0.0
2024,RS,2,17,0,P004619   ,0.0,0.0,TTK,13,"AGVA, MAHIR",02:36,0,0,1,0,0,0,0,0,0,0,1,0,0,0,0,1,0,-1,1.0
2024,RS,2,17,0,P013300   ,0.0,1.0,TTK,20,"BESS, JAVON",27:39,0,0,2,0,0,0,0,2,3,5,2,0,0,0,0,2,0,3,1.0
2024,RS,2,17,0,P006598   ,1.0,1.0,TTK,21,"HANLAN, OLIVIER",29:18,6,0,3,2,8,0,0,0,6,6,4,0,2,0,1,2,5,7,14.0
2024,RS,2,17,0,P004218   ,1.0,0.0,TTK,33,"CHARALAMPOPOULOS, VASILIS",19:32,15,1,1,2,4,7,7,0,5,5,2,1,3,0,0,2,6,22,2.0
2024,RS,2,17,0,P011935   ,0.0,0.0,TTK,55,"MAKOUNDOU, YOAN",11:13,0,0,0,0,1,0,2,0,3,3,0,0,0,0,0,1,1,0,7.0
2024,RS,2,17,0,Team,0.0,0.0,TTK,,Team,,0,0,0,0,0,0,0,4,3,7,0,0,1,0,0,0,0,6,
2024,RS,2,17,0,Total,,,TTK,,Total,200:00,68,15,35,9,32,11,15,21,28,49,14,4,12,2,2,21,22,77,
2024,RS,2,18,1,P012700   ,1.0,0.0,LJU,0,"STEWART, DJ",19:43,9,4,5,0,2,1,2,0,1,1,1,1,0,0,0,1,1,8,-13.0
2024,RS,2,18,1,P012042   ,1.0,1.0,LJU,1,"ROBINSON, DEVIN",29:14,17,3,9,3,6,2,2,2,7,9,2,2,1,0,0,3,1,18,1.0
2024,RS,2,18,1,P013260   ,0.0,1.0,LJU,2,"JONES, DEVANTE",15:39,9,3,5,1,4,0,0,0,0,0,3,2,4,0,0,1,3,7,3.0
2024,RS,2,18,1,P009392   ,0.0,0.0,LJU,3,"RADOVIC, ROK",20:54,6,1,1,1,1,1,2,4,0,4,2,0,0,1,0,2,1,11,14.0
2024,RS,2,18,1,P003703   ,1.0,1.0,LJU,5,"NIKOLIC, ALEKSEJ",27:12,12,1,1,2,5,4,5,0,3,3,4,1,4,0,0,4,7,15,5.0
2024,RS,2,18,1,P011261   ,0.0,0.0,LJU,7,"GLAS, GREGOR",DNP,0,0,0,0,0,0,0,0,0,0,0,0,0,0,0,0,0,0,0.0
2024,RS,2,18,1,P013261   ,0.0,0.0,LJU,9,"LEMAR, BRYNTON",11:54,9,1,1,2,3,1,2,0,1,1,2,3,0,0,0,1,1,13,1.0
2024,RS,2,18,1,P003452   ,1.0,1.0,LJU,11,"BLAZIC, JAKA",25:14,17,1,3,3,6,6,6,0,1,1,0,0,2,0,0,1,5,15,3.0
2024,RS,2,18,1,P012996   ,0.0,0.0,LJU,20,"BERINGER, JOAN",02:02,0,0,0,0,0,0,0,0,1,1,0,0,0,0,0,1,0,0,-2.0
2024,RS,2,18,1,P009753   ,1.0,1.0,LJU,23,"GEBEN, MARTINAS",20:36,2,1,4,0,2,0,0,0,4,4,2,1,0,1,0,4,2,3,-6.0
2024,RS,2,18,1,P013262   ,0.0,0.0,LJU,34,"PREPELIC, BINE",10:19,0,0,1,0,0,0,0,0,0,0,0,0,0,0,0,0,3,2,7.0
2024,RS,2,18,1,P013263   ,0.0,0.0,LJU,37,"OGBEIDE, DEREK",17:13,6,3,4,0,0,0,0,1,4,5,1,0,1,1,1,2,0,8,12.0
2024,RS,2,18,1,Team,0.0,0.0,LJU,,Team,,0,0,0,0,0,0,0,0,3,3,0,0,0,0,0,0,0,3,
2024,RS,2,18,1,Total,,,LJU,,Total,200:00,87,18,34,12,29,15,19,7,25,32,17,10,12,3,1,20,24,103,
2024,RS,2,18,0,P003759   ,0.0,0.0,VNC,0,"TESSITORI, AMEDEO",07:25,2,1,1,0,0,0,0,1,0,1,0,1,0,1,0,4,0,1,-9.0
2024,RS,2,18,0,P006571   ,0.0,0.0,VNC,4,"LEVER, ALESSANDRO",01:03,0,0,0,0,0,0,0,0,0,0,0,0,0,0,0,0,0,0,-3.0
2024,RS,2,18,0,P009400   ,0.0,0.0,VNC,7,"CASARIN, DAVIDE",18:32,3,0,1,1,1,0,0,0,0,0,4,2,1,0,1,5,0,1,-1.0
2024,RS,2,18,0,P005177   ,0.0,0.0,VNC,8,"FERNANDEZ, JUAN",DNP,0,0,0,0,0,0,0,0,0,0,0,0,0,0,0,0,0,0,0.0
2024,RS,2,18,0,P005404   ,1.0,1.0,VNC,9,"MORETTI, DAVIDE",31:36,10,1,3,2,4,2,2,0,2,2,2,2,3,0,1,4,2,6,1.0
2024,RS,2,18,0,P008858   ,1.0,1.0,VNC,11,"ENNIS, TYLER",31:59,23,6,9,2,4,5,7,0,8,8,6,0,5,0,1,2,6,28,-9.0
2024,RS,2,18,0,P012588   ,0.0,0.0,VNC,14,"JANELIDZE, GIGA",DNP,0,0,0,0,0,0,0,0,0,0,0,0,0,0,0,0,0,0,0.0
2024,RS,2,18,0,P012796   ,1.0,0.0,VNC,21,"TSHIMANGA KABENGELE, MFIONDU",29:25,14,7,13,0,0,0,3,6,7,13,1,1,1,0,0,0,2,21,7.0
2024,RS,2,18,0,P011909   ,1.0,1.0,VNC,22,"PARKS, JORDAN",23:53,5,1,3,1,1,0,0,0,2,2,2,1,3,0,0,3,2,4,10.0
2024,RS,2,18,0,P013305   ,0.0,0.0,VNC,24,"WHEATLE, CARL",14:01,0,0,0,0,2,0,0,0,1,1,0,0,0,0,0,1,0,-2,-16.0
2024,RS,2,18,0,P011928   ,1.0,1.0,VNC,25,"SIMMS, AAMIR",21:53,11,4,7,1,4,0,1,2,5,7,1,1,1,0,0,3,4,13,10.0
2024,RS,2,18,0,P008052   ,0.0,1.0,VNC,33,"WILTJER, KYLE",20:13,14,1,4,4,8,0,0,0,1,1,2,0,2,0,0,2,4,10,-15.0
2024,RS,2,18,0,Team,0.0,0.0,VNC,,Team,,0,0,0,0,0,0,0,1,1,2,0,0,0,0,0,0,0,2,
2024,RS,2,18,0,Total,,,VNC,,Total,200:00,82,21,41,11,24,7,13,10,27,37,18,8,16,1,3,24,20,84,
2024,RS,2,19,1,P004525   ,1.0,1.0,BOU,3,"SALASH, MAKSIM",20:21,9,0,3,2,4,3,4,2,4,6,1,2,1,0,1,1,5,14,11.0
2024,RS,2,19,1,P013264   ,0.0,0.0,BOU,4,"NELSON, ADRIAN",20:50,11,4,6,1,4,0,0,1,4,5,3,1,0,2,1,0,1,17,1.0
2024,RS,2,19,1,P010449   ,1.0,1.0,BOU,5,"BENITEZ, HUGO",20:41,4,2,3,0,1,0,0,0,0,0,4,3,0,1,0,0,2,12,11.0
2024,RS,2,19,1,P010450   ,0.0,1.0,BOU,7,"COURBY, MAXIME",17:21,7,2,2,1,1,0,0,0,2,2,2,0,1,0,0,2,1,9,4.0
2024,RS,2,19,1,P013265   ,1.0,0.0,BOU,8,"USHER, JORDAN",22:57,6,3,4,0,3,0,0,1,3,4,2,2,3,0,0,5,0,2,8.0
2024,RS,2,19,1,P009556   ,0.0,0.0,BOU,10,"NGOUAMA, MEHDY",09:49,10,3,4,1,4,1,1,0,2,2,2,2,0,0,0,1,1,12,9.0
2024,RS,2,19,1,P006904   ,0.0,0.0,BOU,11,"AYAYI, JOEL",19:19,2,1,2,0,0,0,0,0,1,1,3,3,4,1,1,2,1,3,0.0
2024,RS,2,19,1,P013266   ,1.0,1.0,BOU,13,"CASTANEDA, XAVIER",24:32,18,3,6,1,3,9,10,0,1,1,3,2,1,0,0,3,8,22,3.0
2024,RS,2,19,1,P011550   ,0.0,0.0,BOU,16,"JACQUES, WILSON",DNP,0,0,0,0,0,0,0,0,0,0,0,0,0,0,0,0,0,0,0.0
2024,RS,2,19,1,P009552   ,0.0,0.0,BOU,27,"PANSA, JEAN-MARC",16:45,7,3,6,0,0,1,2,1,2,3,0,1,0,2,0,2,1,8,4.0
2024,RS,2,19,1,P004945   ,0.0,0.0,BOU,33,"PAUL, BRANDON",05:21,0,0,1,0,2,0,0,1,0,1,0,0,0,0,0,1,0,-3,-2.0
2024,RS,2,19,1,P011837   ,1.0,1.0,BOU,34,"KOKILA, KEVIN",22:04,10,3,7,0,0,4,4,2,4,6,1,3,3,1,2,3,2,11,6.0
2024,RS,2,19,1,Team,0.0,0.0,BOU,,Team,,0,0,0,0,0,0,0,1,1,2,0,0,1,0,0,0,0,1,
2024,RS,2,19,1,Total,,,BOU,,Total,200:00,84,24,44,6,22,18,21,9,24,33,21,19,14,7,5,20,22,108,
2024,RS,2,19,0,P010651   ,1.0,0.0,CLU,1,"HERVEY, KEVIN",15:03,3,0,0,1,6,0,0,0,2,2,1,1,1,1,0,4,0,-2,1.0
2024,RS,2,19,0,P013302   ,1.0,1.0,CLU,3,"SIMPSON, ZAVIER",29:40,12,4,7,0,1,4,4,3,4,7,7,0,6,0,0,3,3,16,7.0
2024,RS,2,19,0,P005714   ,0.0,0.0,CLU,5,"MEJERIS, MAREKS",16:08,3,0,0,1,2,0,0,1,2,3,2,0,4,0,0,1,0,2,-16.0
2024,RS,2,19,0,P013303   ,0.0,0.0,CLU,6,"MIRON, DARIUS",DNP,0,0,0,0,0,0,0,0,0,0,0,0,0,0,0,0,0,0,0.0
2024,RS,2,19,0,P002820   ,1.0,1.0,CLU,9,"SALIN, SASU",23:31,18,0,0,4,9,6,6,0,3,3,0,0,3,0,0,2,4,15,-1.0
2024,RS,2,19,0,P013304   ,1.0,1.0,CLU,10,"HANKINS, ZACH",24:40,17,8,11,0,0,1,2,3,0,3,2,1,1,1,1,2,1,17,10.0
2024,RS,2,19,0,P004862   ,0.0,0.0,CLU,11,"SEELEY, DENNIS",13:09,2,1,1,0,3,0,0,1,1,2,3,0,2,0,0,1,2,3,-17.0
2024,RS,2,19,0,P012684   ,0.0,0.0,CLU,12,"PETRIC, ALEXIS",DNP,0,0,0,0,0,0,0,0,0,0,0,0,0,0,0,0,0,0,0.0
2024,RS,2,19,0,P006618   ,0.0,1.0,CLU,23,"STEPHENS, DE'SHAWN",22:32,13,6,10,0,0,1,4,5,3,8,1,0,0,2,1,2,4,18,-13.0
2024,RS,2,19,0,P012620   ,0.0,0.0,CLU,25,"MACIUCA, MIHAI",14:32,3,0,0,1,4,0,0,2,1,3,1,0,1,0,0,2,0,1,-7.0
2024,RS,2,19,0,P011801   ,1.0,0.0,CLU,35,"RICHARD, PATRICK",15:57,0,0,3,0,2,0,0,1,3,4,3,0,3,0,1,2,2,-2,-23.0
2024,RS,2,19,0,P012698   ,0.0,1.0,CLU,95,"MOKOKA, ADAM",24:48,2,1,6,0,3,0,1,1,6,7,1,1,1,1,4,3,4,-1,4.0
2024,RS,2,19,0,Team,0.0,0.0,CLU,,Team,,0,0,0,0,0,0,0,3,2,5,0,0,0,0,0,0,0,5,
2024,RS,2,19,0,Total,,,CLU,,Total,200:00,73,20,38,7,30,12,17,20,27,47,21,3,22,5,7,22,20,72,
2024,RS,2,20,1,P007527   ,1.0,0.0,PAM,0,"BADIO, BRANCOU",20:15,14,1,3,4,4,0,0,0,1,1,3,0,1,0,1,2,2,14,13.0
2024,RS,2,20,1,P006643   ,0.0,1.0,PAM,2,"PUERTO, JOSEP",17:01,4,2,3,0,2,0,0,0,2,2,1,0,0,2,0,0,1,7,19.0
2024,RS,2,20,1,P012738   ,1.0,1.0,PAM,3,"REUVERS, NATHAN",13:16,8,2,5,1,1,1,2,4,2,6,2,2,0,2,1,0,2,17,20.0
2024,RS,2,20,1,P010393   ,0.0,1.0,PAM,4,"PRADILLA, JAIME",22:38,6,3,5,0,1,0,2,5,6,11,2,1,2,1,1,1,4,16,9.0
2024,RS,2,20,1,P005356   ,0.0,0.0,PAM,6,"LOPEZ-AROSTEGUI, XABI",13:37,8,1,2,1,3,3,3,0,1,1,1,1,1,0,0,2,3,8,14.0
2024,RS,2,20,1,P010042   ,0.0,1.0,PAM,8,"MONTERO, JEAN",23:35,11,3,6,1,4,2,3,2,0,2,11,1,4,0,1,0,2,15,5.0
2024,RS,2,20,1,P004863   ,1.0,0.0,PAM,16,"JOVIC, STEFAN",15:52,14,4,5,1,1,3,4,1,2,3,7,0,3,0,0,3,3,19,17.0
2024,RS,2,20,1,P004548   ,0.0,1.0,PAM,18,"FILIPOVIC, GORAN",09:54,4,2,3,0,0,0,0,0,0,0,1,1,0,0,0,4,3,4,6.0
2024,RS,2,20,1,P009864   ,0.0,0.0,PAM,22,"HAPP, ETHAN",12:57,4,2,2,0,0,0,0,0,3,3,0,2,1,0,0,1,0,7,-7.0
2024,RS,2,20,1,P010444   ,0.0,0.0,PAM,24,"COSTELLO, MATTHEW",13:47,23,5,5,4,6,1,2,1,1,2,0,0,0,0,0,1,2,23,14.0
2024,RS,2,20,1,P011982   ,1.0,0.0,PAM,37,"OJELEYE, SEMI",19:46,9,3,6,0,1,3,5,1,2,3,0,0,1,0,1,0,3,7,7.0
2024,RS,2,20,1,P011980   ,1.0,0.0,PAM,77,"SESTINA, NATHAN",17:22,0,0,0,0,3,0,0,0,3,3,0,0,0,0,0,1,1,0,18.0
2024,RS,2,20,1,Team,0.0,0.0,PAM,,Team,,0,0,0,0,0,0,0,2,1,3,0,0,1,0,0,0,0,2,
2024,RS,2,20,1,Total,,,PAM,,Total,200:00,105,28,45,12,26,13,21,16,24,40,28,8,14,5,5,15,26,139,
2024,RS,2,20,0,P013308   ,1.0,0.0,HAM,1,"IVEY, BILLY",18:46,19,4,5,3,5,2,3,0,0,0,3,2,7,0,0,2,7,18,-14.0
2024,RS,2,20,0,P011256   ,1.0,0.0,HAM,3,"RICH, OSARO",17:28,2,1,2,0,1,0,0,0,0,0,2,0,1,0,0,5,0,-4,-18.0
2024,RS,2,20,0,P013309   ,0.0,1.0,HAM,4,"LOTTIE, JAIZEC",24:51,14,4,8,2,8,0,0,0,5,5,8,0,2,0,2,4,4,13,-10.0
2024,RS,2,20,0,P010070   ,0.0,1.0,HAM,6,"MOELLER, LEIF",17:12,3,0,1,1,1,0,0,1,1,2,2,1,0,1,1,0,0,7,-20.0
2024,RS,2,20,0,P013311   ,0.0,0.0,HAM,11,"KENNEDY, KEONDRE",18:21,8,1,4,2,4,0,0,1,0,1,1,0,1,0,0,3,1,2,-12.0
2024,RS,2,20,0,P012695   ,0.0,0.0,HAM,14,"REECE, CAMRON",06:49,2,1,2,0,0,0,0,2,0,2,1,0,2,1,0,1,0,2,-19.0
2024,RS,2,20,0,P013312   ,1.0,1.0,HAM,21,"BARNETT, JORDAN",29:11,10,2,2,2,4,0,0,1,5,6,0,0,3,0,0,2,1,10,-4.0
2024,RS,2,20,0,P013313   ,1.0,0.0,HAM,23,"KUATH, KUR",20:43,12,6,6,0,0,0,1,1,3,4,2,2,0,2,0,2,1,20,1.0
2024,RS,2,20,0,P003242   ,1.0,1.0,HAM,25,"OGBE, KENNETH",23:22,0,0,2,0,5,0,0,2,1,3,1,0,0,0,1,2,0,-6,-7.0
2024,RS,2,20,0,P006420   ,0.0,0.0,HAM,33,"HECKMANN, PATRICK",10:31,4,2,2,0,1,0,0,0,0,0,0,0,1,0,1,4,0,-3,-21.0
2024,RS,2,20,0,P006006   ,0.0,1.0,HAM,44,"TURUDIC, BENEDIKT",12:46,4,2,3,0,0,0,0,0,1,1,1,0,2,1,0,1,1,4,-11.0
2024,RS,2,20,0,Team,0.0,0.0,HAM,,Team,,0,0,0,0,0,0,0,3,2,5,0,0,2,0,0,0,0,3,
2024,RS,2,20,0,Total,,,HAM,,Total,200:00,78,23,37,10,29,2,4,11,18,29,21,5,21,5,5,26,15,66,
2024,RS,3,21,1,P013292   ,0.0,0.0,TSO,0,"JANKOWSKI, BARTOSZ",02:24,0,0,0,0,0,0,0,0,0,0,0,0,0,0,0,1,0,-1,-6.0
2024,RS,3,21,1,P012019   ,1.0,1.0,TSO,3,"BEST, AARON",29:00,6,3,7,0,5,0,0,1,0,1,1,0,1,0,1,4,1,-6,-4.0
2024,RS,3,21,1,P013293   ,0.0,0.0,TSO,5,"MCGOWENS, ROBERT",10:18,0,0,1,0,0,0,0,0,2,2,0,0,1,0,0,2,3,1,-10.0
2024,RS,3,21,1,P013294   ,0.0,0.0,TSO,9,"JASZCZERSKI, WIKTOR",DNP,0,0,0,0,0,0,0,0,0,0,0,0,0,0,0,0,0,0,0.0
2024,RS,3,21,1,P008790   ,0.0,0.0,TSO,12,"WITLINSKI, MIKOLAJ",18:18,0,0,1,0,0,0,0,2,3,5,0,0,1,0,0,3,2,2,-3.0
2024,RS,3,21,1,P013295   ,1.0,1.0,TSO,15,"ZYSKOWSKI, JAROSLAW",26:06,9,3,5,0,5,3,4,1,3,4,0,0,1,0,0,3,3,4,10.0
2024,RS,3,21,1,P009649   ,1.0,1.0,TSO,22,"PHILLIP, TARIK",33:03,21,5,7,2,6,5,6,3,9,12,6,2,3,0,1,1,4,33,5.0
2024,RS,3,21,1,P013296   ,1.0,0.0,TSO,32,"GROSELLE, GEOFFREY",18:46,8,4,5,0,0,0,2,1,2,3,1,0,1,1,0,3,1,7,1.0
2024,RS,3,21,1,P013297   ,1.0,1.0,TSO,50,"WEATHERS, MARCUS",23:34,8,3,5,0,2,2,2,0,3,3,1,0,2,1,0,1,1,7,-13.0
2024,RS,3,21,1,P013298   ,0.0,0.0,TSO,55,"SCHENK, JAKUB",19:09,6,0,1,1,2,3,3,0,0,0,1,0,1,0,0,5,5,4,-10.0
2024,RS,3,21,1,P003885   ,0.0,1.0,TSO,81,"VAN VLIET, ANDY",19:22,15,3,5,3,4,0,0,1,4,5,0,0,1,0,0,1,1,16,5.0
2024,RS,3,21,1,Team,0.0,0.0,TSO,,Team,,0,0,0,0,0,0,0,2,0,2,0,0,2,0,0,0,0,0,
2024,RS,3,21,1,Total,,,TSO,,Total,200:00,73,21,37,6,24,13,17,11,26,37,10,2,14,2,2,24,21,67,
2024,RS,3,21,0,P010161   ,1.0,0.0,JOV,1,"KRAAG, YANNICK",15:43,4,2,3,0,1,0,0,1,1,2,0,0,1,0,0,3,1,1,4.0
2024,RS,3,21,0,P013285   ,1.0,0.0,JOV,2,"DOTSON, DEVON DURRELL",27:12,18,3,6,2,4,6,8,3,3,6,5,2,2,0,1,4,4,21,13.0
2024,RS,3,21,0,P006771   ,0.0,0.0,JOV,3,"BUSQUETS, PEP",03:07,0,0,0,0,0,0,0,0,1,1,0,0,0,0,0,1,0,0,-1.0
2024,RS,3,21,0,PJUG      ,0.0,0.0,JOV,4,"RIBAS, PAU",DNP,0,0,0,0,0,0,0,0,0,0,0,0,0,0,0,0,0,0,0.0
2024,RS,3,21,0,P013286   ,1.0,0.0,JOV,6,"VAN DER VUURST, KEYE",06:12,2,0,2,0,2,2,2,0,1,1,0,0,0,0,0,1,2,0,1.0
2024,RS,3,21,0,P013287   ,1.0,1.0,JOV,12,"BRAY-GATES, KAISER EVAN",31:31,14,3,4,2,8,2,2,1,3,4,0,1,1,1,0,1,3,14,10.0
2024,RS,3,21,0,P004834   ,0.0,0.0,JOV,13,"PUSTOVYI, ARTEM",16:29,2,1,5,0,0,0,0,1,4,5,0,0,1,1,0,1,1,3,6.0
2024,RS,3,21,0,P002361   ,0.0,1.0,JOV,16,"VIVES, GUILLEM",18:36,0,0,0,0,1,0,0,1,1,2,1,0,1,0,0,4,1,-2,9.0
2024,RS,3,21,0,P012349   ,0.0,0.0,JOV,23,"RUZIC, MICHAEL",08:27,0,0,1,0,1,0,0,0,0,0,0,0,0,0,0,1,0,-3,-8.0
2024,RS,3,21,0,P012740   ,0.0,1.0,JOV,30,"ROBERTSON, KASSIUS",27:30,20,4,4,3,7,3,4,0,0,0,6,1,0,0,1,1,3,23,-2.0
2024,RS,3,21,0,P002507   ,1.0,1.0,JOV,44,"TOMIC, ANTE",23:31,6,1,6,0,0,4,9,3,7,10,3,0,3,0,0,1,7,12,-1.0
2024,RS,3,21,0,P005099   ,0.0,1.0,JOV,88,"HANGA, ADAM",21:42,12,1,3,3,5,1,2,1,1,2,1,1,1,0,0,3,2,9,-6.0
2024,RS,3,21,0,Team,0.0,0.0,JOV,,Team,,0,0,0,0,0,0,0,3,1,4,0,0,1,0,0,0,0,3,
2024,RS,3,21,0,Total,,,JOV,,Total,200:00,78,15,34,10,29,18,27,14,23,37,16,5,11,2,2,21,24,81,
2024,RS,3,22,1,P012003   ,1.0,0.0,WOL,1,"COWAN JR, ANTHONY",25:20,11,0,0,1,6,8,9,1,4,5,7,2,2,0,1,3,6,19,-7.0
2024,RS,3,22,1,P012789   ,1.0,1.0,WOL,4,"BROOKS, GARRISON",24:31,11,2,4,2,2,1,2,0,1,1,1,1,1,1,0,4,2,9,-12.0
2024,RS,3,22,1,P009306   ,0.0,0.0,WOL,9,"BASLYK, DANIEL",03:28,0,0,0,0,0,0,0,0,0,0,1,0,0,0,0,1,0,0,-3.0
2024,RS,3,22,1,P004645   ,1.0,1.0,WOL,10,"MINIOTAS, REGIMANTAS",18:50,3,1,3,0,1,1,2,2,4,6,0,0,0,1,1,1,1,5,-14.0
2024,RS,3,22,1,P006897   ,0.0,0.0,WOL,11,"MARCINKEVICIUS, JUSTINAS",DNP,0,0,0,0,0,0,0,0,0,0,0,0,0,0,0,0,0,0,0.0
2024,RS,3,22,1,P011248   ,0.0,1.0,WOL,12,"ANDREWS, ANDREW",27:46,19,1,2,3,7,8,9,0,2,2,2,0,4,0,0,4,7,16,-17.0
2024,RS,3,22,1,P005516   ,1.0,1.0,WOL,13,"ZEMAITIS, KRISTUPAS",31:50,12,2,3,2,5,2,2,0,2,2,4,3,2,0,0,1,5,19,-9.0
2024,RS,3,22,1,P012577   ,0.0,1.0,WOL,15,"THURMAN, TRE'SHAWN",25:45,9,3,6,1,3,0,0,1,2,3,2,0,2,0,1,4,0,2,-6.0
2024,RS,3,22,1,P008186   ,0.0,0.0,WOL,22,"BLAZEVIC, MAREK",14:12,2,1,2,0,0,0,0,0,4,4,0,2,1,0,1,2,0,3,-12.0
2024,RS,3,22,1,P006546   ,1.0,0.0,WOL,44,"TAYLOR, JEFFERY",28:18,9,1,2,2,5,1,3,1,0,1,3,0,2,0,1,3,4,5,-10.0
2024,RS,3,22,1,Team,0.0,0.0,WOL,,Team,,0,0,0,0,0,0,0,1,1,2,0,0,1,0,0,0,0,1,
2024,RS,3,22,1,Total,,,WOL,,Total,200:00,76,11,22,11,29,21,27,6,20,26,20,8,15,2,5,23,25,79,
2024,RS,3,22,0,P006245   ,1.0,1.0,ULM,0,"WEIDEMANN, NELSON",27:17,12,1,3,2,5,4,4,0,3,3,3,1,2,0,0,2,4,14,16.0
2024,RS,3,22,0,P010726   ,0.0,1.0,ULM,7,"JENSEN, TOBIAS",15:30,5,1,2,1,3,0,0,0,3,3,2,1,1,0,0,3,2,6,11.0
2024,RS,3,22,0,P012077   ,0.0,1.0,ULM,9,"PLUMMER, ALFONSO",18:50,16,3,5,3,7,1,2,3,0,3,1,0,2,0,0,3,1,9,10.0
2024,RS,3,22,0,P013290   ,1.0,0.0,ULM,10,"JESSUP, JUSTINIAN",36:38,27,4,5,5,7,4,4,1,3,4,3,1,3,0,0,2,3,30,15.0
2024,RS,3,22,0,P011391   ,0.0,0.0,ULM,12,"ESSENGUE, NOA",30:44,4,1,2,0,2,2,6,2,6,8,1,4,0,2,1,2,5,14,22.0
2024,RS,3,22,0,P007952   ,0.0,1.0,ULM,13,"BRETZEL, NICOLAS",10:39,3,1,1,0,0,1,2,2,2,4,1,0,0,0,0,1,2,8,3.0
2024,RS,3,22,0,P006997   ,1.0,0.0,ULM,14,"HERKENHOFF, PHILIPP",24:53,12,2,4,2,5,2,2,3,6,9,1,0,4,0,1,4,1,9,1.0
2024,RS,3,22,0,P013291   ,1.0,0.0,ULM,15,"ROBY, ISAIAH",11:57,2,1,2,0,3,0,0,1,0,1,0,0,0,2,0,1,1,1,5.0
2024,RS,3,22,0,P012602   ,0.0,1.0,ULM,21,"ANIGBATA, ALEC",05:20,3,0,0,1,1,0,0,0,0,0,0,0,0,0,0,2,0,1,1.0
2024,RS,3,22,0,P011437   ,1.0,0.0,ULM,77,"SARAF, BEN",18:12,10,3,5,1,3,1,2,1,2,3,7,0,1,1,0,5,3,13,6.0
2024,RS,3,22,0,Team,0.0,0.0,ULM,,Team,,0,0,0,0,0,0,0,2,1,3,0,0,0,0,0,0,0,3,
2024,RS,3,22,0,Total,,,ULM,,Total,200:00,94,17,29,15,36,15,22,15,26,41,19,7,13,5,2,25,22,108,
2024,RS,3,23,1,P011924   ,1.0,1.0,BES,0,"ALLMAN, KYLE",28:30,11,4,9,1,4,0,0,0,4,4,5,2,4,0,1,2,2,9,-13.0
2024,RS,3,23,1,P011936   ,0.0,0.0,BES,2,"MATHEWS, JONAH",DNP,0,0,0,0,0,0,0,0,0,0,0,0,0,0,0,0,0,0,0.0
2024,RS,3,23,1,P008945   ,1.0,1.0,BES,5,"NEEDHAM, DEREK",25:31,17,2,4,3,8,4,4,0,1,1,2,0,3,0,0,4,5,11,-2.0
2024,RS,3,23,1,P003783   ,0.0,0.0,BES,6,"UGURLU, BERK",11:39,4,2,2,0,0,0,0,0,1,1,0,0,0,0,0,5,1,1,-1.0
2024,RS,3,23,1,P007914   ,0.0,1.0,BES,7,"ARSLAN, YIGIT",27:12,5,1,2,1,4,0,0,1,5,6,1,0,2,0,1,2,3,6,2.0
2024,RS,3,23,1,P009680   ,1.0,0.0,BES,9,"MORGAN, CONOR",16:27,5,1,4,1,3,0,0,0,4,4,0,2,1,1,2,5,1,0,-13.0
2024,RS,3,23,1,P012233   ,0.0,0.0,BES,10,"AKSU, YAGIZ",DNP,0,0,0,0,0,0,0,0,0,0,0,0,0,0,0,0,0,0,0.0
2024,RS,3,23,1,P011927   ,0.0,0.0,BES,14,"SLEVA, DUSTIN",28:06,14,4,6,1,2,3,4,2,3,5,3,3,0,0,1,5,3,18,-1.0
2024,RS,3,23,1,P011379   ,1.0,1.0,BES,20,"KONAN, KEREM",20:01,9,2,5,0,0,5,6,2,0,2,1,0,0,0,0,3,2,7,-22.0
2024,RS,3,23,1,P012624   ,0.0,0.0,BES,22,"OZBEK, ATA",DNP,0,0,0,0,0,0,0,0,0,0,0,0,0,0,0,0,0,0,0.0
2024,RS,3,23,1,P013255   ,1.0,1.0,BES,30,"MARTIN, KELAN",28:04,10,1,6,2,3,2,2,0,2,2,1,1,1,0,0,3,1,5,-31.0
2024,RS,3,23,1,P010652   ,0.0,0.0,BES,33,"TERRY, EMANUEL",14:30,12,5,7,0,0,2,2,2,0,2,0,2,2,0,0,5,4,11,11.0
2024,RS,3,23,1,Team,0.0,0.0,BES,,Team,,0,0,0,0,0,0,0,1,2,3,0,0,0,0,0,0,0,3,
2024,RS,3,23,1,Total,,,BES,,Total,200:00,87,22,45,9,24,16,18,8,22,30,13,10,13,1,5,34,22,71,
2024,RS,3,23,0,P011157   ,1.0,0.0,HTA,0,"MOTLEY, JOHNATHAN",26:02,24,8,10,0,0,8,11,0,6,6,4,0,4,2,0,5,12,34,36.0
2024,RS,3,23,0,P005181   ,0.0,0.0,HTA,1,"RAGLAND, JOE",06:56,1,0,0,0,1,1,2,0,0,0,1,1,0,0,0,1,1,1,-11.0
2024,RS,3,23,0,P013283   ,0.0,0.0,HTA,9,"PALATIN, GUY",DNP,0,0,0,0,0,0,0,0,0,0,0,0,0,0,0,0,0,0,0.0
2024,RS,3,23,0,P004846   ,1.0,1.0,HTA,10,"TIMOR, BAR",30:29,15,5,5,1,3,2,2,0,1,1,3,1,1,1,0,1,1,18,24.0
2024,RS,3,23,0,P010465   ,0.0,0.0,HTA,11,"ANGOLA, BRAIAN",05:30,0,0,0,0,1,0,0,0,0,0,0,0,1,0,0,1,0,-3,-11.0
2024,RS,3,23,0,P009877   ,0.0,0.0,HTA,14,"BLAYZER, OZ",DNP,0,0,0,0,0,0,0,0,0,0,0,0,0,0,0,0,0,0,0.0
2024,RS,3,23,0,P010386   ,1.0,1.0,HTA,17,"FOSTER, MARCUS",26:17,16,6,7,0,4,4,4,1,1,2,2,1,4,1,0,3,2,12,8.0
2024,RS,3,23,0,P001927   ,1.0,1.0,HTA,22,"BEVERLEY, PATRICK",28:09,16,3,4,0,2,10,10,0,11,11,3,1,3,1,0,3,9,32,37.0
2024,RS,3,23,0,P013284   ,1.0,1.0,HTA,24,"WAINRIGHT, ISHMAIL CARZELL",28:30,8,4,6,0,2,0,0,0,3,3,3,0,0,0,0,1,2,11,24.0
2024,RS,3,23,0,P011386   ,0.0,0.0,HTA,31,"YAACOV, NOAM",10:36,6,1,1,0,1,4,4,0,1,1,0,0,2,0,0,2,3,5,-17.0
2024,RS,3,23,0,P010550   ,0.0,1.0,HTA,41,"GINAT, TOMER",24:20,11,5,6,0,3,1,2,1,5,6,1,0,0,0,1,3,1,10,2.0
2024,RS,3,23,0,P012096   ,0.0,0.0,HTA,51,"CABOCLO, BRUNO",13:11,4,1,3,0,0,2,3,0,1,1,0,0,0,0,0,2,3,3,-22.0
2024,RS,3,23,0,Team,0.0,0.0,HTA,,Team,,0,0,0,0,0,0,0,2,1,3,0,0,2,0,0,0,0,1,
2024,RS,3,23,0,Total,,,HTA,,Total,200:00,101,33,42,1,17,32,38,4,30,34,17,4,17,5,1,22,34,124,
2024,RS,3,24,1,P012777   ,0.0,0.0,CAN,1,"URBANIAK, JAKUB",DNP,0,0,0,0,0,0,0,0,0,0,0,0,0,0,0,0,0,0,0.0
2024,RS,3,24,1,P007560   ,0.0,0.0,CAN,3,"KLJAJIC, JOVAN",03:36,0,0,0,0,0,0,0,0,0,0,0,0,1,0,0,0,0,-1,-3.0
2024,RS,3,24,1,P012016   ,0.0,0.0,CAN,4,"CONDITT IV, GEORGE",16:06,0,0,1,0,0,0,0,0,2,2,1,0,4,0,0,2,2,-2,-14.0
2024,RS,3,24,1,P011251   ,1.0,1.0,CAN,5,"HOMESLEY, CALEB",24:54,13,3,7,1,5,4,5,0,2,2,4,0,1,1,0,3,3,10,11.0
2024,RS,3,24,1,P003425   ,1.0,1.0,CAN,6,"ALBICY, ANDREW",23:58,8,0,1,2,6,2,2,1,2,3,1,1,1,0,0,1,4,10,17.0
2024,RS,3,24,1,P008121   ,1.0,1.0,CAN,9,"BRUSSINO, NICOLAS",29:26,17,3,5,3,6,2,3,2,1,3,2,0,2,0,0,1,4,17,16.0
2024,RS,3,24,1,P005005   ,0.0,0.0,CAN,10,"SALVO, MIQUEL",05:04,0,0,0,0,1,0,0,0,0,0,0,0,0,0,0,0,0,-1,-6.0
2024,RS,3,24,1,P010623   ,0.0,1.0,CAN,12,"ALOCEN, CARLOS",16:13,0,0,0,0,1,0,0,0,1,1,2,0,4,0,0,0,1,-1,-14.0
2024,RS,3,24,1,P010452   ,0.0,0.0,CAN,13,"PELOS, PIERRE",19:24,11,4,6,1,2,0,0,2,4,6,0,0,2,0,0,3,1,10,13.0
2024,RS,3,24,1,P006588   ,1.0,0.0,CAN,14,"SHURNA, JOHN",24:01,7,2,3,1,3,0,0,1,5,6,0,0,0,0,0,2,0,8,-14.0
2024,RS,3,24,1,P008966   ,1.0,0.0,CAN,18,"TOBEY, MIKE",20:07,6,3,6,0,0,0,0,4,7,11,1,0,2,0,1,4,0,8,21.0
2024,RS,3,24,1,P012095   ,0.0,1.0,CAN,32,"THOMASSON, JOE",17:11,4,0,1,1,3,1,1,1,1,2,0,0,1,0,0,1,2,3,-12.0
2024,RS,3,24,1,Team,0.0,0.0,CAN,,Team,,0,0,0,0,0,0,0,3,2,5,0,0,2,0,0,0,0,3,
2024,RS,3,24,1,Total,,,CAN,,Total,200:00,66,15,30,9,27,9,11,14,27,41,11,1,20,1,1,17,17,64,
2024,RS,3,24,0,P011192   ,1.0,1.0,BAH,0,"SMITH, JALEEN",34:06,13,2,4,3,6,0,0,0,3,3,4,2,2,0,0,2,3,16,-2.0
2024,RS,3,24,0,P011201   ,0.0,1.0,BAH,2,"HAZER, SEHMUS",23:20,9,2,4,1,3,2,2,1,2,3,0,1,0,0,0,3,1,7,1.0
2024,RS,3,24,0,P011821   ,1.0,1.0,BAH,5,"MASSINBURG, CJ",21:29,2,1,2,0,3,0,0,2,2,4,1,1,0,0,0,1,2,5,-3.0
2024,RS,3,24,0,P012405   ,0.0,0.0,BAH,7,"HALTALI, FURKAN",10:28,2,1,3,0,0,0,0,1,0,1,2,0,2,0,0,2,1,0,8.0
2024,RS,3,24,0,P008282   ,0.0,0.0,BAH,10,"ILYASOGLU, OMERCAN",DNP,0,0,0,0,0,0,0,0,0,0,0,0,0,0,0,0,0,0,0.0
2024,RS,3,24,0,PLQV      ,0.0,0.0,BAH,17,"MUTAF, MAXIM",DNP,0,0,0,0,0,0,0,0,0,0,0,0,0,0,0,0,0,0,0.0
2024,RS,3,24,0,P012711   ,1.0,1.0,BAH,19,"SIMONOVIC, MARKO",28:03,14,2,5,2,3,4,7,2,2,4,2,3,1,0,1,2,6,18,-10.0
2024,RS,3,24,0,P004172   ,0.0,0.0,BAH,20,"PONITKA, MATEUSZ",22:45,5,1,4,1,2,0,1,0,3,3,2,0,2,0,0,3,3,3,1.0
2024,RS,3,24,0,P011823   ,1.0,0.0,BAH,21,"ODIASE, TAI",23:29,7,3,7,0,0,1,2,3,2,5,0,0,2,0,0,1,1,5,-5.0
2024,RS,3,24,0,P009601   ,0.0,0.0,BAH,34,"CAVANAUGH, TYLER",17:49,2,1,6,0,1,0,0,2,2,4,0,0,1,1,0,0,0,0,1.0
2024,RS,3,24,0,P008278   ,0.0,0.0,BAH,57,"BAS, GOKTUG",DNP,0,0,0,0,0,0,0,0,0,0,0,0,0,0,0,0,0,0,0.0
2024,RS,3,24,0,P003840   ,1.0,1.0,BAH,83,"BOUTEILLE, AXEL",18:31,9,3,4,1,3,0,0,0,2,2,1,3,2,0,0,3,0,7,-6.0
2024,RS,3,24,0,Team,0.0,0.0,BAH,,Team,,0,0,0,0,0,0,0,0,0,0,0,0,0,0,0,0,0,0,
2024,RS,3,24,0,Total,,,BAH,,Total,200:00,63,16,39,8,21,7,12,11,18,29,12,10,12,1,1,17,17,61,
2024,RS,3,25,1,P012593   ,1.0,1.0,TRN,1,"ELLIS, QUINN",29:43,6,2,6,0,3,2,2,0,3,3,4,4,5,0,0,1,3,7,-19.0
2024,RS,3,25,1,P013269   ,1.0,0.0,TRN,3,"CALE, MYLES",24:17,13,5,11,1,2,0,0,2,1,3,0,0,0,1,0,3,1,8,-10.0
2024,RS,3,25,1,P013270   ,0.0,0.0,TRN,5,"FORD, JORDAN",20:06,7,2,4,1,5,0,0,0,0,0,4,0,0,0,0,2,0,3,-2.0
2024,RS,3,25,1,P005438   ,0.0,1.0,TRN,6,"PECCHIA, ANDREA",16:11,5,1,5,1,3,0,0,2,1,3,1,0,2,1,1,2,1,0,-5.0
2024,RS,3,25,1,P012687   ,1.0,1.0,TRN,7,"NIANG, SALIOU",21:18,2,1,4,0,0,0,0,3,5,8,2,0,3,0,0,2,3,7,-34.0
2024,RS,3,25,1,P006382   ,0.0,0.0,TRN,10,"FORRAY, TOTO",12:48,6,3,4,0,3,0,0,0,2,2,1,2,1,0,1,2,0,3,-2.0
2024,RS,3,25,1,P013271   ,1.0,1.0,TRN,21,"MAWUGBE, SELOM",29:56,11,5,8,0,0,1,2,3,2,5,0,2,2,0,0,2,4,14,-9.0
2024,RS,3,25,1,P013272   ,1.0,0.0,TRN,22,"LAMB, ANTHONY",26:07,12,2,6,1,4,5,5,0,2,2,2,1,3,0,2,0,4,9,-15.0
2024,RS,3,25,1,P006724   ,0.0,1.0,TRN,26,"BAYEHE, JORDAN",19:34,2,1,3,0,1,0,0,2,4,6,0,0,0,3,1,2,0,5,-9.0
2024,RS,3,25,1,P012242   ,0.0,0.0,TRN,68,"HASSAN, PATRICK",DNP,0,0,0,0,0,0,0,0,0,0,0,0,0,0,0,0,0,0,0.0
2024,RS,3,25,1,Team,0.0,0.0,TRN,,Team,,0,0,0,0,0,0,0,3,2,5,0,0,1,0,0,0,0,4,
2024,RS,3,25,1,Total,,,TRN,,Total,200:00,64,22,51,4,21,8,9,15,22,37,14,9,17,5,5,16,16,60,
2024,RS,3,25,0,P011150   ,1.0,1.0,BUD,1,"SULAIMON, RASHEED",25:55,8,2,6,1,5,1,3,0,5,5,4,2,3,0,2,3,2,3,24.0
2024,RS,3,25,0,P006561   ,0.0,0.0,BUD,2,"ILIC, ALEKSA",14:48,2,1,2,0,0,0,0,2,1,3,0,0,0,4,0,1,0,7,1.0
2024,RS,3,25,0,P012630   ,0.0,0.0,BUD,3,"MAGEE, FLETCHER",13:03,9,0,0,3,3,0,0,0,1,1,1,1,1,0,0,1,2,12,4.0
2024,RS,3,25,0,P006566   ,1.0,0.0,BUD,7,"SLAVKOVIC, ANDRIJA",15:44,4,2,2,0,0,0,0,0,3,3,1,0,0,0,0,3,0,5,7.0
2024,RS,3,25,0,P005637   ,1.0,1.0,BUD,10,"TANASKOVIC, NIKOLA",25:21,13,6,9,0,0,1,1,1,3,4,0,2,0,0,1,1,2,16,22.0
2024,RS,3,25,0,P011281   ,1.0,1.0,BUD,11,"FERRELL, YOGI",26:08,21,6,8,3,4,0,0,0,2,2,3,1,2,0,0,1,1,22,16.0
2024,RS,3,25,0,P010307   ,0.0,1.0,BUD,13,"JOVANOVIC, DORDIJE",07:12,3,0,1,1,1,0,0,0,0,0,0,0,0,0,1,0,0,1,2.0
2024,RS,3,25,0,P013258   ,0.0,0.0,BUD,23,"DREZNJAK, MATEO",14:00,2,0,0,0,2,2,2,0,0,0,1,2,3,0,0,2,2,0,5.0
2024,RS,3,25,0,P004222   ,0.0,0.0,BUD,24,"OMIC, ALEN",11:45,4,1,3,0,1,2,2,0,4,4,0,0,1,1,0,1,1,5,10.0
2024,RS,3,25,0,P012606   ,0.0,0.0,BUD,25,"WRIGHT IV, MCKINLEY",18:12,10,4,9,0,0,2,2,1,3,4,1,0,1,0,0,1,3,11,4.0
2024,RS,3,25,0,P013259   ,1.0,0.0,BUD,27,"AZUBUIKE, UDOKA",07:08,3,1,1,0,0,1,2,0,1,1,0,0,0,0,0,0,1,4,8.0
2024,RS,3,25,0,P008325   ,0.0,1.0,BUD,34,"KAMENJAS, KENAN",20:44,6,3,9,0,0,0,0,2,5,7,1,2,2,0,1,2,2,7,2.0
2024,RS,3,25,0,Team,0.0,0.0,BUD,,Team,,0,0,0,0,0,0,0,2,2,4,0,0,1,0,0,0,0,3,
2024,RS,3,25,0,Total,,,BUD,,Total,200:00,85,26,50,8,16,9,12,8,30,38,12,10,14,5,5,16,16,96,
2024,RS,3,26,1,P013276   ,0.0,1.0,JER,0,"SMITH, JUSTIN",18:08,9,4,9,0,0,1,2,4,3,7,0,0,5,0,1,4,1,1,-1.0
2024,RS,3,26,1,P011970   ,1.0,1.0,JER,1,"HARPER, JARED",27:49,19,2,6,2,2,9,11,0,1,1,6,0,3,0,0,1,8,24,8.0
2024,RS,3,26,1,P013277   ,0.0,0.0,JER,4,"JOHNSON, CHRIS",24:17,7,2,3,0,4,3,3,5,1,6,0,0,2,2,0,2,4,10,13.0
2024,RS,3,26,1,P013278   ,1.0,0.0,JER,5,"WILEY, AUSTIN",23:16,10,4,12,0,0,2,4,8,9,17,3,0,1,2,2,3,4,20,14.0
2024,RS,3,26,1,P013279   ,1.0,0.0,JER,7,"CHACHASHVILI, GABRIEL",13:15,4,2,4,0,0,0,0,0,2,2,0,0,2,0,0,2,0,0,4.0
2024,RS,3,26,1,P009879   ,0.0,1.0,JER,8,"DOVRAT, NOAM",13:32,5,1,2,1,4,0,0,1,2,3,0,0,1,0,0,0,1,4,-5.0
2024,RS,3,26,1,P013280   ,0.0,0.0,JER,18,"HASSON, YARIN",DNP,0,0,0,0,0,0,0,0,0,0,0,0,0,0,0,0,0,0,0.0
2024,RS,3,26,1,P010431   ,0.0,1.0,JER,20,"MORGAN, JEREMY",19:04,4,0,1,1,4,1,2,0,3,3,1,0,1,0,0,4,1,-1,5.0
2024,RS,3,26,1,P010587   ,1.0,0.0,JER,44,"SMITH, KENNETH",26:55,10,0,5,3,6,1,2,2,1,3,5,3,1,0,0,2,2,11,18.0
2024,RS,3,26,1,P006625   ,1.0,1.0,JER,50,"ZOOSMAN, YOVEL",21:47,16,4,5,2,3,2,3,2,2,4,1,5,1,0,0,3,2,21,15.0
2024,RS,3,26,1,P013281   ,0.0,0.0,JER,80,"CORNELIUS, OR",11:57,5,0,1,1,1,2,2,0,0,0,1,1,0,1,0,0,1,8,4.0
2024,RS,3,26,1,Team,0.0,0.0,JER,,Team,,0,0,0,0,0,0,0,3,1,4,0,0,2,0,0,0,0,2,
2024,RS,3,26,1,Total,,,JER,,Total,200:00,89,19,48,10,24,21,29,25,25,50,17,9,19,5,3,21,24,100,
2024,RS,3,26,0,P013308   ,1.0,1.0,HAM,1,"IVEY, BRAE",24:38,10,1,5,1,5,5,6,0,3,3,2,5,3,0,0,4,7,11,-19.0
2024,RS,3,26,0,P011256   ,1.0,0.0,HAM,3,"RICH, OSARO",26:09,12,2,2,2,5,2,2,0,2,2,1,3,0,0,0,3,1,13,-10.0
2024,RS,3,26,0,P013309   ,0.0,0.0,HAM,4,"LOTTIE, JAIZEC",26:36,16,4,6,2,8,2,3,2,4,6,5,0,5,0,2,3,5,13,-4.0
2024,RS,3,26,0,P010070   ,0.0,1.0,HAM,6,"MOELLER, LEIF",11:06,2,1,1,0,3,0,0,0,0,0,0,0,0,0,0,3,0,-4,4.0
2024,RS,3,26,0,P013310   ,0.0,1.0,HAM,8,"GREY, JARED",06:51,0,0,0,0,0,0,0,0,0,0,1,0,0,0,0,0,0,1,1.0
2024,RS,3,26,0,P012695   ,0.0,0.0,HAM,14,"REECE, CAMRON",22:55,9,4,6,0,0,1,1,1,3,4,3,3,3,0,0,1,1,14,-6.0
2024,RS,3,26,0,P013312   ,1.0,0.0,HAM,21,"BARNETT, JORDAN",24:33,13,1,3,3,6,2,2,1,3,4,0,0,1,2,1,3,2,11,-8.0
2024,RS,3,26,0,P003242   ,1.0,0.0,HAM,25,"OGBE, KENNETH",23:58,8,2,2,1,3,1,2,2,2,4,1,1,3,0,0,2,4,10,-12.0
2024,RS,3,26,0,P006420   ,0.0,1.0,HAM,33,"HECKMANN, PATRICK",15:27,0,0,1,0,1,0,0,0,1,1,2,0,2,0,0,1,1,-1,-7.0
2024,RS,3,26,0,P006006   ,1.0,1.0,HAM,44,"TURUDIC, BENEDIKT",17:47,4,2,4,0,0,0,0,1,0,1,2,0,1,1,2,4,0,-1,-14.0
2024,RS,3,26,0,Team,0.0,0.0,HAM,,Team,,0,0,0,0,0,0,0,2,3,5,0,0,1,0,0,0,0,4,
2024,RS,3,26,0,Total,,,HAM,,Total,200:00,74,17,30,9,31,13,16,9,21,30,17,12,19,3,5,24,21,71,
2024,RS,3,27,1,P011797   ,0.0,0.0,CLU,0,"GUZMAN, KAREL",15:01,9,3,4,1,3,0,0,2,1,3,0,0,2,0,0,3,0,4,5.0
2024,RS,3,27,1,P010651   ,0.0,0.0,CLU,1,"HERVEY, KEVIN",13:53,3,0,2,1,4,0,0,2,3,5,2,0,1,0,1,3,0,0,-6.0
2024,RS,3,27,1,P013301   ,0.0,0.0,CLU,2,"SOMACESCU, TUDOR",DNP,0,0,0,0,0,0,0,0,0,0,0,0,0,0,0,0,0,0,0.0
2024,RS,3,27,1,P013302   ,1.0,1.0,CLU,3,"SIMPSON, ZAVIER",23:12,13,5,7,0,1,3,6,0,3,3,6,0,5,0,0,4,5,12,-8.0
2024,RS,3,27,1,P005714   ,1.0,0.0,CLU,5,"MEJERIS, MAREKS",18:58,4,2,3,0,0,0,0,2,1,3,0,1,0,0,0,1,1,7,0.0
2024,RS,3,27,1,P002820   ,1.0,1.0,CLU,9,"SALIN, SASU",24:34,12,0,1,4,10,0,0,2,1,3,2,0,0,0,1,3,2,8,-9.0
2024,RS,3,27,1,P013304   ,1.0,0.0,CLU,10,"HANKINS, ZACH",16:30,2,1,1,0,0,0,0,1,3,4,1,1,1,0,0,3,1,5,-11.0
2024,RS,3,27,1,P004862   ,1.0,1.0,CLU,11,"SEELEY, DENNIS",23:23,15,4,7,2,4,1,2,0,3,3,1,0,0,0,0,1,3,15,-8.0
2024,RS,3,27,1,P006618   ,0.0,1.0,CLU,23,"STEPHENS, DE'SHAWN",23:21,17,7,7,0,0,3,3,2,4,6,2,4,1,1,0,4,2,27,2.0
2024,RS,3,27,1,P012620   ,0.0,0.0,CLU,25,"MACIUCA, MIHAI",DNP,0,0,0,0,0,0,0,0,0,0,0,0,0,0,0,0,0,0,0.0
2024,RS,3,27,1,P011801   ,0.0,0.0,CLU,35,"RICHARD, PATRICK",18:28,6,1,2,1,3,1,1,0,1,1,3,0,1,0,0,0,1,7,-2.0
2024,RS,3,27,1,P012698   ,0.0,1.0,CLU,95,"MOKOKA, ADAM",22:40,15,5,9,1,2,2,2,0,0,0,2,2,2,1,2,0,3,14,-8.0
2024,RS,3,27,1,Team,0.0,0.0,CLU,,Team,,0,0,0,0,0,0,0,0,5,5,0,0,1,0,0,0,0,4,
2024,RS,3,27,1,Total,,,CLU,,Total,200:00,96,28,43,10,27,10,14,11,25,36,19,8,14,2,4,22,18,103,
2024,RS,3,27,0,P007527   ,1.0,1.0,PAM,0,"BADIO, BRANCOU",23:15,14,1,1,4,9,0,0,0,4,4,2,1,1,0,0,2,1,14,-5.0
2024,RS,3,27,0,P006643   ,0.0,0.0,PAM,2,"PUERTO, JOSEP",08:01,6,0,0,2,3,0,0,0,0,0,0,0,0,0,0,0,0,5,-4.0
2024,RS,3,27,0,P012738   ,1.0,0.0,PAM,3,"REUVERS, NATHAN",09:58,1,0,0,0,2,1,2,0,1,1,0,0,1,1,0,4,1,-4,-5.0
2024,RS,3,27,0,P010393   ,1.0,1.0,PAM,4,"PRADILLA, JAIME",23:08,11,4,4,0,1,3,4,2,3,5,2,0,0,1,0,1,3,19,-4.0
2024,RS,3,27,0,P010750   ,0.0,0.0,PAM,5,"DE LARREA, SERGIO",04:20,0,0,0,0,1,0,0,0,1,1,2,0,1,0,0,1,0,0,-1.0
2024,RS,3,27,0,P005356   ,1.0,1.0,PAM,6,"LOPEZ-AROSTEGUI, XABI",21:50,22,1,1,6,8,2,2,0,5,5,2,2,2,0,0,2,4,29,28.0
2024,RS,3,27,0,P010042   ,0.0,1.0,PAM,8,"MONTERO, JEAN",22:53,13,2,5,3,5,0,0,0,2,2,3,0,3,1,1,4,3,9,0.0
2024,RS,3,27,0,P004863   ,1.0,1.0,PAM,16,"JOVIC, STEFAN",20:26,2,1,1,0,1,0,0,0,0,0,9,2,1,0,0,2,0,9,7.0
2024,RS,3,27,0,P009864   ,0.0,0.0,PAM,22,"HAPP, ETHAN",11:39,6,2,5,0,0,2,2,1,0,1,1,1,0,0,0,1,1,6,5.0
2024,RS,3,27,0,P010444   ,0.0,0.0,PAM,24,"COSTELLO, MATTHEW",14:27,8,0,1,2,2,2,2,0,3,3,2,1,2,0,1,0,2,12,5.0
2024,RS,3,27,0,P011982   ,0.0,0.0,PAM,37,"OJELEYE, SEMI",25:42,22,2,5,3,6,9,9,2,0,2,1,2,1,1,0,1,7,27,11.0
2024,RS,3,27,0,P011980   ,0.0,0.0,PAM,77,"SESTINA, NATHAN",14:21,0,0,2,0,2,0,0,0,3,3,1,0,0,0,0,0,0,0,8.0
2024,RS,3,27,0,Team,0.0,0.0,PAM,,Team,,0,0,0,0,0,0,0,2,0,2,0,0,2,0,0,0,0,0,
2024,RS,3,27,0,Total,,,PAM,,Total,200:00,105,13,25,20,40,19,21,7,22,29,25,9,14,4,2,18,22,126,
2024,RS,3,28,1,P006571   ,0.0,0.0,VNC,4,"LEVER, ALESSANDRO",08:10,6,2,6,0,1,2,3,1,1,2,0,0,0,0,1,4,2,-1,-18.0
2024,RS,3,28,1,P009400   ,1.0,0.0,VNC,7,"CASARIN, DAVIDE",26:35,3,0,4,1,3,0,0,0,2,2,2,0,4,0,2,4,1,-8,-14.0
2024,RS,3,28,1,P005177   ,0.0,1.0,VNC,8,"FERNANDEZ, JUAN",23:03,3,0,1,0,3,3,3,0,1,1,3,0,1,0,0,1,2,3,-17.0
2024,RS,3,28,1,P005404   ,1.0,1.0,VNC,9,"MORETTI, DAVIDE",32:52,13,1,1,2,7,5,6,0,1,1,4,0,3,0,0,1,5,13,-9.0
2024,RS,3,28,1,P012588   ,0.0,0.0,VNC,14,"JANELIDZE, GIGA",DNP,0,0,0,0,0,0,0,0,0,0,0,0,0,0,0,0,0,0,0.0
2024,RS,3,28,1,P012796   ,1.0,1.0,VNC,21,"TSHIMANGA KABENGELE, MFIONDU",27:33,19,9,11,0,2,1,1,2,13,15,2,1,0,0,0,3,3,33,3.0
2024,RS,3,28,1,P013305   ,1.0,1.0,VNC,24,"WHEATLE, CARL",34:37,3,1,2,0,3,1,2,1,1,2,4,0,2,1,0,2,1,2,-17.0
2024,RS,3,28,1,P011928   ,1.0,0.0,VNC,25,"SIMMS, AAMIR",24:04,16,4,9,2,5,2,2,1,7,8,1,0,3,0,2,3,5,14,-5.0
2024,RS,3,28,1,P008052   ,0.0,1.0,VNC,33,"WILTJER, KYLE",23:06,3,0,3,1,3,0,2,2,1,3,3,0,1,0,0,2,1,0,-33.0
2024,RS,3,28,1,P012493   ,0.0,0.0,VNC,40,"IANNUZZI, PIETRO",DNP,0,0,0,0,0,0,0,0,0,0,0,0,0,0,0,0,0,0,0.0
2024,RS,3,28,1,P012474   ,0.0,0.0,VNC,45,"NATALE, FEDERICO",DNP,0,0,0,0,0,0,0,0,0,0,0,0,0,0,0,0,0,0,0.0
2024,RS,3,28,1,Team,0.0,0.0,VNC,,Team,,0,0,0,0,0,0,0,3,0,3,0,0,0,0,0,0,0,3,
2024,RS,3,28,1,Total,,,VNC,,Total,200:00,66,17,37,6,27,14,19,10,27,37,19,1,14,1,5,20,20,59,
2024,RS,3,28,0,P004525   ,1.0,1.0,BOU,3,"SALASH, MAKSIM",22:01,7,2,5,1,2,0,0,0,5,5,1,0,1,0,0,0,1,9,8.0
2024,RS,3,28,0,P013264   ,0.0,0.0,BOU,4,"NELSON, ADRIAN",18:47,8,1,3,2,4,0,0,2,5,7,1,0,1,1,0,0,1,13,13.0
2024,RS,3,28,0,P010449   ,1.0,1.0,BOU,5,"BENITEZ, HUGO",24:18,9,3,4,1,3,0,0,1,3,4,6,1,2,0,0,1,0,14,7.0
2024,RS,3,28,0,P010450   ,0.0,0.0,BOU,7,"COURBY, MAXIME",17:43,8,0,1,2,2,2,2,1,4,5,4,0,4,0,0,1,1,12,20.0
2024,RS,3,28,0,P013265   ,1.0,1.0,BOU,8,"USHER, JORDAN",23:58,8,2,6,1,4,1,2,1,4,5,3,1,1,0,1,4,1,4,5.0
2024,RS,3,28,0,P012402   ,0.0,0.0,BOU,9,"SIFFERLIN, LEON",DNP,0,0,0,0,0,0,0,0,0,0,0,0,0,0,0,0,0,0,0.0
2024,RS,3,28,0,P009556   ,0.0,1.0,BOU,10,"NGOUAMA, MEHDY",14:16,2,0,2,0,2,2,2,0,1,1,0,2,0,0,0,2,1,0,14.0
2024,RS,3,28,0,P006904   ,0.0,0.0,BOU,11,"AYAYI, JOEL",15:42,6,2,3,0,0,2,2,1,2,3,3,1,1,0,0,2,2,11,15.0
2024,RS,3,28,0,P013266   ,1.0,0.0,BOU,13,"CASTANEDA, XAVIER",18:33,10,2,6,2,3,0,3,1,0,1,1,2,0,0,0,3,3,6,-2.0
2024,RS,3,28,0,P009552   ,0.0,0.0,BOU,27,"PANSA, JEAN-MARC",19:50,10,3,6,0,0,4,8,3,4,7,1,0,1,4,0,2,4,16,12.0
2024,RS,3,28,0,P004945   ,0.0,0.0,BOU,33,"PAUL, BRANDON",07:11,5,0,0,1,4,2,2,0,2,2,0,0,0,0,0,1,2,5,10.0
2024,RS,3,28,0,P011837   ,1.0,1.0,BOU,34,"KOKILA, KEVIN",17:41,15,5,8,0,0,5,5,3,1,4,0,0,1,0,0,4,4,15,8.0
2024,RS,3,28,0,Team,0.0,0.0,BOU,,Team,,0,0,0,0,0,0,0,2,2,4,0,0,0,0,0,0,0,4,
2024,RS,3,28,0,Total,,,BOU,,Total,200:00,88,20,44,10,24,18,26,15,33,48,20,7,12,5,1,20,20,109,
2024,RS,3,29,1,P012259   ,0.0,0.0,TTK,1,"HEIDEGGER, MAX",08:42,0,0,0,0,1,0,0,0,0,0,1,0,2,0,0,1,0,-3,0.0
2024,RS,3,29,1,P013299   ,0.0,0.0,TTK,2,"TEKCEVIK, METE",DNP,0,0,0,0,0,0,0,0,0,0,0,0,0,0,0,0,0,0,0.0
2024,RS,3,29,1,P007917   ,0.0,0.0,TTK,3,"DURMAZ, BERKAN",07:44,2,1,1,0,0,0,2,2,5,7,1,0,0,0,0,1,2,9,2.0
2024,RS,3,29,1,P004056   ,0.0,1.0,TTK,5,"AKPINAR, ISMET",12:27,12,0,1,1,3,9,9,1,0,1,2,0,0,0,0,2,4,14,5.0
2024,RS,3,29,1,P011973   ,1.0,1.0,TTK,7,"ALEXANDER, KYLE",34:21,16,5,7,0,0,6,9,4,6,10,3,1,2,2,0,3,8,30,13.0
2024,RS,3,29,1,P009025   ,1.0,1.0,TTK,8,"BROWN, ANTHONY",35:17,12,6,8,0,4,0,0,1,4,5,3,0,3,1,0,3,2,11,8.0
2024,RS,3,29,1,P012415   ,0.0,0.0,TTK,9,"TUNCA, MELIH",11:42,2,0,2,0,1,2,2,0,1,1,1,0,1,0,0,2,1,-1,5.0
2024,RS,3,29,1,P004619   ,0.0,0.0,TTK,13,"AGVA, MAHIR",03:15,0,0,1,0,0,0,0,0,0,0,0,1,0,0,0,0,0,0,-3.0
2024,RS,3,29,1,P013300   ,1.0,0.0,TTK,20,"BESS, JAVON",24:32,7,2,4,1,1,0,0,1,1,2,1,1,0,0,0,2,1,8,3.0
2024,RS,3,29,1,P006598   ,1.0,1.0,TTK,21,"HANLAN, OLIVIER",29:49,11,2,5,0,4,7,7,0,2,2,5,1,2,0,0,4,3,9,5.0
2024,RS,3,29,1,P010811   ,0.0,0.0,TTK,38,"TARLA, KAAN",00:40,0,0,0,0,0,0,0,0,0,0,0,0,0,0,0,0,0,0,-1.0
2024,RS,3,29,1,P011935   ,1.0,1.0,TTK,55,"MAKOUNDOU, YOAN",31:31,16,5,7,2,5,0,1,4,4,8,0,0,2,0,0,3,4,17,3.0
2024,RS,3,29,1,Team,0.0,0.0,TTK,,Team,,0,0,0,0,0,0,0,2,2,4,0,0,1,0,0,0,0,3,
2024,RS,3,29,1,Total,,,TTK,,Total,200:00,78,21,36,4,19,24,30,15,25,40,17,4,13,3,0,21,25,97,
2024,RS,3,29,0,P012700   ,1.0,0.0,LJU,0,"STEWART, DJ",22:10,7,3,4,0,1,1,3,0,1,1,1,1,2,0,0,3,3,4,-3.0
2024,RS,3,29,0,P012042   ,1.0,0.0,LJU,1,"ROBINSON, DEVIN",26:50,7,2,6,0,1,3,6,0,2,2,1,0,2,0,0,3,5,2,-8.0
2024,RS,3,29,0,P013260   ,0.0,1.0,LJU,2,"JONES, DEVANTE",20:26,10,5,9,0,0,0,0,1,2,3,5,2,1,0,1,3,1,12,2.0
2024,RS,3,29,0,P009392   ,0.0,1.0,LJU,3,"RADOVIC, ROK",11:09,0,0,0,0,0,0,0,0,1,1,0,0,0,0,0,1,0,0,3.0
2024,RS,3,29,0,P003703   ,1.0,0.0,LJU,5,"NIKOLIC, ALEKSEJ",30:33,10,0,1,3,5,1,2,0,2,2,6,1,1,0,0,2,3,15,-13.0
2024,RS,3,29,0,P011261   ,0.0,1.0,LJU,7,"GLAS, GREGOR",13:31,5,1,2,0,2,3,4,0,1,1,0,0,0,0,0,4,2,0,5.0
2024,RS,3,29,0,P003452   ,1.0,0.0,LJU,11,"BLAZIC, JAKA",23:32,10,1,4,1,5,5,5,0,3,3,0,1,0,0,1,0,4,10,-17.0
2024,RS,3,29,0,P012996   ,1.0,1.0,LJU,20,"BERINGER, JOAN",15:31,4,2,3,0,0,0,0,3,1,4,0,1,1,0,1,2,0,4,-8.0
2024,RS,3,29,0,P009753   ,0.0,0.0,LJU,23,"GEBEN, MARTINAS",12:52,5,2,4,0,0,1,2,0,3,3,0,0,0,0,0,2,3,6,-6.0
2024,RS,3,29,0,P013262   ,0.0,0.0,LJU,34,"PREPELIC, BINE",DNP,0,0,0,0,0,0,0,0,0,0,0,0,0,0,0,0,0,0,0.0
2024,RS,3,29,0,P013263   ,0.0,0.0,LJU,37,"OGBEIDE, DEREK",11:15,10,5,6,0,0,0,0,1,2,3,0,1,0,0,0,2,0,11,5.0
2024,RS,3,29,0,P009431   ,0.0,1.0,LJU,41,"DANEU, ZIGA",12:11,2,1,1,0,0,0,0,0,0,0,0,0,0,0,0,3,0,-1,0.0
2024,RS,3,29,0,Team,0.0,0.0,LJU,,Team,,0,0,0,0,0,0,0,1,0,1,0,0,1,0,0,0,0,0,
2024,RS,3,29,0,Total,,,LJU,,Total,200:00,70,22,40,4,14,14,22,6,18,24,13,7,8,0,3,25,21,63,
2024,RS,3,30,1,P009898   ,0.0,1.0,LKB,2,"BICKAUSKIS, DOVIS",19:48,10,4,7,0,1,2,3,0,1,1,5,0,2,0,0,4,3,8,-10.0
2024,RS,3,30,1,P010181   ,0.0,0.0,LKB,3,"STENIONIS, DOMINYKAS",DNP,0,0,0,0,0,0,0,0,0,0,0,0,0,0,0,0,0,0,0.0
2024,RS,3,30,1,PLXI      ,0.0,1.0,LKB,10,"LIPKEVICIUS, VYTENIS",27:37,4,0,0,0,3,4,4,4,0,4,1,1,1,0,0,2,7,11,-8.0
2024,RS,3,30,1,P010461   ,1.0,0.0,LKB,12,"MALDUNAS, GABRIELIUS",23:47,4,1,3,0,1,2,2,1,5,6,2,1,2,0,0,3,2,7,-15.0
2024,RS,3,30,1,P005521   ,1.0,1.0,LKB,13,"VARNAS, MARTYNAS",23:32,6,1,1,0,1,4,4,0,0,0,4,0,1,1,0,2,2,9,-7.0
2024,RS,3,30,1,P005656   ,1.0,0.0,LKB,15,"PECARSKI, MARKO",24:04,13,6,8,0,1,1,4,3,1,4,0,0,3,0,0,0,3,11,-12.0
2024,RS,3,30,1,P006586   ,0.0,1.0,LKB,16,"KALAITZAKIS, GEORGIOS",19:50,12,3,6,0,1,6,9,1,4,5,0,1,1,1,0,3,6,14,-20.0
2024,RS,3,30,1,P009299   ,1.0,0.0,LKB,17,"RUBSTAVICIUS, MANTAS",26:47,15,3,5,0,4,9,9,0,2,2,0,4,2,0,0,2,6,17,-11.0
2024,RS,3,30,1,P006212   ,0.0,1.0,LKB,18,"VASILIAUSKAS, GRANTAS",14:23,8,3,3,0,0,2,2,2,1,3,2,0,2,0,0,2,1,10,1.0
2024,RS,3,30,1,P013247   ,1.0,0.0,LKB,50,"KOVLIAR, OLEKSANDR",20:12,2,1,4,0,3,0,0,1,1,2,2,0,3,0,1,2,1,-5,-8.0
2024,RS,3,30,1,Team,0.0,0.0,LKB,,Team,,0,0,0,0,0,0,0,0,1,1,0,0,1,0,0,0,0,0,
2024,RS,3,30,1,Total,,,LKB,,Total,200:00,74,22,37,0,15,30,37,12,16,28,16,7,18,2,1,20,31,82,
2024,RS,3,30,0,P013248   ,1.0,1.0,ARI,1,"BANKS, JAMES",13:08,9,4,5,0,0,1,2,0,0,0,1,0,0,1,0,2,3,10,-2.0
2024,RS,3,30,0,P013249   ,1.0,0.0,ARI,2,"NOLLEY, LANDERS",16:43,0,0,2,0,1,0,0,0,1,1,2,0,3,0,0,4,0,-7,3.0
2024,RS,3,30,0,P013375   ,0.0,1.0,ARI,3,"ALKINS, RAWLE",10:50,4,2,4,0,0,0,0,1,1,2,1,1,0,0,2,3,0,1,4.0
2024,RS,3,30,0,P004292   ,0.0,0.0,ARI,4,"TOLIOPOULOS, VASSILIS",22:03,26,3,4,6,8,2,2,0,1,1,1,2,6,0,0,2,7,26,9.0
2024,RS,3,30,0,P013250   ,1.0,0.0,ARI,5,"DE JULIUS, DAVID",21:07,12,4,5,1,2,1,2,0,1,1,4,1,1,0,0,0,3,17,13.0
2024,RS,3,30,0,P013355   ,0.0,0.0,ARI,10,"CHATZIDAKIS, EMMANOUIL",19:01,12,4,4,0,0,4,4,1,0,1,1,0,1,0,0,4,2,11,10.0
2024,RS,3,30,0,P013356   ,0.0,0.0,ARI,12,"GKIOUZELIS, GEORGIOS",19:17,3,0,0,1,1,0,0,0,1,1,0,1,1,0,0,3,0,1,11.0
2024,RS,3,30,0,P003240   ,0.0,1.0,ARI,13,"BOCHORIDIS, ELEFTHERIOS",26:08,13,2,2,2,3,3,3,0,7,7,4,3,2,0,0,4,4,24,12.0
2024,RS,3,30,0,P013360   ,0.0,0.0,ARI,14,"CLAY, DONOVAN LA'NELL",00:57,0,0,0,0,0,0,0,0,0,0,0,0,0,0,0,0,0,0,0.0
2024,RS,3,30,0,P013251   ,1.0,1.0,ARI,22,"WOODBURY, TREY",22:12,4,2,3,0,4,0,0,1,1,2,5,2,2,0,0,4,0,2,11.0
2024,RS,3,30,0,P013252   ,0.0,0.0,ARI,23,"ROBERTS, JOSHUA",07:51,4,1,1,0,0,2,2,0,1,1,1,0,1,0,0,4,1,2,10.0
2024,RS,3,30,0,P008084   ,1.0,1.0,ARI,72,"MANTZOUKAS, ELEFTHERIOS",20:43,5,1,2,1,2,0,0,0,3,3,0,1,1,0,0,1,0,5,9.0
2024,RS,3,30,0,Team,0.0,0.0,ARI,,Team,,0,0,0,0,0,0,0,1,2,3,0,0,0,0,0,0,0,3,
2024,RS,3,30,0,Total,,,ARI,,Total,200:00,92,23,32,11,21,13,15,4,19,23,20,11,18,1,2,31,20,95,
2024,RS,4,31,1,P013256   ,0.0,0.0,BUD,0,"MORGAN, JUWAN",14:01,6,0,0,2,3,0,0,0,0,0,1,1,0,0,0,3,0,4,1.0
2024,RS,4,31,1,P011150   ,1.0,1.0,BUD,1,"SULAIMON, RASHEED",31:27,14,4,4,2,6,0,0,0,3,3,2,1,1,0,0,0,3,18,14.0
2024,RS,4,31,1,P006561   ,0.0,0.0,BUD,2,"ILIC, ALEKSA",03:49,0,0,0,0,0,0,0,0,0,0,0,0,1,1,0,2,0,-2,1.0
2024,RS,4,31,1,P012630   ,0.0,0.0,BUD,3,"MAGEE, FLETCHER",18:38,17,2,3,3,5,4,4,1,1,2,1,0,2,0,0,2,2,15,-1.0
2024,RS,4,31,1,P006566   ,1.0,0.0,BUD,7,"SLAVKOVIC, ANDRIJA",08:34,3,0,0,1,2,0,0,1,0,1,0,0,1,0,0,2,0,0,-1.0
2024,RS,4,31,1,P005637   ,1.0,0.0,BUD,10,"TANASKOVIC, NIKOLA",25:39,10,3,4,0,1,4,4,0,3,3,0,0,0,0,0,1,2,12,4.0
2024,RS,4,31,1,P011281   ,1.0,1.0,BUD,11,"FERRELL, YOGI",21:45,7,3,6,0,3,1,2,0,4,4,0,0,1,0,0,3,3,3,0.0
2024,RS,4,31,1,P010307   ,0.0,0.0,BUD,13,"JOVANOVIC, DORDIJE",DNP,0,0,0,0,0,0,0,0,0,0,0,0,0,0,0,0,0,0,0.0
2024,RS,4,31,1,P013258   ,0.0,1.0,BUD,23,"DREZNJAK, MATEO",17:04,5,2,3,0,1,1,2,0,0,0,1,4,1,0,0,2,3,7,14.0
2024,RS,4,31,1,P004222   ,0.0,0.0,BUD,24,"OMIC, ALEN",12:00,2,1,3,0,0,0,0,3,3,6,1,0,0,0,0,0,3,10,-4.0
2024,RS,4,31,1,P012606   ,0.0,1.0,BUD,25,"WRIGHT IV, MCKINLEY",22:54,10,2,7,1,4,3,4,0,2,2,4,0,1,0,1,4,4,5,5.0
2024,RS,4,31,1,P008325   ,1.0,1.0,BUD,34,"KAMENJAS, KENAN",24:09,18,5,6,0,0,8,8,3,2,5,3,1,3,0,0,3,4,24,12.0
2024,RS,4,31,1,Team,0.0,0.0,BUD,,Team,,0,0,0,0,0,0,0,3,3,6,0,0,1,0,0,0,0,5,
2024,RS,4,31,1,Total,,,BUD,,Total,200:00,92,22,36,9,25,21,24,11,21,32,13,7,12,1,1,22,24,101,
2024,RS,4,31,0,P013292   ,0.0,0.0,TSO,0,"JANKOWSKI, BARTOSZ",03:41,0,0,0,0,0,0,0,0,0,0,0,0,0,0,0,2,1,-1,0.0
2024,RS,4,31,0,P012019   ,1.0,1.0,TSO,3,"BEST, AARON",27:16,3,0,3,1,6,0,0,0,6,6,0,2,4,0,0,4,0,-5,6.0
2024,RS,4,31,0,P013293   ,0.0,0.0,TSO,5,"MCGOWENS, ROBERT",17:14,0,0,3,0,1,0,0,0,0,0,2,0,0,1,0,1,1,-1,-12.0
2024,RS,4,31,0,P008790   ,1.0,1.0,TSO,12,"WITLINSKI, MIKOLAJ",15:50,4,2,3,0,0,0,0,2,0,2,0,1,0,0,0,1,1,6,-1.0
2024,RS,4,31,0,P013295   ,1.0,1.0,TSO,15,"ZYSKOWSKI, JAROSLAW",31:38,33,4,4,5,6,10,12,2,2,4,1,0,2,0,0,3,7,37,-4.0
2024,RS,4,31,0,P009649   ,1.0,1.0,TSO,22,"PHILLIP, TARIK",32:35,16,2,4,2,4,6,6,0,6,6,6,1,3,0,0,4,3,21,-10.0
2024,RS,4,31,0,P013296   ,0.0,0.0,TSO,32,"GROSELLE, GEOFFREY",19:45,10,4,8,0,0,2,4,3,2,5,2,1,1,0,0,3,3,11,0.0
2024,RS,4,31,0,P013297   ,0.0,0.0,TSO,50,"WEATHERS, MARCUS",17:19,7,2,2,1,1,0,0,0,2,2,1,1,2,0,0,0,1,10,-4.0
2024,RS,4,31,0,P013298   ,0.0,1.0,TSO,55,"SCHENK, JAKUB",23:37,7,2,2,0,11,3,3,1,1,2,5,0,2,0,1,4,4,0,-7.0
2024,RS,4,31,0,P003885   ,1.0,0.0,TSO,81,"VAN VLIET, ANDY",11:05,3,0,1,1,1,0,0,2,0,2,0,0,1,0,0,2,1,2,-13.0
2024,RS,4,31,0,Team,0.0,0.0,TSO,,Team,,0,0,0,0,0,0,0,2,1,3,0,0,0,0,0,0,0,3,
2024,RS,4,31,0,Total,,,TSO,,Total,200:00,83,16,30,10,30,21,25,12,20,32,17,6,15,1,1,24,22,83,
2024,RS,4,32,1,P011192   ,1.0,0.0,BAH,0,"SMITH, JALEEN",24:36,9,2,5,1,7,2,2,1,2,3,7,4,1,0,0,1,2,14,19.0
2024,RS,4,32,1,P011201   ,0.0,1.0,BAH,2,"HAZER, SEHMUS",21:43,7,2,6,0,0,3,4,1,3,4,7,2,0,0,1,1,3,16,30.0
2024,RS,4,32,1,P011821   ,1.0,0.0,BAH,5,"MASSINBURG, CJ",25:41,20,7,9,2,4,0,0,1,3,4,4,2,1,0,0,2,1,24,27.0
2024,RS,4,32,1,P012405   ,1.0,0.0,BAH,7,"HALTALI, FURKAN",16:39,7,2,3,0,0,3,4,5,0,5,1,1,2,1,1,4,3,9,5.0
2024,RS,4,32,1,P008282   ,0.0,1.0,BAH,10,"ILYASOGLU, OMERCAN",07:28,2,1,1,0,1,0,0,0,0,0,2,0,0,0,0,1,0,2,14.0
2024,RS,4,32,1,PLQV      ,0.0,1.0,BAH,17,"MUTAF, MAXIM",03:17,0,0,0,0,0,0,0,0,2,2,0,0,0,0,0,0,0,2,3.0
2024,RS,4,32,1,P012711   ,0.0,0.0,BAH,19,"SIMONOVIC, MARKO",17:05,10,2,4,0,1,6,6,2,3,5,1,0,2,0,0,2,5,14,6.0
2024,RS,4,32,1,P004172   ,0.0,0.0,BAH,20,"PONITKA, MATEUSZ",14:59,9,2,2,1,1,2,2,1,1,2,1,0,0,0,0,3,3,12,15.0
2024,RS,4,32,1,P011823   ,0.0,1.0,BAH,21,"ODIASE, TAI",19:48,24,9,14,0,0,6,7,4,3,7,0,0,0,1,0,1,4,29,29.0
2024,RS,4,32,1,P009601   ,1.0,0.0,BAH,34,"CAVANAUGH, TYLER",22:23,10,2,5,2,2,0,0,0,3,3,1,0,1,0,0,3,2,9,36.0
2024,RS,4,32,1,P008278   ,0.0,1.0,BAH,57,"BAS, GOKTUG",03:42,0,0,0,0,0,0,0,0,0,0,0,0,0,0,0,0,0,0,4.0
2024,RS,4,32,1,P003840   ,1.0,0.0,BAH,83,"BOUTEILLE, AXEL",22:39,12,3,6,2,3,0,0,1,7,8,0,0,1,1,0,0,0,16,12.0
2024,RS,4,32,1,Team,0.0,0.0,BAH,,Team,,0,0,0,0,0,0,0,1,2,3,0,0,0,0,0,0,0,3,
2024,RS,4,32,1,Total,,,BAH,,Total,200:00,110,32,55,8,19,22,25,17,29,46,24,9,8,3,2,18,23,150,
2024,RS,4,32,0,P012593   ,1.0,1.0,TRN,1,"ELLIS, QUINN",18:57,4,0,2,0,1,4,4,1,4,5,3,0,4,0,0,2,3,6,-30.0
2024,RS,4,32,0,P013269   ,1.0,0.0,TRN,3,"CALE, MYLES",24:51,9,4,4,0,5,1,1,0,0,0,3,1,1,0,0,3,2,6,-21.0
2024,RS,4,32,0,P013270   ,0.0,0.0,TRN,5,"FORD, JORDAN",24:41,16,2,5,4,8,0,0,1,1,2,1,0,2,0,1,1,1,9,-16.0
2024,RS,4,32,0,P005438   ,1.0,1.0,TRN,6,"PECCHIA, ANDREA",22:35,0,0,1,0,0,0,0,0,1,1,1,1,0,0,1,3,0,-2,-39.0
2024,RS,4,32,0,P012687   ,0.0,1.0,TRN,7,"NIANG, SALIOU",23:38,9,3,4,0,1,3,5,1,4,5,2,0,3,0,1,3,5,10,-21.0
2024,RS,4,32,0,P006382   ,0.0,0.0,TRN,10,"FORRAY, TOTO",12:14,4,2,3,0,2,0,0,0,0,0,1,0,0,0,0,1,1,2,-1.0
2024,RS,4,32,0,P013271   ,1.0,0.0,TRN,21,"MAWUGBE, SELOM",16:48,2,1,2,0,0,0,4,1,3,4,1,0,1,0,0,4,2,-1,-12.0
2024,RS,4,32,0,P013272   ,1.0,0.0,TRN,22,"LAMB, ANTHONY",27:26,13,5,9,1,5,0,0,1,3,4,1,0,4,1,0,1,2,8,-27.0
2024,RS,4,32,0,P006724   ,0.0,1.0,TRN,26,"BAYEHE, JORDAN",22:03,13,6,7,0,0,1,2,1,1,2,1,0,2,1,0,4,2,11,-23.0
2024,RS,4,32,0,P012242   ,0.0,1.0,TRN,68,"HASSAN, PATRICK",06:47,0,0,1,0,1,0,0,0,0,0,0,0,0,0,0,1,0,-3,-10.0
2024,RS,4,32,0,Team,0.0,0.0,TRN,,Team,,0,0,0,0,0,0,0,2,1,3,0,0,1,0,0,0,0,2,
2024,RS,4,32,0,Total,,,TRN,,Total,200:00,70,23,38,5,23,9,16,8,18,26,14,2,18,2,3,23,18,48,
2024,RS,4,33,1,P011157   ,1.0,1.0,HTA,0,"MOTLEY, JOHNATHAN",16:57,8,3,8,0,0,2,4,3,2,5,1,0,2,0,0,4,5,6,12.0
2024,RS,4,33,1,P005181   ,0.0,0.0,HTA,1,"RAGLAND, JOE",16:53,4,2,3,0,1,0,0,0,4,4,3,2,3,0,0,4,1,5,6.0
2024,RS,4,33,1,P013283   ,0.0,0.0,HTA,9,"PALATIN, GUY",DNP,0,0,0,0,0,0,0,0,0,0,0,0,0,0,0,0,0,0,0.0
2024,RS,4,33,1,P004846   ,0.0,1.0,HTA,10,"TIMOR, BAR",19:37,6,1,3,1,2,1,2,1,1,2,1,1,0,0,0,3,1,4,2.0
2024,RS,4,33,1,P010465   ,0.0,0.0,HTA,11,"ANGOLA, BRAIAN",DNP,0,0,0,0,0,0,0,0,0,0,0,0,0,0,0,0,0,0,0.0
2024,RS,4,33,1,P009877   ,0.0,0.0,HTA,14,"BLAYZER, OZ",06:16,0,0,0,0,1,0,0,0,1,1,0,0,0,0,0,1,0,-1,4.0
2024,RS,4,33,1,P010386   ,1.0,1.0,HTA,17,"FOSTER, MARCUS",23:07,9,2,3,1,5,2,4,1,2,3,1,1,1,0,2,2,3,5,9.0
2024,RS,4,33,1,P001927   ,1.0,1.0,HTA,22,"BEVERLEY, PATRICK",27:10,15,4,7,1,2,4,4,1,4,5,5,5,2,1,0,1,3,27,12.0
2024,RS,4,33,1,P013284   ,1.0,0.0,HTA,24,"WAINRIGHT, ISHMAIL CARZELL",28:40,12,3,3,2,6,0,0,1,3,4,0,1,0,1,0,2,1,13,5.0
2024,RS,4,33,1,P011386   ,0.0,0.0,HTA,31,"YAACOV, NOAM",DNP,0,0,0,0,0,0,0,0,0,0,0,0,0,0,0,0,0,0,0.0
2024,RS,4,33,1,P010550   ,1.0,0.0,HTA,41,"GINAT, TOMER",30:31,14,5,7,1,3,1,1,1,3,4,3,1,1,0,0,0,2,19,9.0
2024,RS,4,33,1,P012096   ,0.0,1.0,HTA,51,"CABOCLO, BRUNO",30:49,11,2,7,1,2,4,5,1,4,5,0,2,1,1,0,4,3,10,6.0
2024,RS,4,33,1,Team,0.0,0.0,HTA,,Team,,0,0,0,0,0,0,0,4,4,8,0,0,3,0,0,0,0,5,
2024,RS,4,33,1,Total,,,HTA,,Total,200:00,79,22,41,7,22,14,20,13,28,41,14,13,13,3,2,21,19,93,
2024,RS,4,33,0,P012777   ,0.0,0.0,CAN,1,"URBANIAK, JAKUB",DNP,0,0,0,0,0,0,0,0,0,0,0,0,0,0,0,0,0,0,0.0
2024,RS,4,33,0,P007560   ,0.0,0.0,CAN,3,"KLJAJIC, JOVAN",DNP,0,0,0,0,0,0,0,0,0,0,0,0,0,0,0,0,0,0,0.0
2024,RS,4,33,0,P012016   ,0.0,1.0,CAN,4,"CONDITT IV, GEORGE",19:58,6,3,7,0,0,0,0,3,1,4,0,0,2,0,0,3,1,2,-3.0
2024,RS,4,33,0,P011251   ,1.0,1.0,CAN,5,"HOMESLEY, CALEB",24:25,17,3,11,3,5,2,3,1,0,1,0,0,1,2,2,1,3,8,-5.0
2024,RS,4,33,0,P003425   ,1.0,1.0,CAN,6,"ALBICY, ANDREW",29:22,8,0,3,2,7,2,2,1,2,3,1,0,2,0,0,1,2,3,-8.0
2024,RS,4,33,0,P008121   ,1.0,1.0,CAN,9,"BRUSSINO, NICOLAS",25:53,12,0,0,4,6,0,1,2,3,5,1,0,1,0,0,2,0,12,-6.0
2024,RS,4,33,0,P005005   ,0.0,0.0,CAN,10,"SALVO, MIQUEL",14:07,4,1,1,0,1,2,2,1,1,2,0,0,1,0,0,0,2,6,-7.0
2024,RS,4,33,0,P010623   ,0.0,0.0,CAN,12,"ALOCEN, CARLOS",10:38,6,1,1,0,1,4,4,0,3,3,1,0,3,0,0,1,2,7,-5.0
2024,RS,4,33,0,P010452   ,0.0,0.0,CAN,13,"PELOS, PIERRE",16:38,2,1,2,0,0,0,0,0,2,2,0,1,3,0,0,2,3,2,-18.0
2024,RS,4,33,0,P006588   ,1.0,1.0,CAN,14,"SHURNA, JOHN",26:28,4,2,5,0,3,0,0,0,5,5,2,0,1,0,0,3,3,4,2.0
2024,RS,4,33,0,P008966   ,1.0,0.0,CAN,18,"TOBEY, MIKE",16:56,4,2,6,0,2,0,0,6,0,6,1,0,1,0,0,4,3,3,-7.0
2024,RS,4,33,0,P012095   ,0.0,0.0,CAN,32,"THOMASSON, JOE",15:35,3,0,5,0,2,3,3,3,2,5,1,1,1,0,1,2,2,1,-8.0
2024,RS,4,33,0,Team,0.0,0.0,CAN,,Team,,0,0,0,0,0,0,0,2,3,5,0,0,0,0,0,0,0,5,
2024,RS,4,33,0,Total,,,CAN,,Total,200:00,66,13,41,9,27,13,15,19,22,41,7,2,16,2,3,19,21,53,
2024,RS,4,34,1,P011924   ,1.0,0.0,BES,0,"ALLMAN, KYLE",21:57,16,2,3,3,4,3,3,0,4,4,3,1,0,0,0,4,5,23,22.0
2024,RS,4,34,1,P011936   ,1.0,0.0,BES,2,"MATHEWS, JONAH",21:10,15,5,5,1,5,2,2,0,2,2,4,1,2,0,0,3,3,16,17.0
2024,RS,4,34,1,P008945   ,1.0,0.0,BES,5,"NEEDHAM, DEREK",21:45,9,0,0,2,4,3,4,0,2,2,8,1,4,0,0,2,2,13,37.0
2024,RS,4,34,1,P003783   ,0.0,0.0,BES,6,"UGURLU, BERK",15:39,9,3,4,1,1,0,0,0,0,0,2,1,5,0,0,2,1,5,13.0
2024,RS,4,34,1,P007914   ,0.0,1.0,BES,7,"ARSLAN, YIGIT",17:40,12,0,2,4,8,0,0,0,0,0,0,0,0,0,0,4,1,3,-4.0
2024,RS,4,34,1,P009680   ,0.0,0.0,BES,9,"MORGAN, CONOR",18:23,11,4,5,1,3,0,0,0,5,5,1,2,0,0,0,3,1,14,5.0
2024,RS,4,34,1,P012233   ,0.0,1.0,BES,10,"AKSU, YAGIZ",02:24,0,0,1,0,0,0,0,0,0,0,0,0,0,0,0,0,1,0,-2.0
2024,RS,4,34,1,P011927   ,1.0,1.0,BES,14,"SLEVA, DUSTIN",23:38,15,5,6,0,0,5,5,2,5,7,1,1,1,0,0,0,4,26,30.0
2024,RS,4,34,1,P011379   ,1.0,0.0,BES,20,"KONAN, KEREM",21:06,2,1,3,0,0,0,0,2,2,4,0,0,0,3,0,3,2,6,13.0
2024,RS,4,34,1,P012624   ,0.0,1.0,BES,22,"OZBEK, ATA",01:37,0,0,0,0,0,0,0,0,0,0,0,0,0,0,0,0,0,0,0.0
2024,RS,4,34,1,P013255   ,0.0,0.0,BES,30,"MARTIN, KELAN",17:48,12,0,0,4,5,0,0,0,2,2,1,0,2,0,0,3,1,10,16.0
2024,RS,4,34,1,P010652   ,0.0,1.0,BES,33,"TERRY, EMANUEL",16:53,6,2,2,0,0,2,2,1,3,4,2,2,1,0,0,2,1,12,18.0
2024,RS,4,34,1,Team,0.0,0.0,BES,,Team,,0,0,0,0,0,0,0,1,1,2,0,0,0,0,0,0,0,2,
2024,RS,4,34,1,Total,,,BES,,Total,200:00,107,22,31,16,30,15,16,6,26,32,22,9,15,3,0,26,22,130,
2024,RS,4,34,0,P006245   ,1.0,0.0,ULM,0,"WEIDEMANN, NELSON",16:46,7,2,3,1,5,0,0,0,0,0,1,1,1,0,0,2,1,2,-25.0
2024,RS,4,34,0,P013289   ,0.0,1.0,ULM,3,"SANTOS, MARCIO",19:25,10,2,6,1,1,3,4,2,2,4,1,0,2,0,1,2,3,8,-1.0
2024,RS,4,34,0,P010726   ,0.0,1.0,ULM,7,"JENSEN, TOBIAS",17:55,3,0,3,1,1,0,0,0,3,3,3,2,2,0,0,2,0,4,1.0
2024,RS,4,34,0,P013290   ,1.0,0.0,ULM,10,"JESSUP, JUSTINIAN",25:07,4,0,1,1,4,1,2,0,0,0,2,1,5,0,0,2,3,-2,-32.0
2024,RS,4,34,0,P011391   ,0.0,1.0,ULM,12,"ESSENGUE, NOA",24:43,19,5,6,0,1,9,12,2,3,5,0,0,2,0,0,4,7,20,-8.0
2024,RS,4,34,0,P007952   ,0.0,0.0,ULM,13,"BRETZEL, NICOLAS",10:44,4,1,3,0,1,2,3,0,1,1,0,0,0,0,0,1,3,3,-22.0
2024,RS,4,34,0,P006997   ,1.0,0.0,ULM,14,"HERKENHOFF, PHILIPP",17:28,5,2,4,0,3,1,2,2,0,2,1,2,0,0,0,1,2,5,-18.0
2024,RS,4,34,0,P013291   ,1.0,0.0,ULM,15,"ROBY, ISAIAH",07:40,0,0,0,0,0,0,0,0,0,0,0,1,1,0,0,1,0,-1,-17.0
2024,RS,4,34,0,P012602   ,0.0,1.0,ULM,21,"ANIGBATA, ALEC",10:08,2,1,1,0,1,0,0,1,2,3,0,0,1,0,0,2,2,3,0.0
2024,RS,4,34,0,P010582   ,0.0,1.0,ULM,22,"KLEPEISZ, THOMAS",21:17,4,2,2,0,2,0,0,0,0,0,2,0,1,0,0,3,1,1,-20.0
2024,RS,4,34,0,P011437   ,1.0,0.0,ULM,77,"SARAF, BEN",28:47,16,2,6,2,4,6,6,0,2,2,5,3,1,0,2,2,4,19,-23.0
2024,RS,4,34,0,Team,0.0,0.0,ULM,,Team,,0,0,0,0,0,0,0,4,4,8,0,0,1,0,0,0,0,7,
2024,RS,4,34,0,Total,,,ULM,,Total,200:00,74,17,35,6,23,22,29,11,17,28,15,10,17,0,3,22,26,69,
2024,RS,4,35,1,P010161   ,1.0,1.0,JOV,1,"KRAAG, YANNICK",25:47,8,2,2,1,2,1,2,2,4,6,0,1,0,0,0,3,1,11,-15.0
2024,RS,4,35,1,P013285   ,1.0,1.0,JOV,2,"DOTSON, DEVON DURRELL",23:18,8,0,5,2,6,2,4,1,0,1,2,0,5,1,0,2,6,0,-15.0
2024,RS,4,35,1,P006771   ,0.0,0.0,JOV,3,"BUSQUETS, PEP",03:25,0,0,0,0,0,0,0,0,0,0,1,0,0,0,0,2,1,0,-6.0
2024,RS,4,35,1,PJUG      ,1.0,0.0,JOV,4,"RIBAS, PAU",07:29,3,0,1,1,1,0,0,1,1,2,2,0,0,0,0,0,0,6,-7.0
2024,RS,4,35,1,P013286   ,0.0,0.0,JOV,6,"VAN DER VUURST, KEYE",DNP,0,0,0,0,0,0,0,0,0,0,0,0,0,0,0,0,0,0,0.0
2024,RS,4,35,1,P013287   ,1.0,1.0,JOV,12,"BRAY-GATES, KAISER EVAN",21:38,3,0,2,1,4,0,0,0,2,2,1,0,1,0,1,3,2,-2,-25.0
2024,RS,4,35,1,P004834   ,0.0,0.0,JOV,13,"PUSTOVYI, ARTEM",10:29,3,1,3,0,0,1,2,1,2,3,1,0,2,0,0,5,1,-2,-7.0
2024,RS,4,35,1,P002361   ,0.0,0.0,JOV,16,"VIVES, GUILLEM",16:42,3,0,0,1,2,0,0,0,1,1,2,1,3,1,0,4,0,0,-8.0
2024,RS,4,35,1,P012349   ,0.0,1.0,JOV,23,"RUZIC, MICHAEL",23:15,11,5,6,0,2,1,2,2,2,4,0,0,0,1,0,1,2,13,-3.0
2024,RS,4,35,1,P012740   ,0.0,1.0,JOV,30,"ROBERTSON, KASSIUS",24:59,9,1,5,1,4,4,5,0,4,4,4,0,1,0,0,3,3,8,-11.0
2024,RS,4,35,1,P002507   ,1.0,0.0,JOV,44,"TOMIC, ANTE",24:38,11,4,6,0,0,3,4,0,6,6,4,1,2,1,0,1,3,20,-11.0
2024,RS,4,35,1,P005099   ,0.0,0.0,JOV,88,"HANGA, ADAM",18:20,4,0,1,0,3,4,6,0,2,2,1,0,0,1,0,2,4,4,-7.0
2024,RS,4,35,1,Team,0.0,0.0,JOV,,Team,,0,0,0,0,0,0,0,1,3,4,0,0,1,0,0,0,0,3,
2024,RS,4,35,1,Total,,,JOV,,Total,200:00,63,13,31,7,24,16,25,8,27,35,18,3,15,5,1,26,23,61,
2024,RS,4,35,0,P012003   ,1.0,1.0,WOL,1,"COWAN JR, ANTHONY",31:29,26,2,2,4,6,10,10,0,3,3,4,0,3,0,1,3,9,33,24.0
2024,RS,4,35,0,P012789   ,1.0,1.0,WOL,4,"BROOKS, GARRISON",19:14,9,4,7,0,1,1,2,2,2,4,2,0,0,0,1,3,2,8,10.0
2024,RS,4,35,0,P003212   ,0.0,0.0,WOL,8,"KARINIAUSKAS, VAIDAS",03:20,2,0,0,0,0,2,2,0,0,0,1,0,1,0,0,1,1,2,-2.0
2024,RS,4,35,0,P009306   ,0.0,0.0,WOL,9,"BASLYK, DANIEL",DNP,0,0,0,0,0,0,0,0,0,0,0,0,0,0,0,0,0,0,0.0
2024,RS,4,35,0,P004645   ,1.0,0.0,WOL,10,"MINIOTAS, REGIMANTAS",23:03,0,0,2,0,2,0,0,2,2,4,1,0,0,0,0,1,2,2,15.0
2024,RS,4,35,0,P011248   ,0.0,1.0,WOL,12,"ANDREWS, ANDREW",23:09,17,2,3,3,6,4,6,0,2,2,3,2,2,0,0,3,5,18,11.0
2024,RS,4,35,0,P005516   ,1.0,0.0,WOL,13,"ZEMAITIS, KRISTUPAS",24:43,9,3,5,1,3,0,0,0,1,1,2,0,0,0,0,1,3,10,18.0
2024,RS,4,35,0,P012577   ,0.0,1.0,WOL,15,"THURMAN, TRE'SHAWN",24:43,10,3,5,1,2,1,1,0,2,2,3,1,1,1,0,4,2,11,19.0
2024,RS,4,35,0,P008186   ,0.0,0.0,WOL,22,"BLAZEVIC, MAREK",13:00,3,1,1,0,0,1,1,0,3,3,0,0,1,0,0,4,2,3,2.0
2024,RS,4,35,0,P006853   ,0.0,0.0,WOL,23,"JOGELA, MATAS",18:12,3,0,3,1,1,0,0,0,7,7,0,1,0,0,1,0,0,7,11.0
2024,RS,4,35,0,P006546   ,1.0,1.0,WOL,44,"TAYLOR, JEFFERY",19:07,7,2,6,1,4,0,0,0,3,3,4,1,1,0,2,4,0,1,7.0
2024,RS,4,35,0,Team,0.0,0.0,WOL,,Team,,0,0,0,0,0,0,0,1,4,5,0,0,0,0,0,0,0,5,
2024,RS,4,35,0,Total,,,WOL,,Total,200:00,86,17,34,11,25,19,22,5,29,34,20,5,9,1,5,24,26,100,
2024,RS,4,36,1,P013248   ,1.0,0.0,ARI,1,"BANKS, JAMES",10:45,4,2,2,0,0,0,0,1,1,2,0,2,1,1,0,3,0,5,7.0
2024,RS,4,36,1,P013249   ,1.0,1.0,ARI,2,"NOLLEY, LANDERS",22:29,4,2,5,0,3,0,0,0,10,10,4,2,4,1,1,1,3,12,-13.0
2024,RS,4,36,1,P004292   ,1.0,1.0,ARI,4,"TOLIOPOULOS, VASSILIS",29:41,16,4,6,2,9,2,2,1,2,3,2,1,1,0,0,2,4,14,-13.0
2024,RS,4,36,1,P013250   ,1.0,0.0,ARI,5,"DE JULIUS, DAVID",29:47,30,10,14,1,2,7,8,0,1,1,2,0,1,0,0,2,7,31,-1.0
2024,RS,4,36,1,P013355   ,0.0,1.0,ARI,10,"CHATZIDAKIS, EMMANOUIL",15:57,0,0,0,0,0,0,0,0,1,1,1,0,2,0,0,3,0,-3,-5.0
2024,RS,4,36,1,P013356   ,1.0,0.0,ARI,12,"GKIOUZELIS, GEORGIOS",25:48,2,1,1,0,2,0,0,0,1,1,0,0,1,0,0,3,0,-3,-15.0
2024,RS,4,36,1,P003240   ,0.0,1.0,ARI,13,"BOCHORIDIS, ELEFTHERIOS",18:22,4,2,3,0,6,0,0,2,3,5,0,0,4,0,0,3,2,-3,-2.0
2024,RS,4,36,1,P013360   ,0.0,0.0,ARI,14,"CLAY, DONOVAN LA'NELL",10:50,0,0,1,0,1,0,0,1,1,2,0,0,1,0,0,5,0,-6,6.0
2024,RS,4,36,1,P013049   ,0.0,1.0,ARI,16,"POURLIDAS, VASSILIS",00:17,0,0,0,0,0,0,0,0,0,0,0,0,0,0,0,0,0,0,0.0
2024,RS,4,36,1,P013251   ,0.0,0.0,ARI,22,"WOODBURY, TREY",10:58,2,1,2,0,0,0,0,1,3,4,0,0,2,0,0,0,0,3,-4.0
2024,RS,4,36,1,P013252   ,0.0,0.0,ARI,23,"ROBERTS, JOSHUA",13:18,4,2,3,0,0,0,0,3,1,4,1,1,1,1,1,3,2,7,-12.0
2024,RS,4,36,1,P013253   ,0.0,0.0,ARI,55,"HODGE, D' MOI",11:48,2,1,1,0,5,0,0,0,2,2,0,2,0,0,0,4,0,-3,2.0
2024,RS,4,36,1,Team,0.0,0.0,ARI,,Team,,0,0,0,0,0,0,0,1,1,2,0,0,1,0,0,0,0,1,
2024,RS,4,36,1,Total,,,ARI,,Total,200:00,68,25,38,3,28,9,10,10,27,37,10,8,19,3,2,29,18,55,
2024,RS,4,36,0,P013276   ,0.0,1.0,JER,0,"SMITH, JUSTIN",21:53,18,8,9,0,0,2,6,0,2,2,0,0,1,0,0,3,5,16,11.0
2024,RS,4,36,0,P011970   ,1.0,0.0,JER,1,"HARPER, JARED",31:54,14,3,9,1,1,5,9,0,4,4,15,1,4,0,1,2,10,27,9.0
2024,RS,4,36,0,P013277   ,1.0,0.0,JER,4,"JOHNSON, CHRIS",18:32,11,4,5,1,1,0,0,1,4,5,1,1,0,1,1,2,0,15,2.0
2024,RS,4,36,0,P013278   ,1.0,0.0,JER,5,"WILEY, AUSTIN",19:11,10,5,8,0,0,0,4,0,2,2,0,0,0,1,1,1,4,8,-3.0
2024,RS,4,36,0,P013279   ,0.0,1.0,JER,7,"CHACHASHVILI, GABRIEL",20:06,2,1,2,0,1,0,0,0,2,2,1,0,0,0,0,2,1,2,10.0
2024,RS,4,36,0,P009879   ,0.0,1.0,JER,8,"DOVRAT, NOAM",06:54,0,0,0,0,0,0,2,0,1,1,0,0,0,0,0,1,1,-1,-2.0
2024,RS,4,36,0,P010431   ,0.0,1.0,JER,20,"MORGAN, JEREMY",25:43,9,1,1,2,4,1,2,0,4,4,3,1,1,0,0,1,2,14,16.0
2024,RS,4,36,0,P010587   ,1.0,0.0,JER,44,"SMITH, KENNETH",19:45,7,0,0,2,5,1,3,1,2,3,3,0,7,0,0,2,2,1,-10.0
2024,RS,4,36,0,P006625   ,1.0,1.0,JER,50,"ZOOSMAN, YOVEL",25:42,7,1,2,1,5,2,2,0,2,2,2,1,0,0,0,1,3,9,11.0
2024,RS,4,36,0,P013281   ,0.0,0.0,JER,80,"CORNELIUS, OR",10:20,0,0,0,0,2,0,0,0,1,1,0,0,2,0,0,3,1,-5,6.0
2024,RS,4,36,0,Team,0.0,0.0,JER,,Team,,0,0,0,0,0,0,0,2,1,3,0,0,0,0,0,0,0,3,
2024,RS,4,36,0,Total,,,JER,,Total,200:00,78,23,36,7,19,11,28,4,25,29,25,4,15,2,3,18,29,89,
2024,RS,4,37,1,P012700   ,1.0,1.0,LJU,0,"STEWART, DJ",28:02,10,2,6,1,4,3,4,5,1,6,0,2,1,0,0,3,3,9,-9.0
2024,RS,4,37,1,P012042   ,0.0,0.0,LJU,1,"ROBINSON, DEVIN",25:12,17,7,9,1,2,0,0,0,5,5,3,0,5,1,0,5,0,13,-7.0
2024,RS,4,37,1,P013260   ,0.0,1.0,LJU,2,"JONES, DEVANTE",22:06,10,5,10,0,1,0,0,2,2,4,5,1,3,0,0,2,0,9,-1.0
2024,RS,4,37,1,P009392   ,0.0,1.0,LJU,3,"RADOVIC, ROK",14:28,7,2,3,1,1,0,0,1,0,1,1,0,0,0,0,4,0,4,14.0
2024,RS,4,37,1,P003703   ,1.0,1.0,LJU,5,"NIKOLIC, ALEKSEJ",25:09,5,1,2,0,5,3,4,0,3,3,3,0,0,0,0,2,8,10,-8.0
2024,RS,4,37,1,P011261   ,0.0,0.0,LJU,7,"GLAS, GREGOR",02:45,0,0,0,0,1,0,0,0,0,0,0,0,0,0,0,2,0,-3,2.0
2024,RS,4,37,1,P003452   ,1.0,0.0,LJU,11,"BLAZIC, JAKA",28:02,14,1,5,2,4,6,9,0,5,5,2,1,1,0,0,0,12,24,10.0
2024,RS,4,37,1,P012996   ,0.0,0.0,LJU,20,"BERINGER, JOAN",DNP,0,0,0,0,0,0,0,0,0,0,0,0,0,0,0,0,0,0,0.0
2024,RS,4,37,1,P009753   ,1.0,0.0,LJU,23,"GEBEN, MARTINAS",23:49,8,1,3,2,4,0,0,2,5,7,2,2,0,2,0,2,0,15,10.0
2024,RS,4,37,1,P013262   ,0.0,0.0,LJU,34,"PREPELIC, BINE",DNP,0,0,0,0,0,0,0,0,0,0,0,0,0,0,0,0,0,0,0.0
2024,RS,4,37,1,P013263   ,0.0,0.0,LJU,37,"OGBEIDE, DEREK",14:39,4,2,2,0,1,0,2,1,2,3,1,0,0,0,0,3,1,3,2.0
2024,RS,4,37,1,P009431   ,1.0,1.0,LJU,41,"DANEU, ZIGA",15:48,1,0,0,0,2,1,2,1,1,2,0,0,0,1,0,1,2,2,7.0
2024,RS,4,37,1,Team,0.0,0.0,LJU,,Team,,0,0,0,0,0,0,0,0,3,3,0,0,0,0,0,0,0,3,
2024,RS,4,37,1,Total,,,LJU,,Total,200:00,76,21,40,7,25,13,21,12,27,39,17,6,10,4,0,24,26,89,
2024,RS,4,37,0,P009898   ,0.0,1.0,LKB,2,"BICKAUSKIS, DOVIS",24:14,8,2,2,1,3,1,2,1,1,2,3,2,2,0,0,4,2,8,-6.0
2024,RS,4,37,0,P010181   ,0.0,0.0,LKB,3,"STENIONIS, DOMINYKAS",00:09,0,0,0,0,0,0,0,0,0,0,0,0,0,0,0,0,0,0,0.0
2024,RS,4,37,0,PLXI      ,0.0,1.0,LKB,10,"LIPKEVICIUS, VYTENIS",15:18,0,0,2,0,4,0,0,0,4,4,0,1,0,0,0,0,3,2,-17.0
2024,RS,4,37,0,P010461   ,1.0,0.0,LKB,12,"MALDUNAS, GABRIELIUS",14:06,4,2,7,0,1,0,0,2,3,5,0,0,0,0,2,3,0,-2,-18.0
2024,RS,4,37,0,P005521   ,1.0,0.0,LKB,13,"VARNAS, MARTYNAS",15:50,2,1,1,0,5,0,0,0,2,2,2,1,1,0,0,3,1,-1,-16.0
2024,RS,4,37,0,P005656   ,1.0,1.0,LKB,15,"PECARSKI, MARKO",25:21,12,3,6,2,3,0,0,5,6,11,3,0,0,0,0,2,0,20,10.0
2024,RS,4,37,0,P006586   ,1.0,0.0,LKB,16,"KALAITZAKIS, GEORGIOS",17:05,6,2,4,0,2,2,4,1,3,4,0,1,3,0,0,2,5,5,3.0
2024,RS,4,37,0,P009299   ,0.0,1.0,LKB,17,"RUBSTAVICIUS, MANTAS",26:51,13,2,2,2,4,3,5,1,1,2,2,0,0,0,0,4,7,16,4.0
2024,RS,4,37,0,P006212   ,0.0,0.0,LKB,18,"VASILIAUSKAS, GRANTAS",06:31,2,1,1,0,0,0,0,0,1,1,0,0,0,0,0,0,0,3,-7.0
2024,RS,4,37,0,P005113   ,0.0,0.0,LKB,31,"STIPANOVIC, ANDRIJA",25:52,13,6,10,0,0,1,1,2,2,4,4,0,2,0,1,5,3,12,15.0
2024,RS,4,37,0,P013247   ,1.0,1.0,LKB,50,"KOVLIAR, OLEKSANDR",28:43,12,5,7,0,5,2,2,0,2,2,3,1,1,0,1,3,3,9,12.0
2024,RS,4,37,0,Team,0.0,0.0,LKB,,Team,,0,0,0,0,0,0,0,2,3,5,0,0,3,0,0,0,0,2,
2024,RS,4,37,0,Total,,,LKB,,Total,200:00,72,24,42,5,27,9,14,14,28,42,17,6,12,0,4,26,24,74,
2024,RS,4,38,1,P004525   ,1.0,1.0,BOU,3,"SALASH, MAKSIM",24:18,10,3,3,1,3,1,2,0,2,2,1,1,1,1,1,0,3,13,1.0
2024,RS,4,38,1,P013264   ,0.0,0.0,BOU,4,"NELSON, ADRIAN",18:02,10,5,5,0,2,0,0,1,2,3,0,0,1,0,0,0,0,10,2.0
2024,RS,4,38,1,P010449   ,1.0,1.0,BOU,5,"BENITEZ, HUGO",22:43,8,3,8,0,0,2,2,0,3,3,3,0,3,0,1,0,2,7,-1.0
2024,RS,4,38,1,P010450   ,0.0,0.0,BOU,7,"COURBY, MAXIME",21:30,7,2,2,1,1,0,0,0,1,1,0,0,0,0,0,1,0,7,10.0
2024,RS,4,38,1,P013265   ,1.0,1.0,BOU,8,"USHER, JORDAN",18:44,8,1,3,2,5,0,0,1,1,2,1,0,0,0,0,1,0,5,-8.0
2024,RS,4,38,1,P009556   ,0.0,0.0,BOU,10,"NGOUAMA, MEHDY",11:16,6,1,1,0,1,4,6,1,2,3,4,2,0,0,0,2,3,13,7.0
2024,RS,4,38,1,P006904   ,0.0,0.0,BOU,11,"AYAYI, JOEL",15:43,0,0,1,0,1,0,0,0,4,4,3,1,4,0,0,2,0,0,3.0
2024,RS,4,38,1,P013266   ,1.0,1.0,BOU,13,"CASTANEDA, XAVIER",25:00,10,4,5,0,2,2,2,0,1,1,4,0,4,0,0,4,4,8,1.0
2024,RS,4,38,1,P011550   ,0.0,0.0,BOU,16,"JACQUES, WILSON",DNP,0,0,0,0,0,0,0,0,0,0,0,0,0,0,0,0,0,0,0.0
2024,RS,4,38,1,P009552   ,0.0,0.0,BOU,27,"PANSA, JEAN-MARC",15:58,4,2,6,0,0,0,0,3,2,5,0,0,0,3,0,3,1,6,8.0
2024,RS,4,38,1,P004945   ,0.0,0.0,BOU,33,"PAUL, BRANDON",05:13,0,0,1,0,1,0,0,0,1,1,0,0,0,0,0,2,1,-2,0.0
2024,RS,4,38,1,P011837   ,1.0,1.0,BOU,34,"KOKILA, KEVIN",21:33,4,2,6,0,0,0,0,0,6,6,0,1,1,1,0,2,5,10,-3.0
2024,RS,4,38,1,Team,0.0,0.0,BOU,,Team,,0,0,0,0,0,0,0,2,2,4,0,0,0,0,0,0,0,4,
2024,RS,4,38,1,Total,,,BOU,,Total,200:00,67,23,41,4,16,9,12,8,27,35,16,5,14,5,2,17,19,81,
2024,RS,4,38,0,P012259   ,0.0,0.0,TTK,1,"HEIDEGGER, MAX",14:15,3,0,2,0,2,3,3,0,0,0,3,0,1,0,1,1,2,1,0.0
2024,RS,4,38,0,P007917   ,0.0,1.0,TTK,3,"DURMAZ, BERKAN",19:19,3,0,1,1,2,0,0,0,4,4,0,1,1,0,0,0,1,6,-12.0
2024,RS,4,38,0,P004056   ,0.0,0.0,TTK,5,"AKPINAR, ISMET",12:42,2,0,2,0,2,2,2,0,1,1,2,2,1,0,2,1,0,-1,-2.0
2024,RS,4,38,0,P011973   ,1.0,1.0,TTK,7,"ALEXANDER, KYLE",30:49,10,5,8,0,3,0,0,4,4,8,2,1,0,0,0,1,0,14,4.0
2024,RS,4,38,0,P009025   ,1.0,1.0,TTK,8,"BROWN, ANTHONY",38:12,20,7,12,2,4,0,0,1,5,6,2,1,3,0,0,1,3,21,0.0
2024,RS,4,38,0,P012415   ,0.0,1.0,TTK,9,"TUNCA, MELIH",14:15,4,1,1,0,2,2,2,1,2,3,0,1,1,0,0,3,5,7,-9.0
2024,RS,4,38,0,P011977   ,0.0,0.0,TTK,12,"OZDOGAN, ARDA",DNP,0,0,0,0,0,0,0,0,0,0,0,0,0,0,0,0,0,0,0.0
2024,RS,4,38,0,P004619   ,0.0,0.0,TTK,13,"AGVA, MAHIR",10:36,2,1,1,0,1,0,0,0,0,0,0,0,1,0,0,2,0,-2,2.0
2024,RS,4,38,0,P013300   ,1.0,1.0,TTK,20,"BESS, JAVON",29:04,12,2,2,2,7,2,2,1,3,4,0,2,0,1,0,3,1,12,3.0
2024,RS,4,38,0,P006598   ,1.0,0.0,TTK,21,"HANLAN, OLIVIER",18:59,7,2,5,1,2,0,0,0,3,3,1,1,2,0,1,5,2,2,2.0
2024,RS,4,38,0,P010811   ,0.0,0.0,TTK,38,"TARLA, KAAN",DNP,0,0,0,0,0,0,0,0,0,0,0,0,0,0,0,0,0,0,0.0
2024,RS,4,38,0,P011935   ,1.0,0.0,TTK,55,"MAKOUNDOU, YOAN",11:49,0,0,3,0,0,0,0,0,3,3,1,0,0,1,1,2,3,2,-8.0
2024,RS,4,38,0,Team,0.0,0.0,TTK,,Team,,0,0,0,0,0,0,0,2,0,2,0,0,4,0,0,0,0,-2,
2024,RS,4,38,0,Total,,,TTK,,Total,200:00,63,18,37,6,25,9,9,9,25,34,11,9,14,2,5,19,17,60,
2024,RS,4,39,1,P007527   ,0.0,1.0,PAM,0,"BADIO, BRANCOU",19:55,7,2,2,1,3,0,0,0,2,2,3,0,3,0,0,3,1,5,0.0
2024,RS,4,39,1,P006643   ,0.0,0.0,PAM,2,"PUERTO, JOSEP",16:29,4,0,2,1,4,1,2,0,3,3,2,0,0,0,0,0,1,4,5.0
2024,RS,4,39,1,P012738   ,0.0,1.0,PAM,3,"REUVERS, NATHAN",11:29,9,4,5,0,1,1,2,2,3,5,0,0,1,0,0,4,3,9,4.0
2024,RS,4,39,1,P010393   ,1.0,1.0,PAM,4,"PRADILLA, JAIME",22:00,9,3,3,0,0,3,4,1,4,5,2,0,1,0,0,1,2,15,22.0
2024,RS,4,39,1,P010750   ,1.0,0.0,PAM,5,"DE LARREA, SERGIO",17:49,11,4,4,1,1,0,0,0,3,3,3,2,1,0,0,2,0,16,16.0
2024,RS,4,39,1,P005356   ,0.0,0.0,PAM,6,"LOPEZ-AROSTEGUI, XABI",12:39,6,1,1,1,4,1,2,0,2,2,0,0,0,0,0,3,3,4,14.0
2024,RS,4,39,1,P010042   ,1.0,1.0,PAM,8,"MONTERO, JEAN",19:45,12,3,4,0,5,6,6,0,2,2,6,3,1,1,1,3,3,16,10.0
2024,RS,4,39,1,P004548   ,0.0,0.0,PAM,18,"FILIPOVIC, GORAN",09:52,7,1,1,1,2,2,2,0,1,1,1,0,0,0,0,0,2,10,4.0
2024,RS,4,39,1,P009864   ,0.0,0.0,PAM,22,"HAPP, ETHAN",11:45,4,1,3,0,0,2,2,0,0,0,0,1,2,1,1,3,2,0,3.0
2024,RS,4,39,1,P010444   ,1.0,0.0,PAM,24,"COSTELLO, MATTHEW",16:46,14,1,3,2,3,6,6,0,2,2,1,2,0,0,0,2,3,17,15.0
2024,RS,4,39,1,P011982   ,1.0,1.0,PAM,37,"OJELEYE, SEMI",23:31,16,4,6,2,5,2,3,1,2,3,0,0,1,0,0,0,4,16,17.0
2024,RS,4,39,1,P011980   ,0.0,0.0,PAM,77,"SESTINA, NATHAN",18:00,6,0,0,2,5,0,0,1,0,1,3,0,0,0,0,2,0,5,0.0
2024,RS,4,39,1,Team,0.0,0.0,PAM,,Team,,0,0,0,0,0,0,0,2,2,4,0,0,0,0,0,0,0,4,
2024,RS,4,39,1,Total,,,PAM,,Total,200:00,105,24,34,11,33,24,29,7,26,33,21,8,10,2,2,23,24,121,
2024,RS,4,39,0,P003759   ,0.0,0.0,VNC,0,"TESSITORI, AMEDEO",09:48,1,0,1,0,1,1,2,1,1,2,0,0,2,0,1,5,1,-7,-16.0
2024,RS,4,39,0,P006571   ,0.0,0.0,VNC,4,"LEVER, ALESSANDRO",11:31,6,3,4,0,1,0,0,0,1,1,0,0,1,0,0,1,1,4,-12.0
2024,RS,4,39,0,P005177   ,0.0,0.0,VNC,8,"FERNANDEZ, JUAN",19:14,6,0,2,2,4,0,0,0,0,0,5,1,3,0,0,5,0,0,-13.0
2024,RS,4,39,0,P005404   ,1.0,1.0,VNC,9,"MORETTI, DAVIDE",29:59,2,1,6,0,4,0,1,1,0,1,4,0,5,0,1,2,5,-6,-25.0
2024,RS,4,39,0,P012588   ,0.0,1.0,VNC,14,"JANELIDZE, GIGA",21:06,5,1,1,1,1,0,0,1,1,2,0,0,0,0,0,0,1,8,-12.0
2024,RS,4,39,0,P012796   ,1.0,1.0,VNC,21,"TSHIMANGA KABENGELE, MFIONDU",29:30,15,5,7,0,0,5,5,4,7,11,3,1,0,2,0,4,6,32,-7.0
2024,RS,4,39,0,P013305   ,1.0,1.0,VNC,24,"WHEATLE, CARL",30:45,12,4,6,1,2,1,1,1,5,6,4,3,1,0,0,4,1,18,-6.0
2024,RS,4,39,0,P011928   ,1.0,0.0,VNC,25,"SIMMS, AAMIR",20:30,2,1,3,0,2,0,0,0,5,5,1,1,1,0,0,2,3,5,-15.0
2024,RS,4,39,0,P008052   ,1.0,1.0,VNC,33,"WILTJER, KYLE",27:37,34,9,12,2,8,10,10,1,3,4,1,0,2,0,0,1,5,32,-4.0
2024,RS,4,39,0,P012493   ,0.0,0.0,VNC,40,"IANNUZZI, PIETRO",DNP,0,0,0,0,0,0,0,0,0,0,0,0,0,0,0,0,0,0,0.0
2024,RS,4,39,0,Team,0.0,0.0,VNC,,Team,,0,0,0,0,0,0,0,2,1,3,0,0,1,0,0,0,0,2,
2024,RS,4,39,0,Total,,,VNC,,Total,200:00,83,24,42,6,23,17,19,11,24,35,18,6,16,2,2,24,23,88,
2024,RS,4,40,1,P013308   ,1.0,0.0,HAM,1,"IVEY, BRAE",20:59,13,1,1,1,3,8,8,1,2,3,4,2,3,1,0,3,6,21,-19.0
2024,RS,4,40,1,P011256   ,1.0,0.0,HAM,3,"RICH, OSARO",22:23,10,2,5,1,2,3,4,2,1,3,1,0,0,1,1,1,5,13,-6.0
2024,RS,4,40,1,P013309   ,0.0,1.0,HAM,4,"LOTTIE, JAIZEC",22:55,7,2,6,0,4,3,4,0,1,1,5,2,1,0,1,1,3,6,-25.0
2024,RS,4,40,1,P010070   ,0.0,1.0,HAM,6,"MOELLER, LEIF",16:07,2,1,2,0,2,0,2,0,2,2,0,1,1,1,0,1,2,1,-18.0
2024,RS,4,40,1,P013310   ,0.0,1.0,HAM,8,"GREY, JARED",07:13,0,0,0,0,0,0,2,1,1,2,0,0,0,0,0,1,1,0,-5.0
2024,RS,4,40,1,P012011   ,0.0,0.0,HAM,9,"ALEGBE-ISSIFOU, AL-FAYED",DNP,0,0,0,0,0,0,0,0,0,0,0,0,0,0,0,0,0,0,0.0
2024,RS,4,40,1,P013311   ,0.0,0.0,HAM,11,"KENNEDY, KEONDRE",12:12,9,2,4,1,3,2,2,1,0,1,0,1,1,0,1,3,1,3,-24.0
2024,RS,4,40,1,P012695   ,0.0,0.0,HAM,14,"REECE, CAMRON",16:29,7,2,7,0,0,3,3,3,3,6,2,1,4,0,1,5,2,3,-23.0
2024,RS,4,40,1,P012690   ,1.0,1.0,HAM,15,"TANGERMANN, MIKA",11:07,0,0,1,0,0,0,0,0,1,1,0,1,0,0,0,0,1,2,0.0
2024,RS,4,40,1,P013312   ,1.0,1.0,HAM,21,"BARNETT, JORDAN",24:37,15,7,7,0,7,1,1,0,2,2,1,0,2,1,0,2,2,10,-12.0
2024,RS,4,40,1,P003242   ,1.0,0.0,HAM,25,"OGBE, KENNETH",24:07,2,1,2,0,3,0,0,2,2,4,0,0,0,0,0,2,0,0,-18.0
2024,RS,4,40,1,P006420   ,0.0,0.0,HAM,33,"HECKMANN, PATRICK",21:51,2,1,3,0,2,0,1,0,2,2,3,1,1,0,0,4,1,-1,-30.0
2024,RS,4,40,1,Team,0.0,0.0,HAM,,Team,,0,0,0,0,0,0,0,0,0,0,0,0,2,0,0,0,0,-2,
2024,RS,4,40,1,Total,,,HAM,,Total,200:00,67,19,38,3,26,20,27,10,17,27,16,9,15,4,4,23,24,56,
2024,RS,4,40,0,P011797   ,0.0,1.0,CLU,0,"GUZMAN, KAREL",19:54,6,2,2,0,1,2,2,1,1,2,2,0,1,1,0,4,3,8,11.0
2024,RS,4,40,0,P010651   ,0.0,0.0,CLU,1,"HERVEY, KEVIN",16:37,2,1,1,0,4,0,0,0,4,4,2,2,2,0,0,1,0,3,21.0
2024,RS,4,40,0,P013301   ,0.0,1.0,CLU,2,"SOMACESCU, TUDOR",07:39,2,0,1,0,1,2,2,0,1,1,0,0,1,0,0,2,1,-1,2.0
2024,RS,4,40,0,P013302   ,1.0,0.0,CLU,3,"SIMPSON, ZAVIER",24:42,28,7,11,3,4,5,7,0,1,1,8,2,2,0,2,2,5,31,29.0
2024,RS,4,40,0,P005714   ,1.0,0.0,CLU,5,"MEJERIS, MAREKS",15:28,6,3,3,0,1,0,0,0,1,1,3,0,1,1,0,0,1,10,22.0
2024,RS,4,40,0,P002820   ,1.0,0.0,CLU,9,"SALIN, SASU",19:28,12,0,0,3,3,3,3,0,1,1,1,1,0,0,0,1,4,18,19.0
2024,RS,4,40,0,P013304   ,1.0,1.0,CLU,10,"HANKINS, ZACH",22:18,6,3,3,0,0,0,0,0,10,10,0,1,7,0,0,3,2,9,21.0
2024,RS,4,40,0,P004862   ,1.0,0.0,CLU,11,"SEELEY, DENNIS",19:26,10,2,2,2,3,0,0,0,0,0,3,0,0,0,0,0,0,12,17.0
2024,RS,4,40,0,P006618   ,0.0,0.0,CLU,23,"STEPHENS, DE'SHAWN",17:42,11,4,6,0,0,3,6,2,7,9,0,0,0,1,1,4,4,15,15.0
2024,RS,4,40,0,P012620   ,0.0,1.0,CLU,25,"MACIUCA, MIHAI",05:47,2,1,2,0,2,0,0,0,2,2,0,0,0,0,1,2,0,-2,-3.0
2024,RS,4,40,0,P011801   ,0.0,0.0,CLU,35,"RICHARD, PATRICK",14:47,5,0,0,1,2,2,2,0,0,0,2,2,2,0,0,2,2,6,22.0
2024,RS,4,40,0,P012698   ,0.0,1.0,CLU,95,"MOKOKA, ADAM",16:12,13,6,8,0,0,1,1,1,2,3,2,1,2,1,0,3,1,14,4.0
2024,RS,4,40,0,Team,0.0,0.0,CLU,,Team,,0,0,0,0,0,0,0,1,3,4,0,0,0,0,0,0,0,4,
2024,RS,4,40,0,Total,,,CLU,,Total,200:00,103,29,39,9,21,18,23,5,33,38,23,9,18,4,4,24,23,127,
2024,RS,5,41,1,P013292   ,0.0,1.0,TSO,0,"JANKOWSKI, BARTOSZ",00:09,0,0,0,0,0,0,0,0,0,0,0,0,0,0,0,0,0,0,-2.0
2024,RS,5,41,1,P012019   ,1.0,1.0,TSO,3,"BEST, AARON",37:49,8,1,2,2,6,0,0,1,2,3,1,2,3,0,0,4,1,3,0.0
2024,RS,5,41,1,P013293   ,1.0,0.0,TSO,5,"MCGOWENS, ROBERT",12:04,2,1,1,0,0,0,0,0,1,1,1,1,3,0,0,5,0,-3,0.0
2024,RS,5,41,1,P013294   ,0.0,0.0,TSO,9,"JASZCZERSKI, WIKTOR",DNP,0,0,0,0,0,0,0,0,0,0,0,0,0,0,0,0,0,0,0.0
2024,RS,5,41,1,P008790   ,0.0,0.0,TSO,12,"WITLINSKI, MIKOLAJ",09:49,2,1,2,0,0,0,0,1,1,2,0,1,1,0,0,1,0,2,4.0
2024,RS,5,41,1,P013295   ,0.0,1.0,TSO,15,"ZYSKOWSKI, JAROSLAW",24:23,7,3,4,0,3,1,2,1,2,3,1,0,0,0,0,1,2,7,-5.0
2024,RS,5,41,1,P009649   ,1.0,1.0,TSO,22,"PHILLIP, TARIK",37:52,10,4,9,0,3,2,2,1,6,7,7,1,4,0,2,3,7,15,-19.0
2024,RS,5,41,1,P013296   ,1.0,0.0,TSO,32,"GROSELLE, GEOFFREY",26:42,8,4,5,0,0,0,4,3,1,4,4,2,3,0,0,2,3,11,-19.0
2024,RS,5,41,1,P013297   ,0.0,1.0,TSO,50,"WEATHERS, MARCUS",30:28,25,8,9,2,5,3,5,1,2,3,1,0,2,0,1,4,3,19,1.0
2024,RS,5,41,1,P013298   ,0.0,0.0,TSO,55,"SCHENK, JAKUB",25:36,19,1,1,2,5,11,11,0,2,2,7,1,4,0,0,5,6,23,5.0
2024,RS,5,41,1,P003885   ,1.0,0.0,TSO,81,"VAN VLIET, ANDY",20:08,11,1,2,3,6,0,0,1,4,5,2,1,3,0,0,5,0,7,0.0
2024,RS,5,41,1,Team,0.0,0.0,TSO,,Team,,0,0,0,0,0,0,0,0,1,1,0,0,0,0,0,0,0,1,
2024,RS,5,41,1,Total,,,TSO,,Total,225:00,92,24,35,9,28,17,24,9,22,31,24,9,23,0,3,30,22,85,
2024,RS,5,41,0,P012003   ,1.0,1.0,WOL,1,"COWAN JR, ANTHONY",38:00,14,1,3,2,8,6,6,0,2,2,3,3,4,0,0,1,8,17,-1.0
2024,RS,5,41,0,P012789   ,0.0,1.0,WOL,4,"BROOKS, GARRISON",26:06,14,6,6,0,0,2,2,3,6,9,1,0,3,2,0,3,2,22,13.0
2024,RS,5,41,0,P003212   ,0.0,0.0,WOL,8,"KARINIAUSKAS, VAIDAS",07:00,5,1,1,1,1,0,0,0,0,0,0,1,0,0,0,2,1,5,8.0
2024,RS,5,41,0,P009306   ,0.0,0.0,WOL,9,"BASLYK, DANIEL",DNP,0,0,0,0,0,0,0,0,0,0,0,0,0,0,0,0,0,0,0.0
2024,RS,5,41,0,P004645   ,1.0,0.0,WOL,10,"MINIOTAS, REGIMANTAS",14:35,2,1,2,0,0,0,0,0,2,2,0,0,0,0,0,1,1,3,-9.0
2024,RS,5,41,0,P006897   ,0.0,0.0,WOL,11,"MARCINKEVICIUS, JUSTINAS",DNP,0,0,0,0,0,0,0,0,0,0,0,0,0,0,0,0,0,0,0.0
2024,RS,5,41,0,P011248   ,0.0,1.0,WOL,12,"ANDREWS, ANDREW",22:26,15,0,0,3,6,6,6,0,1,1,5,0,3,0,0,4,6,17,11.0
2024,RS,5,41,0,P005516   ,1.0,1.0,WOL,13,"ZEMAITIS, KRISTUPAS",21:24,9,3,7,0,2,3,5,0,3,3,3,1,3,0,0,0,4,9,-4.0
2024,RS,5,41,0,P012577   ,0.0,0.0,WOL,15,"THURMAN, TRE'SHAWN",28:03,17,3,3,2,4,5,5,1,3,4,2,0,0,1,0,5,3,20,19.0
2024,RS,5,41,0,P008186   ,1.0,0.0,WOL,22,"BLAZEVIC, MAREK",18:38,7,3,4,0,0,1,1,0,1,1,0,0,1,0,0,4,1,3,-6.0
2024,RS,5,41,0,P006853   ,0.0,1.0,WOL,23,"JOGELA, MATAS",27:54,2,1,3,0,2,0,0,1,3,4,6,1,1,0,0,1,0,7,8.0
2024,RS,5,41,0,P006546   ,1.0,0.0,WOL,44,"TAYLOR, JEFFERY",20:54,14,4,4,1,4,3,4,0,0,0,0,0,1,0,0,1,4,12,-4.0
2024,RS,5,41,0,Team,0.0,0.0,WOL,,Team,,0,0,0,0,0,0,0,1,3,4,0,0,2,0,0,0,0,2,
2024,RS,5,41,0,Total,,,WOL,,Total,225:00,99,23,33,9,27,26,29,6,24,30,20,6,18,3,0,22,30,117,
2024,RS,5,42,1,P011924   ,1.0,1.0,BES,0,"ALLMAN, KYLE",24:22,16,4,4,0,2,8,11,0,2,2,2,0,1,0,0,2,8,20,-10.0
2024,RS,5,42,1,P011936   ,1.0,1.0,BES,2,"MATHEWS, JONAH",25:52,11,3,7,1,7,2,2,0,1,1,1,1,0,0,0,3,3,4,10.0
2024,RS,5,42,1,P008945   ,1.0,1.0,BES,5,"NEEDHAM, DEREK",28:07,7,1,2,1,9,2,3,0,3,3,2,0,2,0,0,0,2,2,-7.0
2024,RS,5,42,1,P003783   ,0.0,0.0,BES,6,"UGURLU, BERK",15:38,2,1,2,0,1,0,0,1,2,3,5,2,2,0,0,1,0,7,16.0
2024,RS,5,42,1,P007914   ,0.0,0.0,BES,7,"ARSLAN, YIGIT",15:13,9,0,0,3,4,0,0,0,0,0,1,0,0,0,0,1,2,10,-2.0
2024,RS,5,42,1,P009680   ,0.0,0.0,BES,9,"MORGAN, CONOR",16:21,10,1,3,2,5,2,2,3,5,8,0,0,1,0,0,5,3,10,18.0
2024,RS,5,42,1,P012233   ,0.0,0.0,BES,10,"AKSU, YAGIZ",DNP,0,0,0,0,0,0,0,0,0,0,0,0,0,0,0,0,0,0,0.0
2024,RS,5,42,1,P011927   ,1.0,0.0,BES,14,"SLEVA, DUSTIN",22:44,7,2,3,1,1,0,0,1,1,2,1,1,0,0,0,5,2,7,8.0
2024,RS,5,42,1,P011379   ,0.0,0.0,BES,20,"KONAN, KEREM",02:48,0,0,0,0,0,0,0,0,0,0,0,0,0,0,0,0,0,0,-3.0
2024,RS,5,42,1,P012624   ,0.0,0.0,BES,22,"OZBEK, ATA",DNP,0,0,0,0,0,0,0,0,0,0,0,0,0,0,0,0,0,0,0.0
2024,RS,5,42,1,P013255   ,0.0,1.0,BES,30,"MARTIN, KELAN",24:04,10,5,8,0,0,0,0,2,0,2,1,0,0,0,1,1,1,9,11.0
2024,RS,5,42,1,P010652   ,1.0,1.0,BES,33,"TERRY, EMANUEL",24:51,10,5,5,0,0,0,2,3,3,6,1,1,2,0,0,4,1,11,-11.0
2024,RS,5,42,1,Team,0.0,0.0,BES,,Team,,0,0,0,0,0,0,0,3,2,5,0,0,1,0,0,0,0,4,
2024,RS,5,42,1,Total,,,BES,,Total,200:00,82,22,34,8,29,14,20,13,19,32,14,5,9,0,1,22,22,84,
2024,RS,5,42,0,P010161   ,0.0,0.0,JOV,1,"KRAAG, YANNICK",11:47,5,1,1,1,1,0,0,2,2,4,0,0,1,0,0,3,0,5,-7.0
2024,RS,5,42,0,P013285   ,1.0,1.0,JOV,2,"DOTSON, DEVON DURRELL",28:16,15,6,8,0,1,3,5,0,2,2,4,2,2,1,0,2,4,19,9.0
2024,RS,5,42,0,P006771   ,1.0,0.0,JOV,3,"BUSQUETS, PEP",12:03,0,0,1,0,2,0,0,0,1,1,2,0,0,0,0,0,0,0,-1.0
2024,RS,5,42,0,PJUG      ,0.0,0.0,JOV,4,"RIBAS, PAU",10:46,0,0,0,0,1,0,0,0,1,1,1,0,0,0,0,1,1,1,1.0
2024,RS,5,42,0,P013286   ,0.0,0.0,JOV,6,"VAN DER VUURST, KEYE",08:36,3,0,0,1,2,0,0,0,0,0,1,0,2,0,0,3,0,-2,-7.0
2024,RS,5,42,0,P013287   ,1.0,1.0,JOV,12,"BRAY-GATES, KAISER EVAN",28:28,13,2,3,3,7,0,0,2,3,5,0,2,1,0,0,3,1,12,-1.0
2024,RS,5,42,0,P004834   ,0.0,0.0,JOV,13,"PUSTOVYI, ARTEM",20:38,16,7,8,0,0,2,3,3,2,5,0,0,2,0,0,4,9,22,-10.0
2024,RS,5,42,0,P002361   ,0.0,0.0,JOV,16,"VIVES, GUILLEM",08:50,3,0,0,1,2,0,0,0,0,0,0,0,0,0,0,1,0,1,-11.0
2024,RS,5,42,0,P012349   ,0.0,0.0,JOV,23,"RUZIC, MICHAEL",DNP,0,0,0,0,0,0,0,0,0,0,0,0,0,0,0,0,0,0,0.0
2024,RS,5,42,0,P012740   ,0.0,1.0,JOV,30,"ROBERTSON, KASSIUS",20:31,4,1,3,0,2,2,2,0,0,0,2,1,1,0,0,1,1,2,-7.0
2024,RS,5,42,0,P002507   ,1.0,1.0,JOV,44,"TOMIC, ANTE",25:59,17,8,13,0,0,1,2,1,6,7,4,1,1,0,0,1,3,24,10.0
2024,RS,5,42,0,P005099   ,1.0,1.0,JOV,88,"HANGA, ADAM",24:06,0,0,1,0,5,0,0,1,3,4,5,0,0,0,0,3,3,3,-6.0
2024,RS,5,42,0,Team,0.0,0.0,JOV,,Team,,0,0,0,0,0,0,0,2,2,4,0,0,3,0,0,0,0,1,
2024,RS,5,42,0,Total,,,JOV,,Total,200:00,76,25,38,6,23,8,12,11,22,33,19,6,13,1,0,22,22,88,
2024,RS,5,43,1,P012777   ,0.0,1.0,CAN,1,"URBANIAK, JAKUB",21:03,11,4,7,1,1,0,1,2,4,6,0,1,1,0,1,2,2,12,24.0
2024,RS,5,43,1,P007560   ,0.0,1.0,CAN,3,"KLJAJIC, JOVAN",17:00,13,3,4,1,2,4,4,1,2,3,3,0,1,0,1,2,2,15,27.0
2024,RS,5,43,1,P012016   ,0.0,1.0,CAN,4,"CONDITT IV, GEORGE",14:25,11,5,8,0,0,1,2,2,2,4,2,0,0,0,1,1,2,13,31.0
2024,RS,5,43,1,P011251   ,0.0,0.0,CAN,5,"HOMESLEY, CALEB",11:26,13,5,6,1,3,0,0,0,0,0,2,0,0,0,0,1,0,11,21.0
2024,RS,5,43,1,P003425   ,1.0,0.0,CAN,6,"ALBICY, ANDREW",10:42,0,0,1,0,1,0,0,0,0,0,4,1,0,0,0,1,3,5,7.0
2024,RS,5,43,1,P008121   ,1.0,0.0,CAN,9,"BRUSSINO, NICOLAS",15:54,13,0,0,3,5,4,4,0,2,2,3,1,3,0,0,1,3,16,11.0
2024,RS,5,43,1,P005005   ,0.0,1.0,CAN,10,"SALVO, MIQUEL",24:06,20,2,3,2,2,10,11,2,4,6,4,2,0,0,1,3,6,32,36.0
2024,RS,5,43,1,P010623   ,0.0,0.0,CAN,12,"ALOCEN, CARLOS",19:43,9,3,4,1,3,0,0,0,5,5,6,4,2,0,0,1,1,19,16.0
2024,RS,5,43,1,P010452   ,0.0,0.0,CAN,13,"PELOS, PIERRE",14:37,8,1,2,2,2,0,0,0,2,2,2,2,0,0,0,2,0,11,-1.0
2024,RS,5,43,1,P006588   ,1.0,0.0,CAN,14,"SHURNA, JOHN",15:38,9,3,4,1,2,0,0,1,3,4,3,2,1,0,0,0,0,15,31.0
2024,RS,5,43,1,P008966   ,1.0,0.0,CAN,18,"TOBEY, MIKE",14:17,9,3,3,1,2,0,1,0,2,2,1,0,0,1,0,0,1,12,9.0
2024,RS,5,43,1,P012095   ,1.0,1.0,CAN,32,"THOMASSON, JOE",21:09,9,1,2,1,3,4,4,1,0,1,2,0,2,0,0,1,3,9,23.0
2024,RS,5,43,1,Team,0.0,0.0,CAN,,Team,,0,0,0,0,0,0,0,1,0,1,0,0,1,0,0,0,0,0,
2024,RS,5,43,1,Total,,,CAN,,Total,200:00,125,30,44,14,26,23,27,10,26,36,32,13,11,1,4,15,23,170,
2024,RS,5,43,0,P006245   ,1.0,1.0,ULM,0,"WEIDEMANN, NELSON",25:39,9,2,3,1,3,2,2,0,0,0,3,0,2,0,0,2,2,7,-15.0
2024,RS,5,43,0,P013289   ,1.0,0.0,ULM,3,"SANTOS, MARCIO",21:11,3,0,2,1,2,0,0,2,4,6,1,0,2,2,1,5,0,1,-20.0
2024,RS,5,43,0,P012172   ,0.0,1.0,ULM,5,"MUELLER, JORDAN",05:25,0,0,1,0,0,0,0,0,0,0,0,1,0,0,0,2,0,-2,-12.0
2024,RS,5,43,0,P010726   ,0.0,1.0,ULM,7,"JENSEN, TOBIAS",16:58,4,1,2,0,2,2,2,0,0,0,4,0,5,0,0,2,2,0,-33.0
2024,RS,5,43,0,P012077   ,1.0,0.0,ULM,9,"PLUMMER, ALFONSO",29:30,18,3,4,3,9,3,4,1,1,2,3,1,5,0,0,1,5,15,-24.0
2024,RS,5,43,0,P013290   ,1.0,0.0,ULM,10,"JESSUP, JUSTINIAN",25:27,10,2,3,2,6,0,0,0,4,4,5,1,1,0,0,2,2,14,-33.0
2024,RS,5,43,0,P011391   ,0.0,1.0,ULM,12,"ESSENGUE, NOA",30:08,20,5,7,2,3,4,6,1,3,4,1,1,0,2,0,2,3,24,-30.0
2024,RS,5,43,0,P007952   ,0.0,0.0,ULM,13,"BRETZEL, NICOLAS",12:22,6,3,4,0,0,0,0,0,3,3,2,1,3,0,0,5,0,3,-9.0
2024,RS,5,43,0,P006997   ,1.0,0.0,ULM,14,"HERKENHOFF, PHILIPP",15:56,0,0,0,0,1,0,0,0,1,1,1,0,0,0,0,0,0,1,-33.0
2024,RS,5,43,0,P012602   ,0.0,1.0,ULM,21,"ANIGBATA, ALEC",17:24,8,0,4,2,3,2,2,2,1,3,0,0,2,0,0,2,1,3,-26.0
2024,RS,5,43,0,Team,0.0,0.0,ULM,,Team,,0,0,0,0,0,0,0,0,1,1,0,0,0,0,0,0,0,1,
2024,RS,5,43,0,Total,,,ULM,,Total,200:00,78,16,30,11,29,13,16,6,18,24,20,5,20,4,1,23,15,67,
2024,RS,5,44,1,P012593   ,1.0,1.0,TRN,1,"ELLIS, QUINN",26:12,4,2,7,0,1,0,0,1,3,4,3,2,1,0,0,4,1,3,5.0
2024,RS,5,44,1,P013269   ,1.0,1.0,TRN,3,"CALE, MYLES",30:10,9,2,5,1,2,2,3,0,3,3,2,1,3,1,0,3,3,8,9.0
2024,RS,5,44,1,P013270   ,0.0,0.0,TRN,5,"FORD, JORDAN",21:17,17,4,7,2,6,3,3,0,2,2,2,1,2,0,1,2,1,11,-1.0
2024,RS,5,44,1,P005438   ,1.0,0.0,TRN,6,"PECCHIA, ANDREA",15:29,2,1,1,0,0,0,0,0,1,1,1,0,1,0,0,2,1,2,-5.0
2024,RS,5,44,1,P012687   ,0.0,1.0,TRN,7,"NIANG, SALIOU",18:14,9,2,4,1,1,2,3,1,6,7,0,1,4,0,1,2,3,10,14.0
2024,RS,5,44,1,P006382   ,0.0,0.0,TRN,10,"FORRAY, TOTO",08:42,3,0,1,1,2,0,0,1,0,1,0,1,0,0,0,1,0,2,-4.0
2024,RS,5,44,1,P013271   ,1.0,0.0,TRN,21,"MAWUGBE, SELOM",27:41,8,3,8,0,0,2,3,6,4,10,0,2,1,1,1,2,5,16,8.0
2024,RS,5,44,1,P013272   ,1.0,1.0,TRN,22,"LAMB, ANTHONY",27:26,23,6,7,2,6,5,6,0,3,3,1,1,2,1,1,3,7,24,8.0
2024,RS,5,44,1,P006724   ,0.0,1.0,TRN,26,"BAYEHE, JORDAN",12:15,0,0,0,0,0,0,0,0,2,2,1,0,0,0,0,2,0,1,-2.0
2024,RS,5,44,1,P002387   ,0.0,0.0,TRN,33,"ZUKAUSKAS, EIGIRDAS",12:34,4,2,2,0,1,0,0,0,1,1,0,0,1,0,0,0,0,3,-2.0
2024,RS,5,44,1,Team,0.0,0.0,TRN,,Team,,0,0,0,0,0,0,0,0,1,1,0,0,1,0,0,0,0,0,
2024,RS,5,44,1,Total,,,TRN,,Total,200:00,79,22,42,7,19,14,18,9,26,35,10,9,16,3,4,21,21,80,
2024,RS,5,44,0,P011157   ,1.0,0.0,HTA,0,"MOTLEY, JOHNATHAN",25:17,16,8,12,0,0,0,5,2,4,6,1,0,2,2,2,3,7,16,-7.0
2024,RS,5,44,0,P005181   ,0.0,1.0,HTA,1,"RAGLAND, JOE",20:38,8,1,3,2,3,0,0,0,4,4,3,0,1,0,0,3,1,9,0.0
2024,RS,5,44,0,P013282   ,0.0,0.0,HTA,7,"RUINA, MIRON",DNP,0,0,0,0,0,0,0,0,0,0,0,0,0,0,0,0,0,0,0.0
2024,RS,5,44,0,P004846   ,0.0,0.0,HTA,10,"TIMOR, BAR",08:57,3,1,1,0,0,1,2,0,0,0,1,0,1,0,0,1,1,2,-1.0
2024,RS,5,44,0,P009877   ,0.0,0.0,HTA,14,"BLAYZER, OZ",DNP,0,0,0,0,0,0,0,0,0,0,0,0,0,0,0,0,0,0,0.0
2024,RS,5,44,0,P010386   ,1.0,1.0,HTA,17,"FOSTER, MARCUS",34:14,18,6,8,2,5,0,0,1,0,1,1,1,3,0,0,4,2,11,-5.0
2024,RS,5,44,0,P001927   ,1.0,1.0,HTA,22,"BEVERLEY, PATRICK",35:03,7,2,5,0,4,3,4,1,3,4,7,2,4,0,0,2,3,9,-2.0
2024,RS,5,44,0,P013284   ,1.0,1.0,HTA,24,"WAINRIGHT, ISHMAIL CARZELL",28:33,5,1,1,0,4,3,4,0,2,2,2,2,1,1,1,2,3,6,-6.0
2024,RS,5,44,0,P011386   ,0.0,0.0,HTA,31,"YAACOV, NOAM",DNP,0,0,0,0,0,0,0,0,0,0,0,0,0,0,0,0,0,0,0.0
2024,RS,5,44,0,P010550   ,1.0,1.0,HTA,41,"GINAT, TOMER",27:06,10,2,3,2,3,0,0,1,5,6,1,2,4,0,0,4,3,12,-18.0
2024,RS,5,44,0,P009818   ,0.0,0.0,HTA,50,"BENTIL, BENJAMIN",DNP,0,0,0,0,0,0,0,0,0,0,0,0,0,0,0,0,0,0,0.0
2024,RS,5,44,0,P012096   ,0.0,0.0,HTA,51,"CABOCLO, BRUNO",20:12,6,0,4,2,4,0,0,3,5,8,2,1,0,1,0,2,1,11,9.0
2024,RS,5,44,0,Team,0.0,0.0,HTA,,Team,,0,0,0,0,0,0,0,1,1,2,0,0,0,0,0,0,0,2,
2024,RS,5,44,0,Total,,,HTA,,Total,200:00,73,21,37,8,23,7,15,9,24,33,18,8,16,4,3,21,21,78,
2024,RS,5,45,1,P011150   ,1.0,1.0,BUD,1,"SULAIMON, RASHEED",31:43,12,1,3,3,8,1,2,0,1,1,3,0,2,0,0,3,3,6,-25.0
2024,RS,5,45,1,P006561   ,0.0,0.0,BUD,2,"ILIC, ALEKSA",15:01,1,0,1,0,0,1,2,0,3,3,1,1,0,3,0,0,1,8,-7.0
2024,RS,5,45,1,P012630   ,0.0,0.0,BUD,3,"MAGEE, FLETCHER",11:39,23,2,2,5,7,4,4,0,3,3,0,0,0,0,0,5,3,22,21.0
2024,RS,5,45,1,P006566   ,0.0,1.0,BUD,7,"SLAVKOVIC, ANDRIJA",24:44,4,2,4,0,0,0,0,1,0,1,2,0,1,0,1,4,1,0,-7.0
2024,RS,5,45,1,P005637   ,1.0,0.0,BUD,10,"TANASKOVIC, NIKOLA",19:09,2,1,3,0,1,0,0,1,1,2,0,0,0,0,0,4,2,-1,-4.0
2024,RS,5,45,1,P011281   ,1.0,1.0,BUD,11,"FERRELL, YOGI",29:29,19,1,3,4,9,5,5,0,1,1,4,0,4,0,0,3,4,14,-17.0
2024,RS,5,45,1,P010307   ,0.0,0.0,BUD,13,"JOVANOVIC, DORDIJE",DNP,0,0,0,0,0,0,0,0,0,0,0,0,0,0,0,0,0,0,0.0
2024,RS,5,45,1,P013258   ,1.0,0.0,BUD,23,"DREZNJAK, MATEO",05:47,0,0,1,0,0,0,0,0,0,0,0,0,0,0,1,1,0,-3,-9.0
2024,RS,5,45,1,P004222   ,0.0,0.0,BUD,24,"OMIC, ALEN",11:28,0,0,3,0,1,0,0,2,1,3,1,1,1,0,1,1,2,0,-5.0
2024,RS,5,45,1,P012606   ,0.0,1.0,BUD,25,"WRIGHT IV, MCKINLEY",22:28,7,1,2,1,5,2,2,1,3,4,3,0,3,0,0,2,2,6,-20.0
2024,RS,5,45,1,P013259   ,0.0,0.0,BUD,27,"AZUBUIKE, UDOKA",DNP,0,0,0,0,0,0,0,0,0,0,0,0,0,0,0,0,0,0,0.0
2024,RS,5,45,1,P008325   ,1.0,1.0,BUD,34,"KAMENJAS, KENAN",28:32,7,2,7,0,0,3,4,2,5,7,1,1,2,0,0,4,2,6,-12.0
2024,RS,5,45,1,Team,0.0,0.0,BUD,,Team,,0,0,0,0,0,0,0,4,3,7,0,0,0,0,0,0,0,7,
2024,RS,5,45,1,Total,,,BUD,,Total,200:00,75,10,29,13,31,16,19,11,21,32,15,3,13,3,3,27,20,65,
2024,RS,5,45,0,P011192   ,1.0,1.0,BAH,0,"SMITH, JALEEN",19:18,20,3,4,4,6,2,2,0,1,1,3,0,1,0,0,4,2,18,4.0
2024,RS,5,45,0,P011201   ,0.0,1.0,BAH,2,"HAZER, SEHMUS",26:20,14,3,7,2,3,2,6,2,4,6,6,2,3,0,1,3,4,16,15.0
2024,RS,5,45,0,P011821   ,1.0,1.0,BAH,5,"MASSINBURG, CJ",32:52,8,1,1,1,5,3,5,1,3,4,6,0,2,0,0,2,5,13,31.0
2024,RS,5,45,0,P012405   ,0.0,0.0,BAH,7,"HALTALI, FURKAN",03:44,0,0,0,0,0,0,0,0,0,0,0,0,2,0,0,1,0,-3,1.0
2024,RS,5,45,0,P008282   ,0.0,0.0,BAH,10,"ILYASOGLU, OMERCAN",06:25,0,0,0,0,1,0,0,0,0,0,0,0,1,0,0,1,0,-3,-14.0
2024,RS,5,45,0,PLQV      ,0.0,0.0,BAH,17,"MUTAF, MAXIM",DNP,0,0,0,0,0,0,0,0,0,0,0,0,0,0,0,0,0,0,0.0
2024,RS,5,45,0,P005348   ,0.0,0.0,BAH,18,"ARNA, EGEHAN",DNP,0,0,0,0,0,0,0,0,0,0,0,0,0,0,0,0,0,0,0.0
2024,RS,5,45,0,P012711   ,0.0,0.0,BAH,19,"SIMONOVIC, MARKO",23:14,13,0,6,2,2,7,8,3,4,7,1,2,1,1,2,3,5,16,3.0
2024,RS,5,45,0,P011823   ,1.0,1.0,BAH,21,"ODIASE, TAI",33:52,9,3,4,0,0,3,6,0,3,3,1,1,1,2,0,3,4,12,15.0
2024,RS,5,45,0,P009601   ,1.0,0.0,BAH,34,"CAVANAUGH, TYLER",17:41,7,0,0,1,4,4,6,0,2,2,3,0,0,0,0,2,3,8,7.0
2024,RS,5,45,0,P008278   ,0.0,0.0,BAH,57,"BAS, GOKTUG",DNP,0,0,0,0,0,0,0,0,0,0,0,0,0,0,0,0,0,0,0.0
2024,RS,5,45,0,P003840   ,1.0,1.0,BAH,83,"BOUTEILLE, AXEL",36:34,21,5,6,3,7,2,3,4,8,12,2,3,0,0,0,1,3,34,23.0
2024,RS,5,45,0,Team,0.0,0.0,BAH,,Team,,0,0,0,0,0,0,0,2,1,3,0,0,0,0,0,0,0,3,
2024,RS,5,45,0,Total,,,BAH,,Total,200:00,92,15,28,13,28,23,36,12,26,38,22,8,11,3,3,20,26,114,
2024,RS,5,46,1,P013276   ,0.0,1.0,JER,0,"SMITH, JUSTIN",24:12,10,4,6,0,0,2,6,1,3,4,0,3,3,0,0,4,4,8,-10.0
2024,RS,5,46,1,P011970   ,1.0,1.0,JER,1,"HARPER, JARED",27:49,19,4,6,2,5,5,6,0,2,2,1,4,3,0,0,0,6,23,-14.0
2024,RS,5,46,1,P008912   ,0.0,0.0,JER,3,"CARRINGTON, KHADEEN",18:51,11,3,10,1,5,2,4,1,1,2,1,0,0,0,1,2,3,1,-7.0
2024,RS,5,46,1,P013277   ,1.0,1.0,JER,4,"JOHNSON, CHRIS",23:36,4,2,3,0,2,0,0,2,1,3,1,1,1,0,0,4,1,2,-8.0
2024,RS,5,46,1,P013278   ,1.0,0.0,JER,5,"WILEY, AUSTIN",19:15,5,0,3,0,0,5,8,5,3,8,1,1,3,2,0,2,5,11,0.0
2024,RS,5,46,1,P013279   ,0.0,0.0,JER,7,"CHACHASHVILI, GABRIEL",13:55,2,1,2,0,0,0,0,0,2,2,0,1,3,0,0,2,0,-1,-1.0
2024,RS,5,46,1,P009879   ,0.0,0.0,JER,8,"DOVRAT, NOAM",DNP,0,0,0,0,0,0,0,0,0,0,0,0,0,0,0,0,0,0,0.0
2024,RS,5,46,1,P010431   ,0.0,1.0,JER,20,"MORGAN, JEREMY",16:42,7,1,2,1,3,2,2,0,0,0,1,1,0,0,0,4,1,3,4.0
2024,RS,5,46,1,P010587   ,1.0,0.0,JER,44,"SMITH, KENNETH",30:36,8,2,4,1,6,1,2,1,3,4,6,2,0,0,1,0,1,12,0.0
2024,RS,5,46,1,P006625   ,1.0,1.0,JER,50,"ZOOSMAN, YOVEL",20:08,5,1,1,1,2,0,0,0,1,1,1,1,2,1,0,2,1,5,-7.0
2024,RS,5,46,1,P013281   ,0.0,0.0,JER,80,"CORNELIUS, OR",04:56,2,0,2,0,0,2,2,0,0,0,0,1,1,0,0,1,1,0,3.0
2024,RS,5,46,1,Team,0.0,0.0,JER,,Team,,0,0,0,0,0,0,0,5,3,8,0,0,0,0,0,0,0,8,
2024,RS,5,46,1,Total,,,JER,,Total,200:00,73,18,39,6,23,19,30,15,19,34,12,15,16,3,2,21,23,72,
2024,RS,5,46,0,P011797   ,1.0,1.0,CLU,0,"GUZMAN, KAREL",28:31,20,4,5,4,8,0,0,2,1,3,4,1,5,0,0,4,4,18,15.0
2024,RS,5,46,0,P010651   ,1.0,1.0,CLU,1,"HERVEY, KEVIN",28:19,17,3,4,3,8,2,2,0,4,4,1,1,0,0,0,3,3,17,7.0
2024,RS,5,46,0,P013301   ,0.0,0.0,CLU,2,"SOMACESCU, TUDOR",DNP,0,0,0,0,0,0,0,0,0,0,0,0,0,0,0,0,0,0,0.0
2024,RS,5,46,0,P013302   ,1.0,1.0,CLU,3,"SIMPSON, ZAVIER",25:04,15,4,10,1,1,4,5,0,3,3,5,0,5,0,1,4,4,10,10.0
2024,RS,5,46,0,P005714   ,0.0,0.0,CLU,5,"MEJERIS, MAREKS",10:25,2,0,0,0,1,2,2,0,1,1,0,1,2,0,0,3,2,0,-1.0
2024,RS,5,46,0,P002820   ,0.0,0.0,CLU,9,"SALIN, SASU",18:35,5,1,1,1,2,0,0,0,1,1,1,0,0,0,0,2,2,6,-5.0
2024,RS,5,46,0,P013304   ,1.0,1.0,CLU,10,"HANKINS, ZACH",24:37,4,2,7,0,0,0,0,5,5,10,1,0,5,0,0,2,3,6,12.0
2024,RS,5,46,0,P004862   ,1.0,0.0,CLU,11,"SEELEY, DENNIS",19:27,0,0,4,0,2,0,0,0,1,1,0,2,1,0,2,2,0,-8,1.0
2024,RS,5,46,0,P006618   ,0.0,0.0,CLU,23,"STEPHENS, DE'SHAWN",15:23,4,2,3,0,0,0,0,2,7,9,1,1,1,0,0,3,0,10,-4.0
2024,RS,5,46,0,P012620   ,0.0,0.0,CLU,25,"MACIUCA, MIHAI",02:24,0,0,0,0,0,0,0,1,0,1,0,0,1,0,0,0,0,0,-3.0
2024,RS,5,46,0,P011801   ,0.0,0.0,CLU,35,"RICHARD, PATRICK",01:45,0,0,0,0,0,0,0,0,0,0,1,0,1,0,0,0,0,0,2.0
2024,RS,5,46,0,P012698   ,0.0,1.0,CLU,95,"MOKOKA, ADAM",25:30,14,3,4,2,4,2,3,1,8,9,3,0,0,2,0,0,3,27,6.0
2024,RS,5,46,0,Team,0.0,0.0,CLU,,Team,,0,0,0,0,0,0,0,3,1,4,0,0,1,0,0,0,0,3,
2024,RS,5,46,0,Total,,,CLU,,Total,200:00,81,19,38,11,26,10,12,14,32,46,17,6,22,2,3,23,21,89,
2024,RS,5,47,1,P003759   ,0.0,1.0,VNC,0,"TESSITORI, AMEDEO",22:00,10,4,7,0,0,2,4,3,5,8,0,1,4,1,0,1,4,14,-8.0
2024,RS,5,47,1,P012800   ,1.0,0.0,VNC,2,"MC GRUDER, RODNEY",31:01,28,7,10,3,7,5,7,0,1,1,4,4,2,0,1,1,4,28,14.0
2024,RS,5,47,1,P006571   ,0.0,0.0,VNC,4,"LEVER, ALESSANDRO",DNP,0,0,0,0,0,0,0,0,0,0,0,0,0,0,0,0,0,0,0.0
2024,RS,5,47,1,P009400   ,0.0,1.0,VNC,7,"CASARIN, DAVIDE",21:49,6,0,1,1,1,3,3,0,2,2,2,0,3,0,0,3,3,6,13.0
2024,RS,5,47,1,P005177   ,0.0,0.0,VNC,8,"FERNANDEZ, JUAN",10:32,2,1,1,0,1,0,0,0,0,0,2,1,1,0,0,1,1,3,4.0
2024,RS,5,47,1,P005404   ,1.0,1.0,VNC,9,"MORETTI, DAVIDE",24:56,6,0,1,2,6,0,2,0,3,3,3,1,1,0,0,4,3,4,0.0
2024,RS,5,47,1,P008858   ,0.0,0.0,VNC,11,"ENNIS, TYLER",DNP,0,0,0,0,0,0,0,0,0,0,0,0,0,0,0,0,0,0,0.0
2024,RS,5,47,1,P012588   ,0.0,0.0,VNC,14,"JANELIDZE, GIGA",DNP,0,0,0,0,0,0,0,0,0,0,0,0,0,0,0,0,0,0,0.0
2024,RS,5,47,1,P012796   ,1.0,0.0,VNC,21,"TSHIMANGA KABENGELE, MFIONDU",18:00,7,3,4,0,0,1,1,1,2,3,2,0,0,0,0,5,1,7,20.0
2024,RS,5,47,1,P013305   ,1.0,1.0,VNC,24,"WHEATLE, CARL",31:42,2,0,0,0,0,2,2,1,6,7,5,2,0,2,0,2,3,19,5.0
2024,RS,5,47,1,P011928   ,1.0,1.0,VNC,25,"SIMMS, AAMIR",25:56,14,3,6,2,2,2,3,0,5,5,1,0,2,0,0,3,3,14,6.0
2024,RS,5,47,1,P008052   ,0.0,0.0,VNC,33,"WILTJER, KYLE",14:04,5,1,3,1,4,0,0,1,3,4,1,0,1,0,1,1,1,3,6.0
2024,RS,5,47,1,Team,0.0,0.0,VNC,,Team,,0,0,0,0,0,0,0,1,2,3,0,0,1,0,0,0,0,2,
2024,RS,5,47,1,Total,,,VNC,,Total,200:00,80,19,33,9,21,15,22,7,29,36,20,9,15,3,2,21,23,100,
2024,RS,5,47,0,P013308   ,1.0,1.0,HAM,1,"IVEY, BRAE",27:06,8,3,9,0,5,2,3,1,2,3,7,0,1,0,1,4,3,3,-22.0
2024,RS,5,47,0,P011256   ,1.0,0.0,HAM,3,"RICH, OSARO",25:17,11,1,5,2,3,3,3,1,3,4,0,1,1,0,0,4,5,11,2.0
2024,RS,5,47,0,P013309   ,0.0,1.0,HAM,4,"LOTTIE, JAIZEC",19:13,13,4,6,1,4,2,2,1,2,3,2,1,4,0,0,3,2,9,-4.0
2024,RS,5,47,0,P010070   ,0.0,0.0,HAM,6,"MOELLER, LEIF",11:56,0,0,1,0,1,0,0,1,1,2,1,0,0,0,0,1,0,0,5.0
2024,RS,5,47,0,P013310   ,0.0,0.0,HAM,8,"GREY, JARED",08:09,0,0,0,0,0,0,0,0,0,0,0,0,0,0,0,2,0,-2,-1.0
2024,RS,5,47,0,P013311   ,0.0,0.0,HAM,11,"KENNEDY, KEONDRE",10:10,5,1,2,1,1,0,0,0,0,0,1,0,1,0,0,1,1,4,0.0
2024,RS,5,47,0,P012695   ,0.0,0.0,HAM,14,"REECE, CAMRON",11:04,8,3,5,0,0,2,3,0,3,3,0,2,1,0,1,3,2,7,-3.0
2024,RS,5,47,0,P013312   ,1.0,1.0,HAM,21,"BARNETT, JORDAN",24:20,5,1,2,0,2,3,5,2,0,2,0,2,1,0,0,0,2,5,-18.0
2024,RS,5,47,0,P013313   ,1.0,1.0,HAM,23,"KUATH, KUR",28:56,12,5,7,0,0,2,2,1,3,4,0,1,1,2,0,3,3,16,-9.0
2024,RS,5,47,0,P003242   ,1.0,1.0,HAM,25,"OGBE, KENNETH",18:09,3,1,2,0,3,1,2,2,2,4,0,0,1,0,1,0,1,1,-16.0
2024,RS,5,47,0,P006420   ,0.0,0.0,HAM,33,"HECKMANN, PATRICK",15:40,3,0,1,1,2,0,2,0,3,3,3,0,0,0,0,2,2,5,6.0
2024,RS,5,47,0,Team,0.0,0.0,HAM,,Team,,0,0,0,0,0,0,0,2,2,4,0,0,1,0,0,0,0,3,
2024,RS,5,47,0,Total,,,HAM,,Total,200:00,68,19,40,5,21,15,22,11,21,32,14,7,12,2,3,23,21,62,
2024,RS,5,48,1,P012259   ,0.0,0.0,TTK,1,"HEIDEGGER, MAX",13:58,3,0,0,1,3,0,0,0,1,1,0,0,0,0,0,0,0,2,-18.0
2024,RS,5,48,1,P007917   ,0.0,0.0,TTK,3,"DURMAZ, BERKAN",12:20,5,0,0,1,2,2,3,0,2,2,0,0,1,0,0,1,4,7,-13.0
2024,RS,5,48,1,P004056   ,0.0,0.0,TTK,5,"AKPINAR, ISMET",05:37,2,0,0,0,1,2,2,0,0,0,0,0,0,0,0,0,1,2,-4.0
2024,RS,5,48,1,P011973   ,1.0,1.0,TTK,7,"ALEXANDER, KYLE",31:07,4,1,4,0,0,2,4,3,2,5,2,1,0,1,0,3,2,7,-11.0
2024,RS,5,48,1,P009025   ,1.0,1.0,TTK,8,"BROWN, ANTHONY",37:19,18,6,10,1,4,3,4,0,6,6,6,0,4,0,0,2,3,19,-5.0
2024,RS,5,48,1,P012415   ,0.0,0.0,TTK,9,"TUNCA, MELIH",11:43,7,2,3,1,1,0,0,1,2,3,0,1,1,0,0,5,0,4,6.0
2024,RS,5,48,1,P010465   ,0.0,1.0,TTK,11,"ANGOLA, BRAIAN",22:38,23,4,9,3,4,6,10,1,1,2,3,1,2,0,0,3,12,26,2.0
2024,RS,5,48,1,P004619   ,0.0,0.0,TTK,13,"AGVA, MAHIR",05:35,0,0,1,0,0,0,0,0,0,0,0,0,0,0,0,0,0,-1,-6.0
2024,RS,5,48,1,P013300   ,1.0,1.0,TTK,20,"BESS, JAVON",27:45,6,2,4,0,1,2,2,1,0,1,0,1,1,1,0,2,2,5,-6.0
2024,RS,5,48,1,P006598   ,1.0,0.0,TTK,21,"HANLAN, OLIVIER",13:41,8,2,5,1,2,1,2,0,0,0,0,0,1,0,1,2,2,1,-9.0
2024,RS,5,48,1,P010811   ,0.0,0.0,TTK,38,"TARLA, KAAN",00:23,0,0,0,0,1,0,0,0,0,0,0,0,0,0,0,0,0,-1,-3.0
2024,RS,5,48,1,P011935   ,1.0,1.0,TTK,55,"MAKOUNDOU, YOAN",17:54,11,3,3,0,2,5,5,1,4,5,2,0,2,1,0,1,3,17,-3.0
2024,RS,5,48,1,Team,0.0,0.0,TTK,,Team,,0,0,0,0,0,0,0,0,4,4,0,0,1,0,0,0,0,3,
2024,RS,5,48,1,Total,,,TTK,,Total,200:00,87,20,39,8,21,23,32,7,22,29,13,4,13,3,1,19,29,91,
2024,RS,5,48,0,P007527   ,0.0,0.0,PAM,0,"BADIO, BRANCOU",20:29,8,1,1,2,3,0,0,0,0,0,4,0,1,0,0,1,3,12,4.0
2024,RS,5,48,0,P006643   ,0.0,1.0,PAM,2,"PUERTO, JOSEP",19:47,11,1,3,3,6,0,0,1,2,3,1,1,2,0,1,4,0,4,1.0
2024,RS,5,48,0,P012738   ,0.0,0.0,PAM,3,"REUVERS, NATHAN",10:56,4,2,3,0,0,0,0,0,3,3,0,0,2,0,0,2,1,3,10.0
2024,RS,5,48,0,P010393   ,0.0,1.0,PAM,4,"PRADILLA, JAIME",21:22,7,1,2,1,2,2,2,0,5,5,3,0,0,0,1,2,1,11,1.0
2024,RS,5,48,0,P010750   ,1.0,0.0,PAM,5,"DE LARREA, SERGIO",16:35,12,3,4,2,3,0,1,0,0,0,2,1,2,0,0,4,2,8,8.0
2024,RS,5,48,0,P005356   ,1.0,1.0,PAM,6,"LOPEZ-AROSTEGUI, XABI",19:31,8,0,2,0,1,8,8,1,4,5,7,1,1,0,1,4,4,16,10.0
2024,RS,5,48,0,P004863   ,0.0,0.0,PAM,16,"JOVIC, STEFAN",13:01,4,2,2,0,2,0,2,0,1,1,1,1,3,0,0,1,1,0,9.0
2024,RS,5,48,0,P004548   ,0.0,1.0,PAM,18,"FILIPOVIC, GORAN",10:24,5,1,2,1,2,0,0,0,0,0,0,0,0,0,0,2,0,1,-3.0
2024,RS,5,48,0,P009864   ,0.0,0.0,PAM,22,"HAPP, ETHAN",13:30,7,3,4,0,0,1,1,1,3,4,2,0,0,0,0,2,2,12,1.0
2024,RS,5,48,0,P010444   ,1.0,1.0,PAM,24,"COSTELLO, MATTHEW",15:34,5,2,3,0,1,1,1,2,5,7,2,0,2,0,0,2,1,9,3.0
2024,RS,5,48,0,P011982   ,1.0,0.0,PAM,37,"OJELEYE, SEMI",20:13,21,2,5,5,8,2,2,0,2,2,0,0,2,0,0,2,2,15,13.0
2024,RS,5,48,0,P011980   ,1.0,0.0,PAM,77,"SESTINA, NATHAN",18:38,9,3,3,1,3,0,0,2,1,3,2,1,1,1,0,3,1,11,13.0
2024,RS,5,48,0,Team,0.0,0.0,PAM,,Team,,0,0,0,0,0,0,0,1,3,4,0,0,1,0,0,0,0,3,
2024,RS,5,48,0,Total,,,PAM,,Total,200:00,101,21,34,15,31,14,17,8,29,37,24,5,17,1,3,29,18,105,
2024,RS,5,49,1,P009898   ,1.0,0.0,LKB,2,"BICKAUSKIS, DOVIS",23:49,16,2,5,4,6,0,0,0,3,3,3,0,3,0,0,5,4,13,9.0
2024,RS,5,49,1,P010181   ,0.0,0.0,LKB,3,"STENIONIS, DOMINYKAS",06:22,0,0,0,0,0,0,0,0,0,0,0,0,2,0,0,1,0,-3,-5.0
2024,RS,5,49,1,PLXI      ,1.0,1.0,LKB,10,"LIPKEVICIUS, VYTENIS",26:37,0,0,2,0,2,0,0,1,4,5,1,0,1,0,1,2,1,-1,2.0
2024,RS,5,49,1,P010461   ,0.0,1.0,LKB,12,"MALDUNAS, GABRIELIUS",14:03,2,1,2,0,0,0,0,0,2,2,2,1,0,1,1,2,0,4,-9.0
2024,RS,5,49,1,P005521   ,1.0,1.0,LKB,13,"VARNAS, MARTYNAS",28:34,8,0,2,2,7,2,2,0,1,1,2,1,1,1,0,2,2,5,20.0
2024,RS,5,49,1,P005656   ,1.0,0.0,LKB,15,"PECARSKI, MARKO",29:00,22,8,8,1,1,3,3,1,7,8,1,0,1,2,0,1,3,34,5.0
2024,RS,5,49,1,P006586   ,0.0,1.0,LKB,16,"KALAITZAKIS, GEORGIOS",14:45,14,2,5,1,2,7,10,0,1,1,2,1,5,0,1,3,7,9,-5.0
2024,RS,5,49,1,P009299   ,0.0,1.0,LKB,17,"RUBSTAVICIUS, MANTAS",20:53,9,2,3,0,3,5,8,2,2,4,3,0,3,0,0,3,6,9,-7.0
2024,RS,5,49,1,P006212   ,0.0,0.0,LKB,18,"VASILIAUSKAS, GRANTAS",10:37,2,1,1,0,0,0,0,1,0,1,1,2,1,0,0,1,0,4,-2.0
2024,RS,5,49,1,P005113   ,1.0,0.0,LKB,31,"STIPANOVIC, ANDRIJA",25:20,11,5,6,0,0,1,2,4,4,8,4,0,4,0,0,5,2,14,12.0
2024,RS,5,49,1,Team,0.0,0.0,LKB,,Team,,0,0,0,0,0,0,0,3,4,7,0,0,0,0,0,0,0,7,
2024,RS,5,49,1,Total,,,LKB,,Total,200:00,84,21,34,8,21,18,25,12,28,40,19,5,21,4,3,25,25,95,
2024,RS,5,49,0,P004525   ,0.0,1.0,BOU,3,"SALASH, MAKSIM",24:36,6,1,3,0,2,4,6,3,1,4,1,0,1,0,0,2,5,7,6.0
2024,RS,5,49,0,P013264   ,1.0,0.0,BOU,4,"NELSON, ADRIAN",20:09,6,2,3,0,3,2,2,2,4,6,0,1,0,1,1,2,1,8,-12.0
2024,RS,5,49,0,P010449   ,0.0,1.0,BOU,5,"BENITEZ, HUGO",15:50,0,0,2,0,2,0,0,0,1,1,4,0,1,0,0,0,1,1,0.0
2024,RS,5,49,0,P010450   ,0.0,0.0,BOU,7,"COURBY, MAXIME",07:43,0,0,1,0,1,0,0,0,0,0,0,1,0,0,0,0,0,-1,7.0
2024,RS,5,49,0,P013265   ,1.0,1.0,BOU,8,"USHER, JORDAN",25:28,6,1,4,0,1,4,4,0,1,1,1,1,0,0,0,2,2,5,-12.0
2024,RS,5,49,0,P009556   ,0.0,0.0,BOU,10,"NGOUAMA, MEHDY",12:48,9,2,4,1,3,2,2,0,2,2,1,2,2,0,0,5,3,6,2.0
2024,RS,5,49,0,P006904   ,0.0,0.0,BOU,11,"AYAYI, JOEL",15:49,11,4,4,1,2,0,0,1,1,2,0,2,2,1,0,4,1,10,9.0
2024,RS,5,49,0,P013266   ,1.0,1.0,BOU,13,"CASTANEDA, XAVIER",27:45,23,3,7,4,6,5,6,0,0,0,5,2,2,0,3,4,9,23,2.0
2024,RS,5,49,0,P009552   ,0.0,0.0,BOU,27,"PANSA, JEAN-MARC",16:10,6,3,6,0,0,0,0,0,0,0,0,1,1,1,0,2,0,2,1.0
2024,RS,5,49,0,P004945   ,1.0,1.0,BOU,33,"PAUL, BRANDON",17:17,4,2,2,0,4,0,0,1,2,3,2,0,1,0,0,0,0,4,-14.0
2024,RS,5,49,0,P011837   ,1.0,0.0,BOU,34,"KOKILA, KEVIN",16:25,9,4,4,0,0,1,2,1,2,3,0,2,1,0,0,5,3,10,-9.0
2024,RS,5,49,0,Team,0.0,0.0,BOU,,Team,,0,0,0,0,0,0,0,2,0,2,0,0,0,0,0,0,0,2,
2024,RS,5,49,0,Total,,,BOU,,Total,200:00,80,22,40,6,24,18,22,10,14,24,14,12,11,3,4,26,25,77,
2024,RS,5,50,1,P013248   ,1.0,0.0,ARI,1,"BANKS, JAMES",05:20,4,2,2,0,0,0,0,1,0,1,0,0,0,0,0,2,0,3,0.0
2024,RS,5,50,1,P013249   ,1.0,1.0,ARI,2,"NOLLEY, LANDERS",26:01,15,3,6,1,5,6,8,0,5,5,2,1,3,0,0,3,4,12,4.0
2024,RS,5,50,1,P004292   ,0.0,1.0,ARI,4,"TOLIOPOULOS, VASSILIS",30:25,17,2,8,4,10,1,1,0,2,2,3,1,0,1,3,1,9,17,-4.0
2024,RS,5,50,1,P013250   ,1.0,1.0,ARI,5,"DE JULIUS, DAVID",32:28,10,2,6,1,2,3,6,1,1,2,4,1,3,0,1,3,5,7,0.0
2024,RS,5,50,1,P013355   ,0.0,0.0,ARI,10,"CHATZIDAKIS, EMMANOUIL",16:10,2,1,1,0,0,0,0,1,2,3,0,0,1,0,0,3,0,1,9.0
2024,RS,5,50,1,P013393   ,0.0,1.0,ARI,11,"LASZEWSKI, NATHAN JAMES",04:18,2,1,2,0,0,0,0,1,0,1,0,1,0,0,1,2,0,0,-2.0
2024,RS,5,50,1,P013356   ,1.0,0.0,ARI,12,"GKIOUZELIS, GEORGIOS",04:32,0,0,0,0,1,0,0,0,0,0,0,1,1,0,0,0,0,-1,1.0
2024,RS,5,50,1,P003240   ,0.0,0.0,ARI,13,"BOCHORIDIS, ELEFTHERIOS",20:11,0,0,0,0,4,0,0,2,2,4,3,0,1,0,0,1,1,2,-17.0
2024,RS,5,50,1,P013395   ,0.0,0.0,ARI,17,"VISSARIOU, TILEMACHOS",01:42,0,0,0,0,1,0,0,0,0,0,0,1,0,0,0,3,0,-3,-1.0
2024,RS,5,50,1,P013251   ,1.0,0.0,ARI,22,"WOODBURY, TREY",18:01,5,1,3,1,1,0,0,1,4,5,2,1,0,0,1,4,0,6,-6.0
2024,RS,5,50,1,P013252   ,0.0,0.0,ARI,23,"ROBERTS, JOSHUA",16:38,8,3,4,0,0,2,3,1,1,2,0,0,3,3,0,5,2,5,-17.0
2024,RS,5,50,1,P013253   ,0.0,1.0,ARI,55,"HODGE, D' MOI",24:14,12,0,0,4,8,0,0,0,1,1,1,0,3,1,0,1,0,7,-2.0
2024,RS,5,50,1,Team,0.0,0.0,ARI,,Team,,0,0,0,0,0,0,0,5,2,7,0,0,1,0,0,0,0,6,
2024,RS,5,50,1,Total,,,ARI,,Total,200:00,75,15,32,11,32,12,18,13,20,33,15,7,16,5,6,28,21,62,
2024,RS,5,50,0,P012700   ,1.0,0.0,LJU,0,"STEWART, DJ",32:53,15,5,7,0,1,5,8,2,6,8,0,3,1,1,2,1,6,23,16.0
2024,RS,5,50,0,P012042   ,1.0,1.0,LJU,1,"ROBINSON, DEVIN",25:28,18,6,12,0,1,6,8,1,3,4,2,3,2,0,1,3,6,18,11.0
2024,RS,5,50,0,P013260   ,0.0,1.0,LJU,2,"JONES, DEVANTE",16:20,2,1,2,0,1,0,2,0,4,4,7,0,3,0,1,1,2,6,-6.0
2024,RS,5,50,0,P009392   ,0.0,1.0,LJU,3,"RADOVIC, ROK",20:01,10,2,2,1,2,3,3,3,2,5,1,0,0,1,0,4,2,14,15.0
2024,RS,5,50,0,P003703   ,1.0,1.0,LJU,5,"NIKOLIC, ALEKSEJ",29:11,6,1,1,0,4,4,4,0,0,0,3,0,5,0,0,3,8,5,8.0
2024,RS,5,50,0,P011261   ,0.0,0.0,LJU,7,"GLAS, GREGOR",06:35,0,0,0,0,1,0,0,0,0,0,0,0,1,0,0,1,0,-3,-2.0
2024,RS,5,50,0,P003452   ,1.0,1.0,LJU,11,"BLAZIC, JAKA",32:07,19,6,6,1,3,4,5,0,5,5,4,2,1,0,0,1,4,29,6.0
2024,RS,5,50,0,P012996   ,1.0,0.0,LJU,20,"BERINGER, JOAN",12:53,4,2,2,0,0,0,0,1,3,4,0,1,0,2,0,3,0,8,4.0
2024,RS,5,50,0,P009753   ,0.0,0.0,LJU,23,"GEBEN, MARTINAS",14:26,6,3,3,0,0,0,0,0,2,2,1,0,1,2,0,2,0,8,-4.0
2024,RS,5,50,0,P013262   ,0.0,0.0,LJU,34,"PREPELIC, BINE",02:22,0,0,2,0,0,0,0,1,0,1,0,0,1,0,1,0,0,-3,-7.0
2024,RS,5,50,0,P013263   ,0.0,0.0,LJU,37,"OGBEIDE, DEREK",02:09,0,0,0,0,0,0,0,0,1,1,0,0,0,0,0,1,0,0,-2.0
2024,RS,5,50,0,P009431   ,0.0,0.0,LJU,41,"DANEU, ZIGA",05:35,2,1,1,0,0,0,0,0,1,1,0,0,2,0,0,1,0,0,-4.0
2024,RS,5,50,0,Team,0.0,0.0,LJU,,Team,,0,0,0,0,0,0,0,0,2,2,0,0,0,0,0,0,0,2,
2024,RS,5,50,0,Total,,,LJU,,Total,200:00,82,27,38,2,13,22,30,8,29,37,18,9,17,6,5,21,28,107,
2024,RS,6,51,1,P011192   ,1.0,0.0,BAH,0,"SMITH, JALEEN",28:17,22,3,6,5,15,1,1,1,2,3,3,1,4,0,0,3,3,12,4.0
2024,RS,6,51,1,P011201   ,1.0,0.0,BAH,2,"HAZER, SEHMUS",28:50,3,0,2,0,2,3,6,0,6,6,4,0,1,0,1,1,4,7,5.0
2024,RS,6,51,1,P012405   ,1.0,0.0,BAH,7,"HALTALI, FURKAN",03:22,0,0,0,0,0,0,0,1,0,1,0,0,2,0,0,2,0,-3,1.0
2024,RS,6,51,1,P008282   ,0.0,1.0,BAH,10,"ILYASOGLU, OMERCAN",00:29,0,0,0,0,0,0,0,0,0,0,0,0,0,0,0,0,0,0,0.0
2024,RS,6,51,1,PLQV      ,0.0,0.0,BAH,17,"MUTAF, MAXIM",DNP,0,0,0,0,0,0,0,0,0,0,0,0,0,0,0,0,0,0,0.0
2024,RS,6,51,1,P005348   ,0.0,1.0,BAH,18,"ARNA, EGEHAN",09:36,2,1,1,0,1,0,0,1,0,1,1,1,0,0,0,0,1,5,-4.0
2024,RS,6,51,1,P012711   ,0.0,1.0,BAH,19,"SIMONOVIC, MARKO",20:45,10,2,4,1,1,3,5,2,1,3,1,0,2,1,0,3,4,10,14.0
2024,RS,6,51,1,P004172   ,0.0,0.0,BAH,20,"PONITKA, MATEUSZ",24:22,12,0,3,3,5,3,4,1,1,2,5,2,1,0,0,2,7,19,18.0
2024,RS,6,51,1,P011823   ,0.0,1.0,BAH,21,"ODIASE, TAI",29:45,11,4,5,0,0,3,6,3,7,10,0,0,3,2,0,3,4,17,-2.0
2024,RS,6,51,1,P009601   ,1.0,0.0,BAH,34,"CAVANAUGH, TYLER",26:08,5,1,2,1,2,0,0,3,5,8,4,0,0,1,0,3,1,14,11.0
2024,RS,6,51,1,P008278   ,0.0,1.0,BAH,57,"BAS, GOKTUG",00:29,0,0,0,0,0,0,0,0,0,0,0,0,0,0,0,0,0,0,0.0
2024,RS,6,51,1,P003840   ,1.0,0.0,BAH,83,"BOUTEILLE, AXEL",27:57,14,2,6,3,6,1,2,2,5,7,1,0,1,0,1,4,1,9,13.0
2024,RS,6,51,1,Team,0.0,0.0,BAH,,Team,,0,0,0,0,0,0,0,3,0,3,0,0,2,0,0,0,0,1,
2024,RS,6,51,1,Total,,,BAH,,Total,200:00,79,13,29,13,32,14,24,17,27,44,19,4,16,4,2,21,25,91,
2024,RS,6,51,0,P013292   ,0.0,0.0,TSO,0,"JANKOWSKI, BARTOSZ",06:12,0,0,0,0,1,0,0,0,0,0,0,0,0,0,0,0,1,0,4.0
2024,RS,6,51,0,P012019   ,0.0,1.0,TSO,3,"BEST, AARON",18:53,4,2,3,0,1,0,0,0,2,2,2,0,1,0,0,4,1,2,-8.0
2024,RS,6,51,0,P013293   ,0.0,1.0,TSO,5,"MCGOWENS, ROBERT",09:53,1,0,1,0,2,1,2,0,0,0,0,0,0,0,1,1,1,-4,-5.0
2024,RS,6,51,0,P013294   ,0.0,0.0,TSO,9,"JASZCZERSKI, WIKTOR",DNP,0,0,0,0,0,0,0,0,0,0,0,0,0,0,0,0,0,0,0.0
2024,RS,6,51,0,P008790   ,0.0,0.0,TSO,12,"WITLINSKI, MIKOLAJ",18:53,3,1,1,0,0,1,2,0,2,2,0,1,1,0,0,5,2,1,7.0
2024,RS,6,51,0,P013295   ,1.0,1.0,TSO,15,"ZYSKOWSKI, JAROSLAW",28:03,12,3,8,1,2,3,4,1,1,2,0,0,0,0,0,0,3,10,-15.0
2024,RS,6,51,0,P009649   ,1.0,0.0,TSO,22,"PHILLIP, TARIK",33:43,13,5,9,1,5,0,0,2,3,5,3,4,1,0,0,5,6,17,-8.0
2024,RS,6,51,0,P013297   ,1.0,1.0,TSO,50,"WEATHERS, MARCUS",29:26,10,2,6,1,3,3,4,3,4,7,2,0,1,2,3,3,2,9,-22.0
2024,RS,6,51,0,P013298   ,1.0,1.0,TSO,55,"SCHENK, JAKUB",34:55,14,1,5,3,5,3,3,2,1,3,6,0,4,0,0,2,4,15,-11.0
2024,RS,6,51,0,P003885   ,1.0,0.0,TSO,81,"VAN VLIET, ANDY",20:02,10,5,7,0,4,0,0,1,5,6,0,0,1,0,0,5,0,4,-2.0
2024,RS,6,51,0,Team,0.0,0.0,TSO,,Team,,0,0,0,0,0,0,0,2,2,4,0,0,0,0,0,0,0,4,
2024,RS,6,51,0,Total,,,TSO,,Total,200:00,67,19,40,6,23,11,15,11,20,31,13,5,9,2,4,25,20,58,
2024,RS,6,52,1,P011157   ,1.0,0.0,HTA,0,"MOTLEY, JOHNATHAN",25:38,30,9,13,1,1,9,9,1,6,7,4,1,4,0,0,2,7,39,13.0
2024,RS,6,52,1,P005181   ,0.0,0.0,HTA,1,"RAGLAND, JOE",19:18,6,3,3,0,2,0,0,1,0,1,5,0,1,0,0,1,2,10,13.0
2024,RS,6,52,1,P013282   ,0.0,1.0,HTA,7,"RUINA, MIRON",01:18,0,0,0,0,0,0,0,0,0,0,0,0,0,0,0,0,0,0,0.0
2024,RS,6,52,1,P013283   ,0.0,0.0,HTA,9,"PALATIN, GUY",DNP,0,0,0,0,0,0,0,0,0,0,0,0,0,0,0,0,0,0,0.0
2024,RS,6,52,1,P004846   ,0.0,0.0,HTA,10,"TIMOR, BAR",21:05,10,2,3,1,3,3,4,1,2,3,3,1,1,0,0,3,4,13,23.0
2024,RS,6,52,1,P009877   ,0.0,1.0,HTA,14,"BLAYZER, OZ",07:48,4,2,2,0,1,0,0,0,1,1,1,0,0,0,0,0,0,5,10.0
2024,RS,6,52,1,P010386   ,1.0,0.0,HTA,17,"FOSTER, MARCUS",23:35,23,4,4,5,6,0,0,0,0,0,0,0,1,0,1,0,0,20,0.0
2024,RS,6,52,1,P001927   ,1.0,0.0,HTA,22,"BEVERLEY, PATRICK",17:26,0,0,0,0,4,0,0,0,1,1,3,1,1,0,0,4,2,-2,1.0
2024,RS,6,52,1,P013284   ,1.0,1.0,HTA,24,"WAINRIGHT, ISHMAIL CARZELL",25:56,0,0,3,0,2,0,0,0,6,6,2,2,1,0,0,3,2,3,10.0
2024,RS,6,52,1,P011386   ,0.0,1.0,HTA,31,"YAACOV, NOAM",22:41,8,2,2,1,5,1,1,1,3,4,4,0,2,0,0,3,3,10,15.0
2024,RS,6,52,1,P010550   ,1.0,1.0,HTA,41,"GINAT, TOMER",20:35,6,3,7,0,2,0,0,1,6,7,1,0,1,0,2,1,0,4,5.0
2024,RS,6,52,1,P012096   ,0.0,0.0,HTA,51,"CABOCLO, BRUNO",14:40,5,1,2,0,0,3,3,0,3,3,1,0,0,0,1,2,2,7,10.0
2024,RS,6,52,1,Team,0.0,0.0,HTA,,Team,,0,0,0,0,0,0,0,1,4,5,0,0,0,0,0,0,0,5,
2024,RS,6,52,1,Total,,,HTA,,Total,200:00,92,26,39,8,26,16,17,6,32,38,24,5,12,0,4,19,22,114,
2024,RS,6,52,0,P011150   ,1.0,1.0,BUD,1,"SULAIMON, RASHEED",28:52,13,3,8,2,4,1,3,0,3,3,2,0,1,0,0,3,3,8,-17.0
2024,RS,6,52,0,P006561   ,0.0,1.0,BUD,2,"ILIC, ALEKSA",21:35,8,4,6,0,0,0,0,0,3,3,1,0,1,3,0,1,0,11,-16.0
2024,RS,6,52,0,P012630   ,0.0,0.0,BUD,3,"MAGEE, FLETCHER",10:28,0,0,2,0,2,0,0,0,3,3,1,0,0,0,0,2,1,-1,-14.0
2024,RS,6,52,0,P006566   ,1.0,0.0,BUD,7,"SLAVKOVIC, ANDRIJA",16:40,5,1,2,1,2,0,0,0,2,2,0,0,1,0,0,2,0,2,1.0
2024,RS,6,52,0,P005637   ,1.0,1.0,BUD,10,"TANASKOVIC, NIKOLA",22:37,6,2,2,0,2,2,2,1,0,1,1,1,3,0,0,3,3,4,-3.0
2024,RS,6,52,0,P011281   ,0.0,1.0,BUD,11,"FERRELL, YOGI",22:50,11,3,5,1,4,2,2,0,2,2,4,0,1,0,0,1,4,14,-20.0
2024,RS,6,52,0,P010307   ,0.0,1.0,BUD,13,"JOVANOVIC, DORDIJE",16:07,8,1,1,2,3,0,0,0,0,0,0,1,0,0,0,3,0,5,-7.0
2024,RS,6,52,0,P013258   ,0.0,0.0,BUD,23,"DREZNJAK, MATEO",05:25,0,0,1,0,1,0,0,0,0,0,0,0,0,0,0,1,1,-2,0.0
2024,RS,6,52,0,P004222   ,0.0,0.0,BUD,24,"OMIC, ALEN",14:44,2,1,2,0,0,0,2,1,1,2,1,0,1,1,0,3,2,1,-17.0
2024,RS,6,52,0,P012606   ,1.0,0.0,BUD,25,"WRIGHT IV, MCKINLEY",20:01,13,4,9,0,2,5,5,0,2,2,3,0,1,0,0,2,3,11,-5.0
2024,RS,6,52,0,P013259   ,0.0,0.0,BUD,27,"AZUBUIKE, UDOKA",DNP,0,0,0,0,0,0,0,0,0,0,0,0,0,0,0,0,0,0,0.0
2024,RS,6,52,0,P008325   ,1.0,0.0,BUD,34,"KAMENJAS, KENAN",20:41,6,3,4,0,1,0,0,0,4,4,2,1,1,0,0,1,0,9,-2.0
2024,RS,6,52,0,Team,0.0,0.0,BUD,,Team,,0,0,0,0,0,0,0,1,4,5,0,0,0,0,0,0,0,5,
2024,RS,6,52,0,Total,,,BUD,,Total,200:00,72,22,42,6,21,10,14,3,24,27,15,3,10,4,0,22,17,67,
2024,RS,6,53,1,P006245   ,0.0,0.0,ULM,0,"WEIDEMANN, NELSON",10:35,6,0,1,2,2,0,0,0,0,0,1,0,1,0,1,3,0,1,-7.0
2024,RS,6,53,1,P013289   ,0.0,1.0,ULM,3,"SANTOS, MARCIO",24:18,23,5,6,3,4,4,5,2,9,11,0,0,4,0,0,4,4,27,20.0
2024,RS,6,53,1,P010726   ,0.0,0.0,ULM,7,"JENSEN, TOBIAS",07:16,0,0,0,0,2,0,0,0,0,0,0,1,0,0,0,0,0,-1,-6.0
2024,RS,6,53,1,P012077   ,0.0,0.0,ULM,9,"PLUMMER, ALFONSO",27:50,21,1,1,6,10,1,2,0,1,1,1,0,1,0,1,2,3,17,8.0
2024,RS,6,53,1,P013290   ,1.0,0.0,ULM,10,"JESSUP, JUSTINIAN",30:31,0,0,1,0,4,0,0,1,1,2,7,1,2,1,1,5,0,-2,0.0
2024,RS,6,53,1,P011391   ,1.0,1.0,ULM,12,"ESSENGUE, NOA",15:30,7,2,6,0,2,3,6,2,2,4,0,1,0,0,0,1,3,5,-17.0
2024,RS,6,53,1,P007952   ,1.0,0.0,ULM,13,"BRETZEL, NICOLAS",06:36,0,0,0,0,2,0,0,0,1,1,0,0,1,0,0,0,0,-2,-8.0
2024,RS,6,53,1,P006997   ,0.0,0.0,ULM,14,"HERKENHOFF, PHILIPP",08:18,4,2,4,0,0,0,0,0,2,2,0,0,1,0,0,1,0,2,-8.0
2024,RS,6,53,1,P013291   ,0.0,1.0,ULM,15,"ROBY, ISAIAH",16:08,5,2,3,0,0,1,1,1,2,3,1,1,1,0,0,2,1,7,4.0
2024,RS,6,53,1,P012602   ,0.0,0.0,ULM,21,"ANIGBATA, ALEC",DNP,0,0,0,0,0,0,0,0,0,0,0,0,0,0,0,0,0,0,0.0
2024,RS,6,53,1,P005422   ,1.0,1.0,ULM,35,"JALLOW, KARIM",23:33,4,0,3,0,0,4,4,0,3,3,1,2,3,0,0,3,5,6,14.0
2024,RS,6,53,1,P011437   ,1.0,1.0,ULM,77,"SARAF, BEN",29:25,14,3,6,1,4,5,6,0,6,6,7,1,2,0,0,2,7,24,10.0
2024,RS,6,53,1,Team,0.0,0.0,ULM,,Team,,0,0,0,0,0,0,0,1,1,2,0,0,1,0,0,0,0,1,
2024,RS,6,53,1,Total,,,ULM,,Total,200:00,84,15,31,12,30,18,24,7,28,35,18,7,17,1,3,23,23,85,
2024,RS,6,53,0,P012593   ,1.0,1.0,TRN,1,"ELLIS, QUINN",23:59,2,1,2,0,1,0,0,0,8,8,6,0,4,0,0,1,2,11,2.0
2024,RS,6,53,0,P013269   ,1.0,1.0,TRN,3,"CALE, MYLES",23:49,8,3,5,0,3,2,2,0,0,0,1,0,0,0,1,3,1,1,-10.0
2024,RS,6,53,0,P013270   ,0.0,1.0,TRN,5,"FORD, JORDAN",26:12,14,3,3,2,8,2,2,0,1,1,3,2,2,0,0,2,4,14,-3.0
2024,RS,6,53,0,P005438   ,1.0,0.0,TRN,6,"PECCHIA, ANDREA",18:26,0,0,2,0,0,0,0,1,6,7,0,0,1,0,0,4,3,3,-5.0
2024,RS,6,53,0,P012687   ,0.0,0.0,TRN,7,"NIANG, SALIOU",14:54,4,2,3,0,0,0,0,1,1,2,1,1,3,1,0,1,0,4,1.0
2024,RS,6,53,0,P006382   ,0.0,0.0,TRN,10,"FORRAY, TOTO",12:40,7,2,5,1,2,0,0,1,3,4,1,1,0,0,0,1,2,10,9.0
2024,RS,6,53,0,P013271   ,1.0,0.0,TRN,21,"MAWUGBE, SELOM",22:26,7,3,6,0,0,1,3,0,1,1,0,2,1,2,0,3,2,5,1.0
2024,RS,6,53,0,P013272   ,1.0,1.0,TRN,22,"LAMB, ANTHONY",21:54,17,3,6,2,6,5,5,2,3,5,2,1,3,0,0,4,5,16,-4.0
2024,RS,6,53,0,P006724   ,0.0,0.0,TRN,26,"BAYEHE, JORDAN",17:18,6,2,3,0,0,2,2,3,2,5,2,0,1,0,0,2,2,11,-3.0
2024,RS,6,53,0,P002387   ,0.0,1.0,TRN,33,"ZUKAUSKAS, EIGIRDAS",18:22,17,2,4,3,7,4,4,0,2,2,1,1,2,0,0,2,2,13,2.0
2024,RS,6,53,0,Team,0.0,0.0,TRN,,Team,,0,0,0,0,0,0,0,2,1,3,0,0,0,0,0,0,0,3,
2024,RS,6,53,0,Total,,,TRN,,Total,200:00,82,21,39,8,27,16,18,10,28,38,17,8,17,3,1,23,23,91,
2024,RS,6,54,1,P010161   ,1.0,1.0,JOV,1,"KRAAG, YANNICK",14:57,2,1,2,0,1,0,0,0,1,1,0,0,1,0,1,4,0,-5,-6.0
2024,RS,6,54,1,P013285   ,1.0,0.0,JOV,2,"DOTSON, DEVON DURRELL",28:27,13,3,7,2,6,1,2,0,1,1,5,1,2,0,0,4,2,7,-12.0
2024,RS,6,54,1,P006771   ,0.0,0.0,JOV,3,"BUSQUETS, PEP",17:07,7,2,2,1,1,0,0,1,2,3,0,1,1,0,0,1,0,9,14.0
2024,RS,6,54,1,PJUG      ,0.0,1.0,JOV,4,"RIBAS, PAU",10:20,3,0,0,1,3,0,0,0,2,2,1,0,1,0,0,1,0,2,4.0
2024,RS,6,54,1,P013286   ,0.0,0.0,JOV,6,"VAN DER VUURST, KEYE",DNP,0,0,0,0,0,0,0,0,0,0,0,0,0,0,0,0,0,0,0.0
2024,RS,6,54,1,P013287   ,1.0,1.0,JOV,12,"BRAY-GATES, KAISER EVAN",35:57,13,2,5,2,6,3,3,0,6,6,1,2,2,0,0,1,4,16,-10.0
2024,RS,6,54,1,P004834   ,0.0,0.0,JOV,13,"PUSTOVYI, ARTEM",17:36,12,3,6,0,0,6,8,1,1,2,1,0,6,0,1,5,7,5,9.0
2024,RS,6,54,1,P002361   ,0.0,0.0,JOV,16,"VIVES, GUILLEM",22:18,0,0,1,0,0,0,0,0,5,5,2,1,1,0,1,2,2,5,2.0
2024,RS,6,54,1,P012226   ,0.0,0.0,JOV,19,"PLATTEEUW, IAN",DNP,0,0,0,0,0,0,0,0,0,0,0,0,0,0,0,0,0,0,0.0
2024,RS,6,54,1,P012740   ,0.0,1.0,JOV,30,"ROBERTSON, KASSIUS",14:48,0,0,1,0,1,0,0,0,0,0,1,0,0,0,0,2,0,-3,5.0
2024,RS,6,54,1,P002507   ,1.0,1.0,JOV,44,"TOMIC, ANTE",34:15,18,8,14,0,0,2,6,4,11,15,5,0,1,1,0,2,4,30,-4.0
2024,RS,6,54,1,P005099   ,1.0,0.0,JOV,88,"HANGA, ADAM",29:15,8,1,3,2,7,0,0,2,3,5,3,2,4,1,0,4,4,8,-12.0
2024,RS,6,54,1,Team,0.0,0.0,JOV,,Team,,0,0,0,0,0,0,0,4,2,6,0,0,0,0,0,0,0,6,
2024,RS,6,54,1,Total,,,JOV,,Total,225:00,76,20,41,8,25,12,19,12,34,46,19,7,19,2,3,26,23,80,
2024,RS,6,54,0,P007560   ,0.0,0.0,CAN,3,"KLJAJIC, JOVAN",DNP,0,0,0,0,0,0,0,0,0,0,0,0,0,0,0,0,0,0,0.0
2024,RS,6,54,0,P012016   ,0.0,1.0,CAN,4,"CONDITT IV, GEORGE",15:26,9,3,3,0,0,3,6,1,0,1,0,1,0,0,0,3,3,8,-9.0
2024,RS,6,54,0,P011251   ,1.0,1.0,CAN,5,"HOMESLEY, CALEB",26:25,14,3,9,2,7,2,2,0,2,2,4,0,1,0,1,3,4,8,-2.0
2024,RS,6,54,0,P003425   ,1.0,1.0,CAN,6,"ALBICY, ANDREW",30:53,11,3,4,0,2,5,6,0,2,2,7,4,2,0,0,3,7,22,17.0
2024,RS,6,54,0,P008121   ,1.0,1.0,CAN,9,"BRUSSINO, NICOLAS",35:30,11,1,5,2,8,3,5,0,7,7,3,0,1,0,0,1,3,10,14.0
2024,RS,6,54,0,P005005   ,0.0,0.0,CAN,10,"SALVO, MIQUEL",12:00,2,1,2,0,1,0,0,0,2,2,0,1,1,0,0,0,0,2,-15.0
2024,RS,6,54,0,P010623   ,0.0,0.0,CAN,12,"ALOCEN, CARLOS",13:54,4,2,2,0,3,0,0,0,1,1,1,0,1,0,0,0,1,3,-15.0
2024,RS,6,54,0,P010452   ,0.0,1.0,CAN,13,"PELOS, PIERRE",06:50,0,0,0,0,1,0,0,1,1,2,0,0,1,0,0,2,0,-2,-3.0
2024,RS,6,54,0,P006588   ,1.0,0.0,CAN,14,"SHURNA, JOHN",35:46,10,3,3,1,2,1,2,2,2,4,0,3,2,0,0,3,3,13,8.0
2024,RS,6,54,0,P008966   ,1.0,0.0,CAN,18,"TOBEY, MIKE",23:24,12,1,1,2,3,4,4,2,8,10,0,1,2,3,0,5,2,20,12.0
2024,RS,6,54,0,P012095   ,0.0,0.0,CAN,32,"THOMASSON, JOE",18:55,3,1,7,0,1,1,1,0,1,1,0,0,0,0,1,2,2,-4,4.0
2024,RS,6,54,0,P012165   ,0.0,0.0,CAN,35,"DIOP, MASSAMBA",05:57,2,0,1,0,0,2,2,1,0,1,1,0,0,0,0,1,1,3,-1.0
2024,RS,6,54,0,Team,0.0,0.0,CAN,,Team,,0,0,0,0,0,0,0,0,3,3,0,0,0,0,0,0,0,3,
2024,RS,6,54,0,Total,,,CAN,,Total,225:00,78,18,37,7,28,21,28,7,29,36,16,10,11,3,2,23,26,86,
2024,RS,6,55,1,P012003   ,1.0,1.0,WOL,1,"COWAN JR, ANTHONY",30:37,15,1,3,3,5,4,4,0,1,1,4,0,4,0,0,2,6,16,22.0
2024,RS,6,55,1,P012789   ,0.0,0.0,WOL,4,"BROOKS, GARRISON",18:18,4,1,2,0,0,2,2,1,3,4,1,1,4,1,0,3,1,4,-12.0
2024,RS,6,55,1,P003212   ,0.0,0.0,WOL,8,"KARINIAUSKAS, VAIDAS",10:03,0,0,1,0,0,0,0,0,0,0,1,0,2,0,0,1,1,-2,-6.0
2024,RS,6,55,1,P009306   ,0.0,0.0,WOL,9,"BASLYK, DANIEL",DNP,0,0,0,0,0,0,0,0,0,0,0,0,0,0,0,0,0,0,0.0
2024,RS,6,55,1,P004645   ,1.0,0.0,WOL,10,"MINIOTAS, REGIMANTAS",15:50,4,2,3,0,2,0,0,0,2,2,1,0,1,0,0,4,1,0,16.0
2024,RS,6,55,1,P006897   ,0.0,0.0,WOL,11,"MARCINKEVICIUS, JUSTINAS",DNP,0,0,0,0,0,0,0,0,0,0,0,0,0,0,0,0,0,0,0.0
2024,RS,6,55,1,P011248   ,0.0,1.0,WOL,12,"ANDREWS, ANDREW",27:19,18,3,5,2,3,6,7,0,1,1,1,1,2,0,0,1,4,18,-2.0
2024,RS,6,55,1,P005516   ,1.0,0.0,WOL,13,"ZEMAITIS, KRISTUPAS",25:20,3,0,1,1,3,0,0,0,3,3,4,1,1,0,0,2,1,6,10.0
2024,RS,6,55,1,P012577   ,0.0,1.0,WOL,15,"THURMAN, TRE'SHAWN",25:51,19,6,8,1,2,4,5,1,5,6,0,0,2,1,0,1,4,23,4.0
2024,RS,6,55,1,P008186   ,1.0,1.0,WOL,22,"BLAZEVIC, MAREK",21:08,16,5,6,0,0,6,7,3,7,10,0,0,2,1,0,3,7,27,27.0
2024,RS,6,55,1,P006853   ,1.0,1.0,WOL,23,"JOGELA, MATAS",25:34,14,3,5,2,4,2,2,1,6,7,6,0,0,0,0,4,2,21,16.0
2024,RS,6,55,1,Team,0.0,0.0,WOL,,Team,,0,0,0,0,0,0,0,1,1,2,0,0,0,0,0,0,0,2,
2024,RS,6,55,1,Total,,,WOL,,Total,200:00,93,21,34,9,19,24,27,7,29,36,18,3,18,3,0,21,27,115,
2024,RS,6,55,0,P011924   ,1.0,1.0,BES,0,"ALLMAN, KYLE",29:13,8,2,6,1,5,1,2,0,2,2,6,0,2,0,0,3,6,8,-20.0
2024,RS,6,55,0,P011936   ,0.0,0.0,BES,2,"MATHEWS, JONAH",DNP,0,0,0,0,0,0,0,0,0,0,0,0,0,0,0,0,0,0,0.0
2024,RS,6,55,0,P008945   ,1.0,1.0,BES,5,"NEEDHAM, DEREK",32:58,19,2,4,5,12,0,1,0,1,1,1,1,1,0,0,4,4,11,-23.0
2024,RS,6,55,0,P003783   ,0.0,1.0,BES,6,"UGURLU, BERK",26:10,4,2,4,0,1,0,0,2,1,3,8,1,1,0,0,1,2,13,4.0
2024,RS,6,55,0,P007914   ,0.0,0.0,BES,7,"ARSLAN, YIGIT",13:00,6,0,0,2,3,0,0,0,0,0,0,2,0,0,0,5,0,2,10.0
2024,RS,6,55,0,P009680   ,1.0,1.0,BES,9,"MORGAN, CONOR",27:49,19,3,4,2,11,7,8,3,2,5,1,0,3,0,0,2,5,14,1.0
2024,RS,6,55,0,P012233   ,0.0,0.0,BES,10,"AKSU, YAGIZ",DNP,0,0,0,0,0,0,0,0,0,0,0,0,0,0,0,0,0,0,0.0
2024,RS,6,55,0,P011927   ,0.0,0.0,BES,14,"SLEVA, DUSTIN",19:00,11,1,2,3,4,0,0,1,0,1,1,1,1,0,1,5,1,6,-7.0
2024,RS,6,55,0,P011379   ,0.0,0.0,BES,20,"KONAN, KEREM",09:32,0,0,1,0,0,0,0,1,3,4,0,0,1,0,1,2,1,0,-10.0
2024,RS,6,55,0,P012624   ,0.0,0.0,BES,22,"OZBEK, ATA",DNP,0,0,0,0,0,0,0,0,0,0,0,0,0,0,0,0,0,0,0.0
2024,RS,6,55,0,P013255   ,1.0,0.0,BES,30,"MARTIN, KELAN",18:39,9,1,5,2,3,1,1,0,2,2,1,0,1,0,0,2,1,5,-16.0
2024,RS,6,55,0,P010652   ,1.0,1.0,BES,33,"TERRY, EMANUEL",23:39,2,1,6,0,0,0,0,1,4,5,1,0,1,0,1,3,0,-2,-14.0
2024,RS,6,55,0,Team,0.0,0.0,BES,,Team,,0,0,0,0,0,0,0,6,3,9,0,0,0,0,0,0,0,9,
2024,RS,6,55,0,Total,,,BES,,Total,200:00,78,12,32,15,39,9,12,14,18,32,19,5,11,0,3,27,20,66,
2024,RS,6,56,1,P012700   ,1.0,0.0,LJU,0,"STEWART, DJ",20:03,2,0,2,0,1,2,2,1,3,4,5,0,2,0,0,1,1,6,-8.0
2024,RS,6,56,1,P012042   ,1.0,0.0,LJU,1,"ROBINSON, DEVIN",27:48,12,5,12,0,1,2,3,1,4,5,1,2,0,0,0,3,3,11,-10.0
2024,RS,6,56,1,P013260   ,1.0,0.0,LJU,2,"JONES, DEVANTE",22:05,12,4,8,0,2,4,4,0,2,2,6,3,2,0,0,4,3,14,-12.0
2024,RS,6,56,1,P009392   ,0.0,1.0,LJU,3,"RADOVIC, ROK",23:11,8,1,1,2,3,0,0,2,2,4,1,0,0,0,0,4,0,8,0.0
2024,RS,6,56,1,P003703   ,0.0,1.0,LJU,5,"NIKOLIC, ALEKSEJ",17:55,3,0,1,1,4,0,0,0,3,3,5,1,3,0,0,4,4,5,1.0
2024,RS,6,56,1,P011261   ,0.0,1.0,LJU,7,"GLAS, GREGOR",14:46,13,2,3,3,6,0,0,0,1,1,0,1,4,0,0,2,2,7,9.0
2024,RS,6,56,1,P013261   ,0.0,0.0,LJU,9,"LEMAR, BRYNTON",DNP,0,0,0,0,0,0,0,0,0,0,0,0,0,0,0,0,0,0,0.0
2024,RS,6,56,1,P003452   ,1.0,0.0,LJU,11,"BLAZIC, JAKA",26:59,15,2,3,3,9,2,3,2,2,4,2,1,4,0,0,1,3,12,-18.0
2024,RS,6,56,1,P007641   ,0.0,0.0,LJU,19,"GNJIDIC, LOVRO",DNP,0,0,0,0,0,0,0,0,0,0,0,0,0,0,0,0,0,0,0.0
2024,RS,6,56,1,P012996   ,0.0,1.0,LJU,20,"BERINGER, JOAN",19:04,10,3,4,0,0,4,8,2,4,6,0,0,0,0,0,4,4,11,-6.0
2024,RS,6,56,1,P009753   ,1.0,0.0,LJU,23,"GEBEN, MARTINAS",16:41,8,4,7,0,0,0,0,1,1,2,1,0,0,0,0,1,3,10,-10.0
2024,RS,6,56,1,P009431   ,0.0,1.0,LJU,41,"DANEU, ZIGA",11:28,0,0,0,0,0,0,0,0,2,2,0,0,0,1,0,2,0,1,-1.0
2024,RS,6,56,1,Team,0.0,0.0,LJU,,Team,,0,0,0,0,0,0,0,0,3,3,0,0,0,0,0,0,0,3,
2024,RS,6,56,1,Total,,,LJU,,Total,200:00,83,21,41,9,26,14,20,9,27,36,21,8,15,1,0,26,23,88,
2024,RS,6,56,0,P011970   ,0.0,1.0,JER,1,"HARPER, JARED",28:43,30,6,8,2,3,12,14,1,2,3,5,1,2,0,0,1,12,43,1.0
2024,RS,6,56,0,P008912   ,1.0,0.0,JER,3,"CARRINGTON, KHADEEN",23:58,17,2,5,3,5,4,5,0,2,2,2,1,3,0,0,2,4,15,13.0
2024,RS,6,56,0,P013277   ,0.0,1.0,JER,4,"JOHNSON, CHRIS",24:21,11,2,2,1,5,4,4,2,9,11,2,3,0,0,0,4,2,21,12.0
2024,RS,6,56,0,P013279   ,1.0,0.0,JER,7,"CHACHASHVILI, GABRIEL",17:57,7,3,4,0,0,1,1,1,4,5,1,1,2,0,0,5,2,8,0.0
2024,RS,6,56,0,P009879   ,0.0,1.0,JER,8,"DOVRAT, NOAM",10:54,0,0,0,0,3,0,0,0,1,1,2,0,1,0,0,0,0,-1,6.0
2024,RS,6,56,0,P013280   ,0.0,0.0,JER,18,"HASSON, YARIN",DNP,0,0,0,0,0,0,0,0,0,0,0,0,0,0,0,0,0,0,0.0
2024,RS,6,56,0,P010431   ,1.0,1.0,JER,20,"MORGAN, JEREMY",24:57,8,1,1,2,3,0,0,1,6,7,0,1,2,0,0,3,1,11,2.0
2024,RS,6,56,0,P010587   ,1.0,0.0,JER,44,"SMITH, KENNETH",27:43,3,0,3,1,6,0,0,0,1,1,2,0,3,0,0,3,1,-7,9.0
2024,RS,6,56,0,P006625   ,1.0,1.0,JER,50,"ZOOSMAN, YOVEL",27:09,18,1,4,4,7,4,4,1,5,6,1,1,0,0,1,3,3,19,11.0
2024,RS,6,56,0,P013281   ,0.0,0.0,JER,80,"CORNELIUS, OR",14:18,0,0,1,0,2,0,0,0,0,0,1,1,2,0,0,2,0,-5,1.0
2024,RS,6,56,0,Team,0.0,0.0,JER,,Team,,0,0,0,0,0,0,0,2,0,2,0,0,0,0,0,0,0,2,
2024,RS,6,56,0,Total,,,JER,,Total,200:00,94,15,28,13,34,25,28,8,30,38,16,9,15,0,1,23,25,106,
2024,RS,6,57,1,P004525   ,1.0,1.0,BOU,3,"SALASH, MAKSIM",20:32,8,2,5,0,2,4,5,0,2,2,0,1,1,0,0,0,5,9,-6.0
2024,RS,6,57,1,P013264   ,0.0,1.0,BOU,4,"NELSON, ADRIAN",20:43,12,3,6,2,3,0,0,4,3,7,1,2,0,0,0,1,1,18,2.0
2024,RS,6,57,1,P010450   ,0.0,0.0,BOU,7,"COURBY, MAXIME",17:06,9,3,4,1,2,0,0,0,2,2,0,0,0,0,0,0,0,9,4.0
2024,RS,6,57,1,P013265   ,1.0,1.0,BOU,8,"USHER, JORDAN",22:57,7,3,6,0,2,1,1,0,4,4,3,0,0,0,0,1,2,10,-9.0
2024,RS,6,57,1,P009556   ,0.0,0.0,BOU,10,"NGOUAMA, MEHDY",18:51,15,4,6,1,3,4,4,1,1,2,3,0,2,0,0,1,4,17,11.0
2024,RS,6,57,1,P006904   ,1.0,1.0,BOU,11,"AYAYI, JOEL",29:27,9,3,3,0,3,3,4,4,3,7,5,2,2,0,0,4,3,16,-9.0
2024,RS,6,57,1,P013266   ,1.0,1.0,BOU,13,"CASTANEDA, XAVIER",31:42,11,3,8,1,2,2,2,0,0,0,4,0,2,0,0,3,5,9,-8.0
2024,RS,6,57,1,P011550   ,0.0,0.0,BOU,16,"JACQUES, WILSON",DNP,0,0,0,0,0,0,0,0,0,0,0,0,0,0,0,0,0,0,0.0
2024,RS,6,57,1,P009552   ,0.0,0.0,BOU,27,"PANSA, JEAN-MARC",16:12,10,4,6,0,0,2,2,1,2,3,2,0,2,0,0,5,1,7,5.0
2024,RS,6,57,1,P004945   ,0.0,0.0,BOU,33,"PAUL, BRANDON",DNP,0,0,0,0,0,0,0,0,0,0,0,0,0,0,0,0,0,0,0.0
2024,RS,6,57,1,P011837   ,1.0,0.0,BOU,34,"KOKILA, KEVIN",22:30,7,2,5,0,0,3,5,1,0,1,1,0,0,0,1,5,6,4,-5.0
2024,RS,6,57,1,Team,0.0,0.0,BOU,,Team,,0,0,0,0,0,0,0,3,1,4,0,0,0,0,0,0,0,4,
2024,RS,6,57,1,Total,,,BOU,,Total,200:00,88,27,49,5,17,19,23,14,18,32,19,5,9,0,1,20,27,103,
2024,RS,6,57,0,P013248   ,1.0,1.0,ARI,1,"BANKS, JAMES",10:25,4,2,5,0,0,0,0,3,0,3,1,0,1,1,0,4,0,1,8.0
2024,RS,6,57,0,P013249   ,1.0,1.0,ARI,2,"NOLLEY, LANDERS",25:50,10,3,5,0,4,4,6,3,2,5,2,0,1,0,0,3,4,9,12.0
2024,RS,6,57,0,P004292   ,0.0,0.0,ARI,4,"TOLIOPOULOS, VASSILIS",27:30,21,0,1,6,9,3,4,0,1,1,4,0,5,0,0,2,5,19,-6.0
2024,RS,6,57,0,P013250   ,1.0,1.0,ARI,5,"DE JULIUS, DAVID",25:09,11,4,8,1,4,0,0,1,2,3,1,2,0,0,0,2,1,9,1.0
2024,RS,6,57,0,P013355   ,0.0,0.0,ARI,10,"CHATZIDAKIS, EMMANOUIL",19:03,7,1,1,0,0,5,6,1,1,2,4,0,1,0,0,4,3,10,-1.0
2024,RS,6,57,0,P013393   ,1.0,0.0,ARI,11,"LASZEWSKI, NATHAN JAMES",12:08,0,0,1,0,1,0,0,2,0,2,0,0,0,0,0,2,1,-1,10.0
2024,RS,6,57,0,P003240   ,0.0,0.0,ARI,13,"BOCHORIDIS, ELEFTHERIOS",15:41,9,0,0,3,6,0,0,0,1,1,2,0,0,0,0,1,1,9,-2.0
2024,RS,6,57,0,P013360   ,0.0,0.0,ARI,14,"CLAY, DONOVAN LA'NELL",09:45,0,0,1,0,0,0,0,0,2,2,0,0,2,0,0,2,0,-3,-8.0
2024,RS,6,57,0,P013395   ,0.0,0.0,ARI,17,"VISSARIOU, TILEMACHOS",DNP,0,0,0,0,0,0,0,0,0,0,0,0,0,0,0,0,0,0,0.0
2024,RS,6,57,0,P013251   ,1.0,1.0,ARI,22,"WOODBURY, TREY",23:57,14,3,5,2,4,2,2,1,7,8,0,0,3,0,0,2,2,15,6.0
2024,RS,6,57,0,P013252   ,0.0,0.0,ARI,23,"ROBERTS, JOSHUA",10:32,4,1,1,0,0,2,2,1,0,1,0,1,1,0,0,2,2,5,-6.0
2024,RS,6,57,0,P013253   ,0.0,1.0,ARI,55,"HODGE, D' MOI",20:00,11,1,1,3,5,0,0,0,2,2,0,1,0,0,0,3,1,10,1.0
2024,RS,6,57,0,Team,0.0,0.0,ARI,,Team,,0,0,0,0,0,0,0,3,3,6,0,0,1,0,0,0,0,5,
2024,RS,6,57,0,Total,,,ARI,,Total,200:00,91,15,29,15,33,16,20,15,21,36,14,4,15,1,0,27,20,88,
2024,RS,6,58,1,P007527   ,0.0,1.0,PAM,0,"BADIO, BRANCOU",24:25,11,3,4,1,8,2,2,0,0,0,1,1,0,0,0,2,3,6,0.0
2024,RS,6,58,1,P006643   ,1.0,0.0,PAM,2,"PUERTO, JOSEP",25:04,10,1,2,2,3,2,2,0,5,5,1,0,0,1,1,1,5,18,-8.0
2024,RS,6,58,1,P010393   ,0.0,0.0,PAM,4,"PRADILLA, JAIME",19:15,6,2,4,0,0,2,3,1,3,4,1,2,2,0,0,3,4,9,7.0
2024,RS,6,58,1,P005356   ,0.0,1.0,PAM,6,"LOPEZ-AROSTEGUI, XABI",19:56,20,4,5,0,4,12,12,3,4,7,1,2,2,0,0,4,8,27,7.0
2024,RS,6,58,1,P010568   ,0.0,0.0,PAM,7,"JONES, CHRIS",18:22,3,0,1,1,2,0,0,0,4,4,3,0,4,0,0,4,1,1,-6.0
2024,RS,6,58,1,P010042   ,1.0,1.0,PAM,8,"MONTERO, JEAN",26:36,11,1,2,2,7,3,4,1,2,3,5,5,2,0,0,3,4,16,3.0
2024,RS,6,58,1,P011369   ,0.0,0.0,PAM,10,"CAROT, JORGE",DNP,0,0,0,0,0,0,0,0,0,0,0,0,0,0,0,0,0,0,0.0
2024,RS,6,58,1,P004863   ,1.0,0.0,PAM,16,"JOVIC, STEFAN",20:37,7,2,3,1,3,0,0,1,3,4,6,2,2,0,0,3,0,11,1.0
2024,RS,6,58,1,P010754   ,0.0,0.0,PAM,23,"MARI, LUCAS",DNP,0,0,0,0,0,0,0,0,0,0,0,0,0,0,0,0,0,0,0.0
2024,RS,6,58,1,P010444   ,1.0,1.0,PAM,24,"COSTELLO, MATTHEW",25:45,9,3,3,1,6,0,0,3,2,5,1,0,1,2,0,1,0,10,-8.0
2024,RS,6,58,1,P011982   ,0.0,1.0,PAM,37,"OJELEYE, SEMI",22:46,17,1,4,2,8,9,10,5,1,6,1,0,3,0,1,3,5,12,9.0
2024,RS,6,58,1,P011980   ,1.0,0.0,PAM,77,"SESTINA, NATHAN",22:14,12,0,0,4,8,0,0,0,1,1,0,0,1,0,0,3,2,7,-10.0
2024,RS,6,58,1,Team,0.0,0.0,PAM,,Team,,0,0,0,0,0,0,0,3,2,5,0,0,1,0,0,0,0,4,
2024,RS,6,58,1,Total,,,PAM,,Total,225:00,106,17,28,14,49,30,33,17,27,44,20,12,18,3,2,27,32,121,
2024,RS,6,58,0,P009898   ,0.0,1.0,LKB,2,"BICKAUSKIS, DOVIS",25:19,14,3,4,2,4,2,2,0,0,0,2,1,2,0,0,4,1,9,-8.0
2024,RS,6,58,0,P010181   ,0.0,0.0,LKB,3,"STENIONIS, DOMINYKAS",02:55,2,0,0,0,0,2,2,0,1,1,0,0,0,0,0,0,2,5,8.0
2024,RS,6,58,0,PLXI      ,0.0,1.0,LKB,10,"LIPKEVICIUS, VYTENIS",30:37,7,2,2,1,6,0,0,0,6,6,2,2,3,0,0,4,4,9,4.0
2024,RS,6,58,0,P010461   ,0.0,1.0,LKB,12,"MALDUNAS, GABRIELIUS",31:53,8,3,5,0,0,2,2,3,6,9,2,0,3,0,1,3,2,12,7.0
2024,RS,6,58,0,P005521   ,1.0,1.0,LKB,13,"VARNAS, MARTYNAS",33:14,21,4,5,1,6,10,11,1,3,4,2,6,3,1,1,4,7,26,15.0
2024,RS,6,58,0,P006586   ,1.0,0.0,LKB,16,"KALAITZAKIS, GEORGIOS",25:12,13,2,4,2,3,3,3,1,2,3,2,0,2,0,0,5,2,10,-6.0
2024,RS,6,58,0,P006212   ,0.0,0.0,LKB,18,"VASILIAUSKAS, GRANTAS",15:06,5,2,3,0,0,1,1,0,2,2,2,0,0,0,0,4,1,5,-12.0
2024,RS,6,58,0,P013246   ,1.0,0.0,LKB,25,"BRIGGS, JUSTIN",04:52,0,0,0,0,0,0,0,0,0,0,0,0,1,0,0,0,0,-1,3.0
2024,RS,6,58,0,P006860   ,1.0,1.0,LKB,35,"LAVRINOVICIUS, DANIELIUS",21:54,12,0,1,4,8,0,0,0,1,1,2,0,0,0,1,4,0,5,7.0
2024,RS,6,58,0,P013247   ,1.0,0.0,LKB,50,"KOVLIAR, OLEKSANDR",33:58,25,7,9,2,8,5,8,0,2,2,5,1,2,1,0,4,7,24,-13.0
2024,RS,6,58,0,Team,0.0,0.0,LKB,,Team,,0,0,0,0,0,0,0,2,4,6,0,0,0,0,0,0,0,6,
2024,RS,6,58,0,Total,,,LKB,,Total,225:00,107,23,33,12,35,25,29,7,27,34,19,10,16,2,3,32,26,110,
2024,RS,6,59,1,P013308   ,1.0,1.0,HAM,1,"IVEY, BRAE",27:16,15,0,2,5,8,0,0,1,1,2,7,2,3,1,1,4,5,19,4.0
2024,RS,6,59,1,P011256   ,1.0,0.0,HAM,3,"RICH, OSARO",22:04,16,2,6,4,6,0,0,0,3,3,0,1,2,0,1,2,1,10,18.0
2024,RS,6,59,1,P013309   ,0.0,1.0,HAM,4,"LOTTIE, JAIZEC",23:46,14,2,7,3,8,1,3,1,2,3,7,2,1,0,2,2,4,13,-4.0
2024,RS,6,59,1,P010070   ,0.0,0.0,HAM,6,"MOELLER, LEIF",12:20,3,0,1,1,4,0,0,0,1,1,1,1,0,0,0,1,0,1,-6.0
2024,RS,6,59,1,P013310   ,0.0,0.0,HAM,8,"GREY, JARED",02:46,0,0,0,0,1,0,0,0,0,0,0,0,0,0,0,2,0,-3,1.0
2024,RS,6,59,1,P013311   ,0.0,0.0,HAM,11,"KENNEDY, KEONDRE",DNP,0,0,0,0,0,0,0,0,0,0,0,0,0,0,0,0,0,0,0.0
2024,RS,6,59,1,P012695   ,0.0,0.0,HAM,14,"REECE, CAMRON",14:35,2,1,2,0,0,0,0,2,2,4,1,2,0,0,1,3,1,5,3.0
2024,RS,6,59,1,P005478   ,0.0,0.0,HAM,17,"WIMBERG, NIKLAS",DNP,0,0,0,0,0,0,0,0,0,0,0,0,0,0,0,0,0,0,0.0
2024,RS,6,59,1,P013312   ,1.0,1.0,HAM,21,"BARNETT, JORDAN",25:27,9,2,7,1,5,2,4,3,3,6,1,2,2,1,1,2,3,6,18.0
2024,RS,6,59,1,P013313   ,1.0,1.0,HAM,23,"KUATH, KUR",25:25,15,6,8,0,0,3,4,5,4,9,2,1,1,3,0,1,2,27,9.0
2024,RS,6,59,1,P003242   ,1.0,1.0,HAM,25,"OGBE, KENNETH",31:48,13,0,1,4,9,1,2,2,4,6,3,2,0,0,0,4,2,15,23.0
2024,RS,6,59,1,P006420   ,0.0,0.0,HAM,33,"HECKMANN, PATRICK",14:33,2,1,2,0,2,0,0,0,1,1,1,3,1,0,0,2,0,1,-6.0
2024,RS,6,59,1,Team,0.0,0.0,HAM,,Team,,0,0,0,0,0,0,0,4,1,5,0,0,1,0,0,0,0,4,
2024,RS,6,59,1,Total,,,HAM,,Total,200:00,89,14,36,18,43,7,13,18,22,40,23,16,11,5,6,23,18,98,
2024,RS,6,59,0,P007917   ,0.0,0.0,TTK,3,"DURMAZ, BERKAN",16:09,8,2,2,1,1,1,2,0,5,5,1,0,2,0,0,1,1,11,3.0
2024,RS,6,59,0,P004056   ,1.0,1.0,TTK,5,"AKPINAR, ISMET",15:03,0,0,1,0,3,0,0,0,0,0,0,1,1,0,2,1,0,-7,-16.0
2024,RS,6,59,0,P011973   ,1.0,1.0,TTK,7,"ALEXANDER, KYLE",30:52,6,2,4,0,0,2,2,0,8,8,0,1,4,3,1,1,1,11,-14.0
2024,RS,6,59,0,P009025   ,1.0,1.0,TTK,8,"BROWN, ANTHONY",27:14,16,5,7,1,2,3,3,0,4,4,4,0,1,0,0,3,4,21,-4.0
2024,RS,6,59,0,P012415   ,0.0,1.0,TTK,9,"TUNCA, MELIH",14:49,5,1,2,1,3,0,0,0,1,1,3,0,3,0,0,3,0,0,-7.0
2024,RS,6,59,0,P010465   ,0.0,1.0,TTK,11,"ANGOLA, BRAIAN",29:12,21,1,4,3,4,10,12,1,5,6,6,2,5,0,2,3,10,29,1.0
2024,RS,6,59,0,P011977   ,0.0,0.0,TTK,12,"OZDOGAN, ARDA",DNP,0,0,0,0,0,0,0,0,0,0,0,0,0,0,0,0,0,0,0.0
2024,RS,6,59,0,P004619   ,0.0,0.0,TTK,13,"AGVA, MAHIR",06:32,3,0,1,0,0,3,4,0,0,0,0,0,1,0,0,0,2,2,0.0
2024,RS,6,59,0,P013300   ,0.0,0.0,TTK,20,"BESS, JAVON",23:01,4,2,2,0,1,0,0,0,4,4,0,0,0,0,0,1,1,7,-2.0
2024,RS,6,59,0,P006598   ,1.0,0.0,TTK,21,"HANLAN, OLIVIER",18:29,4,1,2,0,2,2,2,0,1,1,4,0,2,0,0,2,2,4,-13.0
2024,RS,6,59,0,P010811   ,0.0,0.0,TTK,38,"TARLA, KAAN",DNP,0,0,0,0,0,0,0,0,0,0,0,0,0,0,0,0,0,0,0.0
2024,RS,6,59,0,P011935   ,1.0,0.0,TTK,55,"MAKOUNDOU, YOAN",18:39,10,4,7,0,0,2,2,1,3,4,0,0,1,3,0,3,2,12,-8.0
2024,RS,6,59,0,Team,0.0,0.0,TTK,,Team,,0,0,0,0,0,0,0,1,2,3,0,0,1,0,0,0,0,2,
2024,RS,6,59,0,Total,,,TTK,,Total,200:00,77,18,32,6,16,23,27,3,33,36,18,4,21,6,5,18,23,92,
2024,RS,6,60,1,P011797   ,1.0,1.0,CLU,0,"GUZMAN, KAREL",26:30,15,2,2,1,1,8,9,1,4,5,2,3,2,0,0,2,4,24,21.0
2024,RS,6,60,1,P010651   ,1.0,0.0,CLU,1,"HERVEY, KEVIN",13:55,3,0,1,1,4,0,0,2,2,4,0,0,0,1,0,3,0,1,0.0
2024,RS,6,60,1,P013301   ,0.0,0.0,CLU,2,"SOMACESCU, TUDOR",DNP,0,0,0,0,0,0,0,0,0,0,0,0,0,0,0,0,0,0,0.0
2024,RS,6,60,1,P013302   ,1.0,1.0,CLU,3,"SIMPSON, ZAVIER",29:03,11,4,6,0,0,3,4,0,4,4,6,3,4,0,0,3,4,18,27.0
2024,RS,6,60,1,P005714   ,0.0,0.0,CLU,5,"MEJERIS, MAREKS",17:03,6,2,2,0,0,2,3,2,0,2,0,0,1,1,0,1,2,8,-8.0
2024,RS,6,60,1,P002820   ,0.0,1.0,CLU,9,"SALIN, SASU",22:55,9,0,1,2,7,3,5,0,2,2,2,0,0,0,0,2,3,6,-6.0
2024,RS,6,60,1,P013304   ,1.0,1.0,CLU,10,"HANKINS, ZACH",18:50,14,7,12,0,0,0,0,4,3,7,0,1,1,0,0,3,3,16,13.0
2024,RS,6,60,1,P004862   ,1.0,0.0,CLU,11,"SEELEY, DENNIS",19:24,4,0,2,0,3,4,4,0,0,0,1,0,3,0,0,3,4,-2,1.0
2024,RS,6,60,1,P013399   ,0.0,0.0,CLU,22,"CEPOI, ANDREI",DNP,0,0,0,0,0,0,0,0,0,0,0,0,0,0,0,0,0,0,0.0
2024,RS,6,60,1,P006618   ,0.0,0.0,CLU,23,"STEPHENS, DE'SHAWN",17:52,8,4,5,0,0,0,3,1,2,3,1,1,3,0,0,3,2,5,-8.0
2024,RS,6,60,1,P012620   ,0.0,0.0,CLU,25,"MACIUCA, MIHAI",05:28,0,0,1,0,2,0,0,0,0,0,0,0,0,0,0,1,0,-4,-7.0
2024,RS,6,60,1,P012698   ,0.0,1.0,CLU,95,"MOKOKA, ADAM",29:00,16,3,9,1,2,7,9,0,4,4,4,0,2,2,0,1,8,22,7.0
2024,RS,6,60,1,Team,0.0,0.0,CLU,,Team,,0,0,0,0,0,0,0,3,3,6,0,0,0,0,0,0,0,6,
2024,RS,6,60,1,Total,,,CLU,,Total,200:00,86,22,41,5,19,27,37,13,24,37,16,8,16,4,0,22,30,100,
2024,RS,6,60,0,P003759   ,0.0,1.0,VNC,0,"TESSITORI, AMEDEO",16:26,9,1,3,1,1,4,4,0,3,3,1,0,0,0,1,4,3,9,-4.0
2024,RS,6,60,0,P012800   ,1.0,0.0,VNC,2,"MC GRUDER, RODNEY",26:32,10,2,6,1,3,3,3,2,0,2,0,0,2,0,1,5,3,1,-2.0
2024,RS,6,60,0,P006571   ,0.0,0.0,VNC,4,"LEVER, ALESSANDRO",DNP,0,0,0,0,0,0,0,0,0,0,0,0,0,0,0,0,0,0,0.0
2024,RS,6,60,0,P009400   ,1.0,0.0,VNC,7,"CASARIN, DAVIDE",16:45,3,0,2,1,2,0,0,1,1,2,2,1,4,0,1,5,2,-3,5.0
2024,RS,6,60,0,P005177   ,0.0,0.0,VNC,8,"FERNANDEZ, JUAN",10:57,11,1,1,2,3,3,4,0,0,0,0,0,1,0,0,4,2,6,-1.0
2024,RS,6,60,0,P005404   ,0.0,1.0,VNC,9,"MORETTI, DAVIDE",22:15,10,0,0,2,5,4,4,0,1,1,4,1,1,0,1,0,3,14,-9.0
2024,RS,6,60,0,P012796   ,1.0,0.0,VNC,21,"TSHIMANGA KABENGELE, MFIONDU",23:34,8,3,4,0,0,2,4,1,6,7,0,2,2,0,0,5,2,9,-4.0
2024,RS,6,60,0,P011909   ,0.0,1.0,VNC,22,"PARKS, JORDAN",18:00,6,2,4,0,1,2,2,0,3,3,1,4,2,0,0,3,2,8,-12.0
2024,RS,6,60,0,P013305   ,1.0,1.0,VNC,24,"WHEATLE, CARL",25:31,7,2,3,1,5,0,0,1,5,6,3,2,2,0,0,0,0,11,-5.0
2024,RS,6,60,0,P011928   ,1.0,1.0,VNC,25,"SIMMS, AAMIR",24:10,9,1,2,2,4,1,2,1,3,4,2,0,3,0,0,3,2,7,-13.0
2024,RS,6,60,0,P008052   ,0.0,0.0,VNC,33,"WILTJER, KYLE",15:50,5,1,2,1,4,0,0,0,3,3,1,0,0,0,0,2,3,6,5.0
2024,RS,6,60,0,Team,0.0,0.0,VNC,,Team,,0,0,0,0,0,0,0,1,1,2,0,0,2,0,0,0,0,0,
2024,RS,6,60,0,Total,,,VNC,,Total,200:00,78,13,27,11,28,19,23,7,26,33,14,10,19,0,4,31,22,68,
2024,RS,7,61,1,P013292   ,0.0,0.0,TSO,0,"JANKOWSKI, BARTOSZ",06:47,0,0,0,0,1,0,0,1,0,1,0,0,0,0,0,0,0,0,-4.0
2024,RS,7,61,1,P012019   ,1.0,1.0,TSO,3,"BEST, AARON",27:40,12,2,4,2,2,2,2,1,1,2,3,2,2,1,0,4,3,15,-15.0
2024,RS,7,61,1,P013293   ,0.0,1.0,TSO,5,"MCGOWENS, ROBERT",20:32,15,3,7,2,2,3,7,0,2,2,2,0,2,0,0,3,5,11,-20.0
2024,RS,7,61,1,P013294   ,0.0,0.0,TSO,9,"JASZCZERSKI, WIKTOR",DNP,0,0,0,0,0,0,0,0,0,0,0,0,0,0,0,0,0,0,0.0
2024,RS,7,61,1,P008790   ,1.0,1.0,TSO,12,"WITLINSKI, MIKOLAJ",25:35,11,5,7,0,0,1,2,3,2,5,2,1,1,0,0,3,3,15,-14.0
2024,RS,7,61,1,P013295   ,1.0,1.0,TSO,15,"ZYSKOWSKI, JAROSLAW",26:50,6,1,5,0,1,4,4,1,2,3,0,0,1,0,2,2,4,3,-15.0
2024,RS,7,61,1,P009649   ,1.0,1.0,TSO,22,"PHILLIP, TARIK",32:08,7,2,5,0,2,3,4,1,2,3,6,2,4,0,0,2,6,12,-9.0
2024,RS,7,61,1,P013296   ,0.0,0.0,TSO,32,"GROSELLE, GEOFFREY",DNP,0,0,0,0,0,0,0,0,0,0,0,0,0,0,0,0,0,0,0.0
2024,RS,7,61,1,P013297   ,0.0,0.0,TSO,50,"WEATHERS, MARCUS",17:42,6,1,3,0,1,4,4,0,5,5,1,1,3,0,0,2,3,8,-23.0
2024,RS,7,61,1,P013298   ,1.0,0.0,TSO,55,"SCHENK, JAKUB",18:43,6,2,2,0,1,2,2,0,1,1,4,1,1,0,0,4,2,8,-4.0
2024,RS,7,61,1,P003885   ,0.0,0.0,TSO,81,"VAN VLIET, ANDY",24:03,16,4,6,2,4,2,2,0,5,5,1,0,1,0,0,3,2,16,-1.0
2024,RS,7,61,1,Team,0.0,0.0,TSO,,Team,,0,0,0,0,0,0,0,1,0,1,0,0,1,0,0,0,0,0,
2024,RS,7,61,1,Total,,,TSO,,Total,200:00,79,20,39,6,14,21,27,8,20,28,19,7,16,1,2,23,28,88,
2024,RS,7,61,0,P011924   ,1.0,0.0,BES,0,"ALLMAN, KYLE",25:09,7,1,6,0,1,5,5,0,3,3,3,1,3,0,0,2,4,7,7.0
2024,RS,7,61,0,P011936   ,1.0,0.0,BES,2,"MATHEWS, JONAH",24:04,21,5,9,3,7,2,2,0,1,1,1,1,4,0,0,2,4,14,7.0
2024,RS,7,61,0,P008945   ,1.0,1.0,BES,5,"NEEDHAM, DEREK",20:26,7,2,3,1,3,0,0,0,1,1,5,0,0,0,0,3,0,7,20.0
2024,RS,7,61,0,P003783   ,0.0,1.0,BES,6,"UGURLU, BERK",16:54,4,2,3,0,2,0,0,0,2,2,4,0,1,0,1,4,0,1,12.0
2024,RS,7,61,0,P007914   ,0.0,1.0,BES,7,"ARSLAN, YIGIT",24:46,19,1,1,5,9,2,2,1,2,3,3,0,0,0,0,3,3,21,19.0
2024,RS,7,61,0,P009680   ,0.0,1.0,BES,9,"MORGAN, CONOR",19:28,11,2,4,1,1,4,4,1,4,5,2,1,0,0,0,1,3,19,13.0
2024,RS,7,61,0,P012233   ,0.0,0.0,BES,10,"AKSU, YAGIZ",DNP,0,0,0,0,0,0,0,0,0,0,0,0,0,0,0,0,0,0,0.0
2024,RS,7,61,0,P011927   ,1.0,0.0,BES,14,"SLEVA, DUSTIN",19:09,11,1,1,3,3,0,0,1,0,1,0,2,1,0,0,4,3,12,7.0
2024,RS,7,61,0,P011379   ,1.0,1.0,BES,20,"KONAN, KEREM",10:29,5,2,3,0,0,1,2,1,0,1,0,0,0,1,0,3,2,4,-2.0
2024,RS,7,61,0,P012624   ,0.0,0.0,BES,22,"OZBEK, ATA",DNP,0,0,0,0,0,0,0,0,0,0,0,0,0,0,0,0,0,0,0.0
2024,RS,7,61,0,P013255   ,0.0,0.0,BES,30,"MARTIN, KELAN",14:13,7,2,4,1,3,0,0,0,0,0,3,2,0,0,0,2,2,8,-1.0
2024,RS,7,61,0,P010652   ,0.0,0.0,BES,33,"TERRY, EMANUEL",25:22,8,3,3,0,0,2,2,3,5,8,5,1,2,1,0,4,2,19,23.0
2024,RS,7,61,0,Team,0.0,0.0,BES,,Team,,0,0,0,0,0,0,0,4,2,6,0,0,0,0,0,0,0,6,
2024,RS,7,61,0,Total,,,BES,,Total,200:00,100,21,37,14,29,16,17,11,20,31,26,8,11,2,1,28,23,118,
2024,RS,7,62,1,P012777   ,0.0,0.0,CAN,1,"URBANIAK, JAKUB",DNP,0,0,0,0,0,0,0,0,0,0,0,0,0,0,0,0,0,0,0.0
2024,RS,7,62,1,P007560   ,0.0,0.0,CAN,3,"KLJAJIC, JOVAN",DNP,0,0,0,0,0,0,0,0,0,0,0,0,0,0,0,0,0,0,0.0
2024,RS,7,62,1,P012016   ,1.0,0.0,CAN,4,"CONDITT IV, GEORGE",14:45,8,3,4,0,0,2,2,0,4,4,0,0,2,2,0,4,2,9,1.0
2024,RS,7,62,1,P011251   ,1.0,0.0,CAN,5,"HOMESLEY, CALEB",18:59,4,2,3,0,5,0,1,0,0,0,0,0,1,0,0,0,1,-3,-7.0
2024,RS,7,62,1,P003425   ,1.0,1.0,CAN,6,"ALBICY, ANDREW",21:43,11,1,1,1,1,6,9,0,0,0,4,4,3,0,0,2,7,18,4.0
2024,RS,7,62,1,P008121   ,1.0,1.0,CAN,9,"BRUSSINO, NICOLAS",26:33,3,0,3,1,4,0,0,1,6,7,4,0,1,0,0,2,1,6,4.0
2024,RS,7,62,1,P005005   ,0.0,0.0,CAN,10,"SALVO, MIQUEL",12:34,0,0,0,0,0,0,0,0,3,3,1,0,1,0,0,0,1,4,-6.0
2024,RS,7,62,1,P010623   ,0.0,0.0,CAN,12,"ALOCEN, CARLOS",18:17,4,0,0,0,1,4,4,0,2,2,3,0,2,0,0,1,2,7,-6.0
2024,RS,7,62,1,P010452   ,0.0,1.0,CAN,13,"PELOS, PIERRE",14:37,6,3,4,0,2,0,0,0,5,5,0,0,0,0,0,3,0,5,-12.0
2024,RS,7,62,1,P006588   ,1.0,0.0,CAN,14,"SHURNA, JOHN",25:23,12,4,5,0,5,4,4,0,0,0,1,2,1,1,0,1,2,10,10.0
2024,RS,7,62,1,P008966   ,0.0,1.0,CAN,18,"TOBEY, MIKE",25:15,8,2,4,1,3,1,2,3,4,7,5,1,0,0,0,1,2,17,-3.0
2024,RS,7,62,1,P012095   ,0.0,1.0,CAN,32,"THOMASSON, JOE",21:54,10,2,3,2,5,0,0,1,3,4,0,0,1,0,0,4,1,6,5.0
2024,RS,7,62,1,Team,0.0,0.0,CAN,,Team,,0,0,0,0,0,0,0,1,2,3,0,0,0,0,0,0,0,3,
2024,RS,7,62,1,Total,,,CAN,,Total,200:00,66,17,27,5,26,17,22,6,29,35,18,7,12,3,0,18,19,82,
2024,RS,7,62,0,P012003   ,1.0,0.0,WOL,1,"COWAN JR, ANTHONY",26:23,10,1,3,1,7,5,5,0,0,0,6,0,1,0,0,4,5,8,10.0
2024,RS,7,62,0,P012789   ,0.0,1.0,WOL,4,"BROOKS, GARRISON",16:41,7,3,6,0,0,1,3,3,1,4,1,0,1,0,0,2,2,6,1.0
2024,RS,7,62,0,P003212   ,0.0,0.0,WOL,8,"KARINIAUSKAS, VAIDAS",08:03,0,0,3,0,0,0,0,2,1,3,2,0,1,0,0,1,0,0,3.0
2024,RS,7,62,0,P009306   ,0.0,0.0,WOL,9,"BASLYK, DANIEL",DNP,0,0,0,0,0,0,0,0,0,0,0,0,0,0,0,0,0,0,0.0
2024,RS,7,62,0,P004645   ,1.0,0.0,WOL,10,"MINIOTAS, REGIMANTAS",17:28,5,1,3,1,1,0,0,3,5,8,0,1,1,0,0,1,0,10,3.0
2024,RS,7,62,0,P006897   ,0.0,0.0,WOL,11,"MARCINKEVICIUS, JUSTINAS",DNP,0,0,0,0,0,0,0,0,0,0,0,0,0,0,0,0,0,0,0.0
2024,RS,7,62,0,P011248   ,0.0,1.0,WOL,12,"ANDREWS, ANDREW",28:30,9,0,3,2,7,3,5,2,4,6,1,2,0,0,0,1,5,12,1.0
2024,RS,7,62,0,P005516   ,1.0,1.0,WOL,13,"ZEMAITIS, KRISTUPAS",23:40,13,2,4,3,5,0,0,0,2,2,2,3,2,0,0,3,1,12,-9.0
2024,RS,7,62,0,P012577   ,0.0,0.0,WOL,15,"THURMAN, TRE'SHAWN",22:13,9,1,7,2,5,1,2,2,5,7,0,0,1,0,2,1,2,4,0.0
2024,RS,7,62,0,P008186   ,1.0,0.0,WOL,22,"BLAZEVIC, MAREK",23:19,8,4,7,0,0,0,0,2,3,5,0,0,3,0,1,2,1,5,1.0
2024,RS,7,62,0,P006853   ,0.0,1.0,WOL,23,"JOGELA, MATAS",18:54,5,2,5,0,2,1,2,2,1,3,0,1,0,0,0,0,1,4,-4.0
2024,RS,7,62,0,P006546   ,1.0,1.0,WOL,44,"TAYLOR, JEFFERY",14:49,2,1,2,0,1,0,1,1,2,3,1,0,2,0,0,4,1,-2,4.0
2024,RS,7,62,0,Team,0.0,0.0,WOL,,Team,,0,0,0,0,0,0,0,4,3,7,0,0,0,0,0,0,0,7,
2024,RS,7,62,0,Total,,,WOL,,Total,200:00,68,15,43,9,28,11,18,21,27,48,13,7,12,0,3,19,18,66,
2024,RS,7,63,1,P012593   ,1.0,1.0,TRN,1,"ELLIS, QUINN",19:45,6,2,6,0,1,2,3,0,1,1,3,0,0,1,0,1,4,8,-1.0
2024,RS,7,63,1,P013269   ,1.0,1.0,TRN,3,"CALE, MYLES",25:38,6,3,6,0,4,0,0,0,5,5,2,1,1,0,0,3,1,4,-3.0
2024,RS,7,63,1,P013270   ,0.0,1.0,TRN,5,"FORD, JORDAN",23:53,14,3,4,1,4,5,6,0,2,2,3,1,1,0,1,2,4,15,4.0
2024,RS,7,63,1,P005438   ,1.0,0.0,TRN,6,"PECCHIA, ANDREA",21:31,11,4,5,0,1,3,4,1,2,3,1,2,1,0,0,2,4,15,8.0
2024,RS,7,63,1,P012687   ,0.0,0.0,TRN,7,"NIANG, SALIOU",18:48,8,3,3,0,1,2,4,2,2,4,0,1,0,0,0,3,3,10,-1.0
2024,RS,7,63,1,P006382   ,0.0,0.0,TRN,10,"FORRAY, TOTO",10:21,0,0,0,0,2,0,0,0,0,0,1,0,0,0,0,2,0,-3,-1.0
2024,RS,7,63,1,P013271   ,1.0,0.0,TRN,21,"MAWUGBE, SELOM",26:11,6,3,6,0,0,0,2,0,3,3,0,1,0,1,0,3,2,5,7.0
2024,RS,7,63,1,P013272   ,1.0,1.0,TRN,22,"LAMB, ANTHONY",27:49,22,7,8,1,4,5,5,1,3,4,0,0,4,0,0,2,9,25,-3.0
2024,RS,7,63,1,P006724   ,0.0,0.0,TRN,26,"BAYEHE, JORDAN",06:29,2,1,3,0,0,0,0,1,0,1,0,0,0,0,0,2,0,-1,-5.0
2024,RS,7,63,1,P002387   ,0.0,1.0,TRN,33,"ZUKAUSKAS, EIGIRDAS",19:35,12,2,4,2,5,2,4,2,0,2,1,1,1,0,0,3,2,7,5.0
2024,RS,7,63,1,Team,0.0,0.0,TRN,,Team,,0,0,0,0,0,0,0,1,3,4,0,0,0,0,0,0,0,4,
2024,RS,7,63,1,Total,,,TRN,,Total,200:00,87,28,45,4,22,19,28,8,21,29,11,7,8,2,1,23,29,89,
2024,RS,7,63,0,P010161   ,1.0,1.0,JOV,1,"KRAAG, YANNICK",27:56,9,3,3,1,2,0,0,2,3,5,1,2,0,0,0,3,0,13,-8.0
2024,RS,7,63,0,P013285   ,1.0,0.0,JOV,2,"DOTSON, DEVON DURRELL",24:28,14,6,11,0,1,2,4,0,3,3,4,0,4,0,2,4,4,7,-2.0
2024,RS,7,63,0,P006771   ,0.0,0.0,JOV,3,"BUSQUETS, PEP",17:17,5,1,1,1,2,0,2,0,1,1,0,0,0,0,0,3,2,2,2.0
2024,RS,7,63,0,PJUG      ,0.0,0.0,JOV,4,"RIBAS, PAU",03:57,0,0,0,0,0,0,0,0,0,0,1,0,0,0,0,0,0,1,-6.0
2024,RS,7,63,0,P013286   ,0.0,1.0,JOV,6,"VAN DER VUURST, KEYE",15:32,4,1,2,0,2,2,2,0,1,1,3,0,1,0,0,4,2,2,-4.0
2024,RS,7,63,0,P013287   ,1.0,0.0,JOV,12,"BRAY-GATES, KAISER EVAN",13:44,3,0,0,1,1,0,0,0,3,3,1,0,0,0,0,2,0,5,14.0
2024,RS,7,63,0,P004834   ,0.0,0.0,JOV,13,"PUSTOVYI, ARTEM",17:17,9,4,6,0,0,1,2,0,1,1,0,0,2,1,0,5,4,5,0.0
2024,RS,7,63,0,P002361   ,0.0,0.0,JOV,16,"VIVES, GUILLEM",04:04,0,0,0,0,0,0,0,0,1,1,0,0,0,0,0,0,0,1,-4.0
2024,RS,7,63,0,P012226   ,0.0,0.0,JOV,19,"PLATTEEUW, IAN",DNP,0,0,0,0,0,0,0,0,0,0,0,0,0,0,0,0,0,0,0.0
2024,RS,7,63,0,P012740   ,0.0,1.0,JOV,30,"ROBERTSON, KASSIUS",25:30,12,3,6,2,7,0,0,0,2,2,5,0,1,0,0,3,2,9,0.0
2024,RS,7,63,0,P002507   ,1.0,1.0,JOV,44,"TOMIC, ANTE",26:08,17,6,10,0,0,5,8,4,9,13,2,0,4,0,0,3,8,26,-2.0
2024,RS,7,63,0,P005099   ,1.0,1.0,JOV,88,"HANGA, ADAM",24:07,12,1,1,3,6,1,1,1,1,2,0,3,0,0,0,3,1,12,0.0
2024,RS,7,63,0,Team,0.0,0.0,JOV,,Team,,0,0,0,0,0,0,0,0,2,2,0,0,4,0,0,0,0,-2,
2024,RS,7,63,0,Total,,,JOV,,Total,200:00,85,25,40,8,21,11,19,7,27,34,17,5,16,1,2,30,23,81,
2024,RS,7,64,1,P011150   ,1.0,0.0,BUD,1,"SULAIMON, RASHEED",37:37,10,5,11,0,3,0,0,0,5,5,3,4,1,0,0,5,3,10,6.0
2024,RS,7,64,1,P006561   ,0.0,0.0,BUD,2,"ILIC, ALEKSA",14:27,6,3,3,0,0,0,0,2,0,2,1,0,0,0,0,1,0,8,-1.0
2024,RS,7,64,1,P012630   ,0.0,1.0,BUD,3,"MAGEE, FLETCHER",30:43,23,5,7,4,6,1,1,0,0,0,1,1,3,0,0,2,3,19,-12.0
2024,RS,7,64,1,P006566   ,1.0,0.0,BUD,7,"SLAVKOVIC, ANDRIJA",04:16,2,1,1,0,0,0,0,1,2,3,0,0,0,0,0,0,0,5,3.0
2024,RS,7,64,1,P005637   ,1.0,1.0,BUD,10,"TANASKOVIC, NIKOLA",30:33,10,5,6,0,0,0,0,2,2,4,1,0,2,0,0,2,1,11,6.0
2024,RS,7,64,1,P011281   ,0.0,0.0,BUD,11,"FERRELL, YOGI",26:44,17,3,3,3,6,2,2,0,1,1,4,1,1,0,0,4,3,18,10.0
2024,RS,7,64,1,P010307   ,0.0,1.0,BUD,13,"JOVANOVIC, DORDIJE",09:14,0,0,0,0,0,0,0,0,2,2,0,0,0,0,0,3,0,-1,4.0
2024,RS,7,64,1,P013258   ,0.0,0.0,BUD,23,"DREZNJAK, MATEO",DNP,0,0,0,0,0,0,0,0,0,0,0,0,0,0,0,0,0,0,0.0
2024,RS,7,64,1,P004222   ,0.0,0.0,BUD,24,"OMIC, ALEN",11:26,4,1,3,0,0,2,4,3,0,3,0,0,1,0,0,1,2,3,1.0
2024,RS,7,64,1,P012606   ,1.0,1.0,BUD,25,"WRIGHT IV, MCKINLEY",26:26,18,3,6,3,5,3,3,0,1,1,6,1,4,0,0,1,5,21,4.0
2024,RS,7,64,1,P013259   ,0.0,0.0,BUD,27,"AZUBUIKE, UDOKA",DNP,0,0,0,0,0,0,0,0,0,0,0,0,0,0,0,0,0,0,0.0
2024,RS,7,64,1,P008325   ,1.0,1.0,BUD,34,"KAMENJAS, KENAN",33:34,15,6,8,0,0,3,4,0,5,5,2,0,1,0,0,0,3,21,4.0
2024,RS,7,64,1,Team,0.0,0.0,BUD,,Team,,0,0,0,0,0,0,0,1,2,3,0,0,1,0,0,0,0,2,
2024,RS,7,64,1,Total,,,BUD,,Total,225:00,105,32,48,10,20,11,14,9,20,29,18,7,14,0,0,19,20,117,
2024,RS,7,64,0,P006245   ,1.0,0.0,ULM,0,"WEIDEMANN, NELSON",21:09,11,1,2,3,4,0,0,0,0,0,3,1,2,0,0,3,2,10,1.0
2024,RS,7,64,0,P013289   ,1.0,0.0,ULM,3,"SANTOS, MARCIO",08:02,0,0,1,0,0,0,0,0,0,0,1,0,2,0,0,3,1,-4,-7.0
2024,RS,7,64,0,P010726   ,0.0,0.0,ULM,7,"JENSEN, TOBIAS",07:35,4,2,2,0,0,0,0,0,2,2,2,0,2,0,0,1,0,5,-7.0
2024,RS,7,64,0,P012077   ,0.0,1.0,ULM,9,"PLUMMER, ALFONSO",27:25,8,1,2,2,7,0,0,1,2,3,2,0,3,0,0,3,0,1,-1.0
2024,RS,7,64,0,P013290   ,1.0,1.0,ULM,10,"JESSUP, JUSTINIAN",40:47,25,4,5,5,10,2,2,3,2,5,4,1,1,0,0,0,4,32,-4.0
2024,RS,7,64,0,P011391   ,0.0,0.0,ULM,12,"ESSENGUE, NOA",19:09,21,5,8,1,2,8,8,1,2,3,2,2,2,0,0,3,5,24,19.0
2024,RS,7,64,0,P006997   ,0.0,1.0,ULM,14,"HERKENHOFF, PHILIPP",33:43,12,0,5,4,4,0,0,1,5,6,5,0,0,0,0,1,0,17,-1.0
2024,RS,7,64,0,P013291   ,1.0,1.0,ULM,15,"ROBY, ISAIAH",24:23,11,2,5,2,4,1,2,2,1,3,0,0,1,0,0,2,2,7,-18.0
2024,RS,7,64,0,P012602   ,0.0,0.0,ULM,21,"ANIGBATA, ALEC",DNP,0,0,0,0,0,0,0,0,0,0,0,0,0,0,0,0,0,0,0.0
2024,RS,7,64,0,P005422   ,1.0,1.0,ULM,35,"JALLOW, KARIM",42:47,8,3,3,0,2,2,3,2,4,6,3,1,4,0,0,4,3,10,-7.0
2024,RS,7,64,0,Team,0.0,0.0,ULM,,Team,,0,0,0,0,0,0,0,0,0,0,0,0,0,0,0,0,0,0,
2024,RS,7,64,0,Total,,,ULM,,Total,225:00,100,18,33,17,33,13,15,10,18,28,22,5,17,0,0,20,17,102,
2024,RS,7,65,1,P011192   ,1.0,1.0,BAH,0,"SMITH, JALEEN",36:58,2,1,3,0,5,0,0,0,2,2,15,0,1,0,0,2,1,10,8.0
2024,RS,7,65,1,P011201   ,1.0,1.0,BAH,2,"HAZER, SEHMUS",32:05,23,4,5,3,5,6,10,1,2,3,4,2,3,0,0,3,4,23,4.0
2024,RS,7,65,1,P012405   ,0.0,0.0,BAH,7,"HALTALI, FURKAN",00:48,0,0,0,0,0,0,0,0,1,1,0,0,1,0,0,2,0,-2,0.0
2024,RS,7,65,1,P008282   ,0.0,0.0,BAH,10,"ILYASOGLU, OMERCAN",DNP,0,0,0,0,0,0,0,0,0,0,0,0,0,0,0,0,0,0,0.0
2024,RS,7,65,1,PLQV      ,0.0,0.0,BAH,17,"MUTAF, MAXIM",DNP,0,0,0,0,0,0,0,0,0,0,0,0,0,0,0,0,0,0,0.0
2024,RS,7,65,1,P005348   ,0.0,0.0,BAH,18,"ARNA, EGEHAN",04:10,0,0,0,0,0,0,0,0,0,0,0,0,0,0,0,1,0,-1,4.0
2024,RS,7,65,1,P012711   ,0.0,0.0,BAH,19,"SIMONOVIC, MARKO",18:21,13,2,3,1,6,6,6,1,1,2,2,0,0,0,0,1,3,13,2.0
2024,RS,7,65,1,P004172   ,0.0,1.0,BAH,20,"PONITKA, MATEUSZ",21:01,14,4,5,2,3,0,0,0,5,5,2,0,2,0,0,4,3,16,9.0
2024,RS,7,65,1,P011823   ,1.0,0.0,BAH,21,"ODIASE, TAI",28:00,19,7,8,0,0,5,6,0,2,2,1,0,2,2,0,3,4,21,12.0
2024,RS,7,65,1,P009601   ,1.0,1.0,BAH,34,"CAVANAUGH, TYLER",32:30,12,3,3,1,1,3,4,0,10,10,0,1,1,0,0,2,4,23,2.0
2024,RS,7,65,1,P008278   ,0.0,0.0,BAH,57,"BAS, GOKTUG",DNP,0,0,0,0,0,0,0,0,0,0,0,0,0,0,0,0,0,0,0.0
2024,RS,7,65,1,P003840   ,1.0,1.0,BAH,83,"BOUTEILLE, AXEL",26:07,7,2,4,1,3,0,0,1,4,5,0,1,0,0,0,2,1,8,-1.0
2024,RS,7,65,1,Team,0.0,0.0,BAH,,Team,,0,0,0,0,0,0,0,1,2,3,0,0,4,0,0,0,0,-1,
2024,RS,7,65,1,Total,,,BAH,,Total,200:00,90,23,31,8,23,20,26,4,29,33,24,4,14,2,0,20,20,110,
2024,RS,7,65,0,P005181   ,0.0,0.0,HTA,1,"RAGLAND, JOE",11:46,7,2,3,1,1,0,0,0,2,2,2,2,3,0,0,2,0,7,-11.0
2024,RS,7,65,0,P013402   ,0.0,1.0,HTA,2,"BLAKENEY, ANTONIO",15:47,7,1,2,0,3,5,6,0,2,2,0,0,1,0,0,0,3,6,-5.0
2024,RS,7,65,0,P013283   ,0.0,0.0,HTA,9,"PALATIN, GUY",DNP,0,0,0,0,0,0,0,0,0,0,0,0,0,0,0,0,0,0,0.0
2024,RS,7,65,0,P004846   ,1.0,0.0,HTA,10,"TIMOR, BAR",24:30,5,1,2,1,4,0,0,0,2,2,2,1,0,0,0,1,0,5,0.0
2024,RS,7,65,0,P009877   ,0.0,0.0,HTA,14,"BLAYZER, OZ",02:32,0,0,0,0,1,0,0,0,0,0,0,0,0,0,0,1,0,-2,-6.0
2024,RS,7,65,0,P010386   ,1.0,1.0,HTA,17,"FOSTER, MARCUS",26:49,15,5,6,1,6,2,2,0,0,0,1,0,0,0,0,3,4,11,-1.0
2024,RS,7,65,0,P001927   ,1.0,1.0,HTA,22,"BEVERLEY, PATRICK",30:10,18,3,5,4,7,0,0,1,4,5,8,1,1,0,1,4,4,25,3.0
2024,RS,7,65,0,P013284   ,1.0,1.0,HTA,24,"WAINRIGHT, ISHMAIL CARZELL",29:43,8,1,5,1,3,3,3,2,1,3,0,3,0,0,1,1,3,9,3.0
2024,RS,7,65,0,P011386   ,0.0,0.0,HTA,31,"YAACOV, NOAM",10:39,0,0,0,0,0,0,0,0,0,0,1,0,1,0,0,1,1,0,-10.0
2024,RS,7,65,0,P010550   ,0.0,0.0,HTA,41,"GINAT, TOMER",20:21,11,3,4,1,5,2,2,0,2,2,3,0,1,0,0,3,1,8,-6.0
2024,RS,7,65,0,P012096   ,1.0,1.0,HTA,51,"CABOCLO, BRUNO",27:43,11,3,7,1,5,2,4,4,6,10,2,0,3,0,0,4,4,10,-7.0
2024,RS,7,65,0,Team,0.0,0.0,HTA,,Team,,0,0,0,0,0,0,0,4,1,5,0,0,0,0,0,0,0,5,
2024,RS,7,65,0,Total,,,HTA,,Total,200:00,82,19,34,10,35,14,17,11,20,31,19,7,10,0,2,20,20,84,
2024,RS,7,66,1,P008912   ,1.0,1.0,JER,3,"CARRINGTON, KHADEEN",27:27,18,4,9,3,8,1,2,1,2,3,2,2,4,0,0,0,1,11,0.0
2024,RS,7,66,1,P013277   ,1.0,0.0,JER,4,"JOHNSON, CHRIS",22:50,4,1,2,0,2,2,4,3,3,6,2,0,0,0,0,3,2,6,21.0
2024,RS,7,66,1,P013279   ,1.0,1.0,JER,7,"CHACHASHVILI, GABRIEL",22:30,6,2,4,0,0,2,2,1,5,6,1,0,2,0,0,3,2,8,0.0
2024,RS,7,66,1,P009879   ,1.0,1.0,JER,8,"DOVRAT, NOAM",26:00,17,4,8,3,5,0,0,1,4,5,4,0,4,0,0,4,0,12,32.0
2024,RS,7,66,1,P013280   ,0.0,0.0,JER,18,"HASSON, YARIN",DNP,0,0,0,0,0,0,0,0,0,0,0,0,0,0,0,0,0,0,0.0
2024,RS,7,66,1,P010431   ,1.0,1.0,JER,20,"MORGAN, JEREMY",31:37,14,1,1,3,5,3,4,1,6,7,4,4,3,0,0,2,6,27,16.0
2024,RS,7,66,1,P013263   ,0.0,0.0,JER,34,"OGBEIDE, DEREK",17:30,9,3,5,0,0,3,8,3,5,8,1,0,0,2,0,0,6,19,28.0
2024,RS,7,66,1,P010587   ,0.0,0.0,JER,44,"SMITH, KENNETH",DNP,0,0,0,0,0,0,0,0,0,0,0,0,0,0,0,0,0,0,0.0
2024,RS,7,66,1,P006625   ,0.0,1.0,JER,50,"ZOOSMAN, YOVEL",28:38,12,2,3,2,4,2,4,0,3,3,2,4,1,0,1,2,3,15,23.0
2024,RS,7,66,1,P013281   ,0.0,0.0,JER,80,"CORNELIUS, OR",23:28,14,4,5,1,1,3,7,1,3,4,1,2,1,1,0,4,5,17,20.0
2024,RS,7,66,1,Team,0.0,0.0,JER,,Team,,0,0,0,0,0,0,0,2,1,3,0,0,0,0,0,0,0,3,
2024,RS,7,66,1,Total,,,JER,,Total,200:00,94,21,37,12,25,16,31,13,32,45,17,12,15,3,1,18,25,118,
2024,RS,7,66,0,P003759   ,1.0,0.0,VNC,0,"TESSITORI, AMEDEO",22:05,4,2,4,0,1,0,1,0,5,5,1,1,2,0,0,5,2,2,-14.0
2024,RS,7,66,0,P012800   ,1.0,1.0,VNC,2,"MC GRUDER, RODNEY",25:31,9,4,6,0,3,1,2,1,2,3,1,0,2,0,1,4,1,1,-17.0
2024,RS,7,66,0,P006571   ,0.0,0.0,VNC,4,"LEVER, ALESSANDRO",12:08,2,0,2,0,0,2,2,0,0,0,0,1,1,0,0,5,2,-3,-14.0
2024,RS,7,66,0,P009400   ,1.0,1.0,VNC,7,"CASARIN, DAVIDE",26:14,0,0,3,0,2,0,0,1,1,2,4,0,2,0,1,3,1,-4,-23.0
2024,RS,7,66,0,P005177   ,0.0,0.0,VNC,8,"FERNANDEZ, JUAN",08:07,0,0,0,0,3,0,0,0,0,0,0,0,0,0,0,0,1,-2,-10.0
2024,RS,7,66,0,P005404   ,0.0,1.0,VNC,9,"MORETTI, DAVIDE",23:12,11,0,2,2,6,5,5,0,0,0,4,0,5,0,0,1,4,7,-14.0
2024,RS,7,66,0,P012588   ,0.0,1.0,VNC,14,"JANELIDZE, GIGA",05:47,0,0,0,0,0,0,0,0,2,2,1,1,1,0,0,0,0,3,0.0
2024,RS,7,66,0,P012796   ,0.0,0.0,VNC,21,"TSHIMANGA KABENGELE, MFIONDU",DNP,0,0,0,0,0,0,0,0,0,0,0,0,0,0,0,0,0,0,0.0
2024,RS,7,66,0,P011909   ,0.0,0.0,VNC,22,"PARKS, JORDAN",24:22,15,5,8,1,3,2,3,1,4,5,0,2,2,1,0,4,2,13,-16.0
2024,RS,7,66,0,P013305   ,1.0,1.0,VNC,24,"WHEATLE, CARL",26:49,7,2,4,1,1,0,0,0,2,2,3,2,1,0,1,3,2,9,-22.0
2024,RS,7,66,0,P011928   ,0.0,0.0,VNC,25,"SIMMS, AAMIR",DNP,0,0,0,0,0,0,0,0,0,0,0,0,0,0,0,0,0,0,0.0
2024,RS,7,66,0,P008052   ,1.0,0.0,VNC,33,"WILTJER, KYLE",25:45,18,5,7,2,5,2,2,0,0,0,4,1,1,0,0,0,3,20,-10.0
2024,RS,7,66,0,Team,0.0,0.0,VNC,,Team,,0,0,0,0,0,0,0,2,5,7,0,0,0,0,0,0,0,7,
2024,RS,7,66,0,Total,,,VNC,,Total,200:00,66,18,36,6,24,12,15,5,21,26,18,8,17,1,3,25,18,53,
2024,RS,7,67,1,P013299   ,0.0,0.0,TTK,2,"TEKCEVIK, METE",DNP,0,0,0,0,0,0,0,0,0,0,0,0,0,0,0,0,0,0,0.0
2024,RS,7,67,1,P007917   ,0.0,1.0,TTK,3,"DURMAZ, BERKAN",23:03,0,0,1,0,1,0,0,1,2,3,2,0,0,1,0,3,0,1,19.0
2024,RS,7,67,1,P004056   ,0.0,0.0,TTK,5,"AKPINAR, ISMET",05:43,0,0,0,0,0,0,0,0,0,0,0,0,0,0,0,2,1,-1,-12.0
2024,RS,7,67,1,P009025   ,1.0,1.0,TTK,8,"BROWN, ANTHONY",38:55,39,6,9,8,10,3,3,0,4,4,7,1,2,0,0,2,3,45,16.0
2024,RS,7,67,1,P012415   ,1.0,0.0,TTK,9,"TUNCA, MELIH",15:27,4,1,3,0,1,2,2,1,1,2,4,2,2,0,0,3,2,6,17.0
2024,RS,7,67,1,P010465   ,1.0,1.0,TTK,11,"ANGOLA, BRAIAN",32:24,21,3,7,3,7,6,7,2,6,8,6,1,1,0,0,3,6,29,24.0
2024,RS,7,67,1,P011977   ,0.0,0.0,TTK,12,"OZDOGAN, ARDA",DNP,0,0,0,0,0,0,0,0,0,0,0,0,0,0,0,0,0,0,0.0
2024,RS,7,67,1,P004619   ,0.0,0.0,TTK,13,"AGVA, MAHIR",10:23,2,1,3,0,0,0,0,1,1,2,1,1,0,0,0,3,0,1,-5.0
2024,RS,7,67,1,P013300   ,1.0,1.0,TTK,20,"BESS, JAVON",26:24,10,2,4,2,3,0,2,1,4,5,2,1,2,1,0,4,1,9,15.0
2024,RS,7,67,1,P006598   ,0.0,0.0,TTK,21,"HANLAN, OLIVIER",16:07,5,1,3,1,3,0,0,0,2,2,1,1,3,0,0,1,1,2,-5.0
2024,RS,7,67,1,P010811   ,0.0,0.0,TTK,38,"TARLA, KAAN",DNP,0,0,0,0,0,0,0,0,0,0,0,0,0,0,0,0,0,0,0.0
2024,RS,7,67,1,P011935   ,1.0,1.0,TTK,55,"MAKOUNDOU, YOAN",31:34,18,5,6,0,0,8,8,1,2,3,0,0,1,1,1,3,5,21,26.0
2024,RS,7,67,1,Team,0.0,0.0,TTK,,Team,,0,0,0,0,0,0,0,1,4,5,0,0,0,0,0,0,0,5,
2024,RS,7,67,1,Total,,,TTK,,Total,200:00,99,19,36,14,25,19,22,8,26,34,23,7,11,3,1,24,19,118,
2024,RS,7,67,0,P011797   ,1.0,1.0,CLU,0,"GUZMAN, KAREL",27:00,11,1,4,1,5,6,7,1,2,3,2,1,1,0,0,2,4,10,-24.0
2024,RS,7,67,0,P010651   ,0.0,0.0,CLU,1,"HERVEY, KEVIN",11:05,2,0,0,0,2,2,2,1,3,4,0,0,1,0,0,5,1,-1,5.0
2024,RS,7,67,0,P013301   ,0.0,0.0,CLU,2,"SOMACESCU, TUDOR",DNP,0,0,0,0,0,0,0,0,0,0,0,0,0,0,0,0,0,0,0.0
2024,RS,7,67,0,P013302   ,1.0,1.0,CLU,3,"SIMPSON, ZAVIER",32:42,22,8,13,0,3,6,7,0,6,6,9,3,5,0,1,1,9,33,-19.0
2024,RS,7,67,0,P005714   ,1.0,0.0,CLU,5,"MEJERIS, MAREKS",19:48,7,1,2,1,1,2,2,1,0,1,3,0,0,0,0,1,1,10,-12.0
2024,RS,7,67,0,P013303   ,0.0,0.0,CLU,6,"MIRON, DARIUS",DNP,0,0,0,0,0,0,0,0,0,0,0,0,0,0,0,0,0,0,0.0
2024,RS,7,67,0,P002820   ,1.0,1.0,CLU,9,"SALIN, SASU",25:47,7,0,0,1,7,4,4,0,1,1,0,0,1,0,1,1,3,2,-25.0
2024,RS,7,67,0,P013304   ,1.0,1.0,CLU,10,"HANKINS, ZACH",31:11,20,8,10,0,0,4,7,2,4,6,0,0,1,1,0,2,4,23,-14.0
2024,RS,7,67,0,P004862   ,0.0,1.0,CLU,11,"SEELEY, DENNIS",20:53,3,0,0,1,3,0,0,0,0,0,1,0,1,0,1,1,0,-1,-6.0
2024,RS,7,67,0,P006618   ,0.0,0.0,CLU,23,"STEPHENS, DE'SHAWN",10:15,2,1,1,0,1,0,0,0,2,2,0,0,2,0,0,3,0,-2,-8.0
2024,RS,7,67,0,P012620   ,0.0,0.0,CLU,25,"MACIUCA, MIHAI",DNP,0,0,0,0,0,0,0,0,0,0,0,0,0,0,0,0,0,0,0.0
2024,RS,7,67,0,P012698   ,0.0,0.0,CLU,95,"MOKOKA, ADAM",21:19,6,1,4,1,2,1,1,0,2,2,0,0,1,0,0,5,1,-1,8.0
2024,RS,7,67,0,Team,0.0,0.0,CLU,,Team,,0,0,0,0,0,0,0,5,1,6,0,0,1,0,0,0,0,5,
2024,RS,7,67,0,Total,,,CLU,,Total,200:00,80,20,34,5,24,25,30,10,21,31,15,4,14,1,3,21,23,78,
2024,RS,7,68,1,P009898   ,1.0,0.0,LKB,2,"BICKAUSKIS, DOVIS",21:07,8,3,3,0,2,2,2,1,1,2,2,1,2,2,0,4,1,8,7.0
2024,RS,7,68,1,P010181   ,0.0,1.0,LKB,3,"STENIONIS, DOMINYKAS",02:28,0,0,0,0,1,0,0,0,0,0,1,1,0,0,0,0,0,1,2.0
2024,RS,7,68,1,PLXI      ,0.0,0.0,LKB,10,"LIPKEVICIUS, VYTENIS",23:14,11,1,1,3,7,0,0,0,2,2,1,2,0,0,0,0,4,16,16.0
2024,RS,7,68,1,P010461   ,0.0,0.0,LKB,12,"MALDUNAS, GABRIELIUS",15:59,4,2,9,0,0,0,0,5,2,7,0,3,1,0,1,3,0,2,7.0
2024,RS,7,68,1,P005521   ,1.0,0.0,LKB,13,"VARNAS, MARTYNAS",23:20,10,2,3,2,5,0,0,0,0,0,2,0,0,0,0,1,2,9,11.0
2024,RS,7,68,1,P005656   ,1.0,1.0,LKB,15,"PECARSKI, MARKO",24:01,10,5,6,0,1,0,0,2,4,6,0,1,2,0,0,0,2,15,16.0
2024,RS,7,68,1,P009299   ,1.0,1.0,LKB,17,"RUBSTAVICIUS, MANTAS",27:24,22,3,4,4,6,4,4,1,1,2,1,2,0,1,1,2,2,24,16.0
2024,RS,7,68,1,P006212   ,0.0,1.0,LKB,18,"VASILIAUSKAS, GRANTAS",18:01,5,2,3,0,0,1,1,2,2,4,0,0,0,0,0,3,1,6,6.0
2024,RS,7,68,1,P005113   ,1.0,0.0,LKB,31,"STIPANOVIC, ANDRIJA",21:59,11,4,5,0,0,3,4,0,6,6,7,0,1,1,1,2,9,28,17.0
2024,RS,7,68,1,P013247   ,0.0,1.0,LKB,50,"KOVLIAR, OLEKSANDR",22:27,10,1,4,2,3,2,2,0,1,1,8,0,3,0,0,3,3,12,17.0
2024,RS,7,68,1,Team,0.0,0.0,LKB,,Team,,0,0,0,0,0,0,0,2,1,3,0,0,1,0,0,0,0,2,
2024,RS,7,68,1,Total,,,LKB,,Total,200:00,91,23,38,11,25,12,13,13,20,33,22,10,10,4,3,18,24,123,
2024,RS,7,68,0,P013308   ,1.0,0.0,HAM,1,"IVEY, BRAE",20:25,7,2,2,0,5,3,4,0,2,2,2,0,3,0,1,4,9,6,-5.0
2024,RS,7,68,0,P011256   ,1.0,1.0,HAM,3,"RICH, OSARO",20:18,9,1,3,2,4,1,2,1,0,1,2,3,1,0,2,1,3,9,-12.0
2024,RS,7,68,0,P008103   ,0.0,0.0,HAM,5,"MARONKA, ZSOMBOR",13:20,1,0,0,0,2,1,2,2,3,5,0,0,1,0,0,1,1,2,-3.0
2024,RS,7,68,0,P010070   ,0.0,1.0,HAM,6,"MOELLER, LEIF",19:06,5,1,1,1,2,0,0,0,3,3,4,1,2,0,0,3,0,7,-16.0
2024,RS,7,68,0,P013311   ,0.0,1.0,HAM,11,"KENNEDY, KEONDRE",23:22,7,2,2,1,6,0,0,2,3,5,0,1,2,0,0,0,2,8,-16.0
2024,RS,7,68,0,P012695   ,0.0,0.0,HAM,14,"REECE, CAMRON",10:00,5,2,2,0,0,1,1,0,0,0,1,0,0,0,0,3,1,4,-6.0
2024,RS,7,68,0,P005478   ,0.0,0.0,HAM,17,"WIMBERG, NIKLAS",19:53,7,2,4,1,2,0,0,2,2,4,4,0,5,1,0,3,0,5,-10.0
2024,RS,7,68,0,P013312   ,1.0,0.0,HAM,21,"BARNETT, JORDAN",16:00,4,2,3,0,3,0,0,1,0,1,2,0,2,1,0,2,0,0,-8.0
2024,RS,7,68,0,P013313   ,1.0,1.0,HAM,23,"KUATH, KUR",20:27,10,4,7,0,0,2,2,0,1,1,2,0,1,1,0,3,1,8,-17.0
2024,RS,7,68,0,P003242   ,1.0,0.0,HAM,25,"OGBE, KENNETH",23:29,8,1,3,2,3,0,0,1,1,2,1,0,0,0,1,3,1,5,-17.0
2024,RS,7,68,0,P006420   ,0.0,1.0,HAM,33,"HECKMANN, PATRICK",13:40,5,1,1,1,1,0,0,1,1,2,1,0,1,0,0,1,0,6,-5.0
2024,RS,7,68,0,P006006   ,0.0,0.0,HAM,44,"TURUDIC, BENEDIKT",DNP,0,0,0,0,0,0,0,0,0,0,0,0,0,0,0,0,0,0,0.0
2024,RS,7,68,0,Team,0.0,0.0,HAM,,Team,,0,0,0,0,0,0,0,1,1,2,0,0,1,0,0,0,0,1,
2024,RS,7,68,0,Total,,,HAM,,Total,200:00,68,18,28,8,28,8,11,11,17,28,19,5,19,3,4,24,18,61,
2024,RS,7,69,1,P013248   ,1.0,0.0,ARI,1,"BANKS, JAMES",06:47,0,0,1,0,0,0,0,1,0,1,0,0,0,0,0,0,0,0,2.0
2024,RS,7,69,1,P004292   ,1.0,1.0,ARI,4,"TOLIOPOULOS, VASSILIS",31:39,18,5,9,2,11,2,2,1,1,2,3,0,2,0,0,3,5,10,0.0
2024,RS,7,69,1,P012638   ,0.0,0.0,ARI,7,"KAZAMIAS, VASILLIS",05:10,0,0,0,0,0,0,0,0,0,0,0,0,0,0,0,1,0,-1,0.0
2024,RS,7,69,1,P013355   ,0.0,0.0,ARI,10,"CHATZIDAKIS, EMMANOUIL",08:06,1,0,3,0,0,1,2,2,0,2,0,0,2,0,2,3,2,-6,-2.0
2024,RS,7,69,1,P013393   ,1.0,0.0,ARI,11,"LASZEWSKI, NATHAN JAMES",18:21,2,1,2,0,2,0,0,0,3,3,0,0,2,3,0,5,1,-1,-3.0
2024,RS,7,69,1,P013356   ,0.0,0.0,ARI,12,"GKIOUZELIS, GEORGIOS",10:48,0,0,1,0,1,0,0,0,0,0,1,0,0,0,0,2,0,-3,-4.0
2024,RS,7,69,1,P003240   ,0.0,1.0,ARI,13,"BOCHORIDIS, ELEFTHERIOS",28:20,4,2,3,0,2,0,0,0,4,4,4,0,2,3,0,4,2,8,0.0
2024,RS,7,69,1,P013049   ,0.0,0.0,ARI,16,"POURLIDAS, VASSILIS",DNP,0,0,0,0,0,0,0,0,0,0,0,0,0,0,0,0,0,0,0.0
2024,RS,7,69,1,P013395   ,1.0,0.0,ARI,17,"VISSARIOU, TILEMACHOS",08:23,0,0,0,0,0,0,0,0,0,0,0,0,0,0,0,2,1,-1,-5.0
2024,RS,7,69,1,P013251   ,1.0,1.0,ARI,22,"WOODBURY, TREY",32:41,19,8,11,1,3,0,0,3,3,6,1,3,1,0,0,2,1,22,-5.0
2024,RS,7,69,1,P013252   ,0.0,1.0,ARI,23,"ROBERTS, JOSHUA",25:07,10,3,6,0,0,4,7,4,8,12,0,1,2,1,1,1,4,18,-4.0
2024,RS,7,69,1,P013253   ,0.0,1.0,ARI,55,"HODGE, D' MOI",24:38,5,0,2,1,6,2,4,1,3,4,1,5,1,1,0,3,2,5,1.0
2024,RS,7,69,1,Team,0.0,0.0,ARI,,Team,,0,0,0,0,0,0,0,1,2,3,0,0,2,0,0,0,0,1,
2024,RS,7,69,1,Total,,,ARI,,Total,200:00,59,19,38,4,25,9,15,13,24,37,10,9,14,8,3,26,18,52,
2024,RS,7,69,0,P007527   ,1.0,1.0,PAM,0,"BADIO, BRANCOU",18:55,4,0,0,1,3,1,2,0,1,1,1,0,3,0,0,3,1,-2,3.0
2024,RS,7,69,0,P006643   ,0.0,0.0,PAM,2,"PUERTO, JOSEP",14:33,9,1,3,1,4,4,4,1,2,3,1,0,1,0,1,0,3,9,-6.0
2024,RS,7,69,0,P012738   ,1.0,1.0,PAM,3,"REUVERS, NATHAN",18:37,6,3,6,0,0,0,2,4,2,6,0,0,1,2,0,0,2,10,2.0
2024,RS,7,69,0,P010393   ,1.0,0.0,PAM,4,"PRADILLA, JAIME",20:09,4,2,4,0,0,0,0,2,4,6,2,0,2,0,0,2,0,6,-1.0
2024,RS,7,69,0,P010750   ,1.0,0.0,PAM,5,"DE LARREA, SERGIO",12:22,2,1,4,0,2,0,0,1,0,1,1,0,3,0,1,3,3,-5,-5.0
2024,RS,7,69,0,P005356   ,0.0,1.0,PAM,6,"LOPEZ-AROSTEGUI, XABI",17:26,10,3,4,1,4,1,2,2,2,4,2,1,2,0,0,2,5,13,1.0
2024,RS,7,69,0,P010042   ,0.0,1.0,PAM,8,"MONTERO, JEAN",24:40,8,2,5,0,4,4,6,2,5,7,4,0,2,0,1,3,7,11,8.0
2024,RS,7,69,0,P011369   ,0.0,0.0,PAM,10,"CAROT, JORGE",DNP,0,0,0,0,0,0,0,0,0,0,0,0,0,0,0,0,0,0,0.0
2024,RS,7,69,0,P004863   ,0.0,0.0,PAM,16,"JOVIC, STEFAN",10:39,0,0,1,0,1,0,0,0,1,1,3,0,1,0,0,3,0,-2,4.0
2024,RS,7,69,0,P010444   ,0.0,0.0,PAM,24,"COSTELLO, MATTHEW",21:23,4,2,4,0,2,0,2,2,1,3,1,2,0,1,1,1,3,6,2.0
2024,RS,7,69,0,P011982   ,1.0,1.0,PAM,37,"OJELEYE, SEMI",25:48,13,1,6,3,8,2,2,5,7,12,0,0,1,0,4,0,1,11,10.0
2024,RS,7,69,0,P011980   ,0.0,0.0,PAM,77,"SESTINA, NATHAN",15:28,3,0,0,1,4,0,0,1,2,3,0,0,0,0,0,1,1,3,2.0
2024,RS,7,69,0,Team,0.0,0.0,PAM,,Team,,0,0,0,0,0,0,0,5,3,8,0,0,2,0,0,0,0,6,
2024,RS,7,69,0,Total,,,PAM,,Total,200:00,63,15,37,7,32,12,20,25,30,55,15,3,18,3,8,18,26,66,
2024,RS,7,70,1,P012700   ,1.0,1.0,LJU,0,"STEWART, DJ",29:48,6,3,7,0,2,0,0,0,1,1,2,1,3,0,0,4,1,-2,4.0
2024,RS,7,70,1,P012042   ,1.0,1.0,LJU,1,"ROBINSON, DEVIN",32:52,15,5,8,1,3,2,2,0,3,3,2,1,2,1,0,4,1,12,-5.0
2024,RS,7,70,1,P013260   ,1.0,0.0,LJU,2,"JONES, DEVANTE",20:26,13,2,5,2,3,3,4,1,1,2,5,0,4,0,2,1,5,13,-5.0
2024,RS,7,70,1,P009392   ,0.0,1.0,LJU,3,"RADOVIC, ROK",13:06,4,1,1,0,0,2,2,1,0,1,1,0,1,0,0,4,1,2,-22.0
2024,RS,7,70,1,P003703   ,0.0,1.0,LJU,5,"NIKOLIC, ALEKSEJ",24:04,7,1,3,0,2,5,5,0,5,5,5,1,3,0,0,4,4,11,-12.0
2024,RS,7,70,1,P011261   ,0.0,0.0,LJU,7,"GLAS, GREGOR",DNP,0,0,0,0,0,0,0,0,0,0,0,0,0,0,0,0,0,0,0.0
2024,RS,7,70,1,P003452   ,1.0,0.0,LJU,11,"BLAZIC, JAKA",32:50,23,4,6,3,6,6,9,0,9,9,3,2,2,0,0,2,8,33,7.0
2024,RS,7,70,1,P007641   ,0.0,0.0,LJU,19,"GNJIDIC, LOVRO",00:41,0,0,0,0,0,0,0,0,0,0,0,0,0,0,0,1,0,-1,2.0
2024,RS,7,70,1,P012996   ,0.0,1.0,LJU,20,"BERINGER, JOAN",16:26,6,3,3,0,0,0,2,4,4,8,0,1,2,1,0,2,2,12,-5.0
2024,RS,7,70,1,P009753   ,1.0,0.0,LJU,23,"GEBEN, MARTINAS",22:39,9,3,9,0,0,3,6,4,2,6,1,0,1,0,0,4,3,5,3.0
2024,RS,7,70,1,P013262   ,0.0,0.0,LJU,34,"PREPELIC, BINE",07:08,0,0,1,0,2,0,0,1,1,2,0,0,1,0,0,1,0,-3,-2.0
2024,RS,7,70,1,P009431   ,0.0,0.0,LJU,41,"DANEU, ZIGA",DNP,0,0,0,0,0,0,0,0,0,0,0,0,0,0,0,0,0,0,0.0
2024,RS,7,70,1,Team,0.0,0.0,LJU,,Team,,0,0,0,0,0,0,0,2,4,6,0,0,0,0,0,0,0,6,
2024,RS,7,70,1,Total,,,LJU,,Total,200:00,83,22,43,6,18,21,30,13,30,43,19,6,19,2,2,27,25,88,
2024,RS,7,70,0,P004525   ,1.0,1.0,BOU,3,"SALASH, MAKSIM",23:17,9,3,4,1,4,0,0,0,0,0,1,1,0,0,1,2,0,4,0.0
2024,RS,7,70,0,P013264   ,0.0,0.0,BOU,4,"NELSON, ADRIAN",18:42,5,0,3,1,2,2,2,2,3,5,1,1,0,0,0,0,1,9,2.0
2024,RS,7,70,0,P010449   ,0.0,1.0,BOU,5,"BENITEZ, HUGO",18:43,5,2,7,0,2,1,2,0,1,1,5,0,1,1,1,4,1,-1,13.0
2024,RS,7,70,0,P010450   ,0.0,1.0,BOU,7,"COURBY, MAXIME",14:46,6,0,1,2,2,0,0,0,0,0,2,1,1,0,0,2,0,5,11.0
2024,RS,7,70,0,P013265   ,1.0,1.0,BOU,8,"USHER, JORDAN",25:04,13,3,4,2,4,1,2,1,4,5,3,1,1,0,0,1,4,20,1.0
2024,RS,7,70,0,P006904   ,1.0,0.0,BOU,11,"AYAYI, JOEL",19:17,6,3,4,0,2,0,0,1,5,6,5,2,1,0,0,3,0,12,-5.0
2024,RS,7,70,0,P013266   ,1.0,1.0,BOU,13,"CASTANEDA, XAVIER",30:16,16,4,9,1,4,5,5,0,3,3,3,1,2,0,0,4,10,19,-1.0
2024,RS,7,70,0,P011550   ,0.0,0.0,BOU,16,"JACQUES, WILSON",DNP,0,0,0,0,0,0,0,0,0,0,0,0,0,0,0,0,0,0,0.0
2024,RS,7,70,0,P009552   ,0.0,0.0,BOU,27,"PANSA, JEAN-MARC",22:56,14,4,4,0,0,6,7,4,2,6,0,0,3,1,0,2,6,21,8.0
2024,RS,7,70,0,P004945   ,0.0,0.0,BOU,33,"PAUL, BRANDON",12:31,10,1,1,2,5,2,4,0,1,1,1,1,0,0,0,4,4,8,9.0
2024,RS,7,70,0,P011837   ,1.0,0.0,BOU,34,"KOKILA, KEVIN",14:28,6,3,5,0,0,0,2,1,3,4,1,0,1,0,0,4,1,3,-3.0
2024,RS,7,70,0,Team,0.0,0.0,BOU,,Team,,0,0,0,0,0,0,0,1,2,3,0,0,0,0,0,0,0,3,
2024,RS,7,70,0,Total,,,BOU,,Total,200:00,90,23,42,9,25,17,24,10,24,34,22,8,10,2,2,26,27,103,
2024,RS,8,71,1,P013292   ,0.0,1.0,TSO,0,"JANKOWSKI, BARTOSZ",04:06,0,0,0,0,1,0,0,0,0,0,0,0,0,0,0,1,0,-2,-9.0
2024,RS,8,71,1,P012019   ,1.0,1.0,TSO,3,"BEST, AARON",35:08,10,3,4,1,5,1,1,0,0,0,2,0,3,0,0,2,1,3,-27.0
2024,RS,8,71,1,P013293   ,1.0,0.0,TSO,5,"MCGOWENS, ROBERT",17:10,6,2,5,0,3,2,2,0,6,6,1,0,1,0,0,2,2,6,-9.0
2024,RS,8,71,1,P013294   ,0.0,0.0,TSO,9,"JASZCZERSKI, WIKTOR",DNP,0,0,0,0,0,0,0,0,0,0,0,0,0,0,0,0,0,0,0.0
2024,RS,8,71,1,P008790   ,1.0,0.0,TSO,12,"WITLINSKI, MIKOLAJ",19:12,4,2,4,0,0,0,0,2,0,2,0,0,2,0,0,2,1,1,-4.0
2024,RS,8,71,1,P013295   ,1.0,0.0,TSO,15,"ZYSKOWSKI, JAROSLAW",23:18,5,1,1,1,2,0,0,0,1,1,1,0,1,0,0,1,0,4,-18.0
2024,RS,8,71,1,P009649   ,1.0,1.0,TSO,22,"PHILLIP, TARIK",37:12,9,2,5,1,4,2,3,0,4,4,4,4,3,0,0,2,6,15,-28.0
2024,RS,8,71,1,P013296   ,0.0,0.0,TSO,32,"GROSELLE, GEOFFREY",DNP,0,0,0,0,0,0,0,0,0,0,0,0,0,0,0,0,0,0,0.0
2024,RS,8,71,1,P013297   ,0.0,1.0,TSO,50,"WEATHERS, MARCUS",19:17,9,2,4,1,3,2,2,4,3,7,1,0,1,0,1,0,2,13,-17.0
2024,RS,8,71,1,P013298   ,0.0,0.0,TSO,55,"SCHENK, JAKUB",26:24,17,1,5,2,7,9,9,0,3,3,2,0,4,0,1,5,7,10,-14.0
2024,RS,8,71,1,P003885   ,0.0,1.0,TSO,81,"VAN VLIET, ANDY",18:13,4,2,4,0,3,0,0,0,2,2,2,0,1,0,1,4,0,-3,-19.0
2024,RS,8,71,1,Team,0.0,0.0,TSO,,Team,,0,0,0,0,0,0,0,1,3,4,0,0,1,0,0,0,0,3,
2024,RS,8,71,1,Total,,,TSO,,Total,200:00,64,15,32,6,28,16,17,7,22,29,13,4,17,0,3,19,19,50,
2024,RS,8,71,0,P005181   ,0.0,1.0,HTA,1,"RAGLAND, JOE",19:07,6,1,4,1,2,1,1,1,1,2,4,2,1,0,0,3,2,8,22.0
2024,RS,8,71,0,P013402   ,1.0,1.0,HTA,2,"BLAKENEY, ANTONIO",21:47,12,4,6,0,1,4,5,1,3,4,2,0,2,0,0,0,4,16,14.0
2024,RS,8,71,0,P013282   ,0.0,1.0,HTA,7,"RUINA, MIRON",01:04,0,0,0,0,0,0,0,0,0,0,0,0,0,0,0,0,0,0,5.0
2024,RS,8,71,0,P013283   ,0.0,1.0,HTA,9,"PALATIN, GUY",03:10,3,0,0,1,1,0,0,0,1,1,0,0,0,0,0,0,0,4,8.0
2024,RS,8,71,0,P004846   ,0.0,0.0,HTA,10,"TIMOR, BAR",16:40,2,1,2,0,2,0,0,0,3,3,2,1,1,0,0,1,1,4,14.0
2024,RS,8,71,0,P009877   ,0.0,1.0,HTA,14,"BLAYZER, OZ",07:46,4,2,2,0,0,0,0,1,0,1,0,1,1,1,0,3,1,4,11.0
2024,RS,8,71,0,P010386   ,0.0,0.0,HTA,17,"FOSTER, MARCUS",22:24,21,4,4,3,6,4,4,2,6,8,1,0,2,0,0,2,2,25,17.0
2024,RS,8,71,0,P001927   ,1.0,0.0,HTA,22,"BEVERLEY, PATRICK",20:33,11,1,2,3,6,0,0,1,3,4,3,0,1,0,0,2,0,11,6.0
2024,RS,8,71,0,P013284   ,0.0,0.0,HTA,24,"WAINRIGHT, ISHMAIL CARZELL",14:05,8,2,3,1,3,1,2,1,1,2,0,0,0,2,0,2,3,9,17.0
2024,RS,8,71,0,P011386   ,1.0,0.0,HTA,31,"YAACOV, NOAM",15:39,2,1,1,0,1,0,0,0,1,1,5,3,1,0,0,3,1,7,4.0
2024,RS,8,71,0,P010550   ,1.0,0.0,HTA,41,"GINAT, TOMER",27:02,14,4,8,1,2,3,4,1,1,2,0,1,0,0,0,1,2,12,10.0
2024,RS,8,71,0,P012096   ,1.0,0.0,HTA,51,"CABOCLO, BRUNO",30:43,10,4,7,0,2,2,2,2,4,6,3,2,1,0,0,2,3,16,17.0
2024,RS,8,71,0,Team,0.0,0.0,HTA,,Team,,0,0,0,0,0,0,0,1,4,5,0,0,1,0,0,0,0,4,
2024,RS,8,71,0,Total,,,HTA,,Total,200:00,93,24,39,10,26,15,18,11,28,39,20,10,11,3,0,19,19,120,
2024,RS,8,72,1,P006245   ,0.0,1.0,ULM,0,"WEIDEMANN, NELSON",14:30,2,1,2,0,3,0,0,2,1,3,1,0,1,0,0,4,0,-3,3.0
2024,RS,8,72,1,P013289   ,0.0,0.0,ULM,3,"SANTOS, MARCIO",11:57,3,1,1,0,0,1,1,3,0,3,0,0,0,0,0,3,2,5,-2.0
2024,RS,8,72,1,P010726   ,0.0,0.0,ULM,7,"JENSEN, TOBIAS",04:15,0,0,0,0,0,0,0,0,0,0,1,0,0,0,0,1,1,1,-1.0
2024,RS,8,72,1,P012077   ,0.0,0.0,ULM,9,"PLUMMER, ALFONSO",15:37,18,1,4,4,8,4,4,0,2,2,1,0,1,0,2,0,2,13,1.0
2024,RS,8,72,1,P013290   ,1.0,1.0,ULM,10,"JESSUP, JUSTINIAN",30:29,13,4,8,1,5,2,3,1,3,4,2,1,1,1,0,2,1,10,-11.0
2024,RS,8,72,1,P011391   ,1.0,1.0,ULM,12,"ESSENGUE, NOA",21:03,8,2,2,1,3,1,1,1,7,8,0,0,1,0,0,2,2,13,-12.0
2024,RS,8,72,1,P007952   ,0.0,0.0,ULM,13,"BRETZEL, NICOLAS",02:45,0,0,1,0,0,0,0,0,0,0,0,0,0,0,0,0,0,-1,-3.0
2024,RS,8,72,1,P006997   ,1.0,0.0,ULM,14,"HERKENHOFF, PHILIPP",19:29,8,1,1,2,4,0,0,3,4,7,1,0,0,0,0,2,0,12,6.0
2024,RS,8,72,1,P013291   ,0.0,1.0,ULM,15,"ROBY, ISAIAH",23:13,2,1,4,0,2,0,0,3,1,4,0,1,2,0,1,2,3,0,-6.0
2024,RS,8,72,1,P012602   ,0.0,0.0,ULM,21,"ANIGBATA, ALEC",DNP,0,0,0,0,0,0,0,0,0,0,0,0,0,0,0,0,0,0,0.0
2024,RS,8,72,1,P005422   ,1.0,1.0,ULM,35,"JALLOW, KARIM",29:39,8,4,5,0,3,0,2,0,3,3,1,0,0,0,0,2,4,8,-5.0
2024,RS,8,72,1,P011437   ,1.0,0.0,ULM,77,"SARAF, BEN",27:03,10,4,10,0,4,2,2,1,2,3,4,1,3,0,0,4,1,2,-10.0
2024,RS,8,72,1,Team,0.0,0.0,ULM,,Team,,0,0,0,0,0,0,0,2,2,4,0,0,0,0,0,0,0,4,
2024,RS,8,72,1,Total,,,ULM,,Total,200:00,72,19,38,8,32,10,13,16,25,41,11,3,9,1,3,22,16,64,
2024,RS,8,72,0,P011192   ,1.0,1.0,BAH,0,"SMITH, JALEEN",27:21,9,3,6,1,3,0,0,2,1,3,4,0,2,0,1,3,1,6,6.0
2024,RS,8,72,0,P011201   ,1.0,1.0,BAH,2,"HAZER, SEHMUS",30:58,20,7,10,0,2,6,7,0,1,1,5,4,2,1,0,3,4,24,11.0
2024,RS,8,72,0,P010543   ,0.0,0.0,BAH,3,"YUCEORAL, ALI",DNP,0,0,0,0,0,0,0,0,0,0,0,0,0,0,0,0,0,0,0.0
2024,RS,8,72,0,P012405   ,0.0,0.0,BAH,7,"HALTALI, FURKAN",DNP,0,0,0,0,0,0,0,0,0,0,0,0,0,0,0,0,0,0,0.0
2024,RS,8,72,0,P008282   ,0.0,0.0,BAH,10,"ILYASOGLU, OMERCAN",DNP,0,0,0,0,0,0,0,0,0,0,0,0,0,0,0,0,0,0,0.0
2024,RS,8,72,0,P005348   ,0.0,0.0,BAH,18,"ARNA, EGEHAN",07:39,0,0,0,0,0,0,0,1,0,1,0,0,0,0,0,2,1,0,-5.0
2024,RS,8,72,0,P012711   ,0.0,0.0,BAH,19,"SIMONOVIC, MARKO",23:48,11,3,6,1,3,2,2,0,5,5,0,0,1,0,0,3,2,9,10.0
2024,RS,8,72,0,P004172   ,0.0,1.0,BAH,20,"PONITKA, MATEUSZ",27:02,12,3,3,1,2,3,4,1,7,8,8,1,1,1,0,2,4,29,12.0
2024,RS,8,72,0,P011823   ,1.0,0.0,BAH,21,"ODIASE, TAI",29:51,14,4,6,0,0,6,8,0,4,4,1,0,0,0,0,2,8,21,0.0
2024,RS,8,72,0,P009601   ,1.0,1.0,BAH,34,"CAVANAUGH, TYLER",25:20,7,1,5,1,4,2,2,3,4,7,0,0,0,0,0,1,1,7,5.0
2024,RS,8,72,0,P008278   ,0.0,0.0,BAH,57,"BAS, GOKTUG",DNP,0,0,0,0,0,0,0,0,0,0,0,0,0,0,0,0,0,0,0.0
2024,RS,8,72,0,P003840   ,1.0,1.0,BAH,83,"BOUTEILLE, AXEL",28:01,7,2,4,1,3,0,0,0,2,2,0,0,0,1,0,1,1,6,1.0
2024,RS,8,72,0,Team,0.0,0.0,BAH,,Team,,0,0,0,0,0,0,0,0,2,2,0,0,1,0,0,0,0,1,
2024,RS,8,72,0,Total,,,BAH,,Total,200:00,80,23,40,5,17,19,23,7,26,33,18,5,7,3,1,17,22,103,
2024,RS,8,73,1,P010161   ,1.0,0.0,JOV,1,"KRAAG, YANNICK",18:00,4,2,2,0,3,0,0,0,0,0,1,0,1,0,1,2,0,-2,6.0
2024,RS,8,73,1,P013285   ,1.0,0.0,JOV,2,"DOTSON, DEVON DURRELL",25:26,26,7,10,3,4,3,3,1,3,4,2,1,3,1,0,1,6,32,5.0
2024,RS,8,73,1,P006771   ,0.0,0.0,JOV,3,"BUSQUETS, PEP",15:05,2,1,2,0,1,0,0,1,1,2,2,1,0,0,0,1,0,4,1.0
2024,RS,8,73,1,PJUG      ,0.0,1.0,JOV,4,"RIBAS, PAU",15:10,0,0,1,0,2,0,0,0,2,2,1,0,0,0,0,1,2,1,1.0
2024,RS,8,73,1,P013286   ,0.0,0.0,JOV,6,"VAN DER VUURST, KEYE",03:43,0,0,0,0,0,0,0,0,0,0,0,0,0,0,0,0,0,0,-8.0
2024,RS,8,73,1,P004834   ,0.0,0.0,JOV,13,"PUSTOVYI, ARTEM",17:10,7,3,5,0,0,1,2,0,1,1,0,0,0,0,0,3,4,6,-9.0
2024,RS,8,73,1,P002361   ,1.0,1.0,JOV,16,"VIVES, GUILLEM",14:29,3,0,0,1,2,0,0,1,2,3,1,1,1,0,0,3,0,3,15.0
2024,RS,8,73,1,P009672   ,0.0,1.0,JOV,17,"DEKKER, SAM",22:00,7,1,5,1,5,2,2,2,3,5,3,0,2,0,1,2,1,3,0.0
2024,RS,8,73,1,P012226   ,0.0,0.0,JOV,19,"PLATTEEUW, IAN",DNP,0,0,0,0,0,0,0,0,0,0,0,0,0,0,0,0,0,0,0.0
2024,RS,8,73,1,P012740   ,0.0,1.0,JOV,30,"ROBERTSON, KASSIUS",22:16,7,1,2,1,4,2,2,1,2,3,3,1,0,0,0,1,3,12,1.0
2024,RS,8,73,1,P002507   ,1.0,1.0,JOV,44,"TOMIC, ANTE",22:39,9,4,7,0,0,1,2,0,6,6,2,0,2,0,0,3,3,11,15.0
2024,RS,8,73,1,P005099   ,1.0,0.0,JOV,88,"HANGA, ADAM",24:02,13,1,2,3,6,2,6,1,6,7,2,1,1,0,0,5,4,13,3.0
2024,RS,8,73,1,Team,0.0,0.0,JOV,,Team,,0,0,0,0,0,0,0,3,1,4,0,0,0,0,0,0,0,4,
2024,RS,8,73,1,Total,,,JOV,,Total,200:00,78,20,36,9,27,11,17,10,27,37,17,5,10,1,2,22,23,87,
2024,RS,8,73,0,P013256   ,0.0,1.0,BUD,0,"MORGAN, JUWAN",22:11,7,2,2,0,3,3,4,0,5,5,2,1,3,1,0,2,2,9,2.0
2024,RS,8,73,0,P011150   ,1.0,1.0,BUD,1,"SULAIMON, RASHEED",27:50,12,1,5,3,7,1,2,1,3,4,3,1,3,0,0,1,5,12,-1.0
2024,RS,8,73,0,P006561   ,0.0,0.0,BUD,2,"ILIC, ALEKSA",09:09,2,1,2,0,0,0,0,1,3,4,0,0,1,1,0,2,0,3,-7.0
2024,RS,8,73,0,P012630   ,0.0,1.0,BUD,3,"MAGEE, FLETCHER",16:25,8,0,1,2,2,2,2,0,1,1,0,1,1,0,0,2,1,7,-7.0
2024,RS,8,73,0,P006566   ,1.0,0.0,BUD,7,"SLAVKOVIC, ANDRIJA",20:51,4,2,5,0,0,0,0,3,1,4,1,1,1,0,0,4,0,2,1.0
2024,RS,8,73,0,P005637   ,1.0,0.0,BUD,10,"TANASKOVIC, NIKOLA",17:49,5,2,5,0,1,1,2,3,2,5,0,0,1,0,0,2,3,5,-8.0
2024,RS,8,73,0,P011281   ,1.0,1.0,BUD,11,"FERRELL, YOGI",22:33,7,2,5,1,2,0,0,0,5,5,2,0,0,0,1,1,3,11,-1.0
2024,RS,8,73,0,P010307   ,0.0,0.0,BUD,13,"JOVANOVIC, DORDIJE",11:27,3,0,1,1,2,0,0,0,0,0,0,0,0,0,0,1,0,0,-3.0
2024,RS,8,73,0,P013258   ,0.0,0.0,BUD,23,"DREZNJAK, MATEO",DNP,0,0,0,0,0,0,0,0,0,0,0,0,0,0,0,0,0,0,0.0
2024,RS,8,73,0,P004222   ,0.0,0.0,BUD,24,"OMIC, ALEN",18:30,6,2,5,0,1,2,4,1,2,3,0,0,1,0,0,3,3,2,9.0
2024,RS,8,73,0,P012606   ,0.0,1.0,BUD,25,"WRIGHT IV, MCKINLEY",22:11,12,3,7,0,2,6,6,0,2,2,3,1,0,0,0,3,4,13,-8.0
2024,RS,8,73,0,P008325   ,1.0,0.0,BUD,34,"KAMENJAS, KENAN",11:04,6,3,6,0,0,0,0,2,1,3,0,0,0,0,0,2,1,5,-7.0
2024,RS,8,73,0,Team,0.0,0.0,BUD,,Team,,0,0,0,0,0,0,0,1,2,3,0,0,0,0,0,0,0,3,
2024,RS,8,73,0,Total,,,BUD,,Total,200:00,72,18,44,7,20,15,20,12,27,39,11,5,11,2,1,23,22,72,
2024,RS,8,74,1,P012003   ,1.0,1.0,WOL,1,"COWAN JR, ANTHONY",27:41,9,2,7,0,4,5,6,0,2,2,7,1,2,0,1,1,7,12,-5.0
2024,RS,8,74,1,P012789   ,0.0,1.0,WOL,4,"BROOKS, GARRISON",17:59,4,1,1,0,0,2,2,1,2,3,0,0,1,1,0,2,2,7,10.0
2024,RS,8,74,1,P003212   ,0.0,0.0,WOL,8,"KARINIAUSKAS, VAIDAS",04:43,0,0,0,0,0,0,0,0,0,0,2,0,0,0,0,0,0,2,-1.0
2024,RS,8,74,1,P009306   ,0.0,0.0,WOL,9,"BASLYK, DANIEL",DNP,0,0,0,0,0,0,0,0,0,0,0,0,0,0,0,0,0,0,0.0
2024,RS,8,74,1,P004645   ,1.0,0.0,WOL,10,"MINIOTAS, REGIMANTAS",13:16,2,1,3,0,1,0,0,2,3,5,0,0,1,0,0,0,1,4,8.0
2024,RS,8,74,1,P006897   ,0.0,0.0,WOL,11,"MARCINKEVICIUS, JUSTINAS",DNP,0,0,0,0,0,0,0,0,0,0,0,0,0,0,0,0,0,0,0.0
2024,RS,8,74,1,P011248   ,0.0,1.0,WOL,12,"ANDREWS, ANDREW",27:06,23,1,4,6,12,3,4,0,2,2,1,0,5,0,0,3,2,10,-4.0
2024,RS,8,74,1,P005516   ,1.0,0.0,WOL,13,"ZEMAITIS, KRISTUPAS",25:57,1,0,1,0,3,1,6,1,1,2,2,1,0,0,0,3,3,-3,5.0
2024,RS,8,74,1,P012577   ,0.0,0.0,WOL,15,"THURMAN, TRE'SHAWN",18:07,18,5,9,2,3,2,3,2,6,8,0,0,1,0,0,5,3,17,-7.0
2024,RS,8,74,1,P008186   ,1.0,0.0,WOL,22,"BLAZEVIC, MAREK",21:49,14,5,9,0,0,4,4,3,2,5,1,0,1,0,1,3,3,14,-5.0
2024,RS,8,74,1,P006853   ,0.0,1.0,WOL,23,"JOGELA, MATAS",26:16,10,4,4,0,3,2,2,1,11,12,3,0,0,1,0,2,1,22,12.0
2024,RS,8,74,1,P006546   ,1.0,1.0,WOL,44,"TAYLOR, JEFFERY",17:06,7,2,5,1,1,0,0,1,3,4,2,1,0,0,0,4,2,9,12.0
2024,RS,8,74,1,Team,0.0,0.0,WOL,,Team,,0,0,0,0,0,0,0,2,3,5,0,0,0,0,0,0,0,5,
2024,RS,8,74,1,Total,,,WOL,,Total,200:00,88,21,43,9,27,19,27,13,35,48,18,3,11,2,2,23,24,99,
2024,RS,8,74,0,P012593   ,1.0,1.0,TRN,1,"ELLIS, QUINN",27:09,14,5,6,1,3,1,2,0,3,3,4,0,2,1,0,2,2,16,-12.0
2024,RS,8,74,0,P013269   ,1.0,1.0,TRN,3,"CALE, MYLES",31:05,12,0,5,4,8,0,0,2,3,5,4,1,2,0,1,3,1,8,-6.0
2024,RS,8,74,0,P013270   ,0.0,0.0,TRN,5,"FORD, JORDAN",28:39,17,5,7,0,3,7,8,0,3,3,2,1,1,0,0,1,6,21,17.0
2024,RS,8,74,0,P005438   ,1.0,1.0,TRN,6,"PECCHIA, ANDREA",14:32,2,1,3,0,3,0,0,1,7,8,2,1,1,0,0,3,2,6,-21.0
2024,RS,8,74,0,P012687   ,0.0,0.0,TRN,7,"NIANG, SALIOU",03:06,0,0,1,0,0,0,0,0,0,0,1,0,0,0,0,0,0,0,3.0
2024,RS,8,74,0,P006382   ,0.0,0.0,TRN,10,"FORRAY, TOTO",16:16,4,2,3,0,1,0,0,0,3,3,1,0,0,0,0,3,0,3,1.0
2024,RS,8,74,0,P013271   ,1.0,0.0,TRN,21,"MAWUGBE, SELOM",11:17,2,1,2,0,0,0,1,1,2,3,0,0,0,1,0,5,1,0,1.0
2024,RS,8,74,0,P013272   ,1.0,1.0,TRN,22,"LAMB, ANTHONY",21:13,7,3,7,0,5,1,4,0,4,4,1,1,1,0,1,4,5,0,-19.0
2024,RS,8,74,0,P006724   ,0.0,0.0,TRN,26,"BAYEHE, JORDAN",23:47,4,2,2,0,0,0,0,1,2,3,1,1,1,0,0,1,1,8,-3.0
2024,RS,8,74,0,P002387   ,0.0,1.0,TRN,33,"ZUKAUSKAS, EIGIRDAS",22:56,21,2,4,4,7,5,5,1,2,3,1,0,0,0,0,3,4,21,14.0
2024,RS,8,74,0,Team,0.0,0.0,TRN,,Team,,0,0,0,0,0,0,0,1,2,3,0,0,0,0,0,0,0,3,
2024,RS,8,74,0,Total,,,TRN,,Total,200:00,83,21,40,9,30,14,20,7,31,38,17,5,8,2,2,25,22,86,
2024,RS,8,75,1,P011924   ,1.0,0.0,BES,0,"ALLMAN, KYLE",15:08,5,0,1,1,2,2,4,0,2,2,1,0,2,0,1,2,3,2,-12.0
2024,RS,8,75,1,P013362   ,0.0,0.0,BES,1,"ELEZAY, REZON",DNP,0,0,0,0,0,0,0,0,0,0,0,0,0,0,0,0,0,0,0.0
2024,RS,8,75,1,P011936   ,1.0,1.0,BES,2,"MATHEWS, JONAH",31:34,19,4,6,1,5,8,13,0,2,2,4,1,2,0,0,3,6,16,0.0
2024,RS,8,75,1,P008945   ,1.0,1.0,BES,5,"NEEDHAM, DEREK",28:16,18,4,5,3,7,1,1,0,5,5,2,1,2,0,0,4,5,20,0.0
2024,RS,8,75,1,P003783   ,0.0,1.0,BES,6,"UGURLU, BERK",25:49,3,0,2,1,1,0,0,1,3,4,4,1,1,0,1,2,3,9,2.0
2024,RS,8,75,1,P009680   ,0.0,1.0,BES,9,"MORGAN, CONOR",25:05,5,1,1,1,4,0,0,0,4,4,1,2,3,0,0,1,0,5,2.0
2024,RS,8,75,1,P012233   ,0.0,0.0,BES,10,"AKSU, YAGIZ",DNP,0,0,0,0,0,0,0,0,0,0,0,0,0,0,0,0,0,0,0.0
2024,RS,8,75,1,P011927   ,1.0,0.0,BES,14,"SLEVA, DUSTIN",11:32,4,1,2,0,1,2,2,1,0,1,0,0,3,0,0,5,1,-4,0.0
2024,RS,8,75,1,P011379   ,0.0,0.0,BES,20,"KONAN, KEREM",12:04,4,0,1,0,0,4,4,1,0,1,1,0,0,2,0,2,2,7,1.0
2024,RS,8,75,1,P013255   ,0.0,1.0,BES,30,"MARTIN, KELAN",26:38,10,3,4,1,5,1,2,0,3,3,0,2,0,0,0,3,2,8,4.0
2024,RS,8,75,1,P010652   ,1.0,0.0,BES,33,"TERRY, EMANUEL",23:54,6,3,3,0,0,0,0,1,3,4,1,2,2,0,0,2,2,11,-7.0
2024,RS,8,75,1,Team,0.0,0.0,BES,,Team,,0,0,0,0,0,0,0,0,0,0,0,0,1,0,0,0,0,-1,
2024,RS,8,75,1,Total,,,BES,,Total,200:00,74,16,25,8,25,18,26,4,22,26,14,9,16,2,2,24,24,73,
2024,RS,8,75,0,P012777   ,0.0,0.0,CAN,1,"URBANIAK, JAKUB",DNP,0,0,0,0,0,0,0,0,0,0,0,0,0,0,0,0,0,0,0.0
2024,RS,8,75,0,P007560   ,0.0,0.0,CAN,3,"KLJAJIC, JOVAN",00:13,0,0,0,0,0,0,0,0,0,0,0,0,0,0,0,0,0,0,1.0
2024,RS,8,75,0,P012016   ,0.0,1.0,CAN,4,"CONDITT IV, GEORGE",23:25,10,5,6,0,0,0,2,1,4,5,3,0,0,1,1,4,3,14,2.0
2024,RS,8,75,0,P011251   ,0.0,1.0,CAN,5,"HOMESLEY, CALEB",29:03,17,4,8,2,6,3,3,1,3,4,2,0,4,0,0,2,4,13,-1.0
2024,RS,8,75,0,P003425   ,1.0,1.0,CAN,6,"ALBICY, ANDREW",25:19,4,1,2,0,2,2,4,0,0,0,4,3,4,0,0,1,5,6,13.0
2024,RS,8,75,0,P008121   ,1.0,1.0,CAN,9,"BRUSSINO, NICOLAS",28:44,13,1,3,3,6,2,2,0,4,4,1,0,2,0,0,3,1,9,12.0
2024,RS,8,75,0,P005005   ,0.0,0.0,CAN,10,"SALVO, MIQUEL",08:03,3,0,1,1,1,0,0,0,2,2,0,0,2,0,1,1,0,0,-6.0
2024,RS,8,75,0,P010623   ,0.0,0.0,CAN,12,"ALOCEN, CARLOS",14:41,6,3,4,0,1,0,0,0,0,0,2,0,1,0,0,2,1,4,-11.0
2024,RS,8,75,0,P010452   ,0.0,0.0,CAN,13,"PELOS, PIERRE",09:09,3,1,2,0,0,1,2,0,1,1,0,1,0,0,0,2,1,2,-5.0
2024,RS,8,75,0,P006588   ,1.0,1.0,CAN,14,"SHURNA, JOHN",31:20,12,5,7,0,1,2,4,3,4,7,1,2,1,0,0,3,6,19,7.0
2024,RS,8,75,0,P008966   ,1.0,0.0,CAN,18,"TOBEY, MIKE",16:05,8,2,5,1,2,1,2,1,4,5,2,0,1,1,0,3,1,8,-2.0
2024,RS,8,75,0,P012095   ,1.0,0.0,CAN,32,"THOMASSON, JOE",13:58,0,0,1,0,1,0,0,0,2,2,1,0,0,0,0,3,2,0,0.0
2024,RS,8,75,0,Team,0.0,0.0,CAN,,Team,,0,0,0,0,0,0,0,4,1,5,0,0,1,0,0,0,0,4,
2024,RS,8,75,0,Total,,,CAN,,Total,200:00,76,22,39,7,20,11,19,10,25,35,16,6,16,2,2,24,24,79,
2024,RS,8,76,1,P011970   ,1.0,1.0,JER,1,"HARPER, JARED",31:26,18,2,5,4,5,2,2,0,2,2,9,1,4,0,0,2,5,25,7.0
2024,RS,8,76,1,P008912   ,1.0,0.0,JER,3,"CARRINGTON, KHADEEN",28:23,14,6,10,0,5,2,5,1,1,2,1,2,1,0,1,1,4,8,15.0
2024,RS,8,76,1,P013277   ,1.0,0.0,JER,4,"JOHNSON, CHRIS",18:10,5,1,2,1,2,0,0,1,3,4,1,0,1,0,1,5,1,2,8.0
2024,RS,8,76,1,P013279   ,1.0,1.0,JER,7,"CHACHASHVILI, GABRIEL",27:07,20,8,11,0,1,4,4,5,6,11,0,1,0,0,0,3,4,29,1.0
2024,RS,8,76,1,P009879   ,0.0,1.0,JER,8,"DOVRAT, NOAM",18:40,5,2,6,0,2,1,2,0,3,3,2,0,1,0,0,0,1,3,-5.0
2024,RS,8,76,1,P013280   ,0.0,0.0,JER,18,"HASSON, YARIN",DNP,0,0,0,0,0,0,0,0,0,0,0,0,0,0,0,0,0,0,0.0
2024,RS,8,76,1,P010431   ,0.0,1.0,JER,20,"MORGAN, JEREMY",18:54,3,0,0,1,2,0,0,0,4,4,0,0,0,0,0,2,2,6,11.0
2024,RS,8,76,1,P013263   ,0.0,0.0,JER,34,"OGBEIDE, DEREK",12:53,6,3,4,0,0,0,0,4,3,7,0,0,0,0,0,1,0,11,8.0
2024,RS,8,76,1,P006625   ,1.0,1.0,JER,50,"ZOOSMAN, YOVEL",26:32,10,0,3,2,8,4,4,0,3,3,3,0,3,1,1,2,2,4,-5.0
2024,RS,8,76,1,P013281   ,0.0,0.0,JER,80,"CORNELIUS, OR",17:55,5,0,0,1,1,2,4,0,2,2,1,2,1,0,0,1,3,9,5.0
2024,RS,8,76,1,Team,0.0,0.0,JER,,Team,,0,0,0,0,0,0,0,4,5,9,0,0,0,0,0,0,0,9,
2024,RS,8,76,1,Total,,,JER,,Total,200:00,86,22,41,9,26,15,21,15,32,47,17,6,11,1,3,17,22,106,
2024,RS,8,76,0,P012747   ,0.0,0.0,BOU,2,"BRYANT JR., AYUBA",DNP,0,0,0,0,0,0,0,0,0,0,0,0,0,0,0,0,0,0,0.0
2024,RS,8,76,0,P004525   ,1.0,1.0,BOU,3,"SALASH, MAKSIM",24:28,4,2,7,0,1,0,0,0,4,4,0,0,1,1,0,2,3,3,2.0
2024,RS,8,76,0,P013264   ,0.0,1.0,BOU,4,"NELSON, ADRIAN",18:26,7,2,5,1,2,0,1,2,3,5,0,0,0,0,0,3,1,5,-13.0
2024,RS,8,76,0,P010449   ,1.0,1.0,BOU,5,"BENITEZ, HUGO",32:33,8,4,7,0,2,0,1,1,3,4,8,3,3,0,0,2,1,13,-16.0
2024,RS,8,76,0,P010450   ,0.0,0.0,BOU,7,"COURBY, MAXIME",13:15,2,1,1,0,1,0,0,0,2,2,1,1,2,0,0,3,0,0,-4.0
2024,RS,8,76,0,P013265   ,1.0,1.0,BOU,8,"USHER, JORDAN",29:10,22,5,10,3,4,3,4,0,0,0,0,1,1,0,0,1,5,19,-5.0
2024,RS,8,76,0,P006904   ,0.0,0.0,BOU,11,"AYAYI, JOEL",19:19,4,2,5,0,1,0,2,3,3,6,5,1,2,0,0,5,1,4,-7.0
2024,RS,8,76,0,P009552   ,0.0,0.0,BOU,27,"PANSA, JEAN-MARC",11:19,6,3,5,0,0,0,0,1,0,1,0,0,0,1,0,2,0,4,-4.0
2024,RS,8,76,0,P004945   ,1.0,1.0,BOU,33,"PAUL, BRANDON",28:08,16,1,5,4,10,2,2,0,3,3,2,0,0,0,0,0,4,15,5.0
2024,RS,8,76,0,P011837   ,1.0,0.0,BOU,34,"KOKILA, KEVIN",23:22,8,2,7,0,0,4,4,5,6,11,0,0,0,1,1,4,2,12,-3.0
2024,RS,8,76,0,Team,0.0,0.0,BOU,,Team,,0,0,0,0,0,0,0,1,2,3,0,0,0,0,0,0,0,3,
2024,RS,8,76,0,Total,,,BOU,,Total,200:00,77,22,52,8,21,9,14,13,26,39,16,6,9,3,1,22,17,78,
2024,RS,8,77,1,P007527   ,0.0,0.0,PAM,0,"BADIO, BRANCOU",19:03,11,2,3,1,5,4,4,1,0,1,3,2,1,1,0,1,5,16,14.0
2024,RS,8,77,1,P006643   ,0.0,1.0,PAM,2,"PUERTO, JOSEP",18:35,15,2,3,3,7,2,2,3,0,3,3,1,1,0,0,0,1,17,15.0
2024,RS,8,77,1,P012738   ,1.0,0.0,PAM,3,"REUVERS, NATHAN",16:40,12,6,8,0,1,0,4,6,1,7,0,0,0,2,0,1,3,16,14.0
2024,RS,8,77,1,P010393   ,1.0,1.0,PAM,4,"PRADILLA, JAIME",19:14,8,0,0,2,2,2,2,2,5,7,1,0,2,0,0,3,2,13,16.0
2024,RS,8,77,1,P010750   ,0.0,1.0,PAM,5,"DE LARREA, SERGIO",11:57,5,1,2,1,2,0,0,1,0,1,5,0,0,0,0,1,1,9,14.0
2024,RS,8,77,1,P005356   ,1.0,0.0,PAM,6,"LOPEZ-AROSTEGUI, XABI",19:11,14,4,4,1,2,3,3,1,2,3,3,1,1,0,0,2,2,19,20.0
2024,RS,8,77,1,P010568   ,0.0,1.0,PAM,7,"JONES, CHRIS",12:05,5,1,1,1,4,0,0,0,1,1,1,0,2,0,0,3,1,0,-10.0
2024,RS,8,77,1,P010042   ,1.0,0.0,PAM,8,"MONTERO, JEAN",19:28,11,1,2,3,6,0,0,1,2,3,6,3,0,2,0,2,2,21,16.0
2024,RS,8,77,1,P004863   ,0.0,0.0,PAM,16,"JOVIC, STEFAN",07:59,0,0,0,0,0,0,0,0,1,1,4,2,0,0,0,3,0,4,12.0
2024,RS,8,77,1,P010444   ,0.0,0.0,PAM,24,"COSTELLO, MATTHEW",16:04,13,2,4,3,5,0,0,2,5,7,0,2,2,1,0,3,1,15,12.0
2024,RS,8,77,1,P011982   ,1.0,0.0,PAM,37,"OJELEYE, SEMI",20:13,13,3,6,1,5,4,4,1,5,6,2,0,2,0,1,0,3,14,12.0
2024,RS,8,77,1,P011980   ,0.0,1.0,PAM,77,"SESTINA, NATHAN",19:31,2,1,1,0,3,0,0,0,2,2,1,0,1,0,0,4,0,-3,10.0
2024,RS,8,77,1,Team,0.0,0.0,PAM,,Team,,0,0,0,0,0,0,0,0,2,2,0,0,0,0,0,0,0,2,
2024,RS,8,77,1,Total,,,PAM,,Total,200:00,109,23,34,16,42,15,19,18,26,44,29,11,12,6,1,23,21,143,
2024,RS,8,77,0,P012700   ,0.0,0.0,LJU,0,"STEWART, DJ",16:36,6,3,8,0,2,0,0,0,1,1,3,0,2,0,3,3,0,-5,-21.0
2024,RS,8,77,0,P012042   ,1.0,0.0,LJU,1,"ROBINSON, DEVIN",31:13,16,5,10,0,1,6,6,1,5,6,2,2,0,0,0,3,5,22,-23.0
2024,RS,8,77,0,P013260   ,0.0,0.0,LJU,2,"JONES, DEVANTE",20:25,14,3,8,1,1,5,6,2,3,5,2,0,4,0,1,2,7,15,-18.0
2024,RS,8,77,0,P009392   ,1.0,1.0,LJU,3,"RADOVIC, ROK",23:22,11,4,4,1,2,0,1,1,0,1,2,2,1,0,0,3,1,11,-17.0
2024,RS,8,77,0,P003703   ,1.0,0.0,LJU,5,"NIKOLIC, ALEKSEJ",23:41,13,3,6,2,7,1,1,0,0,0,2,0,1,0,1,5,3,3,-16.0
2024,RS,8,77,0,P011261   ,0.0,1.0,LJU,7,"GLAS, GREGOR",01:50,2,1,1,0,1,0,0,0,0,0,0,0,0,0,0,0,0,1,4.0
2024,RS,8,77,0,P003452   ,1.0,0.0,LJU,11,"BLAZIC, JAKA",24:21,6,1,3,1,3,1,2,0,1,1,0,0,4,0,0,1,3,0,-9.0
2024,RS,8,77,0,P007641   ,0.0,1.0,LJU,19,"GNJIDIC, LOVRO",10:23,4,1,2,0,1,2,2,0,0,0,1,1,2,0,0,2,1,1,-10.0
2024,RS,8,77,0,P012996   ,1.0,1.0,LJU,20,"BERINGER, JOAN",26:02,2,1,2,0,0,0,0,2,6,8,0,0,1,0,1,0,1,8,-20.0
2024,RS,8,77,0,P009753   ,0.0,0.0,LJU,23,"GEBEN, MARTINAS",06:23,2,0,1,0,0,2,2,2,0,2,0,0,0,0,0,2,1,2,-16.0
2024,RS,8,77,0,P013262   ,0.0,0.0,LJU,34,"PREPELIC, BINE",DNP,0,0,0,0,0,0,0,0,0,0,0,0,0,0,0,0,0,0,0.0
2024,RS,8,77,0,P009431   ,0.0,1.0,LJU,41,"DANEU, ZIGA",15:44,4,1,1,0,1,2,2,1,2,3,0,0,0,1,0,0,1,8,1.0
2024,RS,8,77,0,Team,0.0,0.0,LJU,,Team,,0,0,0,0,0,0,0,3,3,6,0,0,2,0,0,0,0,4,
2024,RS,8,77,0,Total,,,LJU,,Total,200:00,80,23,46,5,19,19,22,12,21,33,12,5,17,1,6,21,23,70,
2024,RS,8,78,1,P013308   ,1.0,0.0,HAM,1,"IVEY, BRAE",21:10,15,2,4,3,4,2,2,0,3,3,5,2,3,0,0,3,6,22,20.0
2024,RS,8,78,1,P011256   ,1.0,0.0,HAM,3,"RICH, OSARO",18:39,6,3,3,0,2,0,0,1,1,2,0,2,1,0,0,2,1,6,7.0
2024,RS,8,78,1,P013309   ,0.0,1.0,HAM,4,"LOTTIE, JAIZEC",17:57,9,1,3,1,5,4,4,1,5,6,3,0,1,0,0,4,4,11,21.0
2024,RS,8,78,1,P008103   ,0.0,0.0,HAM,5,"MARONKA, ZSOMBOR",17:29,12,3,4,2,3,0,1,2,3,5,0,0,0,0,1,0,2,15,-3.0
2024,RS,8,78,1,P010070   ,0.0,1.0,HAM,6,"MOELLER, LEIF",07:04,3,0,0,1,1,0,0,0,0,0,0,0,2,0,0,1,0,0,-8.0
2024,RS,8,78,1,P013311   ,0.0,1.0,HAM,11,"KENNEDY, KEONDRE",17:40,14,1,2,4,7,0,1,2,2,4,1,2,3,0,0,3,1,11,16.0
2024,RS,8,78,1,P005478   ,0.0,0.0,HAM,17,"WIMBERG, NIKLAS",18:28,0,0,2,0,3,0,0,2,0,2,3,1,0,0,1,2,0,-2,-2.0
2024,RS,8,78,1,P013312   ,1.0,0.0,HAM,21,"BARNETT, JORDAN",11:36,9,4,5,0,1,1,1,2,1,3,0,0,0,0,0,3,1,8,9.0
2024,RS,8,78,1,P013313   ,1.0,1.0,HAM,23,"KUATH, KUR",21:06,6,1,4,0,0,4,6,5,7,12,5,0,0,5,1,0,3,25,27.0
2024,RS,8,78,1,P003242   ,1.0,0.0,HAM,25,"OGBE, KENNETH",20:01,12,3,5,1,3,3,5,0,3,3,0,1,3,0,1,3,3,6,19.0
2024,RS,8,78,1,P006420   ,0.0,1.0,HAM,33,"HECKMANN, PATRICK",12:43,4,1,2,0,1,2,2,1,0,1,4,1,1,0,0,0,2,9,16.0
2024,RS,8,78,1,P006006   ,0.0,0.0,HAM,44,"TURUDIC, BENEDIKT",16:07,3,1,1,0,0,1,4,0,1,1,0,1,1,0,0,1,2,2,-2.0
2024,RS,8,78,1,Team,0.0,0.0,HAM,,Team,,0,0,0,0,0,0,0,2,1,3,0,0,0,0,0,0,0,3,
2024,RS,8,78,1,Total,,,HAM,,Total,200:00,93,20,35,12,30,17,26,18,27,45,21,10,15,5,4,22,25,116,
2024,RS,8,78,0,P013248   ,1.0,0.0,ARI,1,"BANKS, JAMES",11:28,4,2,2,0,0,0,2,2,0,2,0,1,1,0,0,3,1,2,-18.0
2024,RS,8,78,0,P004292   ,1.0,0.0,ARI,4,"TOLIOPOULOS, VASSILIS",30:00,31,4,9,6,18,5,5,0,0,0,3,1,5,1,3,0,8,19,-11.0
2024,RS,8,78,0,P012638   ,0.0,1.0,ARI,7,"KAZAMIAS, VASILLIS",15:40,3,0,2,1,1,0,0,0,0,0,0,0,2,0,0,3,3,-1,-21.0
2024,RS,8,78,0,P013355   ,0.0,0.0,ARI,10,"CHATZIDAKIS, EMMANOUIL",24:01,7,2,5,0,0,3,3,0,4,4,1,0,2,0,1,5,2,3,-11.0
2024,RS,8,78,0,P013393   ,1.0,1.0,ARI,11,"LASZEWSKI, NATHAN JAMES",12:04,4,2,2,0,1,0,1,2,1,3,0,0,0,0,0,4,3,4,-14.0
2024,RS,8,78,0,P013356   ,1.0,0.0,ARI,12,"GKIOUZELIS, GEORGIOS",21:11,2,1,2,0,1,0,0,0,1,1,0,2,1,0,0,2,1,1,-10.0
2024,RS,8,78,0,P013049   ,0.0,1.0,ARI,16,"POURLIDAS, VASSILIS",12:22,1,0,0,0,0,1,2,0,0,0,0,1,0,0,0,1,1,1,-10.0
2024,RS,8,78,0,P013395   ,1.0,1.0,ARI,17,"VISSARIOU, TILEMACHOS",22:21,0,0,0,0,1,0,0,0,3,3,1,0,0,0,0,4,1,0,-13.0
2024,RS,8,78,0,P013252   ,0.0,1.0,ARI,23,"ROBERTS, JOSHUA",24:57,2,1,3,0,0,0,1,4,6,10,0,0,3,1,1,3,1,4,-9.0
2024,RS,8,78,0,P013253   ,0.0,0.0,ARI,55,"HODGE, D MOI",25:56,15,1,1,4,9,1,2,0,3,3,2,1,3,2,0,0,1,15,-3.0
2024,RS,8,78,0,Team,0.0,0.0,ARI,,Team,,0,0,0,0,0,0,0,1,2,3,0,0,2,0,0,0,0,1,
2024,RS,8,78,0,Total,,,ARI,,Total,200:00,69,13,26,11,31,10,16,9,20,29,7,6,19,4,5,25,22,49,
2024,RS,8,79,1,P011797   ,0.0,0.0,CLU,0,"GUZMAN, KAREL",DNP,0,0,0,0,0,0,0,0,0,0,0,0,0,0,0,0,0,0,0.0
2024,RS,8,79,1,P013301   ,0.0,0.0,CLU,2,"SOMACESCU, TUDOR",07:27,1,0,2,0,0,1,2,0,1,1,1,1,1,0,0,2,1,-1,1.0
2024,RS,8,79,1,P013302   ,1.0,0.0,CLU,3,"SIMPSON, ZAVIER",30:31,32,7,11,2,4,12,13,1,1,2,5,1,2,1,2,5,9,34,7.0
2024,RS,8,79,1,P005714   ,1.0,1.0,CLU,5,"MEJERIS, MAREKS",25:49,5,1,1,0,0,3,4,0,3,3,1,1,0,0,0,4,3,8,10.0
2024,RS,8,79,1,P002820   ,1.0,1.0,CLU,9,"SALIN, SASU",26:44,14,2,3,3,11,1,1,1,1,2,4,3,1,0,0,3,4,14,-1.0
2024,RS,8,79,1,P013304   ,1.0,1.0,CLU,10,"HANKINS, ZACH",24:53,15,6,8,0,0,3,5,0,3,3,2,1,0,0,1,4,4,16,-1.0
2024,RS,8,79,1,P004862   ,1.0,1.0,CLU,11,"SEELEY, DENNIS",23:38,12,4,6,1,2,1,1,1,1,2,3,1,3,0,0,3,4,13,-5.0
2024,RS,8,79,1,P012684   ,0.0,0.0,CLU,12,"PETRIC, ALEXIS",DNP,0,0,0,0,0,0,0,0,0,0,0,0,0,0,0,0,0,0,0.0
2024,RS,8,79,1,P013399   ,0.0,0.0,CLU,22,"CEPOI, ANDREI",DNP,0,0,0,0,0,0,0,0,0,0,0,0,0,0,0,0,0,0,0.0
2024,RS,8,79,1,P006618   ,0.0,0.0,CLU,23,"STEPHENS, DE'SHAWN",19:53,8,3,4,0,1,2,3,0,7,7,2,0,1,0,0,1,2,14,10.0
2024,RS,8,79,1,P012620   ,0.0,0.0,CLU,25,"MACIUCA, MIHAI",15:48,5,1,1,1,3,0,0,1,1,2,1,0,3,0,0,2,1,2,0.0
2024,RS,8,79,1,P012698   ,0.0,1.0,CLU,95,"MOKOKA, ADAM",25:17,8,3,4,0,2,2,2,0,4,4,2,1,2,1,0,4,2,9,14.0
2024,RS,8,79,1,Team,0.0,0.0,CLU,,Team,,0,0,0,0,0,0,0,3,4,7,0,0,1,0,0,0,0,6,
2024,RS,8,79,1,Total,,,CLU,,Total,200:00,100,27,40,7,23,25,31,7,26,33,21,9,14,2,3,28,30,115,
2024,RS,8,79,0,P009898   ,1.0,0.0,LKB,2,"BICKAUSKIS, DOVIS",17:04,0,0,2,0,3,0,0,0,2,2,4,0,1,1,0,3,1,-1,-6.0
2024,RS,8,79,0,P010181   ,0.0,0.0,LKB,3,"STENIONIS, DOMINYKAS",02:36,0,0,1,0,1,0,0,0,0,0,0,0,0,0,0,1,0,-3,0.0
2024,RS,8,79,0,PLXI      ,0.0,0.0,LKB,10,"LIPKEVICIUS, VYTENIS",14:07,8,0,0,2,3,2,2,0,1,1,0,1,0,1,0,3,1,8,-10.0
2024,RS,8,79,0,P010461   ,0.0,1.0,LKB,12,"MALDUNAS, GABRIELIUS",15:25,7,3,5,0,0,1,4,1,0,1,1,4,4,0,0,1,2,5,-15.0
2024,RS,8,79,0,P005521   ,1.0,0.0,LKB,13,"VARNAS, MARTYNAS",19:39,10,1,1,2,5,2,2,0,3,3,1,2,3,1,0,2,1,10,4.0
2024,RS,8,79,0,P005656   ,1.0,1.0,LKB,15,"PECARSKI, MARKO",28:27,8,4,5,0,1,0,0,3,3,6,1,0,2,0,0,1,1,11,6.0
2024,RS,8,79,0,P006586   ,0.0,1.0,LKB,16,"KALAITZAKIS, GEORGIOS",19:11,13,3,6,0,3,7,10,0,1,1,2,0,1,0,0,4,6,8,-8.0
2024,RS,8,79,0,P009299   ,1.0,1.0,LKB,17,"RUBSTAVICIUS, MANTAS",26:41,25,2,3,4,7,9,9,2,1,3,1,1,0,0,1,3,5,27,-1.0
2024,RS,8,79,0,P006212   ,0.0,0.0,LKB,18,"VASILIAUSKAS, GRANTAS",DNP,0,0,0,0,0,0,0,0,0,0,0,0,0,0,0,0,0,0,0.0
2024,RS,8,79,0,P005113   ,1.0,0.0,LKB,31,"STIPANOVIC, ANDRIJA",24:35,11,3,7,0,0,5,7,3,9,12,7,2,4,0,0,4,7,25,8.0
2024,RS,8,79,0,P006860   ,0.0,0.0,LKB,35,"LAVRINOVICIUS, DANIELIUS",11:33,0,0,1,0,2,0,0,0,2,2,0,0,1,0,0,4,0,-6,-13.0
2024,RS,8,79,0,P013247   ,0.0,1.0,LKB,50,"KOVLIAR, OLEKSANDR",20:42,11,1,3,1,3,6,8,1,2,3,3,1,1,0,1,4,4,10,0.0
2024,RS,8,79,0,Team,0.0,0.0,LKB,,Team,,0,0,0,0,0,0,0,2,0,2,0,0,0,0,0,0,0,2,
2024,RS,8,79,0,Total,,,LKB,,Total,200:00,93,17,34,9,28,32,42,12,24,36,20,11,17,3,2,30,28,96,
2024,RS,8,80,1,P003759   ,0.0,0.0,VNC,0,"TESSITORI, AMEDEO",12:23,8,3,6,0,1,2,4,3,1,4,1,1,1,0,0,2,4,9,1.0
2024,RS,8,80,1,P012800   ,1.0,0.0,VNC,2,"MC GRUDER, RODNEY",34:09,20,9,12,0,1,2,4,3,3,6,2,0,3,0,1,2,3,19,5.0
2024,RS,8,80,1,P006571   ,0.0,0.0,VNC,4,"LEVER, ALESSANDRO",DNP,0,0,0,0,0,0,0,0,0,0,0,0,0,0,0,0,0,0,0.0
2024,RS,8,80,1,P009400   ,1.0,0.0,VNC,7,"CASARIN, DAVIDE",16:46,2,1,2,0,0,0,0,0,2,2,2,0,4,0,0,3,0,-2,-14.0
2024,RS,8,80,1,P005177   ,0.0,0.0,VNC,8,"FERNANDEZ, JUAN",16:55,7,1,1,1,4,2,4,1,4,5,2,0,1,0,0,1,4,11,13.0
2024,RS,8,80,1,P005404   ,0.0,1.0,VNC,9,"MORETTI, DAVIDE",10:51,4,0,2,0,3,4,4,0,0,0,1,1,2,0,0,4,5,0,11.0
2024,RS,8,80,1,P012588   ,0.0,0.0,VNC,14,"JANELIDZE, GIGA",DNP,0,0,0,0,0,0,0,0,0,0,0,0,0,0,0,0,0,0,0.0
2024,RS,8,80,1,P012796   ,1.0,1.0,VNC,21,"KABENGELE, MFIONDU",27:37,10,5,7,0,1,0,0,2,13,15,5,1,2,2,1,3,1,25,7.0
2024,RS,8,80,1,P011909   ,1.0,0.0,VNC,22,"PARKS, JORDAN",22:02,2,1,1,0,1,0,0,0,3,3,2,0,1,0,0,5,0,0,9.0
2024,RS,8,80,1,P013305   ,0.0,1.0,VNC,24,"WHEATLE, CARL",18:44,2,1,1,0,2,0,0,2,4,6,4,0,3,0,0,3,0,4,1.0
2024,RS,8,80,1,P011928   ,1.0,1.0,VNC,25,"SIMMS, AAMIR",22:15,4,1,2,0,0,2,4,0,3,3,3,0,2,0,1,3,5,6,-3.0
2024,RS,8,80,1,P008052   ,0.0,1.0,VNC,33,"WILTJER, KYLE",18:18,16,3,7,2,8,4,4,1,2,3,2,2,0,0,1,0,2,14,10.0
2024,RS,8,80,1,Team,0.0,0.0,VNC,,Team,,0,0,0,0,0,0,0,3,0,3,0,0,0,0,0,0,0,3,
2024,RS,8,80,1,Total,,,VNC,,Total,200:00,75,25,41,3,21,16,24,15,35,50,24,5,19,2,4,26,24,89,
2024,RS,8,80,0,P007917   ,0.0,0.0,TTK,3,"DURMAZ, BERKAN",07:28,2,1,1,0,0,0,0,0,3,3,0,0,0,0,0,2,0,3,-8.0
2024,RS,8,80,0,P004056   ,0.0,1.0,TTK,5,"AKPINAR, ISMET",12:22,7,2,5,0,2,3,4,0,0,0,0,3,0,0,0,3,4,5,3.0
2024,RS,8,80,0,P011973   ,1.0,1.0,TTK,7,"ALEXANDER, KYLE",21:36,6,3,4,0,0,0,0,0,3,3,0,1,2,2,0,4,4,9,-9.0
2024,RS,8,80,0,P009025   ,1.0,1.0,TTK,8,"BROWN, ANTHONY",36:18,18,4,6,3,7,1,5,0,3,3,1,1,1,0,0,1,3,14,0.0
2024,RS,8,80,0,P012415   ,0.0,0.0,TTK,9,"TUNCA, MELIH",04:25,0,0,1,0,1,0,0,0,0,0,0,0,0,0,0,1,0,-3,-2.0
2024,RS,8,80,0,P010465   ,1.0,0.0,TTK,11,"ANGOLA, BRAIAN",33:25,15,4,11,1,3,4,8,0,4,4,4,1,1,0,1,1,8,16,-1.0
2024,RS,8,80,0,P004619   ,0.0,0.0,TTK,13,"AGVA, MAHIR",09:52,1,0,1,0,0,1,2,0,2,2,1,0,1,0,0,2,1,0,0.0
2024,RS,8,80,0,P013300   ,1.0,1.0,TTK,20,"BESS, JAVON",22:33,2,0,1,0,2,2,4,0,0,0,2,1,0,0,0,4,2,-2,-6.0
2024,RS,8,80,0,P006598   ,0.0,0.0,TTK,21,"HANLAN, OLIVIER",06:11,2,0,2,0,0,2,2,1,0,1,0,0,3,0,0,1,1,-2,-7.0
2024,RS,8,80,0,P010811   ,0.0,0.0,TTK,38,"TARLA, KAAN",DNP,0,0,0,0,0,0,0,0,0,0,0,0,0,0,0,0,0,0,0.0
2024,RS,8,80,0,P010587   ,0.0,1.0,TTK,44,"SMITH, KENNETH",21:51,6,3,4,0,4,0,0,0,2,2,4,2,2,0,1,1,1,6,-9.0
2024,RS,8,80,0,P011935   ,1.0,0.0,TTK,55,"MAKOUNDOU, YOAN",23:59,8,4,10,0,0,0,0,5,4,9,0,0,1,2,0,5,1,8,-1.0
2024,RS,8,80,0,Team,0.0,0.0,TTK,,Team,,0,0,0,0,0,0,0,3,1,4,0,0,1,0,0,0,0,3,
2024,RS,8,80,0,Total,,,TTK,,Total,200:00,67,21,46,4,19,13,25,9,22,31,12,9,12,4,2,25,25,57,
2024,RS,9,81,1,P012777   ,0.0,1.0,CAN,1,"URBANIAK, JAKUB",08:42,3,0,1,1,2,0,0,1,0,1,0,1,1,1,0,3,0,0,0.0
2024,RS,9,81,1,P007560   ,0.0,1.0,CAN,3,"KLJAJIC, JOVAN",14:14,3,0,1,1,2,0,0,0,1,1,2,0,1,0,0,0,0,3,5.0
2024,RS,9,81,1,P012016   ,0.0,0.0,CAN,4,"CONDITT IV, GEORGE",20:56,10,4,4,0,0,2,2,1,5,6,3,0,0,0,0,0,2,21,18.0
2024,RS,9,81,1,P011251   ,0.0,0.0,CAN,5,"HOMESLEY, CALEB",16:50,20,3,3,4,4,2,2,1,2,3,2,0,1,0,0,1,2,25,20.0
2024,RS,9,81,1,P003425   ,1.0,0.0,CAN,6,"ALBICY, ANDREW",18:20,6,0,2,2,5,0,0,0,1,1,5,1,2,0,0,1,4,9,3.0
2024,RS,9,81,1,P008121   ,0.0,0.0,CAN,9,"BRUSSINO, NICOLAS",21:07,3,0,1,1,4,0,0,1,3,4,5,0,3,0,0,1,0,4,18.0
2024,RS,9,81,1,P005005   ,1.0,1.0,CAN,10,"SALVO, MIQUEL",18:14,10,3,3,1,3,1,1,0,4,4,0,1,0,0,0,0,4,17,5.0
2024,RS,9,81,1,P010623   ,0.0,1.0,CAN,12,"ALOCEN, CARLOS",15:49,3,0,1,1,6,0,0,0,1,1,7,1,0,0,0,3,1,4,21.0
2024,RS,9,81,1,P010452   ,0.0,0.0,CAN,13,"PELOS, PIERRE",14:31,5,1,2,1,1,0,0,1,2,3,0,0,0,1,0,2,0,6,12.0
2024,RS,9,81,1,P006588   ,1.0,0.0,CAN,14,"SHURNA, JOHN",16:48,4,2,4,0,2,0,0,1,0,1,0,4,3,0,0,2,1,1,14.0
2024,RS,9,81,1,P008966   ,1.0,1.0,CAN,18,"TOBEY, MIKE",19:03,8,4,4,0,1,0,0,1,5,6,0,0,1,0,0,1,1,12,8.0
2024,RS,9,81,1,P012095   ,1.0,0.0,CAN,32,"THOMASSON, JOE",15:26,9,0,3,3,3,0,0,0,1,1,0,0,0,0,0,2,0,5,6.0
2024,RS,9,81,1,Team,0.0,0.0,CAN,,Team,,0,0,0,0,0,0,0,1,3,4,0,0,1,0,0,0,0,3,
2024,RS,9,81,1,Total,,,CAN,,Total,200:00,84,17,29,15,33,5,5,8,28,36,24,8,13,2,0,16,15,110,
2024,RS,9,81,0,P013292   ,0.0,0.0,TSO,0,"JANKOWSKI, BARTOSZ",DNP,0,0,0,0,0,0,0,0,0,0,0,0,0,0,0,0,0,0,0.0
2024,RS,9,81,0,P012019   ,1.0,0.0,TSO,3,"BEST, AARON",30:01,5,1,3,1,5,0,0,0,2,2,1,0,1,0,0,4,1,-2,-14.0
2024,RS,9,81,0,P013504   ,0.0,1.0,TSO,4,"ALLEYNE, NAHIEM",28:44,9,3,7,1,3,0,0,1,1,2,2,0,1,0,0,1,2,7,-24.0
2024,RS,9,81,0,P013293   ,0.0,0.0,TSO,5,"MCGOWENS, ROBERT",16:02,6,3,5,0,0,0,0,0,3,3,0,1,0,0,0,0,2,10,-16.0
2024,RS,9,81,0,P008790   ,0.0,1.0,TSO,12,"WITLINSKI, MIKOLAJ",15:36,8,4,5,0,1,0,0,1,3,4,1,0,2,0,0,1,0,8,-18.0
2024,RS,9,81,0,P013295   ,1.0,1.0,TSO,15,"ZYSKOWSKI, JAROSLAW",22:14,0,0,1,0,2,0,0,0,1,1,1,1,0,0,0,2,0,-2,-14.0
2024,RS,9,81,0,P013296   ,1.0,0.0,TSO,32,"GROSELLE, GEOFFREY",22:20,4,2,7,0,0,0,0,3,5,8,4,2,4,0,0,1,1,9,-8.0
2024,RS,9,81,0,P013297   ,0.0,1.0,TSO,50,"WEATHERS, MARCUS",13:55,4,1,2,0,1,2,5,1,0,1,0,1,1,0,0,2,4,2,-14.0
2024,RS,9,81,0,P013298   ,1.0,1.0,TSO,55,"SCHENK, JAKUB",27:25,11,0,1,1,5,8,8,1,2,3,2,0,3,0,0,3,6,11,-16.0
2024,RS,9,81,0,P003885   ,1.0,0.0,TSO,81,"VAN VLIET, ANDY",23:43,11,4,8,1,3,0,0,3,3,6,2,0,1,0,2,1,0,9,-6.0
2024,RS,9,81,0,Team,0.0,0.0,TSO,,Team,,0,0,0,0,0,0,0,0,1,1,0,0,1,0,0,0,0,0,
2024,RS,9,81,0,Total,,,TSO,,Total,200:00,58,18,39,4,20,10,13,10,21,31,13,5,14,0,2,15,16,52,
2024,RS,9,82,1,P012593   ,1.0,1.0,TRN,1,"ELLIS, QUINN",29:14,13,1,7,2,6,5,6,1,1,2,6,0,4,1,1,1,4,9,-5.0
2024,RS,9,82,1,P013269   ,1.0,0.0,TRN,3,"CALE, MYLES",26:59,13,5,9,0,1,3,4,1,3,4,0,0,2,0,1,3,5,10,-11.0
2024,RS,9,82,1,P013270   ,0.0,1.0,TRN,5,"FORD, JORDAN",21:20,1,0,2,0,2,1,2,0,1,1,3,1,1,0,0,0,0,0,-13.0
2024,RS,9,82,1,P005438   ,1.0,0.0,TRN,6,"PECCHIA, ANDREA",25:03,8,4,4,0,2,0,0,2,5,7,1,0,4,1,0,5,0,6,-9.0
2024,RS,9,82,1,P012687   ,0.0,0.0,TRN,7,"NIANG, SALIOU",DNP,0,0,0,0,0,0,0,0,0,0,0,0,0,0,0,0,0,0,0.0
2024,RS,9,82,1,P006382   ,0.0,1.0,TRN,10,"FORRAY, TOTO",18:22,13,3,5,2,3,1,1,0,2,2,0,1,0,0,1,3,2,11,-4.0
2024,RS,9,82,1,P013272   ,1.0,0.0,TRN,22,"LAMB, ANTHONY",28:01,12,4,9,0,3,4,6,2,4,6,0,1,5,0,1,4,3,2,-19.0
2024,RS,9,82,1,P006724   ,1.0,1.0,TRN,26,"BAYEHE, JORDAN",26:59,0,0,4,0,0,0,0,5,8,13,2,1,2,0,1,3,3,9,2.0
2024,RS,9,82,1,P012114   ,0.0,0.0,TRN,27,"BADALAU, DENIS",DNP,0,0,0,0,0,0,0,0,0,0,0,0,0,0,0,0,0,0,0.0
2024,RS,9,82,1,P013273   ,0.0,1.0,TRN,32,"PLACINSCHI, CESARE",01:22,0,0,0,0,0,0,0,0,1,1,0,0,0,0,0,0,0,1,5.0
2024,RS,9,82,1,P002387   ,0.0,0.0,TRN,33,"ZUKAUSKAS, EIGIRDAS",22:40,8,0,2,1,7,5,6,0,3,3,1,0,3,1,0,3,4,2,-21.0
2024,RS,9,82,1,Team,0.0,0.0,TRN,,Team,,0,0,0,0,0,0,0,7,1,8,0,0,0,0,0,0,0,8,
2024,RS,9,82,1,Total,,,TRN,,Total,200:00,68,17,42,5,24,19,25,18,29,47,13,4,21,3,5,22,21,58,
2024,RS,9,82,0,P011924   ,1.0,1.0,BES,0,"ALLMAN, KYLE",22:49,7,3,7,0,0,1,4,1,4,5,3,0,2,1,1,2,4,8,3.0
2024,RS,9,82,0,P011936   ,1.0,0.0,BES,2,"MATHEWS, JONAH",20:02,10,1,6,2,3,2,3,0,3,3,2,0,1,0,0,3,3,7,5.0
2024,RS,9,82,0,P008945   ,1.0,0.0,BES,5,"NEEDHAM, DEREK",19:45,5,1,3,1,2,0,0,0,1,1,0,1,0,1,0,3,1,3,5.0
2024,RS,9,82,0,P003783   ,0.0,0.0,BES,6,"UGURLU, BERK",22:16,9,2,4,1,1,2,2,1,2,3,2,1,1,1,0,2,3,14,14.0
2024,RS,9,82,0,P007914   ,0.0,1.0,BES,7,"ARSLAN, YIGIT",23:53,12,3,5,2,4,0,0,0,5,5,1,1,1,0,1,0,2,15,11.0
2024,RS,9,82,0,P009680   ,0.0,0.0,BES,9,"MORGAN, CONOR",26:50,9,2,5,1,3,2,2,4,3,7,4,0,1,2,0,2,1,15,26.0
2024,RS,9,82,0,P012233   ,0.0,1.0,BES,10,"AKSU, YAGIZ",01:44,2,1,1,0,0,0,0,0,0,0,0,0,0,0,0,0,0,2,-6.0
2024,RS,9,82,0,P011927   ,1.0,1.0,BES,14,"SLEVA, DUSTIN",20:31,8,4,5,0,1,0,2,1,0,1,1,2,1,0,0,4,2,5,-4.0
2024,RS,9,82,0,P011379   ,1.0,1.0,BES,20,"KONAN, KEREM",18:29,8,2,4,0,0,4,6,1,4,5,2,0,1,0,0,2,4,12,-4.0
2024,RS,9,82,0,P013362   ,0.0,0.0,BES,24,"ELEZAY, REZON",DNP,0,0,0,0,0,0,0,0,0,0,0,0,0,0,0,0,0,0,0.0
2024,RS,9,82,0,P013255   ,0.0,0.0,BES,30,"MARTIN, KELAN",23:41,13,3,8,2,3,1,1,1,4,5,2,2,2,0,1,4,1,10,25.0
2024,RS,9,82,0,Team,0.0,0.0,BES,,Team,,0,0,0,0,0,0,0,0,1,1,0,0,1,0,0,0,0,0,
2024,RS,9,82,0,Total,,,BES,,Total,200:00,83,22,48,9,17,12,20,9,27,36,17,7,11,5,3,22,21,91,
2024,RS,9,83,1,P013256   ,0.0,0.0,BUD,0,"MORGAN, JUWAN",18:10,11,3,3,1,3,2,3,0,5,5,4,2,1,1,0,2,2,19,17.0
2024,RS,9,83,1,P011150   ,1.0,0.0,BUD,1,"SULAIMON, RASHEED",26:18,23,2,5,6,7,1,1,0,1,1,3,2,2,0,0,4,1,20,15.0
2024,RS,9,83,1,P006561   ,0.0,0.0,BUD,2,"ILIC, ALEKSA",DNP,0,0,0,0,0,0,0,0,0,0,0,0,0,0,0,0,0,0,0.0
2024,RS,9,83,1,P012630   ,0.0,0.0,BUD,3,"MAGEE, FLETCHER",17:52,16,2,2,4,7,0,0,0,0,0,0,1,2,0,0,2,0,10,16.0
2024,RS,9,83,1,P006566   ,1.0,0.0,BUD,7,"SLAVKOVIC, ANDRIJA",16:26,5,2,3,0,0,1,1,0,0,0,0,0,0,0,1,3,1,1,9.0
2024,RS,9,83,1,P005637   ,1.0,1.0,BUD,10,"TANASKOVIC, NIKOLA",21:42,15,6,8,0,0,3,4,2,5,7,2,0,0,1,0,3,2,21,7.0
2024,RS,9,83,1,P011281   ,1.0,1.0,BUD,11,"FERRELL, YOGI",23:01,5,1,2,1,5,0,0,0,2,2,4,1,2,0,0,0,1,6,10.0
2024,RS,9,83,1,P010307   ,0.0,1.0,BUD,13,"JOVANOVIC, DORDIJE",12:05,3,0,1,1,2,0,0,0,1,1,0,1,0,0,0,1,0,2,9.0
2024,RS,9,83,1,P013258   ,0.0,1.0,BUD,23,"DREZNJAK, MATEO",05:02,1,0,1,0,1,1,1,0,1,1,1,0,2,0,0,2,0,-3,1.0
2024,RS,9,83,1,P004222   ,0.0,0.0,BUD,24,"OMIC, ALEN",14:40,7,3,6,0,0,1,1,2,2,4,3,0,0,0,1,1,4,13,16.0
2024,RS,9,83,1,P012606   ,0.0,0.0,BUD,25,"WRIGHT IV, MCKINLEY",19:24,6,2,3,0,2,2,2,1,1,2,6,1,3,0,0,3,4,10,24.0
2024,RS,9,83,1,P008325   ,1.0,1.0,BUD,34,"KAMENJAS, KENAN",25:20,12,4,9,0,0,4,6,3,9,12,4,2,4,0,1,1,3,20,11.0
2024,RS,9,83,1,Team,0.0,0.0,BUD,,Team,,0,0,0,0,0,0,0,4,2,6,0,0,0,0,0,0,0,6,
2024,RS,9,83,1,Total,,,BUD,,Total,200:00,104,25,43,13,27,15,19,12,29,41,27,10,16,2,3,22,18,125,
2024,RS,9,83,0,P012003   ,1.0,0.0,WOL,1,"COWAN JR, ANTHONY",29:41,18,4,4,3,7,1,2,0,1,1,2,2,3,0,0,1,6,20,-16.0
2024,RS,9,83,0,P012789   ,0.0,0.0,WOL,4,"BROOKS, GARRISON",22:53,10,4,5,0,0,2,2,1,3,4,0,0,0,2,0,1,1,15,-15.0
2024,RS,9,83,0,P009306   ,0.0,1.0,WOL,9,"BASLYK, DANIEL",04:20,5,0,0,0,1,5,6,0,0,0,1,0,0,0,0,0,3,7,-1.0
2024,RS,9,83,0,P004645   ,1.0,0.0,WOL,10,"MINIOTAS, REGIMANTAS",20:58,8,4,5,0,1,0,1,1,6,7,0,0,2,0,1,1,1,9,-12.0
2024,RS,9,83,0,P006897   ,0.0,0.0,WOL,11,"MARCINKEVICIUS, JUSTINAS",DNP,0,0,0,0,0,0,0,0,0,0,0,0,0,0,0,0,0,0,0.0
2024,RS,9,83,0,P011248   ,0.0,0.0,WOL,12,"ANDREWS, ANDREW",22:32,7,3,4,0,4,1,2,0,2,2,4,0,3,0,0,5,3,2,-21.0
2024,RS,9,83,0,P005516   ,1.0,1.0,WOL,13,"ZEMAITIS, KRISTUPAS",21:38,2,0,2,0,5,2,2,0,1,1,3,0,0,0,0,1,2,0,-24.0
2024,RS,9,83,0,P012577   ,0.0,0.0,WOL,15,"THURMAN, TRE'SHAWN",21:51,11,2,3,0,3,7,8,0,1,1,2,3,1,0,0,2,4,13,-16.0
2024,RS,9,83,0,P008186   ,1.0,1.0,WOL,22,"BLAZEVIC, MAREK",17:07,5,2,3,0,0,1,2,0,3,3,1,0,2,0,0,3,1,3,-12.0
2024,RS,9,83,0,P006853   ,0.0,1.0,WOL,23,"JOGELA, MATAS",16:56,4,2,3,0,2,0,0,0,1,1,1,2,1,0,1,3,0,0,-7.0
2024,RS,9,83,0,P006546   ,1.0,0.0,WOL,44,"TAYLOR, JEFFERY",13:44,4,2,3,0,2,0,0,1,1,2,1,0,2,1,0,2,1,2,-11.0
2024,RS,9,83,0,P006180   ,0.0,1.0,WOL,98,"KULBOKA, ARNOLDAS",08:20,3,0,1,1,2,0,0,0,0,0,0,0,0,0,0,0,0,1,0.0
2024,RS,9,83,0,Team,0.0,0.0,WOL,,Team,,0,0,0,0,0,0,0,3,1,4,0,0,2,0,0,0,0,2,
2024,RS,9,83,0,Total,,,WOL,,Total,200:00,77,23,33,4,27,19,25,6,20,26,15,7,16,3,2,19,22,74,
2024,RS,9,84,1,P011192   ,1.0,1.0,BAH,0,"SMITH, JALEEN",25:41,17,3,5,3,5,2,2,1,0,1,3,1,3,0,0,2,1,14,17.0
2024,RS,9,84,1,P011201   ,0.0,1.0,BAH,2,"HAZER, SEHMUS",29:34,15,4,11,0,3,7,9,0,0,0,3,3,0,0,1,2,8,14,13.0
2024,RS,9,84,1,P011821   ,1.0,1.0,BAH,5,"MASSINBURG, CJ",18:58,7,0,1,2,4,1,2,2,1,3,3,0,1,0,0,2,3,9,-2.0
2024,RS,9,84,1,P012405   ,0.0,0.0,BAH,7,"HALTALI, FURKAN",04:15,0,0,0,0,0,0,0,0,0,0,0,0,1,0,0,3,0,-4,-1.0
2024,RS,9,84,1,P008282   ,0.0,0.0,BAH,10,"ILYASOGLU, OMERCAN",DNP,0,0,0,0,0,0,0,0,0,0,0,0,0,0,0,0,0,0,0.0
2024,RS,9,84,1,PLQV      ,0.0,0.0,BAH,17,"MUTAF, MAXIM",DNP,0,0,0,0,0,0,0,0,0,0,0,0,0,0,0,0,0,0,0.0
2024,RS,9,84,1,P012711   ,0.0,0.0,BAH,19,"SIMONOVIC, MARKO",20:16,11,4,5,1,5,0,0,1,4,5,1,1,0,0,0,3,2,12,-10.0
2024,RS,9,84,1,P004172   ,0.0,1.0,BAH,20,"PONITKA, MATEUSZ",25:47,9,1,3,1,1,4,4,1,2,3,4,2,0,1,0,1,4,20,2.0
2024,RS,9,84,1,P011823   ,1.0,0.0,BAH,21,"ODIASE, TAI",23:26,8,3,6,0,1,2,2,3,4,7,0,1,1,2,1,4,2,10,13.0
2024,RS,9,84,1,P009601   ,1.0,1.0,BAH,34,"CAVANAUGH, TYLER",29:23,9,1,4,1,2,4,4,2,5,7,1,0,1,0,0,3,1,10,17.0
2024,RS,9,84,1,P008278   ,0.0,0.0,BAH,57,"BAS, GOKTUG",DNP,0,0,0,0,0,0,0,0,0,0,0,0,0,0,0,0,0,0,0.0
2024,RS,9,84,1,P003840   ,1.0,0.0,BAH,83,"BOUTEILLE, AXEL",22:40,13,2,6,3,5,0,0,1,5,6,2,0,0,0,0,0,3,18,6.0
2024,RS,9,84,1,Team,0.0,0.0,BAH,,Team,,0,0,0,0,0,0,0,3,2,5,0,0,0,0,0,0,0,5,
2024,RS,9,84,1,Total,,,BAH,,Total,200:00,89,18,41,11,26,20,23,14,23,37,17,8,7,3,2,20,24,108,
2024,RS,9,84,0,P010161   ,0.0,1.0,JOV,1,"KRAAG, YANNICK",22:21,8,2,3,1,2,1,1,2,2,4,1,0,0,1,1,3,2,10,7.0
2024,RS,9,84,0,P013285   ,1.0,0.0,JOV,2,"DOTSON, DEVON DURRELL",18:27,5,2,5,0,1,1,2,0,2,2,2,0,1,0,0,5,4,2,-2.0
2024,RS,9,84,0,P006771   ,1.0,0.0,JOV,3,"BUSQUETS, PEP",07:31,0,0,1,0,0,0,0,0,0,0,0,0,0,0,1,0,0,-2,-19.0
2024,RS,9,84,0,PJUG      ,0.0,0.0,JOV,4,"RIBAS, PAU",03:23,0,0,0,0,0,0,0,0,0,0,1,0,0,0,0,2,0,-1,-9.0
2024,RS,9,84,0,P013286   ,0.0,1.0,JOV,6,"VAN DER VUURST, KEYE",17:05,0,0,2,0,2,0,0,0,0,0,3,0,0,0,0,2,0,-3,-7.0
2024,RS,9,84,0,P004834   ,1.0,0.0,JOV,13,"PUSTOVYI, ARTEM",24:39,17,6,9,0,0,5,5,1,6,7,0,0,5,1,0,4,3,16,-5.0
2024,RS,9,84,0,P002361   ,0.0,0.0,JOV,16,"VIVES, GUILLEM",04:42,0,0,0,0,0,0,0,0,0,0,1,0,1,0,0,1,0,-1,0.0
2024,RS,9,84,0,P009672   ,1.0,1.0,JOV,17,"DEKKER, SAM",31:01,22,2,7,5,8,3,4,1,3,4,1,0,2,0,1,2,3,16,-14.0
2024,RS,9,84,0,P012740   ,0.0,1.0,JOV,30,"ROBERTSON, KASSIUS",23:54,7,2,3,1,4,0,0,0,3,3,2,0,2,0,0,0,0,6,4.0
2024,RS,9,84,0,P002507   ,0.0,0.0,JOV,44,"TOMIC, ANTE",23:36,18,6,6,0,0,6,6,2,4,6,2,0,1,0,0,2,6,29,-2.0
2024,RS,9,84,0,P005099   ,1.0,1.0,JOV,88,"HANGA, ADAM",23:21,1,0,2,0,1,1,2,0,3,3,5,3,0,0,0,4,2,6,-8.0
2024,RS,9,84,0,Team,0.0,0.0,JOV,,Team,,0,0,0,0,0,0,0,1,2,3,0,0,0,0,0,0,0,3,
2024,RS,9,84,0,Total,,,JOV,,Total,200:00,78,20,38,7,18,17,20,7,25,32,18,3,12,2,3,25,20,81,
2024,RS,9,85,1,P005181   ,1.0,0.0,HTA,1,"RAGLAND, JOE",17:03,9,3,6,0,1,3,5,0,3,3,6,0,1,0,1,3,3,10,1.0
2024,RS,9,85,1,P013402   ,0.0,0.0,HTA,2,"BLAKENEY, ANTONIO",17:05,7,1,2,0,5,5,5,0,0,0,0,0,1,1,0,1,4,4,-8.0
2024,RS,9,85,1,P013506   ,0.0,0.0,HTA,4,"BINGHAM, MARCUS",19:23,3,1,4,0,0,1,1,2,2,4,2,2,3,2,0,2,2,7,4.0
2024,RS,9,85,1,P013283   ,0.0,0.0,HTA,9,"PALATIN, GUY",09:18,2,0,0,0,1,2,2,0,0,0,1,1,0,0,0,0,3,6,-3.0
2024,RS,9,85,1,P004846   ,0.0,0.0,HTA,10,"TIMOR, BAR",16:37,4,0,0,1,2,1,2,0,2,2,0,1,0,0,0,4,3,4,9.0
2024,RS,9,85,1,P009877   ,0.0,0.0,HTA,14,"BLAYZER, OZ",00:21,0,0,0,0,0,0,0,0,0,0,0,0,0,0,0,0,0,0,2.0
2024,RS,9,85,1,P010386   ,1.0,1.0,HTA,17,"FOSTER, MARCUS",33:27,21,7,9,2,4,1,1,1,4,5,4,0,3,0,2,2,2,21,0.0
2024,RS,9,85,1,P001927   ,1.0,1.0,HTA,22,"BEVERLEY, PATRICK",24:54,15,5,6,1,6,2,2,1,5,6,6,3,3,0,1,4,2,18,-4.0
2024,RS,9,85,1,P013284   ,0.0,1.0,HTA,24,"WAINRIGHT, ISHMAIL CARZELL",22:52,6,1,1,1,4,1,2,0,2,2,0,0,1,1,0,3,2,3,2.0
2024,RS,9,85,1,P011386   ,0.0,0.0,HTA,31,"YAACOV, NOAM",DNP,0,0,0,0,0,0,0,0,0,0,0,0,0,0,0,0,0,0,0.0
2024,RS,9,85,1,P010550   ,1.0,1.0,HTA,41,"GINAT, TOMER",20:14,8,4,7,0,0,0,1,3,2,5,2,1,1,0,1,0,1,11,-11.0
2024,RS,9,85,1,P012096   ,1.0,1.0,HTA,51,"CABOCLO, BRUNO",18:46,5,2,2,0,0,1,3,1,5,6,0,0,3,1,0,4,5,8,-2.0
2024,RS,9,85,1,Team,0.0,0.0,HTA,,Team,,0,0,0,0,0,0,0,5,1,6,0,0,1,0,0,0,0,5,
2024,RS,9,85,1,Total,,,HTA,,Total,200:00,80,24,37,5,23,17,24,13,26,39,21,8,17,5,5,23,27,97,
2024,RS,9,85,0,P006245   ,1.0,0.0,ULM,0,"WEIDEMANN, NELSON",17:09,5,1,3,1,6,0,0,2,2,4,2,2,1,0,1,4,1,1,1.0
2024,RS,9,85,0,P013289   ,1.0,0.0,ULM,3,"SANTOS, MARCIO",12:00,0,0,1,0,0,0,0,2,0,2,1,0,1,1,1,4,2,-1,12.0
2024,RS,9,85,0,P010726   ,0.0,0.0,ULM,7,"JENSEN, TOBIAS",08:46,2,1,1,0,1,0,0,0,0,0,0,0,0,0,0,1,0,0,0.0
2024,RS,9,85,0,P012077   ,0.0,1.0,ULM,9,"PLUMMER, ALFONSO",18:08,14,1,1,3,6,3,3,0,2,2,1,1,1,0,0,1,3,16,5.0
2024,RS,9,85,0,P013290   ,1.0,1.0,ULM,10,"JESSUP, JUSTINIAN",31:06,14,1,6,4,10,0,0,4,2,6,6,1,2,1,0,2,1,14,1.0
2024,RS,9,85,0,P011391   ,1.0,1.0,ULM,12,"ESSENGUE, NOA",25:06,19,4,7,0,2,11,14,2,3,5,1,2,0,2,1,3,9,26,4.0
2024,RS,9,85,0,P007952   ,0.0,0.0,ULM,13,"BRETZEL, NICOLAS",06:25,5,2,2,0,1,1,1,1,2,3,0,0,1,0,0,1,1,6,-2.0
2024,RS,9,85,0,P006997   ,0.0,0.0,ULM,14,"HERKENHOFF, PHILIPP",15:24,3,0,0,1,2,0,0,2,2,4,0,0,5,0,0,3,0,-2,-19.0
2024,RS,9,85,0,P013291   ,0.0,0.0,ULM,15,"ROBY, ISAIAH",15:56,5,1,4,1,1,0,0,1,1,2,2,1,1,1,0,4,1,4,3.0
2024,RS,9,85,0,P010582   ,0.0,0.0,ULM,22,"KLEPEISZ, THOMAS",03:57,3,0,0,1,1,0,0,0,1,1,0,0,0,0,0,0,0,4,3.0
2024,RS,9,85,0,P005422   ,1.0,1.0,ULM,35,"JALLOW, KARIM",28:03,7,2,4,0,0,3,4,0,0,0,5,0,1,0,0,2,4,10,9.0
2024,RS,9,85,0,P011437   ,0.0,1.0,ULM,77,"SARAF, BEN",18:00,5,1,8,1,3,0,0,2,1,3,4,2,1,0,2,2,1,1,-7.0
2024,RS,9,85,0,Team,0.0,0.0,ULM,,Team,,0,0,0,0,0,0,0,7,5,12,0,0,1,0,0,0,0,11,
2024,RS,9,85,0,Total,,,ULM,,Total,200:00,82,14,37,12,33,18,22,23,21,44,22,9,15,5,5,27,23,90,
2024,RS,9,86,1,P007917   ,0.0,0.0,TTK,3,"DURMAZ, BERKAN",10:09,4,1,1,0,0,2,2,2,2,4,1,0,1,0,0,4,1,5,-2.0
2024,RS,9,86,1,P004056   ,1.0,1.0,TTK,5,"AKPINAR, ISMET",12:21,5,0,0,1,4,2,2,0,0,0,0,0,1,0,1,3,3,0,-6.0
2024,RS,9,86,1,P011973   ,1.0,1.0,TTK,7,"ALEXANDER, KYLE",30:53,8,3,5,0,1,2,2,0,8,8,1,1,1,1,0,4,2,13,-12.0
2024,RS,9,86,1,P009025   ,1.0,0.0,TTK,8,"BROWN, ANTHONY",26:35,11,2,6,1,5,4,4,0,0,0,1,0,3,0,0,5,3,-1,1.0
2024,RS,9,86,1,P012415   ,0.0,0.0,TTK,9,"TUNCA, MELIH",04:30,0,0,0,0,0,0,0,1,0,1,1,0,1,0,0,1,0,0,2.0
2024,RS,9,86,1,P010465   ,0.0,1.0,TTK,11,"ANGOLA, BRAIAN",24:57,15,3,6,2,7,3,4,1,1,2,1,1,6,0,2,4,6,4,-7.0
2024,RS,9,86,1,P011977   ,0.0,0.0,TTK,12,"OZDOGAN, ARDA",DNP,0,0,0,0,0,0,0,0,0,0,0,0,0,0,0,0,0,0,0.0
2024,RS,9,86,1,P004619   ,0.0,0.0,TTK,13,"AGVA, MAHIR",DNP,0,0,0,0,0,0,0,0,0,0,0,0,0,0,0,0,0,0,0.0
2024,RS,9,86,1,P013300   ,1.0,1.0,TTK,20,"BESS, JAVON",31:25,12,2,3,2,3,2,2,2,2,4,2,2,0,0,0,2,2,18,-36.0
2024,RS,9,86,1,P006598   ,0.0,0.0,TTK,21,"HANLAN, OLIVIER",07:00,2,1,1,0,1,0,0,0,1,1,1,0,0,0,0,0,0,3,-6.0
2024,RS,9,86,1,P010587   ,1.0,1.0,TTK,44,"SMITH, KENNETH",30:04,6,0,1,2,8,0,0,1,0,1,7,2,0,0,0,3,2,8,-13.0
2024,RS,9,86,1,P011935   ,0.0,0.0,TTK,55,"MAKOUNDOU, YOAN",22:06,14,4,5,1,1,3,3,1,7,8,0,0,3,1,0,2,3,20,-6.0
2024,RS,9,86,1,Team,0.0,0.0,TTK,,Team,,0,0,0,0,0,0,0,1,2,3,0,0,0,0,0,0,0,3,
2024,RS,9,86,1,Total,,,TTK,,Total,200:00,77,16,28,9,30,18,19,9,23,32,15,6,16,2,3,28,22,73,
2024,RS,9,86,0,P011970   ,1.0,1.0,JER,1,"HARPER, JARED",29:41,35,8,12,2,6,13,13,0,4,4,3,0,2,0,0,3,9,38,16.0
2024,RS,9,86,0,P008912   ,1.0,1.0,JER,3,"CARRINGTON, KHADEEN",27:47,19,5,9,1,4,6,6,0,0,0,3,3,2,0,1,1,6,20,6.0
2024,RS,9,86,0,P013277   ,1.0,1.0,JER,4,"JOHNSON, CHRIS",21:13,4,2,2,0,1,0,0,2,5,7,0,1,0,0,0,3,2,10,22.0
2024,RS,9,86,0,P013279   ,1.0,0.0,JER,7,"CHACHASHVILI, GABRIEL",26:54,15,6,10,0,0,3,4,7,4,11,0,0,1,0,0,0,2,22,5.0
2024,RS,9,86,0,P009879   ,0.0,0.0,JER,8,"DOVRAT, NOAM",11:57,0,0,1,0,2,0,0,0,1,1,1,0,1,0,1,1,0,-4,9.0
2024,RS,9,86,0,P013280   ,0.0,0.0,JER,18,"HASSON, YARIN",DNP,0,0,0,0,0,0,0,0,0,0,0,0,0,0,0,0,0,0,0.0
2024,RS,9,86,0,P010431   ,0.0,0.0,JER,20,"MORGAN, JEREMY",18:06,8,1,2,2,4,0,0,0,1,1,1,0,1,1,0,3,1,5,-4.0
2024,RS,9,86,0,P009649   ,0.0,0.0,JER,22,"PHILLIP, TARIK",14:09,3,0,2,0,2,3,4,2,2,4,2,1,1,0,0,5,3,2,11.0
2024,RS,9,86,0,P013263   ,0.0,1.0,JER,34,"OGBEIDE, DEREK",13:06,2,1,3,0,0,0,0,1,1,2,0,0,1,1,0,4,0,-2,12.0
2024,RS,9,86,0,P006625   ,1.0,1.0,JER,50,"ZOOSMAN, YOVEL",25:06,7,2,4,0,1,3,5,1,4,5,0,2,1,1,0,3,2,8,11.0
2024,RS,9,86,0,P013281   ,0.0,0.0,JER,80,"CORNELIUS, OR",12:01,1,0,1,0,0,1,4,2,1,3,1,0,0,0,0,0,3,4,-3.0
2024,RS,9,86,0,Team,0.0,0.0,JER,,Team,,0,0,0,0,0,0,0,3,1,4,0,0,0,0,0,0,0,4,
2024,RS,9,86,0,Total,,,JER,,Total,200:00,94,25,46,5,20,29,36,18,24,42,11,7,10,3,2,23,28,107,
2024,RS,9,87,1,P009898   ,1.0,1.0,LKB,2,"BICKAUSKIS, DOVIS",25:56,16,2,3,3,5,3,4,0,6,6,8,1,5,0,0,0,4,26,-5.0
2024,RS,9,87,1,P010181   ,0.0,0.0,LKB,3,"STENIONIS, DOMINYKAS",DNP,0,0,0,0,0,0,0,0,0,0,0,0,0,0,0,0,0,0,0.0
2024,RS,9,87,1,PLXI      ,0.0,0.0,LKB,10,"LIPKEVICIUS, VYTENIS",20:21,5,1,3,1,2,0,0,0,1,1,0,2,2,0,0,1,2,4,-19.0
2024,RS,9,87,1,P010461   ,1.0,0.0,LKB,12,"MALDUNAS, GABRIELIUS",27:27,2,1,5,0,0,0,0,1,3,4,3,2,1,0,0,3,0,3,-1.0
2024,RS,9,87,1,P005521   ,1.0,0.0,LKB,13,"VARNAS, MARTYNAS",23:50,16,3,5,3,9,1,2,1,1,2,1,2,1,0,0,5,2,8,11.0
2024,RS,9,87,1,P005656   ,1.0,1.0,LKB,15,"PECARSKI, MARKO",35:01,13,5,8,0,2,3,3,4,0,4,1,0,0,1,0,3,3,14,4.0
2024,RS,9,87,1,P006586   ,0.0,1.0,LKB,16,"KALAITZAKIS, GEORGIOS",26:15,14,4,10,0,3,6,10,0,2,2,3,1,1,0,0,2,6,10,-25.0
2024,RS,9,87,1,P009299   ,1.0,0.0,LKB,17,"RUBSTAVICIUS, MANTAS",18:45,9,0,2,3,4,0,0,0,3,3,1,0,2,0,0,5,2,5,18.0
2024,RS,9,87,1,P006212   ,0.0,0.0,LKB,18,"VASILIAUSKAS, GRANTAS",05:15,5,2,2,0,1,1,1,0,1,1,1,0,0,0,0,1,1,6,0.0
2024,RS,9,87,1,P013246   ,0.0,0.0,LKB,25,"BRIGGS, JUSTIN",08:46,2,1,2,0,0,0,0,0,1,1,0,1,0,1,1,2,1,2,-4.0
2024,RS,9,87,1,P006860   ,0.0,1.0,LKB,35,"LAVRINOVICIUS, DANIELIUS",09:27,2,0,0,0,0,2,2,3,0,3,1,0,1,0,0,4,2,3,-7.0
2024,RS,9,87,1,P013247   ,0.0,1.0,LKB,50,"KOVLIAR, OLEKSANDR",23:57,9,2,4,1,5,2,2,2,3,5,3,1,0,0,0,3,2,11,-7.0
2024,RS,9,87,1,Team,0.0,0.0,LKB,,Team,,0,0,0,0,0,0,0,3,3,6,0,0,1,0,0,0,0,5,
2024,RS,9,87,1,Total,,,LKB,,Total,225:00,93,21,44,11,31,18,24,14,24,38,22,10,14,2,1,29,25,97,
2024,RS,9,87,0,P003759   ,0.0,0.0,VNC,0,"TESSITORI, AMEDEO",13:17,13,4,5,0,0,5,7,2,1,3,0,2,2,1,0,3,4,15,7.0
2024,RS,9,87,0,P012800   ,0.0,0.0,VNC,2,"MC GRUDER, RODNEY",DNP,0,0,0,0,0,0,0,0,0,0,0,0,0,0,0,0,0,0,0.0
2024,RS,9,87,0,P006571   ,0.0,0.0,VNC,4,"LEVER, ALESSANDRO",DNP,0,0,0,0,0,0,0,0,0,0,0,0,0,0,0,0,0,0,0.0
2024,RS,9,87,0,P009400   ,0.0,0.0,VNC,7,"CASARIN, DAVIDE",09:59,0,0,0,0,1,0,0,0,0,0,1,0,0,0,0,4,1,-3,2.0
2024,RS,9,87,0,P005404   ,1.0,1.0,VNC,9,"MORETTI, DAVIDE",31:17,8,0,1,2,3,2,2,1,2,3,7,0,2,0,0,2,1,13,0.0
2024,RS,9,87,0,P008858   ,1.0,1.0,VNC,11,"ENNIS, TYLER",39:16,10,5,10,0,1,0,0,1,4,5,5,2,3,0,0,2,4,15,-3.0
2024,RS,9,87,0,P012588   ,0.0,0.0,VNC,14,"JANELIDZE, GIGA",DNP,0,0,0,0,0,0,0,0,0,0,0,0,0,0,0,0,0,0,0.0
2024,RS,9,87,0,P012796   ,1.0,1.0,VNC,21,"KABENGELE, MFIONDU",31:43,21,6,12,1,1,6,7,4,7,11,2,1,1,0,1,4,5,27,0.0
2024,RS,9,87,0,P011909   ,1.0,1.0,VNC,22,"PARKS, JORDAN",20:51,13,4,5,0,3,5,5,0,3,3,2,1,1,0,1,4,3,12,19.0
2024,RS,9,87,0,P013305   ,0.0,0.0,VNC,24,"WHEATLE, CARL",33:37,8,0,2,2,5,2,2,0,0,0,2,2,0,0,0,2,2,7,3.0
2024,RS,9,87,0,P011928   ,0.0,1.0,VNC,25,"SIMMS, AAMIR",23:20,5,1,4,1,2,0,2,3,5,8,5,1,1,0,0,2,2,12,10.0
2024,RS,9,87,0,P008052   ,1.0,0.0,VNC,33,"WILTJER, KYLE",21:40,22,7,8,0,4,8,9,1,5,6,0,1,4,0,0,2,7,24,-3.0
2024,RS,9,87,0,Team,0.0,0.0,VNC,,Team,,0,0,0,0,0,0,0,1,1,2,0,0,0,0,0,0,0,2,
2024,RS,9,87,0,Total,,,VNC,,Total,225:00,100,27,47,6,20,28,34,13,28,41,24,10,14,1,2,25,29,124,
2024,RS,9,88,1,P011797   ,1.0,1.0,CLU,0,"GUZMAN, KAREL",23:57,8,2,4,0,4,4,4,3,3,6,5,2,1,1,0,3,3,15,7.0
2024,RS,9,88,1,P013301   ,0.0,0.0,CLU,2,"SOMACESCU, TUDOR",DNP,0,0,0,0,0,0,0,0,0,0,0,0,0,0,0,0,0,0,0.0
2024,RS,9,88,1,P013302   ,1.0,1.0,CLU,3,"SIMPSON, ZAVIER",28:48,14,1,5,2,7,6,6,1,1,2,10,0,5,0,1,4,5,12,7.0
2024,RS,9,88,1,P005714   ,1.0,0.0,CLU,5,"MEJERIS, MAREKS",17:30,3,1,4,0,0,1,1,1,3,4,0,1,2,0,0,1,1,3,4.0
2024,RS,9,88,1,P013303   ,0.0,0.0,CLU,6,"MIRON, DARIUS",DNP,0,0,0,0,0,0,0,0,0,0,0,0,0,0,0,0,0,0,0.0
2024,RS,9,88,1,P002820   ,0.0,0.0,CLU,9,"SALIN, SASU",19:51,3,0,1,1,3,0,0,1,1,2,0,1,1,0,1,1,1,1,-1.0
2024,RS,9,88,1,P013304   ,1.0,1.0,CLU,10,"HANKINS, ZACH",20:17,14,6,10,0,0,2,4,3,6,9,2,0,1,0,2,2,3,17,11.0
2024,RS,9,88,1,P004862   ,1.0,1.0,CLU,11,"SEELEY, DENNIS",22:39,6,1,1,0,3,4,4,1,2,3,1,0,1,0,0,2,3,7,5.0
2024,RS,9,88,1,P002012   ,0.0,1.0,CLU,17,"ORELIK, GEDIMINAS",21:01,4,0,0,1,6,1,2,1,2,3,1,0,0,0,0,1,3,4,7.0
2024,RS,9,88,1,P006618   ,0.0,0.0,CLU,23,"STEPHENS, DE'SHAWN",18:42,11,5,7,0,0,1,2,3,8,11,0,1,1,0,1,0,3,21,-1.0
2024,RS,9,88,1,P012620   ,0.0,0.0,CLU,25,"MACIUCA, MIHAI",03:24,0,0,0,0,0,0,0,0,0,0,0,0,0,0,0,0,0,0,-2.0
2024,RS,9,88,1,P012698   ,0.0,0.0,CLU,95,"MOKOKA, ADAM",23:51,24,5,6,3,7,5,5,0,3,3,2,2,2,0,0,3,5,26,3.0
2024,RS,9,88,1,Team,0.0,0.0,CLU,,Team,,0,0,0,0,0,0,0,0,2,2,0,0,1,0,0,0,0,1,
2024,RS,9,88,1,Total,,,CLU,,Total,200:00,87,21,38,7,30,24,28,14,31,45,21,7,15,1,5,17,27,107,
2024,RS,9,88,0,P013500   ,0.0,0.0,ARI,0,"COOPER, SHARIFE",22:42,15,6,8,1,4,0,0,0,2,2,3,0,4,0,0,1,1,11,-10.0
2024,RS,9,88,0,P013248   ,1.0,0.0,ARI,1,"BANKS, JAMES",20:57,2,1,4,0,0,0,0,2,2,4,0,0,1,4,0,5,1,2,-6.0
2024,RS,9,88,0,P013249   ,1.0,0.0,ARI,2,"NOLLEY, LANDERS",29:32,22,10,14,0,6,2,2,2,3,5,4,4,1,0,1,1,3,25,-1.0
2024,RS,9,88,0,P004292   ,1.0,0.0,ARI,4,"TOLIOPOULOS, VASSILIS",28:33,19,1,5,3,11,8,8,1,3,4,2,2,4,0,0,4,6,13,-1.0
2024,RS,9,88,0,P012638   ,0.0,1.0,ARI,7,"KAZAMIAS, VASILLIS",01:36,3,1,1,0,0,1,1,0,0,0,0,0,0,0,0,1,1,3,3.0
2024,RS,9,88,0,P013355   ,0.0,0.0,ARI,10,"CHATZIDAKIS, EMMANOUIL",14:13,2,1,2,0,0,0,0,0,1,1,1,1,0,0,0,1,0,3,-8.0
2024,RS,9,88,0,P013393   ,1.0,0.0,ARI,11,"LASZEWSKI, NATHAN JAMES",15:46,7,2,3,1,1,0,3,0,4,4,0,0,0,0,0,5,3,5,-5.0
2024,RS,9,88,0,P013356   ,1.0,1.0,ARI,12,"GKIOUZELIS, GEORGIOS",17:11,0,0,0,0,0,0,0,2,2,4,0,1,1,0,0,1,1,4,-17.0
2024,RS,9,88,0,P010397   ,0.0,1.0,ARI,21,"WILLIS, DARRAL",15:59,2,1,8,0,0,0,0,1,6,7,1,0,0,0,0,2,0,1,4.0
2024,RS,9,88,0,P013252   ,0.0,1.0,ARI,23,"ROBERTS, JOSHUA",09:46,4,1,3,0,0,2,2,3,1,4,2,0,0,1,0,2,1,8,0.0
2024,RS,9,88,0,P013253   ,0.0,1.0,ARI,55,"HODGE, D MOI",23:45,3,0,1,1,5,0,0,1,1,2,3,2,2,0,0,4,0,-1,1.0
2024,RS,9,88,0,Team,0.0,0.0,ARI,,Team,,0,0,0,0,0,0,0,6,1,7,0,0,1,0,0,0,0,6,
2024,RS,9,88,0,Total,,,ARI,,Total,200:00,79,24,49,6,27,13,16,18,26,44,16,10,14,5,1,27,17,80,
2024,RS,9,89,1,P012700   ,1.0,0.0,LJU,0,"STEWART, DJ",23:33,15,7,9,0,1,1,2,4,3,7,2,1,0,0,0,4,2,19,22.0
2024,RS,9,89,1,P012042   ,1.0,0.0,LJU,1,"ROBINSON, DEVIN",22:54,12,6,7,0,2,0,0,2,1,3,2,3,0,0,1,0,2,18,20.0
2024,RS,9,89,1,P013260   ,0.0,0.0,LJU,2,"JONES, DEVANTE",21:59,16,5,7,0,1,6,7,0,5,5,5,4,0,0,2,2,5,27,20.0
2024,RS,9,89,1,P009392   ,0.0,1.0,LJU,3,"RADOVIC, ROK",16:03,0,0,0,0,1,0,0,0,1,1,1,0,0,0,0,1,0,0,7.0
2024,RS,9,89,1,P003703   ,1.0,1.0,LJU,5,"NIKOLIC, ALEKSEJ",17:49,7,1,1,1,7,2,2,1,0,1,3,1,3,0,0,3,4,4,5.0
2024,RS,9,89,1,P011261   ,0.0,0.0,LJU,7,"GLAS, GREGOR",DNP,0,0,0,0,0,0,0,0,0,0,0,0,0,0,0,0,0,0,0.0
2024,RS,9,89,1,P013261   ,0.0,1.0,LJU,9,"LEMAR, BRYNTON",23:50,11,1,1,1,8,6,7,0,1,1,3,1,2,0,0,2,5,9,15.0
2024,RS,9,89,1,P003452   ,1.0,0.0,LJU,11,"BLAZIC, JAKA",16:46,12,4,8,0,1,4,5,0,3,3,2,1,0,0,1,3,3,11,12.0
2024,RS,9,89,1,P012996   ,1.0,1.0,LJU,20,"BERINGER, JOAN",19:41,4,1,4,0,0,2,2,3,3,6,0,0,0,0,0,1,1,7,2.0
2024,RS,9,89,1,P009753   ,0.0,0.0,LJU,23,"GEBEN, MARTINAS",10:04,2,0,1,0,3,2,2,1,2,3,0,1,0,0,0,0,2,4,9.0
2024,RS,9,89,1,P005113   ,0.0,0.0,LJU,31,"STIPANOVIC, ANDRIJA",17:23,14,5,8,0,0,4,6,3,3,6,3,1,1,0,0,4,4,18,24.0
2024,RS,9,89,1,P009431   ,0.0,1.0,LJU,41,"DANEU, ZIGA",09:58,2,1,2,0,0,0,0,0,0,0,0,0,0,0,0,1,0,0,-1.0
2024,RS,9,89,1,Team,0.0,0.0,LJU,,Team,,0,0,0,0,0,0,0,1,1,2,0,0,1,0,0,0,0,1,
2024,RS,9,89,1,Total,,,LJU,,Total,200:00,95,31,48,2,24,27,33,15,23,38,21,13,7,0,4,21,28,118,
2024,RS,9,89,0,P013308   ,1.0,0.0,HAM,1,"IVEY, BRAE",23:32,6,1,3,1,5,1,2,0,3,3,4,1,4,0,0,5,4,2,-4.0
2024,RS,9,89,0,P011256   ,1.0,1.0,HAM,3,"RICH, OSARO",19:31,7,2,3,0,2,3,6,1,2,3,1,0,0,0,0,4,4,5,-18.0
2024,RS,9,89,0,P013309   ,0.0,0.0,HAM,4,"LOTTIE, JAIZEC",DNP,0,0,0,0,0,0,0,0,0,0,0,0,0,0,0,0,0,0,0.0
2024,RS,9,89,0,P010070   ,0.0,1.0,HAM,6,"MOELLER, LEIF",21:43,3,0,0,1,5,0,0,1,3,4,2,0,5,0,0,2,2,0,-22.0
2024,RS,9,89,0,P013310   ,1.0,1.0,HAM,8,"GREY, JARED",22:42,0,0,1,0,1,0,0,0,0,0,0,2,0,0,0,1,2,1,-4.0
2024,RS,9,89,0,P013311   ,0.0,0.0,HAM,11,"KENNEDY, KEONDRE",07:05,2,1,2,0,0,0,0,0,1,1,0,0,1,0,0,2,0,-1,-10.0
2024,RS,9,89,0,P012695   ,0.0,0.0,HAM,14,"REECE, CAMRON",00:24,0,0,0,0,0,0,0,0,0,0,0,0,0,0,0,0,0,0,0.0
2024,RS,9,89,0,P005478   ,1.0,0.0,HAM,17,"WIMBERG, NIKLAS",21:04,12,2,3,2,4,2,2,3,2,5,1,0,1,2,0,3,2,15,-25.0
2024,RS,9,89,0,P013312   ,0.0,1.0,HAM,21,"BARNETT, JORDAN",24:49,23,3,6,5,8,2,2,2,4,6,0,0,1,1,0,3,1,21,-3.0
2024,RS,9,89,0,P013503   ,0.0,0.0,HAM,22,"STOVE, JOHNATHAN",25:27,12,5,6,0,4,2,2,2,5,7,1,1,4,0,0,3,4,13,-23.0
2024,RS,9,89,0,P013313   ,1.0,0.0,HAM,23,"KUATH, KUR",18:41,0,0,0,0,0,0,0,0,1,1,2,0,2,1,0,3,0,-1,-13.0
2024,RS,9,89,0,P006006   ,0.0,1.0,HAM,44,"TURUDIC, BENEDIKT",15:02,3,0,2,0,0,3,4,0,3,3,3,0,3,0,0,2,2,3,-13.0
2024,RS,9,89,0,Team,0.0,0.0,HAM,,Team,,0,0,0,0,0,0,0,1,1,2,0,0,1,0,0,0,0,1,
2024,RS,9,89,0,Total,,,HAM,,Total,200:00,68,14,26,9,29,13,18,10,25,35,14,4,22,4,0,28,21,59,
2024,RS,9,90,1,P004525   ,1.0,1.0,BOU,3,"SALASH, MAKSIM",24:10,13,4,8,1,2,2,2,3,1,4,0,1,1,0,0,3,4,13,-2.0
2024,RS,9,90,1,P013264   ,0.0,0.0,BOU,4,"NELSON, ADRIAN",15:50,5,1,2,0,1,3,4,1,0,1,0,1,0,0,0,0,2,6,-9.0
2024,RS,9,90,1,P010449   ,0.0,1.0,BOU,5,"BENITEZ, HUGO",25:30,11,3,7,1,2,2,2,0,3,3,6,2,2,0,0,2,3,16,3.0
2024,RS,9,90,1,P010450   ,0.0,1.0,BOU,7,"COURBY, MAXIME",19:49,10,2,2,2,2,0,0,0,1,1,1,1,1,0,0,3,0,9,0.0
2024,RS,9,90,1,P013265   ,1.0,1.0,BOU,8,"USHER, JORDAN",25:11,19,5,7,2,4,3,3,0,5,5,1,1,0,1,0,4,2,21,-10.0
2024,RS,9,90,1,P012402   ,0.0,0.0,BOU,9,"SIFFERLIN, LEON",DNP,0,0,0,0,0,0,0,0,0,0,0,0,0,0,0,0,0,0,0.0
2024,RS,9,90,1,P006904   ,1.0,0.0,BOU,11,"AYAYI, JOEL",15:08,2,1,3,0,1,0,0,1,0,1,3,0,2,0,0,2,0,-1,-14.0
2024,RS,9,90,1,P013266   ,1.0,1.0,BOU,13,"CASTANEDA, XAVIER",31:17,17,1,2,2,10,9,13,0,1,1,3,1,3,0,0,2,8,12,-13.0
2024,RS,9,90,1,P011550   ,0.0,0.0,BOU,16,"JACQUES, WILSON",DNP,0,0,0,0,0,0,0,0,0,0,0,0,0,0,0,0,0,0,0.0
2024,RS,9,90,1,P009552   ,0.0,0.0,BOU,27,"PANSA, JEAN-MARC",17:09,8,4,8,0,0,0,0,6,1,7,2,1,1,0,1,2,0,10,0.0
2024,RS,9,90,1,P004945   ,0.0,0.0,BOU,33,"PAUL, BRANDON",08:17,3,0,1,0,2,3,4,0,1,1,0,0,0,0,0,4,4,0,2.0
2024,RS,9,90,1,P011837   ,1.0,0.0,BOU,34,"KOKILA, KEVIN",17:39,8,4,5,0,0,0,0,2,0,2,0,0,0,0,0,1,2,10,-12.0
2024,RS,9,90,1,Team,0.0,0.0,BOU,,Team,,0,0,0,0,0,0,0,1,4,5,0,0,0,0,0,0,0,5,
2024,RS,9,90,1,Total,,,BOU,,Total,200:00,96,25,45,8,24,22,28,14,17,31,16,8,10,1,1,23,25,101,
2024,RS,9,90,0,P007527   ,0.0,0.0,PAM,0,"BADIO, BRANCOU",18:03,12,2,3,2,4,2,2,1,0,1,4,0,2,0,0,2,2,12,6.0
2024,RS,9,90,0,P006643   ,0.0,0.0,PAM,2,"PUERTO, JOSEP",23:28,4,0,0,1,3,1,2,3,2,5,2,2,1,0,0,1,1,9,-1.0
2024,RS,9,90,0,P010393   ,0.0,0.0,PAM,4,"PRADILLA, JAIME",23:40,11,4,5,1,2,0,0,3,2,5,1,1,1,0,0,4,1,12,8.0
2024,RS,9,90,0,P010750   ,0.0,1.0,PAM,5,"DE LARREA, SERGIO",13:54,4,1,1,0,2,2,4,0,1,1,3,2,1,0,0,2,4,7,-5.0
2024,RS,9,90,0,P010568   ,1.0,1.0,PAM,7,"JONES, CHRIS",25:09,8,1,3,2,5,0,0,0,4,4,7,1,3,0,0,1,4,15,14.0
2024,RS,9,90,0,P010042   ,1.0,1.0,PAM,8,"MONTERO, JEAN",23:14,19,3,4,3,8,4,7,1,3,4,9,2,1,0,0,3,7,28,10.0
2024,RS,9,90,0,P011369   ,0.0,0.0,PAM,10,"CAROT, JORGE",DNP,0,0,0,0,0,0,0,0,0,0,0,0,0,0,0,0,0,0,0.0
2024,RS,9,90,0,P010754   ,0.0,0.0,PAM,23,"MARI, LUCAS",00:04,0,0,0,0,0,0,0,0,0,0,0,0,0,0,0,0,0,0,-3.0
2024,RS,9,90,0,P010444   ,1.0,1.0,PAM,24,"COSTELLO, MATTHEW",25:46,23,4,6,5,9,0,0,1,3,4,0,0,3,0,0,4,0,14,16.0
2024,RS,9,90,0,P012075   ,0.0,0.0,PAM,35,"BRIMAH, AMIDA",14:14,10,5,7,0,0,0,0,4,0,4,0,0,0,1,0,4,1,10,-5.0
2024,RS,9,90,0,P011982   ,1.0,1.0,PAM,37,"OJELEYE, SEMI",18:05,11,0,2,2,4,5,6,5,5,10,1,0,3,0,1,2,3,14,13.0
2024,RS,9,90,0,P011980   ,1.0,0.0,PAM,77,"SESTINA, NATHAN",14:23,5,1,2,1,4,0,0,0,3,3,2,0,0,0,0,4,0,2,2.0
2024,RS,9,90,0,Team,0.0,0.0,PAM,,Team,,0,0,0,0,0,0,0,2,4,6,0,0,0,0,0,0,0,6,
2024,RS,9,90,0,Total,,,PAM,,Total,200:00,107,21,33,17,41,14,21,20,27,47,29,8,15,1,1,27,23,129,
2024,RS,10,91,1,P006245   ,1.0,1.0,ULM,0,"WEIDEMANN, NELSON",19:46,13,2,2,3,5,0,0,0,1,1,3,1,0,0,0,3,2,15,23.0
2024,RS,10,91,1,P013289   ,0.0,0.0,ULM,3,"SANTOS, MARCIO",14:39,4,0,0,0,2,4,4,2,1,3,1,1,4,1,0,4,5,5,14.0
2024,RS,10,91,1,P010726   ,0.0,0.0,ULM,7,"JENSEN, TOBIAS",07:32,5,1,1,1,1,0,0,0,1,1,1,0,0,0,0,2,0,5,-10.0
2024,RS,10,91,1,P012077   ,0.0,0.0,ULM,9,"PLUMMER, ALFONSO",11:15,0,0,1,0,1,0,0,1,0,1,1,2,2,0,0,2,0,-2,0.0
2024,RS,10,91,1,P013290   ,1.0,1.0,ULM,10,"JESSUP, JUSTINIAN",34:12,7,1,3,1,4,2,2,1,6,7,3,0,1,1,1,1,1,11,20.0
2024,RS,10,91,1,P011391   ,1.0,0.0,ULM,12,"ESSENGUE, NOA",21:50,14,4,5,0,2,6,9,5,2,7,3,0,0,0,0,2,4,20,13.0
2024,RS,10,91,1,P007952   ,0.0,0.0,ULM,13,"BRETZEL, NICOLAS",03:11,0,0,1,0,0,0,0,0,1,1,0,0,0,0,0,0,2,2,-2.0
2024,RS,10,91,1,P006997   ,0.0,1.0,ULM,14,"HERKENHOFF, PHILIPP",11:25,7,1,1,1,3,2,2,0,1,1,0,0,2,0,0,2,1,3,-2.0
2024,RS,10,91,1,P013291   ,1.0,0.0,ULM,15,"ROBY, ISAIAH",16:43,2,1,2,0,3,0,0,1,2,3,1,0,1,1,0,2,1,1,3.0
2024,RS,10,91,1,P010582   ,0.0,0.0,ULM,22,"KLEPEISZ, THOMAS",04:59,0,0,0,0,1,0,0,0,0,0,0,0,1,0,0,1,0,-3,-4.0
2024,RS,10,91,1,P005422   ,1.0,1.0,ULM,35,"JALLOW, KARIM",29:45,16,3,6,1,3,7,9,2,2,4,2,2,3,0,1,1,5,17,13.0
2024,RS,10,91,1,P011437   ,0.0,1.0,ULM,77,"SARAF, BEN",24:43,15,7,17,0,1,1,2,3,1,4,3,2,0,0,0,1,1,12,2.0
2024,RS,10,91,1,Team,0.0,0.0,ULM,,Team,,0,0,0,0,0,0,0,6,0,6,0,0,3,0,0,0,0,3,
2024,RS,10,91,1,Total,,,ULM,,Total,200:00,83,20,39,7,26,22,28,21,18,39,18,8,17,3,2,21,22,89,
2024,RS,10,91,0,P013292   ,0.0,0.0,TSO,0,"JANKOWSKI, BARTOSZ",DNP,0,0,0,0,0,0,0,0,0,0,0,0,0,0,0,0,0,0,0.0
2024,RS,10,91,0,P012019   ,1.0,1.0,TSO,3,"BEST, AARON",34:47,10,2,3,0,4,6,6,0,2,2,2,0,3,0,0,1,4,9,-14.0
2024,RS,10,91,0,P013504   ,1.0,1.0,TSO,4,"ALLEYNE, NAHIEM",28:18,2,1,3,0,2,0,0,0,1,1,2,0,2,0,0,1,1,-1,-3.0
2024,RS,10,91,0,P008790   ,0.0,0.0,TSO,12,"WITLINSKI, MIKOLAJ",09:23,1,0,1,0,0,1,2,1,0,1,0,0,0,0,0,2,1,-1,-3.0
2024,RS,10,91,0,P007426   ,0.0,1.0,TSO,13,"JOHNSON, NICK",25:25,7,1,1,1,5,2,2,1,3,4,0,1,7,0,0,4,3,0,-9.0
2024,RS,10,91,0,P013295   ,1.0,0.0,TSO,15,"ZYSKOWSKI, JAROSLAW",08:50,0,0,0,0,1,0,0,0,0,0,0,0,1,0,0,3,0,-5,-9.0
2024,RS,10,91,0,P013296   ,1.0,0.0,TSO,32,"GROSELLE, GEOFFREY",21:47,11,5,9,0,0,1,2,4,5,9,1,0,1,1,2,2,2,14,-3.0
2024,RS,10,91,0,P013297   ,0.0,1.0,TSO,50,"WEATHERS, MARCUS",27:29,16,5,6,1,1,3,5,2,2,4,0,0,1,1,0,1,4,20,-8.0
2024,RS,10,91,0,P013298   ,1.0,0.0,TSO,55,"SCHENK, JAKUB",23:49,14,3,5,0,1,8,9,1,1,2,4,1,4,0,0,4,6,15,-8.0
2024,RS,10,91,0,P003885   ,0.0,1.0,TSO,81,"VAN VLIET, ANDY",20:12,8,1,2,2,7,0,0,2,2,4,1,2,1,0,1,4,0,3,-13.0
2024,RS,10,91,0,Team,0.0,0.0,TSO,,Team,,0,0,0,0,0,0,0,2,1,3,0,0,1,0,0,0,0,2,
2024,RS,10,91,0,Total,,,TSO,,Total,200:00,69,18,30,4,21,21,26,13,17,30,10,4,21,2,3,22,21,56,
2024,RS,10,92,1,P005181   ,0.0,1.0,HTA,1,"RAGLAND, JOE",20:35,8,2,5,1,2,1,2,0,3,3,6,2,0,0,1,0,3,16,12.0
2024,RS,10,92,1,P013402   ,0.0,0.0,HTA,2,"BLAKENEY, ANTONIO",21:09,20,7,9,2,5,0,0,0,2,2,0,1,4,1,1,2,4,16,12.0
2024,RS,10,92,1,P013506   ,0.0,0.0,HTA,4,"BINGHAM, MARCUS",16:00,11,5,7,0,1,1,2,0,3,3,1,2,1,1,0,5,2,10,6.0
2024,RS,10,92,1,P013283   ,0.0,1.0,HTA,9,"PALATIN, GUY",05:27,0,0,0,0,0,0,0,1,0,1,0,0,0,0,0,0,0,1,-4.0
2024,RS,10,92,1,P004846   ,0.0,1.0,HTA,10,"TIMOR, BAR",21:04,2,1,1,0,1,0,0,0,1,1,5,1,0,0,0,2,0,6,16.0
2024,RS,10,92,1,P009877   ,0.0,1.0,HTA,14,"BLAYZER, OZ",09:26,0,0,3,0,1,0,0,2,2,4,0,0,1,0,0,0,0,-1,3.0
2024,RS,10,92,1,P010386   ,1.0,0.0,HTA,17,"FOSTER, MARCUS",13:32,7,2,3,1,1,0,0,0,1,1,3,0,0,0,0,3,1,8,17.0
2024,RS,10,92,1,P001927   ,1.0,0.0,HTA,22,"BEVERLEY, PATRICK",18:56,15,3,3,3,4,0,0,0,3,3,6,0,1,0,0,1,2,23,9.0
2024,RS,10,92,1,P013284   ,1.0,0.0,HTA,24,"WAINRIGHT, ISHMAIL CARZELL",16:38,6,1,2,1,1,1,1,1,3,4,1,1,0,0,0,3,2,10,7.0
2024,RS,10,92,1,P011052   ,1.0,0.0,HTA,26,"MADAR, YAM",19:17,9,2,3,1,1,2,2,0,1,1,4,2,3,0,0,2,2,12,13.0
2024,RS,10,92,1,P010550   ,0.0,1.0,HTA,41,"GINAT, TOMER",27:55,9,4,5,0,4,1,1,0,4,4,0,1,0,0,1,2,4,10,14.0
2024,RS,10,92,1,P012096   ,1.0,0.0,HTA,51,"CABOCLO, BRUNO",10:01,8,4,5,0,1,0,0,2,0,2,1,1,0,0,0,5,0,5,20.0
2024,RS,10,92,1,Team,0.0,0.0,HTA,,Team,,0,0,0,0,0,0,0,2,2,4,0,0,1,0,0,0,0,3,
2024,RS,10,92,1,Total,,,HTA,,Total,200:00,95,31,46,9,22,6,8,8,25,33,27,11,11,2,3,25,20,119,
2024,RS,10,92,0,P010161   ,1.0,1.0,JOV,1,"KRAAG, YANNICK",26:03,3,0,0,1,2,0,0,0,0,0,1,0,1,0,0,1,1,2,-9.0
2024,RS,10,92,0,P013285   ,1.0,0.0,JOV,2,"DOTSON, DEVON DURRELL",25:24,14,5,9,0,1,4,5,1,0,1,3,0,2,0,0,4,5,11,-8.0
2024,RS,10,92,0,P006771   ,0.0,0.0,JOV,3,"BUSQUETS, PEP",11:18,0,0,1,0,0,0,0,1,1,2,1,0,1,0,0,5,0,-4,-6.0
2024,RS,10,92,0,PJUG      ,0.0,1.0,JOV,4,"RIBAS, PAU",09:49,0,0,1,0,4,0,0,0,1,1,0,0,0,0,0,0,0,-4,-11.0
2024,RS,10,92,0,P013286   ,0.0,1.0,JOV,6,"VAN DER VUURST, KEYE",07:57,5,1,1,1,3,0,0,1,2,3,0,0,2,0,0,2,0,2,-8.0
2024,RS,10,92,0,P004834   ,0.0,1.0,JOV,13,"PUSTOVYI, ARTEM",26:00,12,3,7,0,0,6,6,2,3,5,1,1,1,2,0,1,3,18,-8.0
2024,RS,10,92,0,P002361   ,0.0,1.0,JOV,16,"VIVES, GUILLEM",14:58,0,0,0,0,2,0,0,0,2,2,2,0,3,1,0,1,0,-1,-8.0
2024,RS,10,92,0,P009672   ,1.0,0.0,JOV,17,"DEKKER, SAM",26:49,5,1,3,0,4,3,4,0,1,1,0,2,0,0,0,1,2,2,-18.0
2024,RS,10,92,0,P012740   ,1.0,0.0,JOV,30,"ROBERTSON, KASSIUS",25:34,21,3,6,3,6,6,6,0,3,3,1,0,3,0,2,3,5,16,-18.0
2024,RS,10,92,0,P002507   ,1.0,0.0,JOV,44,"TOMIC, ANTE",20:10,10,4,8,0,0,2,3,3,2,5,1,0,3,0,0,1,9,16,-28.0
2024,RS,10,92,0,P005099   ,0.0,0.0,JOV,88,"HANGA, ADAM",05:58,0,0,0,0,0,0,0,0,0,0,0,1,1,0,0,1,0,-1,-3.0
2024,RS,10,92,0,Team,0.0,0.0,JOV,,Team,,0,0,0,0,0,0,0,3,4,7,0,0,0,0,0,0,0,7,
2024,RS,10,92,0,Total,,,JOV,,Total,200:00,70,17,36,5,22,21,24,11,19,30,10,4,17,3,2,20,25,64,
2024,RS,10,93,1,P011192   ,1.0,1.0,BAH,0,"SMITH, JALEEN",27:48,13,1,1,3,8,2,2,0,1,1,4,1,1,0,0,2,2,13,20.0
2024,RS,10,93,1,P011201   ,0.0,0.0,BAH,2,"HAZER, SEHMUS",16:34,4,0,1,0,2,4,5,0,0,0,3,0,1,0,0,3,2,1,-3.0
2024,RS,10,93,1,P011821   ,1.0,1.0,BAH,5,"MASSINBURG, CJ",25:54,13,3,5,2,4,1,2,1,0,1,4,0,0,0,0,2,3,14,13.0
2024,RS,10,93,1,P012405   ,0.0,0.0,BAH,7,"HALTALI, FURKAN",14:27,3,1,4,0,0,1,2,3,2,5,0,0,0,0,2,3,1,0,6.0
2024,RS,10,93,1,P008282   ,0.0,0.0,BAH,10,"ILYASOGLU, OMERCAN",DNP,0,0,0,0,0,0,0,0,0,0,0,0,0,0,0,0,0,0,0.0
2024,RS,10,93,1,P005348   ,0.0,0.0,BAH,18,"ARNA, EGEHAN",DNP,0,0,0,0,0,0,0,0,0,0,0,0,0,0,0,0,0,0,0.0
2024,RS,10,93,1,P012711   ,0.0,0.0,BAH,19,"SIMONOVIC, MARKO",11:57,4,2,3,0,0,0,0,1,3,4,0,0,1,0,0,4,0,2,3.0
2024,RS,10,93,1,P004172   ,0.0,1.0,BAH,20,"PONITKA, MATEUSZ",15:19,9,2,4,1,2,2,4,0,5,5,2,0,0,0,0,4,6,13,-1.0
2024,RS,10,93,1,P011823   ,1.0,0.0,BAH,21,"ODIASE, TAI",22:55,6,3,6,0,0,0,0,1,2,3,1,0,1,0,0,3,2,5,3.0
2024,RS,10,93,1,P009601   ,1.0,1.0,BAH,34,"CAVANAUGH, TYLER",29:10,13,4,8,1,5,2,4,6,5,11,1,0,0,0,1,2,3,15,4.0
2024,RS,10,93,1,P008278   ,0.0,0.0,BAH,57,"BAS, GOKTUG",DNP,0,0,0,0,0,0,0,0,0,0,0,0,0,0,0,0,0,0,0.0
2024,RS,10,93,1,P003840   ,1.0,1.0,BAH,83,"BOUTEILLE, AXEL",35:56,19,6,8,2,5,1,1,1,5,6,2,2,2,0,0,2,4,24,5.0
2024,RS,10,93,1,Team,0.0,0.0,BAH,,Team,,0,0,0,0,0,0,0,2,1,3,0,0,1,0,0,0,0,2,
2024,RS,10,93,1,Total,,,BAH,,Total,200:00,84,22,40,9,26,13,20,15,24,39,17,3,7,0,3,25,23,89,
2024,RS,10,93,0,P012003   ,1.0,1.0,WOL,1,"COWAN JR, ANTHONY",31:44,23,1,3,4,5,9,10,1,1,2,4,0,2,0,0,2,6,27,1.0
2024,RS,10,93,0,P012789   ,0.0,1.0,WOL,4,"BROOKS, GARRISON",17:56,2,1,3,0,0,0,0,0,2,2,1,0,3,1,0,4,0,-3,-14.0
2024,RS,10,93,0,P003212   ,0.0,0.0,WOL,8,"KARINIAUSKAS, VAIDAS",04:03,0,0,0,0,1,0,0,0,0,0,0,0,0,0,0,0,0,-1,-5.0
2024,RS,10,93,0,P009306   ,0.0,0.0,WOL,9,"BASLYK, DANIEL",DNP,0,0,0,0,0,0,0,0,0,0,0,0,0,0,0,0,0,0,0.0
2024,RS,10,93,0,P004645   ,1.0,0.0,WOL,10,"MINIOTAS, REGIMANTAS",17:08,4,2,3,0,1,0,0,2,2,4,0,0,1,0,0,3,0,2,0.0
2024,RS,10,93,0,P006897   ,0.0,0.0,WOL,11,"MARCINKEVICIUS, JUSTINAS",DNP,0,0,0,0,0,0,0,0,0,0,0,0,0,0,0,0,0,0,0.0
2024,RS,10,93,0,P011248   ,0.0,1.0,WOL,12,"ANDREWS, ANDREW",28:33,18,2,4,2,3,8,8,1,3,4,2,1,2,0,0,4,6,22,-11.0
2024,RS,10,93,0,P005516   ,1.0,1.0,WOL,13,"ZEMAITIS, KRISTUPAS",29:19,4,2,5,0,2,0,0,0,1,1,1,0,0,0,0,1,2,2,-10.0
2024,RS,10,93,0,P012577   ,1.0,1.0,WOL,15,"THURMAN, TRE'SHAWN",25:48,11,3,3,0,3,5,7,1,3,4,2,0,1,1,0,4,5,13,5.0
2024,RS,10,93,0,P008186   ,1.0,0.0,WOL,22,"BLAZEVIC, MAREK",21:02,10,4,6,0,0,2,7,0,2,2,2,2,1,0,0,4,5,9,2.0
2024,RS,10,93,0,P006853   ,0.0,0.0,WOL,23,"JOGELA, MATAS",12:16,2,1,1,0,2,0,0,0,1,1,0,0,0,1,0,1,1,2,-6.0
2024,RS,10,93,0,P006180   ,0.0,0.0,WOL,98,"KULBOKA, ARNOLDAS",12:11,0,0,1,0,3,0,0,0,1,1,0,0,0,0,0,0,0,-3,-12.0
2024,RS,10,93,0,Team,0.0,0.0,WOL,,Team,,0,0,0,0,0,0,0,2,6,8,0,0,0,0,0,0,0,8,
2024,RS,10,93,0,Total,,,WOL,,Total,200:00,74,16,29,6,20,24,32,7,22,29,12,3,10,3,0,23,25,78,
2024,RS,10,94,1,P013256   ,0.0,1.0,BUD,0,"MORGAN, JUWAN",29:19,13,5,5,1,1,0,1,2,4,6,0,0,1,0,0,2,2,17,6.0
2024,RS,10,94,1,P011150   ,1.0,1.0,BUD,1,"SULAIMON, RASHEED",26:05,8,2,2,1,4,1,1,0,3,3,6,1,3,0,0,2,4,14,1.0
2024,RS,10,94,1,P006561   ,0.0,0.0,BUD,2,"ILIC, ALEKSA",DNP,0,0,0,0,0,0,0,0,0,0,0,0,0,0,0,0,0,0,0.0
2024,RS,10,94,1,P012630   ,0.0,1.0,BUD,3,"MAGEE, FLETCHER",17:31,6,0,1,2,3,0,0,1,1,2,0,0,3,0,0,2,1,2,-1.0
2024,RS,10,94,1,P006566   ,1.0,0.0,BUD,7,"SLAVKOVIC, ANDRIJA",14:10,3,0,0,1,1,0,2,0,1,1,0,2,0,0,0,2,1,3,-9.0
2024,RS,10,94,1,P005637   ,1.0,0.0,BUD,10,"TANASKOVIC, NIKOLA",10:47,0,0,0,0,1,0,2,0,2,2,0,0,2,0,0,1,1,-3,-10.0
2024,RS,10,94,1,P011281   ,0.0,1.0,BUD,11,"FERRELL, YOGI",20:21,6,1,2,0,1,4,4,1,2,3,2,1,0,0,0,1,2,11,1.0
2024,RS,10,94,1,P010307   ,0.0,0.0,BUD,13,"JOVANOVIC, DORDIJE",DNP,0,0,0,0,0,0,0,0,0,0,0,0,0,0,0,0,0,0,0.0
2024,RS,10,94,1,P013258   ,0.0,0.0,BUD,23,"DREZNJAK, MATEO",22:14,17,4,5,1,3,6,7,1,1,2,3,1,0,0,0,3,4,20,5.0
2024,RS,10,94,1,P004222   ,0.0,0.0,BUD,24,"OMIC, ALEN",10:48,7,1,2,0,0,5,6,1,3,4,0,0,2,1,0,0,4,12,-4.0
2024,RS,10,94,1,P012606   ,1.0,1.0,BUD,25,"WRIGHT IV, MCKINLEY",19:52,7,2,4,1,5,0,1,0,4,4,4,0,1,0,0,2,1,6,-4.0
2024,RS,10,94,1,P008325   ,1.0,0.0,BUD,34,"KAMENJAS, KENAN",28:53,21,7,12,0,0,7,8,1,2,3,3,0,4,0,0,5,6,18,5.0
2024,RS,10,94,1,Team,0.0,0.0,BUD,,Team,,0,0,0,0,0,0,0,2,1,3,0,0,1,0,0,0,0,2,
2024,RS,10,94,1,Total,,,BUD,,Total,200:00,88,22,33,7,19,23,32,9,24,33,18,5,17,1,0,20,26,102,
2024,RS,10,94,0,P011924   ,1.0,1.0,BES,0,"ALLMAN, KYLE",24:06,11,3,3,1,3,2,2,0,2,2,3,0,5,0,0,2,3,10,-8.0
2024,RS,10,94,0,P011936   ,0.0,1.0,BES,2,"MATHEWS, JONAH",30:08,20,6,6,1,6,5,7,0,5,5,5,1,2,0,0,2,6,26,11.0
2024,RS,10,94,0,P008945   ,1.0,1.0,BES,5,"NEEDHAM, DEREK",33:12,10,2,5,2,5,0,0,3,3,6,0,0,2,0,0,2,3,9,-2.0
2024,RS,10,94,0,P003783   ,0.0,1.0,BES,6,"UGURLU, BERK",17:05,7,1,3,1,2,2,2,0,1,1,1,1,1,0,0,3,1,4,8.0
2024,RS,10,94,0,P007914   ,0.0,0.0,BES,7,"ARSLAN, YIGIT",10:10,0,0,0,0,0,0,0,1,0,1,0,0,0,0,0,1,1,1,-3.0
2024,RS,10,94,0,P009680   ,0.0,0.0,BES,9,"MORGAN, CONOR",10:45,4,2,3,0,4,0,0,2,0,2,0,0,0,0,0,4,0,-3,-11.0
2024,RS,10,94,0,P012233   ,0.0,0.0,BES,10,"AKSU, YAGIZ",DNP,0,0,0,0,0,0,0,0,0,0,0,0,0,0,0,0,0,0,0.0
2024,RS,10,94,0,P011927   ,1.0,0.0,BES,14,"SLEVA, DUSTIN",27:27,16,3,10,3,4,1,2,4,2,6,1,3,1,0,0,4,3,15,-7.0
2024,RS,10,94,0,P011379   ,1.0,0.0,BES,20,"KONAN, KEREM",20:26,2,1,3,0,0,0,0,2,2,4,1,1,0,0,0,5,3,4,14.0
2024,RS,10,94,0,P013502   ,0.0,0.0,BES,24,"KARAKAYA, EREN",DNP,0,0,0,0,0,0,0,0,0,0,0,0,0,0,0,0,0,0,0.0
2024,RS,10,94,0,P013255   ,1.0,1.0,BES,30,"MARTIN, KELAN",26:41,20,4,8,4,8,0,0,1,2,3,1,1,1,0,1,4,0,11,10.0
2024,RS,10,94,0,Team,0.0,0.0,BES,,Team,,0,0,0,0,0,0,0,4,1,5,0,0,0,0,0,0,0,5,
2024,RS,10,94,0,Total,,,BES,,Total,200:00,90,22,41,12,32,10,13,17,18,35,12,7,12,0,1,27,20,82,
2024,RS,10,95,1,P012593   ,1.0,0.0,TRN,1,"ELLIS, QUINN",19:22,6,3,6,0,1,0,0,1,1,2,2,1,1,0,1,5,0,0,-15.0
2024,RS,10,95,1,P013269   ,1.0,1.0,TRN,3,"CALE, MYLES",27:48,12,3,6,2,6,0,0,1,0,1,0,0,2,0,1,1,1,3,-18.0
2024,RS,10,95,1,P013270   ,0.0,1.0,TRN,5,"FORD, JORDAN",25:44,17,2,5,2,3,7,8,0,1,1,4,3,2,0,1,1,5,21,11.0
2024,RS,10,95,1,P005438   ,1.0,1.0,TRN,6,"PECCHIA, ANDREA",15:39,0,0,1,0,0,0,0,1,1,2,0,3,5,0,1,3,1,-4,-12.0
2024,RS,10,95,1,P012687   ,0.0,0.0,TRN,7,"NIANG, SALIOU",19:06,7,2,5,0,0,3,5,4,2,6,0,1,3,0,1,2,3,6,4.0
2024,RS,10,95,1,P006382   ,0.0,1.0,TRN,10,"FORRAY, TOTO",16:17,3,0,2,1,5,0,0,1,2,3,0,1,0,0,0,3,1,-1,-1.0
2024,RS,10,95,1,P013272   ,1.0,0.0,TRN,22,"LAMB, ANTHONY",32:12,16,3,4,2,6,4,5,1,4,5,0,2,8,0,0,1,7,15,2.0
2024,RS,10,95,1,P006724   ,1.0,1.0,TRN,26,"BAYEHE, JORDAN",25:46,3,1,2,0,0,1,5,3,5,8,0,1,0,0,0,3,3,7,-15.0
2024,RS,10,95,1,P013273   ,0.0,0.0,TRN,32,"PLACINSCHI, CESARE",DNP,0,0,0,0,0,0,0,0,0,0,0,0,0,0,0,0,0,0,0.0
2024,RS,10,95,1,P002387   ,0.0,0.0,TRN,33,"ZUKAUSKAS, EIGIRDAS",18:06,6,0,0,2,7,0,0,2,3,5,2,1,0,0,0,2,1,8,-11.0
2024,RS,10,95,1,Team,0.0,0.0,TRN,,Team,,0,0,0,0,0,0,0,1,0,1,0,0,0,0,0,0,0,1,
2024,RS,10,95,1,Total,,,TRN,,Total,200:00,70,14,31,9,28,15,23,15,19,34,8,13,21,0,5,21,22,56,
2024,RS,10,95,0,P007560   ,0.0,1.0,CAN,3,"KLJAJIC, JOVAN",03:23,0,0,0,0,0,0,0,0,1,1,0,0,2,0,0,0,0,-1,-4.0
2024,RS,10,95,0,P012016   ,0.0,0.0,CAN,4,"CONDITT IV, GEORGE",17:48,9,3,3,0,0,3,4,1,2,3,0,0,3,1,0,3,3,9,-4.0
2024,RS,10,95,0,P011251   ,0.0,0.0,CAN,5,"HOMESLEY, CALEB",19:32,15,0,2,4,7,3,4,1,2,3,2,0,1,0,0,1,7,19,11.0
2024,RS,10,95,0,P003425   ,1.0,1.0,CAN,6,"ALBICY, ANDREW",22:22,8,2,4,1,5,1,1,0,2,2,2,2,3,0,0,2,3,6,4.0
2024,RS,10,95,0,P008121   ,1.0,0.0,CAN,9,"BRUSSINO, NICOLAS",26:08,10,2,3,2,5,0,0,1,3,4,2,3,2,2,0,2,1,14,8.0
2024,RS,10,95,0,P005005   ,0.0,1.0,CAN,10,"SALVO, MIQUEL",12:26,1,0,1,0,1,1,2,1,3,4,0,1,2,0,0,1,1,1,3.0
2024,RS,10,95,0,P010623   ,0.0,0.0,CAN,12,"ALOCEN, CARLOS",17:38,6,3,5,0,3,0,0,0,0,0,2,2,2,0,0,2,1,2,7.0
2024,RS,10,95,0,P010452   ,0.0,0.0,CAN,13,"PELOS, PIERRE",16:44,2,1,2,0,0,0,0,2,2,4,1,0,1,1,0,2,0,4,5.0
2024,RS,10,95,0,P006588   ,1.0,0.0,CAN,14,"SHURNA, JOHN",21:19,9,3,4,1,3,0,0,2,2,4,3,0,0,0,0,3,1,11,10.0
2024,RS,10,95,0,P008966   ,1.0,0.0,CAN,18,"TOBEY, MIKE",18:39,11,4,7,1,1,0,0,2,4,6,2,1,1,1,0,1,1,17,20.0
2024,RS,10,95,0,P012095   ,1.0,1.0,CAN,32,"THOMASSON, JOE",20:28,8,2,2,0,2,4,4,0,0,0,0,2,1,0,0,2,3,8,0.0
2024,RS,10,95,0,P012165   ,0.0,1.0,CAN,35,"DIOP, MASSAMBA",03:33,2,1,1,0,0,0,0,0,1,1,0,0,1,0,0,3,0,-1,-5.0
2024,RS,10,95,0,Team,0.0,0.0,CAN,,Team,,0,0,0,0,0,0,0,3,4,7,0,0,0,0,0,0,0,7,
2024,RS,10,95,0,Total,,,CAN,,Total,200:00,81,21,34,9,27,12,15,13,26,39,14,11,19,5,0,22,21,96,
2024,RS,10,96,1,P007527   ,1.0,0.0,PAM,0,"BADIO, BRANCOU",21:27,12,1,2,2,3,4,4,0,0,0,3,1,0,0,1,2,4,15,-7.0
2024,RS,10,96,1,P006643   ,0.0,0.0,PAM,2,"PUERTO, JOSEP",18:10,3,0,1,1,4,0,0,0,1,1,1,0,0,1,0,0,1,3,11.0
2024,RS,10,96,1,P010393   ,1.0,1.0,PAM,4,"PRADILLA, JAIME",22:13,7,2,5,1,1,0,0,1,4,5,1,0,1,0,0,3,0,6,3.0
2024,RS,10,96,1,P010750   ,0.0,0.0,PAM,5,"DE LARREA, SERGIO",14:09,6,1,1,1,1,1,1,1,2,3,3,1,3,2,0,2,4,14,16.0
2024,RS,10,96,1,P010568   ,1.0,1.0,PAM,7,"JONES, CHRIS",24:34,20,2,4,5,7,1,2,0,4,4,3,0,3,0,1,3,3,18,3.0
2024,RS,10,96,1,P010042   ,0.0,1.0,PAM,8,"MONTERO, JEAN",19:50,13,2,3,2,7,3,4,1,1,2,1,2,3,0,0,2,4,10,14.0
2024,RS,10,96,1,P011369   ,0.0,0.0,PAM,10,"CAROT, JORGE",DNP,0,0,0,0,0,0,0,0,0,0,0,0,0,0,0,0,0,0,0.0
2024,RS,10,96,1,P004863   ,0.0,0.0,PAM,16,"JOVIC, STEFAN",DNP,0,0,0,0,0,0,0,0,0,0,0,0,0,0,0,0,0,0,0.0
2024,RS,10,96,1,P010444   ,1.0,1.0,PAM,24,"COSTELLO, MATTHEW",21:03,13,2,4,2,4,3,5,0,3,3,2,1,0,1,0,0,3,17,10.0
2024,RS,10,96,1,P012075   ,0.0,0.0,PAM,35,"BRIMAH, AMIDA",16:36,4,0,1,0,0,4,4,3,5,8,0,0,2,0,0,4,2,7,-2.0
2024,RS,10,96,1,P011982   ,1.0,1.0,PAM,37,"OJELEYE, SEMI",24:11,10,2,4,2,5,0,0,0,2,2,1,0,1,0,1,2,0,4,7.0
2024,RS,10,96,1,P011980   ,0.0,0.0,PAM,77,"SESTINA, NATHAN",17:47,8,1,1,2,6,0,0,1,3,4,3,0,0,0,0,0,0,11,10.0
2024,RS,10,96,1,Team,0.0,0.0,PAM,,Team,,0,0,0,0,0,0,0,2,1,3,0,0,0,0,0,0,0,3,
2024,RS,10,96,1,Total,,,PAM,,Total,200:00,96,13,26,18,38,16,20,9,26,35,18,5,13,4,3,18,21,108,
2024,RS,10,96,0,P011970   ,1.0,1.0,JER,1,"HARPER, JARED",29:45,16,2,3,2,5,6,8,0,3,3,4,1,3,1,0,3,6,19,-7.0
2024,RS,10,96,0,P008912   ,1.0,1.0,JER,3,"CARRINGTON, KHADEEN",22:22,17,1,3,5,10,0,0,0,2,2,3,1,4,0,0,3,0,9,8.0
2024,RS,10,96,0,P013277   ,1.0,1.0,JER,4,"JOHNSON, CHRIS",31:49,15,6,8,0,1,3,3,4,8,12,3,0,0,0,0,2,3,28,-15.0
2024,RS,10,96,0,P013279   ,1.0,1.0,JER,7,"CHACHASHVILI, GABRIEL",27:16,8,3,7,0,0,2,2,2,3,5,2,1,0,0,0,3,3,12,-11.0
2024,RS,10,96,0,P009879   ,0.0,0.0,JER,8,"DOVRAT, NOAM",13:32,0,0,4,0,1,0,0,1,0,1,2,1,2,0,1,1,1,-4,-8.0
2024,RS,10,96,0,P013280   ,0.0,0.0,JER,18,"HASSON, YARIN",DNP,0,0,0,0,0,0,0,0,0,0,0,0,0,0,0,0,0,0,0.0
2024,RS,10,96,0,P010431   ,0.0,0.0,JER,20,"MORGAN, JEREMY",20:13,8,1,2,2,4,0,0,0,1,1,2,3,0,1,0,3,0,9,-9.0
2024,RS,10,96,0,P009649   ,0.0,0.0,JER,22,"PHILLIP, TARIK",10:05,4,1,4,0,2,2,2,1,1,2,1,0,1,0,1,0,2,2,-11.0
2024,RS,10,96,0,P013263   ,0.0,0.0,JER,34,"OGBEIDE, DEREK",12:44,2,1,1,0,0,0,0,0,2,2,0,1,0,0,0,1,0,4,-2.0
2024,RS,10,96,0,P006625   ,1.0,1.0,JER,50,"ZOOSMAN, YOVEL",28:27,13,3,5,1,3,4,4,2,2,4,2,0,0,1,1,2,3,16,2.0
2024,RS,10,96,0,P013281   ,0.0,0.0,JER,80,"CORNELIUS, OR",03:47,0,0,0,0,2,0,0,0,0,0,0,0,0,0,1,3,0,-6,-12.0
2024,RS,10,96,0,Team,0.0,0.0,JER,,Team,,0,0,0,0,0,0,0,1,1,2,0,0,2,0,0,0,0,0,
2024,RS,10,96,0,Total,,,JER,,Total,200:00,83,18,37,10,28,17,19,11,23,34,19,8,12,3,4,21,18,89,
2024,RS,10,97,1,P004525   ,0.0,0.0,BOU,3,"SALASH, MAKSIM",23:23,9,1,3,1,4,4,4,0,4,4,0,2,2,1,0,2,5,12,5.0
2024,RS,10,97,1,P013264   ,1.0,1.0,BOU,4,"NELSON, ADRIAN",19:44,10,1,5,2,2,2,2,1,1,2,0,3,0,0,1,2,1,9,4.0
2024,RS,10,97,1,P010449   ,0.0,1.0,BOU,5,"BENITEZ, HUGO",23:10,17,5,7,2,3,1,3,2,3,5,4,3,1,0,0,2,1,22,11.0
2024,RS,10,97,1,P010450   ,0.0,0.0,BOU,7,"COURBY, MAXIME",14:36,2,1,2,0,1,0,0,1,0,1,1,1,3,0,0,2,0,-2,12.0
2024,RS,10,97,1,P013265   ,1.0,1.0,BOU,8,"USHER, JORDAN",25:24,11,3,3,1,5,2,2,0,3,3,0,1,1,0,0,1,1,10,-1.0
2024,RS,10,97,1,P012402   ,0.0,0.0,BOU,9,"SIFFERLIN, LEON",DNP,0,0,0,0,0,0,0,0,0,0,0,0,0,0,0,0,0,0,0.0
2024,RS,10,97,1,P006904   ,1.0,1.0,BOU,11,"AYAYI, JOEL",21:21,15,2,5,2,2,5,6,1,4,5,3,1,4,1,0,4,6,19,9.0
2024,RS,10,97,1,P013266   ,1.0,0.0,BOU,13,"CASTANEDA, XAVIER",29:18,10,0,7,2,6,4,6,1,1,2,4,3,1,0,0,2,6,9,3.0
2024,RS,10,97,1,P011550   ,0.0,0.0,BOU,16,"JACQUES, WILSON",DNP,0,0,0,0,0,0,0,0,0,0,0,0,0,0,0,0,0,0,0.0
2024,RS,10,97,1,P009552   ,0.0,1.0,BOU,27,"PANSA, JEAN-MARC",19:10,11,4,6,0,0,3,3,5,3,8,0,0,3,1,1,2,3,15,9.0
2024,RS,10,97,1,P004945   ,0.0,0.0,BOU,33,"PAUL, BRANDON",06:11,3,0,0,1,3,0,0,0,0,0,0,0,0,0,0,1,0,0,-1.0
2024,RS,10,97,1,P011837   ,1.0,0.0,BOU,34,"KOKILA, KEVIN",17:43,5,1,2,0,0,3,4,3,2,5,0,2,1,0,0,4,2,7,4.0
2024,RS,10,97,1,Team,0.0,0.0,BOU,,Team,,0,0,0,0,0,0,0,2,4,6,0,0,1,0,0,0,0,5,
2024,RS,10,97,1,Total,,,BOU,,Total,200:00,93,18,40,11,26,24,30,16,25,41,12,16,17,3,2,22,25,106,
2024,RS,10,97,0,P013308   ,1.0,1.0,HAM,1,"IVEY, BRAE",19:34,7,2,3,1,4,0,2,0,1,1,3,2,3,0,0,4,3,3,-8.0
2024,RS,10,97,0,P011256   ,0.0,0.0,HAM,3,"RICH, OSARO",12:11,0,0,0,0,0,0,0,1,1,2,1,1,2,0,0,3,0,-1,-6.0
2024,RS,10,97,0,P013309   ,0.0,1.0,HAM,4,"LOTTIE, JAIZEC",28:30,19,3,4,4,9,1,2,0,5,5,5,2,3,0,0,3,2,20,-8.0
2024,RS,10,97,0,P008103   ,0.0,0.0,HAM,5,"MARONKA, ZSOMBOR",DNP,0,0,0,0,0,0,0,0,0,0,0,0,0,0,0,0,0,0,0.0
2024,RS,10,97,0,P010070   ,0.0,0.0,HAM,6,"MOELLER, LEIF",02:13,0,0,0,0,0,0,0,0,0,0,0,0,0,0,0,0,0,0,-3.0
2024,RS,10,97,0,P013310   ,1.0,0.0,HAM,8,"GREY, JARED",05:03,0,0,0,0,1,0,0,0,1,1,0,1,0,0,0,2,0,-1,5.0
2024,RS,10,97,0,P005478   ,1.0,1.0,HAM,17,"WIMBERG, NIKLAS",27:15,5,1,1,1,4,0,0,0,4,4,3,0,4,0,0,1,3,7,-2.0
2024,RS,10,97,0,P013312   ,0.0,1.0,HAM,21,"BARNETT, JORDAN",22:20,8,1,3,2,6,0,0,1,1,2,0,0,1,0,0,4,1,0,-16.0
2024,RS,10,97,0,P013503   ,1.0,1.0,HAM,22,"STOVE, JOHNATHAN",33:31,22,7,10,1,3,5,6,4,4,8,4,0,4,0,1,2,6,27,-9.0
2024,RS,10,97,0,P013313   ,1.0,0.0,HAM,23,"KUATH, KUR",19:05,12,5,6,0,0,2,3,1,1,2,1,2,3,2,0,4,3,13,3.0
2024,RS,10,97,0,P003242   ,0.0,0.0,HAM,25,"OGBE, KENNETH",18:58,9,0,2,2,7,3,4,0,1,1,2,1,1,0,1,2,3,4,-4.0
2024,RS,10,97,0,P006006   ,0.0,0.0,HAM,44,"TURUDIC, BENEDIKT",11:20,0,0,2,0,0,0,0,1,0,1,0,0,1,0,1,0,0,-3,-7.0
2024,RS,10,97,0,Team,0.0,0.0,HAM,,Team,,0,0,0,0,0,0,0,4,3,7,0,0,0,0,0,0,0,7,
2024,RS,10,97,0,Total,,,HAM,,Total,200:00,82,19,31,11,34,11,17,12,22,34,19,9,22,2,3,25,21,76,
2024,RS,10,98,1,P012700   ,1.0,1.0,LJU,0,"STEWART, DJ",18:36,0,0,2,0,3,0,0,0,5,5,4,1,1,0,1,4,2,1,10.0
2024,RS,10,98,1,P012042   ,1.0,1.0,LJU,1,"ROBINSON, DEVIN",32:05,25,9,12,2,6,1,3,3,2,5,2,3,1,0,0,2,5,28,15.0
2024,RS,10,98,1,P013260   ,0.0,0.0,LJU,2,"JONES, DEVANTE",23:34,15,5,8,1,1,2,2,1,1,2,2,1,4,0,0,1,6,18,-6.0
2024,RS,10,98,1,P009392   ,0.0,0.0,LJU,3,"RADOVIC, ROK",09:59,0,0,0,0,0,0,0,0,0,0,1,0,1,0,0,2,0,-2,2.0
2024,RS,10,98,1,P003703   ,1.0,1.0,LJU,5,"NIKOLIC, ALEKSEJ",23:56,12,2,2,1,3,5,5,0,1,1,1,0,1,0,0,4,5,12,10.0
2024,RS,10,98,1,P011261   ,0.0,0.0,LJU,7,"GLAS, GREGOR",DNP,0,0,0,0,0,0,0,0,0,0,0,0,0,0,0,0,0,0,0.0
2024,RS,10,98,1,P013261   ,0.0,1.0,LJU,9,"LEMAR, BRYNTON",22:26,23,2,4,3,7,10,10,2,2,4,2,0,1,0,0,3,5,24,7.0
2024,RS,10,98,1,P003452   ,1.0,1.0,LJU,11,"BLAZIC, JAKA",26:56,15,1,1,3,7,4,4,2,5,7,2,1,3,0,0,3,3,18,-3.0
2024,RS,10,98,1,P012996   ,1.0,0.0,LJU,20,"BERINGER, JOAN",17:29,2,1,3,0,0,0,0,1,3,4,0,0,1,0,0,0,0,3,-2.0
2024,RS,10,98,1,P009753   ,0.0,0.0,LJU,23,"GEBEN, MARTINAS",11:17,6,0,0,2,3,0,0,0,1,1,0,0,0,0,0,1,0,5,-3.0
2024,RS,10,98,1,P005113   ,0.0,0.0,LJU,31,"STIPANOVIC, ANDRIJA",13:42,5,2,3,0,0,1,2,2,0,2,5,2,1,0,0,5,1,7,5.0
2024,RS,10,98,1,P009431   ,0.0,0.0,LJU,41,"DANEU, ZIGA",DNP,0,0,0,0,0,0,0,0,0,0,0,0,0,0,0,0,0,0,0.0
2024,RS,10,98,1,Team,0.0,0.0,LJU,,Team,,0,0,0,0,0,0,0,1,2,3,0,0,1,0,0,0,0,2,
2024,RS,10,98,1,Total,,,LJU,,Total,200:00,103,22,35,12,30,23,26,12,22,34,19,8,15,0,1,25,27,116,
2024,RS,10,98,0,P011797   ,1.0,1.0,CLU,0,"GUZMAN, KAREL",19:28,3,1,2,0,3,1,2,1,2,3,2,1,3,0,0,1,3,3,-12.0
2024,RS,10,98,0,P013301   ,0.0,0.0,CLU,2,"SOMACESCU, TUDOR",DNP,0,0,0,0,0,0,0,0,0,0,0,0,0,0,0,0,0,0,0.0
2024,RS,10,98,0,P013302   ,1.0,0.0,CLU,3,"SIMPSON, ZAVIER",22:15,16,4,8,1,4,5,7,0,1,1,4,0,3,1,0,5,6,11,-12.0
2024,RS,10,98,0,P005714   ,0.0,1.0,CLU,5,"MEJERIS, MAREKS",25:32,17,5,6,1,2,4,5,0,3,3,4,1,1,0,0,3,4,22,11.0
2024,RS,10,98,0,P013303   ,0.0,0.0,CLU,6,"MIRON, DARIUS",DNP,0,0,0,0,0,0,0,0,0,0,0,0,0,0,0,0,0,0,0.0
2024,RS,10,98,0,P002820   ,0.0,1.0,CLU,9,"SALIN, SASU",22:54,10,0,0,3,5,1,1,0,1,1,1,0,1,0,0,1,1,9,1.0
2024,RS,10,98,0,P013304   ,1.0,0.0,CLU,10,"HANKINS, ZACH",20:20,10,5,5,0,0,0,0,3,3,6,0,2,2,0,0,4,2,14,-10.0
2024,RS,10,98,0,P004862   ,1.0,1.0,CLU,11,"SEELEY, DENNIS",24:57,14,3,4,2,5,2,2,0,0,0,1,0,0,0,0,4,3,10,-10.0
2024,RS,10,98,0,P002012   ,1.0,0.0,CLU,17,"ORELIK, GEDIMINAS",12:21,3,0,0,1,4,0,0,0,1,1,2,0,1,0,0,2,0,0,-15.0
2024,RS,10,98,0,P006618   ,0.0,0.0,CLU,23,"STEPHENS, DE'SHAWN",15:20,0,0,1,0,0,0,2,0,2,2,2,0,0,0,0,2,2,1,2.0
2024,RS,10,98,0,P012620   ,0.0,1.0,CLU,25,"MACIUCA, MIHAI",15:23,9,0,0,3,4,0,0,0,2,2,1,0,0,0,0,0,0,11,2.0
2024,RS,10,98,0,P012698   ,0.0,0.0,CLU,95,"MOKOKA, ADAM",21:30,14,4,4,2,3,0,0,2,0,2,4,1,5,0,0,5,4,14,8.0
2024,RS,10,98,0,Team,0.0,0.0,CLU,,Team,,0,0,0,0,0,0,0,0,4,4,0,0,0,0,0,0,0,4,
2024,RS,10,98,0,Total,,,CLU,,Total,200:00,96,22,30,13,30,13,19,6,19,25,21,5,16,1,0,27,25,99,
2024,RS,10,99,1,P013500   ,1.0,1.0,ARI,0,"COOPER, SHARIFE",27:19,19,6,8,1,5,4,5,0,1,1,5,1,4,0,0,4,8,19,-12.0
2024,RS,10,99,1,P013248   ,0.0,0.0,ARI,1,"BANKS, JAMES",04:20,0,0,0,0,0,0,0,0,0,0,0,0,0,0,0,0,0,0,4.0
2024,RS,10,99,1,P013249   ,1.0,1.0,ARI,2,"NOLLEY, LANDERS",28:16,17,5,11,1,6,4,6,0,3,3,1,4,2,0,0,2,3,11,-8.0
2024,RS,10,99,1,P013355   ,0.0,0.0,ARI,10,"CHATZIDAKIS, EMMANOUIL",15:19,3,0,1,0,0,3,4,3,1,4,0,1,0,0,0,3,3,6,3.0
2024,RS,10,99,1,P013393   ,1.0,1.0,ARI,11,"LASZEWSKI, NATHAN JAMES",26:26,8,1,2,2,4,0,0,2,0,2,0,0,0,0,0,2,1,6,-7.0
2024,RS,10,99,1,P013356   ,1.0,0.0,ARI,12,"GKIOUZELIS, GEORGIOS",12:59,0,0,0,0,2,0,0,1,1,2,0,0,1,0,0,3,0,-4,-9.0
2024,RS,10,99,1,P013049   ,0.0,0.0,ARI,16,"POURLIDAS, VASSILIS",DNP,0,0,0,0,0,0,0,0,0,0,0,0,0,0,0,0,0,0,0.0
2024,RS,10,99,1,P013395   ,0.0,0.0,ARI,17,"VISSARIOU, TILEMACHOS",02:55,0,0,0,0,0,0,0,0,0,0,0,0,1,0,0,0,0,-1,-3.0
2024,RS,10,99,1,P010397   ,0.0,1.0,ARI,21,"WILLIS, DARRAL",26:58,25,7,11,3,4,2,3,1,1,2,0,0,0,0,2,2,3,20,0.0
2024,RS,10,99,1,P013252   ,1.0,0.0,ARI,23,"ROBERTS, JOSHUA",10:20,0,0,1,0,0,0,0,2,0,2,0,0,1,0,0,0,0,0,-17.0
2024,RS,10,99,1,P012616   ,0.0,0.0,ARI,25,"FILLIOS, GEORGIOS",15:22,0,0,1,0,0,0,0,1,1,2,3,1,1,1,0,1,1,5,7.0
2024,RS,10,99,1,P013253   ,0.0,1.0,ARI,55,"HODGE, D MOI",29:46,2,1,1,0,6,0,0,1,4,5,1,2,1,0,0,2,2,3,7.0
2024,RS,10,99,1,Team,0.0,0.0,ARI,,Team,,0,0,0,0,0,0,0,1,4,5,0,0,1,0,0,0,0,4,
2024,RS,10,99,1,Total,,,ARI,,Total,200:00,74,20,36,7,27,13,18,12,16,28,10,9,12,1,2,19,21,69,
2024,RS,10,99,0,P003759   ,0.0,0.0,VNC,0,"TESSITORI, AMEDEO",11:46,2,1,4,0,1,0,0,1,1,2,0,0,3,0,0,2,0,-5,-2.0
2024,RS,10,99,0,P006571   ,0.0,0.0,VNC,4,"LEVER, ALESSANDRO",04:15,4,2,2,0,1,0,0,1,1,2,0,0,0,0,0,1,0,4,0.0
2024,RS,10,99,0,P009400   ,0.0,1.0,VNC,7,"CASARIN, DAVIDE",21:01,2,1,1,0,2,0,0,0,0,0,4,0,1,0,0,3,2,2,1.0
2024,RS,10,99,0,P005404   ,1.0,0.0,VNC,9,"MORETTI, DAVIDE",27:45,5,0,0,1,3,2,2,0,2,2,5,0,3,0,0,3,2,6,15.0
2024,RS,10,99,0,P008858   ,1.0,1.0,VNC,11,"ENNIS, TYLER",30:56,19,7,11,1,3,2,2,0,6,6,4,0,2,0,1,1,4,23,7.0
2024,RS,10,99,0,P012796   ,1.0,0.0,VNC,21,"KABENGELE, MFIONDU",23:15,18,6,8,1,2,3,6,4,6,10,2,0,1,1,0,5,4,23,9.0
2024,RS,10,99,0,P011909   ,1.0,1.0,VNC,22,"PARKS, JORDAN",30:53,12,4,6,0,1,4,4,2,3,5,2,0,2,0,0,2,3,15,-3.0
2024,RS,10,99,0,P013305   ,0.0,1.0,VNC,24,"WHEATLE, CARL",15:53,2,0,0,0,2,2,4,2,2,4,1,0,1,0,0,1,3,4,7.0
2024,RS,10,99,0,P011928   ,0.0,1.0,VNC,25,"SIMMS, AAMIR",18:15,12,2,3,2,4,2,2,0,2,2,1,1,2,1,0,1,1,12,-3.0
2024,RS,10,99,0,P008052   ,1.0,0.0,VNC,33,"WILTJER, KYLE",16:01,5,1,1,1,2,0,0,0,1,1,1,1,0,0,0,2,0,5,4.0
2024,RS,10,99,0,Team,0.0,0.0,VNC,,Team,,0,0,0,0,0,0,0,2,1,3,0,0,0,0,0,0,0,3,
2024,RS,10,99,0,Total,,,VNC,,Total,200:00,81,24,36,6,21,15,20,12,25,37,20,2,15,2,1,21,19,92,
2024,RS,10,100,1,P009898   ,1.0,1.0,LKB,2,"BICKAUSKIS, DOVIS",14:29,0,0,0,0,1,0,0,0,1,1,2,1,2,0,0,3,0,-2,2.0
2024,RS,10,100,1,P010181   ,0.0,0.0,LKB,3,"STENIONIS, DOMINYKAS",DNP,0,0,0,0,0,0,0,0,0,0,0,0,0,0,0,0,0,0,0.0
2024,RS,10,100,1,PLXI      ,0.0,1.0,LKB,10,"LIPKEVICIUS, VYTENIS",20:06,5,1,2,0,2,3,5,1,0,1,1,1,0,0,0,4,4,3,-4.0
2024,RS,10,100,1,P010461   ,1.0,1.0,LKB,12,"MALDUNAS, GABRIELIUS",22:54,8,4,8,0,0,0,0,2,3,5,0,2,1,0,0,4,2,8,-2.0
2024,RS,10,100,1,P005521   ,0.0,1.0,LKB,13,"VARNAS, MARTYNAS",27:15,20,2,5,3,6,7,8,0,1,1,6,1,2,0,0,1,4,22,-6.0
2024,RS,10,100,1,P006586   ,1.0,0.0,LKB,16,"KALAITZAKIS, GEORGIOS",21:25,13,2,3,2,3,3,3,0,2,2,3,0,2,0,0,3,4,15,3.0
2024,RS,10,100,1,P009299   ,1.0,1.0,LKB,17,"RUBSTAVICIUS, MANTAS",24:13,12,1,2,3,8,1,2,0,2,2,2,1,1,0,0,3,2,8,-13.0
2024,RS,10,100,1,P006212   ,0.0,0.0,LKB,18,"VASILIAUSKAS, GRANTAS",06:51,3,0,0,1,1,0,0,0,0,0,0,0,0,0,0,0,0,3,1.0
2024,RS,10,100,1,P013246   ,0.0,0.0,LKB,25,"BRIGGS, JUSTIN",17:06,10,4,4,0,0,2,2,0,2,2,1,0,2,0,0,2,2,11,-3.0
2024,RS,10,100,1,P006860   ,1.0,0.0,LKB,35,"LAVRINOVICIUS, DANIELIUS",17:26,6,1,3,1,2,1,2,1,1,2,1,0,0,0,1,3,1,2,1.0
2024,RS,10,100,1,P013247   ,0.0,0.0,LKB,50,"KOVLIAR, OLEKSANDR",28:15,16,2,3,3,3,3,3,0,2,2,5,1,4,0,0,5,4,18,-4.0
2024,RS,10,100,1,Team,0.0,0.0,LKB,,Team,,0,0,0,0,0,0,0,1,3,4,0,0,0,0,0,0,0,4,
2024,RS,10,100,1,Total,,,LKB,,Total,200:00,93,17,30,13,26,20,25,5,17,22,21,7,14,0,1,28,23,92,
2024,RS,10,100,0,P007917   ,0.0,0.0,TTK,3,"DURMAZ, BERKAN",11:35,2,0,0,0,0,2,2,0,4,4,1,1,4,0,0,3,1,2,11.0
2024,RS,10,100,0,P004056   ,0.0,0.0,TTK,5,"AKPINAR, ISMET",14:03,5,0,1,1,6,2,2,1,1,2,0,1,2,0,0,2,4,2,1.0
2024,RS,10,100,0,P011973   ,1.0,1.0,TTK,7,"ALEXANDER, KYLE",29:24,6,2,3,0,0,2,2,2,2,4,5,0,0,0,0,0,3,17,10.0
2024,RS,10,100,0,P009025   ,1.0,1.0,TTK,8,"BROWN, ANTHONY",34:04,26,3,6,5,8,5,6,1,3,4,1,1,2,0,0,2,3,24,11.0
2024,RS,10,100,0,P012415   ,0.0,0.0,TTK,9,"TUNCA, MELIH",01:19,0,0,0,0,0,0,0,0,0,0,1,0,0,0,0,1,0,0,-1.0
2024,RS,10,100,0,P010465   ,1.0,1.0,TTK,11,"ANGOLA, BRAIAN",28:27,24,3,4,3,5,9,11,0,4,4,3,1,1,1,0,3,10,34,5.0
2024,RS,10,100,0,P011977   ,0.0,0.0,TTK,12,"OZDOGAN, ARDA",DNP,0,0,0,0,0,0,0,0,0,0,0,0,0,0,0,0,0,0,0.0
2024,RS,10,100,0,P004619   ,0.0,0.0,TTK,13,"AGVA, MAHIR",05:17,0,0,0,0,0,0,0,0,0,0,0,0,0,0,0,2,0,-2,-7.0
2024,RS,10,100,0,P013300   ,0.0,0.0,TTK,20,"BESS, JAVON",11:09,2,1,1,0,1,0,0,0,1,1,1,1,0,0,0,4,0,0,-16.0
2024,RS,10,100,0,P006598   ,0.0,0.0,TTK,21,"HANLAN, OLIVIER",02:57,0,0,1,0,0,0,0,0,0,0,0,0,0,0,0,1,1,-1,-3.0
2024,RS,10,100,0,P010587   ,1.0,1.0,TTK,44,"SMITH, KENNETH",30:48,10,2,2,1,2,3,4,0,3,3,1,0,1,0,0,2,4,13,1.0
2024,RS,10,100,0,P011935   ,1.0,1.0,TTK,55,"MAKOUNDOU, YOAN",30:57,23,7,14,3,5,0,1,4,4,8,3,3,3,0,0,4,2,22,13.0
2024,RS,10,100,0,Team,0.0,0.0,TTK,,Team,,0,0,0,0,0,0,0,2,2,4,0,0,2,0,0,0,0,2,
2024,RS,10,100,0,Total,,,TTK,,Total,200:00,98,18,32,13,27,23,28,10,24,34,16,8,15,1,0,24,28,113,
2024,RS,11,101,1,P013292   ,0.0,0.0,TSO,0,"JANKOWSKI, BARTOSZ",DNP,0,0,0,0,0,0,0,0,0,0,0,0,0,0,0,0,0,0,0.0
2024,RS,11,101,1,P012019   ,1.0,1.0,TSO,3,"BEST, AARON",26:18,6,0,6,2,4,0,0,4,1,5,4,2,4,0,0,3,2,4,-7.0
2024,RS,11,101,1,P013504   ,1.0,1.0,TSO,4,"ALLEYNE, NAHIEM",31:01,8,1,4,2,7,0,0,0,3,3,0,0,1,0,0,4,1,-1,-14.0
2024,RS,11,101,1,P013294   ,0.0,0.0,TSO,9,"JASZCZERSKI, WIKTOR",DNP,0,0,0,0,0,0,0,0,0,0,0,0,0,0,0,0,0,0,0.0
2024,RS,11,101,1,P008790   ,0.0,0.0,TSO,12,"WITLINSKI, MIKOLAJ",07:30,2,1,1,0,0,0,0,0,0,0,0,0,1,0,0,0,1,2,-5.0
2024,RS,11,101,1,P007426   ,1.0,0.0,TSO,13,"JOHNSON, NICK",20:54,1,0,4,0,4,1,2,0,5,5,5,1,2,0,0,3,3,1,-5.0
2024,RS,11,101,1,P013295   ,0.0,0.0,TSO,15,"ZYSKOWSKI, JAROSLAW",27:15,13,3,5,2,3,1,1,1,2,3,1,1,1,0,0,2,1,13,-15.0
2024,RS,11,101,1,P013296   ,1.0,0.0,TSO,32,"GROSELLE, GEOFFREY",16:00,12,6,8,0,0,0,2,1,1,2,0,1,0,1,0,2,3,13,8.0
2024,RS,11,101,1,P013297   ,1.0,1.0,TSO,50,"WEATHERS, MARCUS",30:46,14,4,8,1,3,3,3,4,8,12,4,2,2,3,0,1,4,30,-5.0
2024,RS,11,101,1,P013298   ,0.0,1.0,TSO,55,"SCHENK, JAKUB",20:37,8,0,1,1,6,5,5,0,0,0,3,2,3,0,1,4,4,3,-6.0
2024,RS,11,101,1,P003885   ,0.0,1.0,TSO,81,"VAN VLIET, ANDY",19:39,6,3,5,0,2,0,0,1,3,4,1,0,0,1,0,1,1,8,-11.0
2024,RS,11,101,1,Team,0.0,0.0,TSO,,Team,,0,0,0,0,0,0,0,2,2,4,0,0,1,0,0,0,0,3,
2024,RS,11,101,1,Total,,,TSO,,Total,200:00,70,18,42,8,29,10,13,13,25,38,18,9,15,5,1,20,20,76,
2024,RS,11,101,0,P012593   ,1.0,1.0,TRN,1,"ELLIS, QUINN",29:04,8,2,4,0,3,4,4,1,6,7,4,0,4,0,2,2,5,11,10.0
2024,RS,11,101,0,P013269   ,1.0,0.0,TRN,3,"CALE, MYLES",21:59,11,2,2,2,5,1,1,1,4,5,2,1,1,0,0,2,3,16,5.0
2024,RS,11,101,0,P013270   ,0.0,0.0,TRN,5,"FORD, JORDAN",24:49,19,2,7,4,6,3,3,0,2,2,5,3,3,0,1,2,5,21,15.0
2024,RS,11,101,0,P005438   ,1.0,1.0,TRN,6,"PECCHIA, ANDREA",14:56,4,2,2,0,0,0,0,0,3,3,2,1,2,0,0,4,0,4,-5.0
2024,RS,11,101,0,P012687   ,0.0,1.0,TRN,7,"NIANG, SALIOU",20:29,7,2,4,0,1,3,3,2,2,4,1,0,2,0,0,1,2,8,2.0
2024,RS,11,101,0,P006382   ,0.0,1.0,TRN,10,"FORRAY, TOTO",14:04,3,0,1,1,4,0,0,0,0,0,0,0,1,0,0,2,0,-4,5.0
2024,RS,11,101,0,P013272   ,1.0,0.0,TRN,22,"LAMB, ANTHONY",31:33,11,1,2,3,10,0,0,0,3,3,6,1,3,0,2,1,2,9,15.0
2024,RS,11,101,0,P006724   ,1.0,1.0,TRN,26,"BAYEHE, JORDAN",25:56,7,3,4,0,0,1,2,2,5,7,0,0,0,0,0,3,2,11,-1.0
2024,RS,11,101,0,P012114   ,0.0,0.0,TRN,27,"BADALAU, DENIS",DNP,0,0,0,0,0,0,0,0,0,0,0,0,0,0,0,0,0,0,0.0
2024,RS,11,101,0,P002387   ,0.0,0.0,TRN,33,"ZUKAUSKAS, EIGIRDAS",17:10,12,3,4,2,3,0,0,0,2,2,1,1,1,1,0,3,1,12,14.0
2024,RS,11,101,0,Team,0.0,0.0,TRN,,Team,,0,0,0,0,0,0,0,1,3,4,0,0,0,0,0,0,0,4,
2024,RS,11,101,0,Total,,,TRN,,Total,200:00,82,17,30,12,32,12,13,7,30,37,21,7,17,1,5,20,20,92,
2024,RS,11,102,1,P007560   ,0.0,1.0,CAN,3,"KLJAJIC, JOVAN",11:33,4,2,2,0,2,0,1,0,1,1,1,0,1,0,0,2,1,1,-12.0
2024,RS,11,102,1,P012016   ,0.0,0.0,CAN,4,"CONDITT IV, GEORGE",12:54,6,3,3,0,0,0,0,0,0,0,1,0,1,0,0,4,1,3,1.0
2024,RS,11,102,1,P011251   ,0.0,0.0,CAN,5,"HOMESLEY, CALEB",19:56,9,0,1,3,5,0,0,2,2,4,2,0,4,0,0,1,3,10,0.0
2024,RS,11,102,1,P003425   ,1.0,0.0,CAN,6,"ALBICY, ANDREW",26:21,4,0,0,1,3,1,2,1,2,3,4,2,4,0,0,1,6,11,20.0
2024,RS,11,102,1,P005005   ,1.0,1.0,CAN,10,"SALVO, MIQUEL",23:04,12,2,3,2,4,2,2,0,3,3,3,3,3,0,1,2,4,16,21.0
2024,RS,11,102,1,P010623   ,0.0,0.0,CAN,12,"ALOCEN, CARLOS",12:46,0,0,2,0,2,0,0,1,2,3,4,0,2,0,1,1,0,-1,-7.0
2024,RS,11,102,1,P010452   ,0.0,1.0,CAN,13,"PELOS, PIERRE",14:30,14,4,5,2,2,0,0,0,1,1,0,1,0,0,0,3,1,13,-7.0
2024,RS,11,102,1,P006588   ,1.0,0.0,CAN,14,"SHURNA, JOHN",25:30,18,2,3,4,11,2,2,2,3,5,4,0,0,0,0,1,2,20,18.0
2024,RS,11,102,1,P012021   ,0.0,1.0,CAN,16,"BORDON, DYLAN",00:53,0,0,0,0,0,0,0,0,0,0,0,0,1,0,0,0,0,-1,-2.0
2024,RS,11,102,1,P008966   ,1.0,0.0,CAN,18,"TOBEY, MIKE",16:46,4,1,2,0,0,2,2,0,5,5,1,0,1,1,1,3,2,7,6.0
2024,RS,11,102,1,P012095   ,1.0,0.0,CAN,32,"THOMASSON, JOE",25:27,9,2,3,1,3,2,2,0,5,5,1,0,1,0,1,3,4,11,13.0
2024,RS,11,102,1,P012165   ,0.0,1.0,CAN,35,"DIOP, MASSAMBA",10:20,2,1,1,0,0,0,0,0,2,2,0,1,0,1,0,1,0,5,4.0
2024,RS,11,102,1,Team,0.0,0.0,CAN,,Team,,0,0,0,0,0,0,0,1,1,2,0,0,1,0,0,0,0,1,
2024,RS,11,102,1,Total,,,CAN,,Total,200:00,82,17,25,13,32,9,11,7,27,34,21,7,19,2,4,22,24,96,
2024,RS,11,102,0,P013256   ,0.0,1.0,BUD,0,"MORGAN, JUWAN",31:20,11,5,5,0,2,1,2,2,7,9,2,4,3,3,0,3,6,26,-1.0
2024,RS,11,102,0,P011150   ,1.0,1.0,BUD,1,"SULAIMON, RASHEED",17:31,2,1,5,0,4,0,0,1,0,1,0,0,1,0,0,2,2,-6,-11.0
2024,RS,11,102,0,P006561   ,0.0,0.0,BUD,2,"ILIC, ALEKSA",DNP,0,0,0,0,0,0,0,0,0,0,0,0,0,0,0,0,0,0,0.0
2024,RS,11,102,0,P012630   ,0.0,0.0,BUD,3,"MAGEE, FLETCHER",18:15,14,0,1,3,8,5,5,0,0,0,0,1,0,0,0,5,2,6,6.0
2024,RS,11,102,0,P006566   ,1.0,0.0,BUD,7,"SLAVKOVIC, ANDRIJA",08:17,4,2,2,0,1,0,0,1,0,1,0,1,1,0,0,0,0,4,-5.0
2024,RS,11,102,0,P005637   ,1.0,0.0,BUD,10,"TANASKOVIC, NIKOLA",21:17,10,3,5,0,0,4,7,1,2,3,0,1,2,0,0,3,4,8,2.0
2024,RS,11,102,0,P011281   ,1.0,1.0,BUD,11,"FERRELL, YOGI",24:41,16,2,2,3,5,3,3,0,3,3,4,1,1,0,0,2,3,22,-12.0
2024,RS,11,102,0,P010307   ,0.0,0.0,BUD,13,"JOVANOVIC, DORDIJE",08:23,0,0,0,0,1,0,0,0,0,0,0,0,0,1,0,2,0,-2,-3.0
2024,RS,11,102,0,P013258   ,0.0,0.0,BUD,23,"DREZNJAK, MATEO",22:13,4,0,2,1,3,1,4,0,1,1,2,0,1,0,1,4,2,-4,-5.0
2024,RS,11,102,0,P004222   ,0.0,0.0,BUD,24,"OMIC, ALEN",10:06,3,1,3,0,0,1,2,2,0,2,0,0,0,0,0,0,1,3,-5.0
2024,RS,11,102,0,P012606   ,0.0,1.0,BUD,25,"WRIGHT IV, MCKINLEY",20:40,5,1,5,1,3,0,0,1,2,3,5,2,2,0,1,0,2,8,-3.0
2024,RS,11,102,0,P008325   ,1.0,1.0,BUD,34,"KAMENJAS, KENAN",17:17,2,1,4,0,0,0,0,2,4,6,2,1,4,0,0,3,0,1,-18.0
2024,RS,11,102,0,Team,0.0,0.0,BUD,,Team,,0,0,0,0,0,0,0,1,2,3,0,0,1,0,0,0,0,2,
2024,RS,11,102,0,Total,,,BUD,,Total,200:00,71,16,34,8,27,15,23,11,21,32,15,11,16,4,2,24,22,68,
2024,RS,11,103,1,P011924   ,1.0,1.0,BES,0,"ALLMAN, KYLE",22:56,16,2,4,1,1,9,9,0,1,1,1,0,3,1,0,4,5,15,4.0
2024,RS,11,103,1,P011936   ,0.0,1.0,BES,2,"MATHEWS, JONAH",20:10,9,1,2,2,3,1,4,0,3,3,1,0,2,0,0,2,2,6,7.0
2024,RS,11,103,1,P008945   ,1.0,1.0,BES,5,"NEEDHAM, DEREK",29:18,13,0,0,4,10,1,2,1,2,3,5,2,1,0,0,2,1,14,-8.0
2024,RS,11,103,1,P003783   ,0.0,0.0,BES,6,"UGURLU, BERK",17:04,2,1,1,0,0,0,0,0,0,0,5,1,0,0,0,3,1,6,3.0
2024,RS,11,103,1,P007914   ,0.0,0.0,BES,7,"ARSLAN, YIGIT",22:25,11,1,2,3,7,0,0,1,4,5,1,0,1,0,0,2,1,10,13.0
2024,RS,11,103,1,P009680   ,0.0,0.0,BES,9,"MORGAN, CONOR",26:09,17,3,5,2,3,5,6,3,4,7,3,0,3,2,0,5,4,21,15.0
2024,RS,11,103,1,P012233   ,0.0,0.0,BES,10,"AKSU, YAGIZ",DNP,0,0,0,0,0,0,0,0,0,0,0,0,0,0,0,0,0,0,0.0
2024,RS,11,103,1,P011927   ,1.0,1.0,BES,14,"SLEVA, DUSTIN",22:49,9,2,3,1,3,2,2,1,2,3,1,1,3,0,0,4,4,8,12.0
2024,RS,11,103,1,P011379   ,1.0,0.0,BES,20,"KONAN, KEREM",13:35,2,0,0,0,0,2,6,1,1,2,2,0,0,0,0,1,3,4,-6.0
2024,RS,11,103,1,P012624   ,0.0,0.0,BES,22,"OZBEK, ATA",DNP,0,0,0,0,0,0,0,0,0,0,0,0,0,0,0,0,0,0,0.0
2024,RS,11,103,1,P013502   ,0.0,0.0,BES,24,"KARAKAYA, EREN",DNP,0,0,0,0,0,0,0,0,0,0,0,0,0,0,0,0,0,0,0.0
2024,RS,11,103,1,P013255   ,1.0,1.0,BES,30,"MARTIN, KELAN",25:34,10,3,6,0,1,4,4,0,3,3,0,0,2,0,0,4,2,5,-5.0
2024,RS,11,103,1,Team,0.0,0.0,BES,,Team,,0,0,0,0,0,0,0,2,2,4,0,0,1,0,0,0,0,3,
2024,RS,11,103,1,Total,,,BES,,Total,200:00,89,13,23,13,28,24,33,9,22,31,19,4,16,3,0,27,23,92,
2024,RS,11,103,0,P011192   ,1.0,0.0,BAH,0,"SMITH, JALEEN",31:44,11,4,10,0,4,3,3,0,0,0,11,0,3,0,0,3,2,8,6.0
2024,RS,11,103,0,P011821   ,1.0,1.0,BAH,5,"MASSINBURG, CJ",25:38,13,4,8,1,4,2,2,0,2,2,2,1,3,0,1,3,3,7,-9.0
2024,RS,11,103,0,P012405   ,0.0,0.0,BAH,7,"HALTALI, FURKAN",06:36,3,1,1,0,0,1,1,1,0,1,0,0,0,0,0,3,1,2,8.0
2024,RS,11,103,0,P008282   ,0.0,0.0,BAH,10,"ILYASOGLU, OMERCAN",DNP,0,0,0,0,0,0,0,0,0,0,0,0,0,0,0,0,0,0,0.0
2024,RS,11,103,0,PLQV      ,0.0,0.0,BAH,17,"MUTAF, MAXIM",DNP,0,0,0,0,0,0,0,0,0,0,0,0,0,0,0,0,0,0,0.0
2024,RS,11,103,0,P005348   ,0.0,0.0,BAH,18,"ARNA, EGEHAN",03:02,0,0,0,0,0,0,0,0,0,0,0,0,0,0,0,1,0,-1,-8.0
2024,RS,11,103,0,P012711   ,0.0,0.0,BAH,19,"SIMONOVIC, MARKO",15:26,2,1,3,0,2,0,0,0,2,2,0,0,0,0,1,1,0,-2,-14.0
2024,RS,11,103,0,P004172   ,0.0,1.0,BAH,20,"PONITKA, MATEUSZ",26:31,9,2,4,0,4,5,6,0,4,4,2,0,2,0,0,4,5,7,-9.0
2024,RS,11,103,0,P011823   ,1.0,1.0,BAH,21,"ODIASE, TAI",29:56,20,7,10,0,0,6,6,3,5,8,1,0,0,0,0,3,3,26,-6.0
2024,RS,11,103,0,P009601   ,1.0,1.0,BAH,34,"CAVANAUGH, TYLER",27:57,9,3,4,0,0,3,5,6,2,8,2,3,3,0,0,3,5,18,-1.0
2024,RS,11,103,0,P008278   ,0.0,0.0,BAH,57,"BAS, GOKTUG",DNP,0,0,0,0,0,0,0,0,0,0,0,0,0,0,0,0,0,0,0.0
2024,RS,11,103,0,P003840   ,1.0,1.0,BAH,83,"BOUTEILLE, AXEL",33:10,15,3,5,2,3,3,6,1,3,4,1,0,1,0,1,2,7,17,-2.0
2024,RS,11,103,0,Team,0.0,0.0,BAH,,Team,,0,0,0,0,0,0,0,2,1,3,0,0,1,0,0,0,0,2,
2024,RS,11,103,0,Total,,,BAH,,Total,200:00,82,25,45,3,17,23,29,13,19,32,19,4,13,0,3,23,26,84,
2024,RS,11,104,1,P012003   ,1.0,1.0,WOL,1,"COWAN JR, ANTHONY",34:04,28,3,7,5,8,7,9,1,3,4,10,2,2,0,2,4,10,37,15.0
2024,RS,11,104,1,P012789   ,0.0,1.0,WOL,4,"BROOKS, GARRISON",28:47,10,3,4,0,0,4,4,3,2,5,1,1,1,0,0,2,2,15,10.0
2024,RS,11,104,1,P003212   ,0.0,0.0,WOL,8,"KARINIAUSKAS, VAIDAS",00:03,0,0,0,0,0,0,0,0,0,0,0,0,0,0,0,0,0,0,0.0
2024,RS,11,104,1,P009306   ,0.0,0.0,WOL,9,"BASLYK, DANIEL",DNP,0,0,0,0,0,0,0,0,0,0,0,0,0,0,0,0,0,0,0.0
2024,RS,11,104,1,P004645   ,1.0,0.0,WOL,10,"MINIOTAS, REGIMANTAS",09:37,2,1,1,0,2,0,0,0,1,1,0,1,0,0,0,2,0,0,-6.0
2024,RS,11,104,1,P006897   ,0.0,0.0,WOL,11,"MARCINKEVICIUS, JUSTINAS",DNP,0,0,0,0,0,0,0,0,0,0,0,0,0,0,0,0,0,0,0.0
2024,RS,11,104,1,P011248   ,0.0,1.0,WOL,12,"ANDREWS, ANDREW",25:25,20,2,6,4,6,4,4,0,2,2,2,1,2,0,0,4,4,17,-5.0
2024,RS,11,104,1,P005516   ,0.0,1.0,WOL,13,"ZEMAITIS, KRISTUPAS",25:18,8,1,3,2,6,0,2,0,1,1,6,1,0,0,1,3,1,5,13.0
2024,RS,11,104,1,P012577   ,1.0,0.0,WOL,15,"THURMAN, TRE'SHAWN",30:48,23,2,3,5,8,4,5,1,2,3,2,0,4,0,1,5,2,15,-7.0
2024,RS,11,104,1,P008186   ,1.0,0.0,WOL,22,"BLAZEVIC, MAREK",11:10,2,1,1,0,0,0,0,2,1,3,0,0,0,0,0,1,3,7,-6.0
2024,RS,11,104,1,P006853   ,1.0,0.0,WOL,23,"JOGELA, MATAS",14:43,2,0,0,0,0,2,2,1,1,2,1,0,3,0,0,3,2,1,-1.0
2024,RS,11,104,1,P006180   ,0.0,1.0,WOL,98,"KULBOKA, ARNOLDAS",20:05,9,0,2,3,6,0,0,0,1,1,0,0,1,0,0,1,1,4,7.0
2024,RS,11,104,1,Team,0.0,0.0,WOL,,Team,,0,0,0,0,0,0,0,4,2,6,0,0,0,0,0,0,0,6,
2024,RS,11,104,1,Total,,,WOL,,Total,200:00,104,13,27,19,36,21,26,12,16,28,22,6,13,0,4,25,25,107,
2024,RS,11,104,0,P011157   ,1.0,0.0,HTA,0,"MOTLEY, JOHNATHAN",15:15,7,2,5,0,0,3,5,2,2,4,3,0,3,0,0,2,7,11,-7.0
2024,RS,11,104,0,P005181   ,0.0,0.0,HTA,1,"RAGLAND, JOE",14:18,6,3,4,0,0,0,0,0,1,1,7,1,1,0,0,0,1,14,-5.0
2024,RS,11,104,0,P013402   ,0.0,0.0,HTA,2,"BLAKENEY, ANTONIO",17:50,8,1,1,2,4,0,1,0,2,2,0,0,2,1,0,2,0,4,-5.0
2024,RS,11,104,0,P013506   ,0.0,1.0,HTA,4,"BINGHAM, MARCUS",13:24,12,5,7,0,0,2,2,1,1,2,0,0,1,2,0,4,1,10,1.0
2024,RS,11,104,0,P013283   ,0.0,0.0,HTA,9,"PALATIN, GUY",03:39,3,0,0,1,1,0,0,0,0,0,0,0,0,0,0,1,1,3,-4.0
2024,RS,11,104,0,P004846   ,0.0,0.0,HTA,10,"TIMOR, BAR",08:07,4,1,1,0,0,2,2,0,0,0,1,0,0,0,0,1,2,6,-2.0
2024,RS,11,104,0,P009877   ,0.0,1.0,HTA,14,"BLAYZER, OZ",12:55,0,0,0,0,0,0,0,1,1,2,0,0,1,0,0,2,1,0,-4.0
2024,RS,11,104,0,P010386   ,1.0,1.0,HTA,17,"FOSTER, MARCUS",35:45,17,2,5,4,7,1,2,0,2,2,1,3,1,0,0,4,1,12,2.0
2024,RS,11,104,0,P013284   ,1.0,1.0,HTA,24,"WAINRIGHT, ISHMAIL CARZELL",18:01,3,0,1,1,2,0,0,0,2,2,3,0,0,0,0,2,0,4,5.0
2024,RS,11,104,0,P011052   ,1.0,0.0,HTA,26,"MADAR, YAM",27:20,28,5,8,3,3,9,9,1,1,2,7,3,2,0,0,1,7,41,1.0
2024,RS,11,104,0,P010550   ,1.0,1.0,HTA,41,"GINAT, TOMER",25:21,10,4,7,0,1,2,2,2,4,6,2,1,3,0,0,3,2,11,2.0
2024,RS,11,104,0,P012096   ,0.0,0.0,HTA,51,"CABOCLO, BRUNO",08:05,2,0,1,0,0,2,2,0,0,0,1,0,0,1,0,3,1,1,-4.0
2024,RS,11,104,0,Team,0.0,0.0,HTA,,Team,,0,0,0,0,0,0,0,1,2,3,0,0,1,0,0,0,0,2,
2024,RS,11,104,0,Total,,,HTA,,Total,200:00,100,23,40,11,18,21,25,8,18,26,25,8,15,4,0,25,24,119,
2024,RS,11,105,1,P010161   ,1.0,1.0,JOV,1,"KRAAG, YANNICK",24:01,8,4,6,0,4,0,0,2,1,3,1,3,0,0,0,1,0,8,-6.0
2024,RS,11,105,1,P013285   ,1.0,1.0,JOV,2,"DOTSON, DEVON DURRELL",28:29,18,4,6,2,3,4,5,1,1,2,5,1,0,0,0,1,6,27,-5.0
2024,RS,11,105,1,P006771   ,0.0,0.0,JOV,3,"BUSQUETS, PEP",06:37,5,1,1,1,2,0,0,0,0,0,0,0,0,0,0,1,0,3,-5.0
2024,RS,11,105,1,PJUG      ,0.0,0.0,JOV,4,"RIBAS, PAU",13:25,0,0,0,0,3,0,0,0,0,0,2,0,0,0,0,1,0,-2,-6.0
2024,RS,11,105,1,P013287   ,0.0,0.0,JOV,12,"BRAY-GATES, KAISER EVAN",09:39,0,0,1,0,0,0,0,0,0,0,0,0,0,0,0,2,0,-3,-9.0
2024,RS,11,105,1,P004834   ,0.0,1.0,JOV,13,"PUSTOVYI, ARTEM",20:07,9,3,4,0,0,3,4,2,0,2,0,0,2,3,0,2,3,11,1.0
2024,RS,11,105,1,P002361   ,0.0,1.0,JOV,16,"VIVES, GUILLEM",14:04,0,0,0,0,1,0,0,0,0,0,1,0,1,0,1,2,0,-4,-3.0
2024,RS,11,105,1,P009672   ,1.0,1.0,JOV,17,"DEKKER, SAM",26:34,7,2,2,1,8,0,2,1,6,7,2,2,3,1,0,2,1,6,-6.0
2024,RS,11,105,1,P013288   ,0.0,0.0,JOV,18,"TORRES DE LA TORRE, ADRIAN",DNP,0,0,0,0,0,0,0,0,0,0,0,0,0,0,0,0,0,0,0.0
2024,RS,11,105,1,P012740   ,0.0,0.0,JOV,30,"ROBERTSON, KASSIUS",20:47,23,5,6,4,4,1,1,0,0,0,2,0,3,2,0,4,2,21,-11.0
2024,RS,11,105,1,P002507   ,1.0,0.0,JOV,44,"TOMIC, ANTE",19:34,10,3,8,0,0,4,6,2,1,3,4,0,1,0,0,2,4,11,-12.0
2024,RS,11,105,1,P005099   ,1.0,0.0,JOV,88,"HANGA, ADAM",16:43,8,2,2,1,1,1,1,0,2,2,4,1,2,0,0,5,4,12,-8.0
2024,RS,11,105,1,Team,0.0,0.0,JOV,,Team,,0,0,0,0,0,0,0,2,2,4,0,0,0,0,0,0,0,4,
2024,RS,11,105,1,Total,,,JOV,,Total,200:00,88,24,36,9,26,13,19,10,13,23,21,7,12,6,1,23,20,94,
2024,RS,11,105,0,P006245   ,1.0,0.0,ULM,0,"WEIDEMANN, NELSON",16:43,8,2,3,1,4,1,1,0,0,0,3,1,0,0,1,5,1,3,-3.0
2024,RS,11,105,0,P013289   ,1.0,0.0,ULM,3,"SANTOS, MARCIO",14:02,14,4,5,1,3,3,5,2,1,3,1,0,1,0,0,5,4,11,12.0
2024,RS,11,105,0,P010726   ,0.0,1.0,ULM,7,"JENSEN, TOBIAS",08:24,2,1,2,0,0,0,0,0,0,0,0,0,1,0,0,0,0,0,-11.0
2024,RS,11,105,0,P012077   ,0.0,1.0,ULM,9,"PLUMMER, ALFONSO",14:22,4,0,3,0,1,4,4,2,0,2,3,1,0,0,2,0,2,6,6.0
2024,RS,11,105,0,P013290   ,1.0,0.0,ULM,10,"JESSUP, JUSTINIAN",26:13,16,1,3,4,6,2,2,0,4,4,3,0,0,0,0,0,1,20,16.0
2024,RS,11,105,0,P011391   ,1.0,0.0,ULM,12,"ESSENGUE, NOA",16:05,8,4,4,0,0,0,0,0,1,1,0,1,1,1,0,4,0,6,10.0
2024,RS,11,105,0,P007952   ,0.0,1.0,ULM,13,"BRETZEL, NICOLAS",06:11,0,0,0,0,0,0,0,0,1,1,0,0,0,0,0,0,0,1,-7.0
2024,RS,11,105,0,P006997   ,0.0,0.0,ULM,14,"HERKENHOFF, PHILIPP",19:47,9,0,0,3,4,0,0,2,1,3,0,0,1,0,1,3,1,7,9.0
2024,RS,11,105,0,P013291   ,0.0,0.0,ULM,15,"ROBY, ISAIAH",18:31,7,1,2,1,1,2,4,2,6,8,2,0,2,0,0,2,2,12,10.0
2024,RS,11,105,0,P010582   ,0.0,1.0,ULM,22,"KLEPEISZ, THOMAS",09:25,4,1,2,0,0,2,2,0,0,0,2,0,1,0,0,1,1,4,-1.0
2024,RS,11,105,0,P005422   ,1.0,1.0,ULM,35,"JALLOW, KARIM",30:22,12,4,6,0,1,4,5,1,3,4,2,0,4,0,2,0,6,14,8.0
2024,RS,11,105,0,P011437   ,0.0,0.0,ULM,77,"SARAF, BEN",19:55,18,4,5,1,2,7,8,1,1,2,3,0,2,0,0,0,5,23,21.0
2024,RS,11,105,0,Team,0.0,0.0,ULM,,Team,,0,0,0,0,0,0,0,2,2,4,0,0,1,0,0,0,0,3,
2024,RS,11,105,0,Total,,,ULM,,Total,200:00,102,22,35,11,22,25,31,12,20,32,19,3,14,1,6,20,23,110,
2024,RS,11,106,1,P011970   ,1.0,1.0,JER,1,"HARPER, JARED",32:42,24,3,4,2,7,12,13,0,1,1,6,0,4,0,0,3,9,26,-10.0
2024,RS,11,106,1,P008912   ,1.0,1.0,JER,3,"CARRINGTON, KHADEEN",27:58,14,2,5,2,5,4,6,0,3,3,2,1,1,0,1,1,6,15,-8.0
2024,RS,11,106,1,P013277   ,1.0,1.0,JER,4,"JOHNSON, CHRIS",29:32,13,4,5,1,3,2,2,3,4,7,2,0,1,0,1,2,1,16,5.0
2024,RS,11,106,1,P013279   ,1.0,0.0,JER,7,"CHACHASHVILI, GABRIEL",20:54,9,4,6,0,0,1,4,2,1,3,0,0,2,1,0,1,3,8,-22.0
2024,RS,11,106,1,P009879   ,0.0,0.0,JER,8,"DOVRAT, NOAM",04:05,0,0,0,0,0,0,0,0,0,0,1,0,1,0,0,1,0,-1,-5.0
2024,RS,11,106,1,P013280   ,0.0,0.0,JER,18,"HASSON, YARIN",DNP,0,0,0,0,0,0,0,0,0,0,0,0,0,0,0,0,0,0,0.0
2024,RS,11,106,1,P010431   ,0.0,0.0,JER,20,"MORGAN, JEREMY",13:50,13,0,1,3,3,4,4,0,2,2,3,0,0,0,1,5,2,13,18.0
2024,RS,11,106,1,P009649   ,0.0,0.0,JER,22,"PHILLIP, TARIK",15:51,3,1,2,0,1,1,1,1,2,3,1,3,3,0,0,3,2,4,-3.0
2024,RS,11,106,1,P013263   ,0.0,1.0,JER,34,"OGBEIDE, DEREK",19:06,7,3,4,0,0,1,2,0,2,2,0,0,2,0,0,4,1,2,16.0
2024,RS,11,106,1,P006625   ,1.0,1.0,JER,50,"ZOOSMAN, YOVEL",31:05,4,0,2,1,3,1,2,1,2,3,4,1,2,0,1,4,2,2,-14.0
2024,RS,11,106,1,P013281   ,0.0,0.0,JER,80,"CORNELIUS, OR",04:57,0,0,0,0,2,0,0,0,0,0,0,0,0,0,0,1,0,-3,-7.0
2024,RS,11,106,1,Team,0.0,0.0,JER,,Team,,0,0,0,0,0,0,0,2,1,3,0,0,1,0,0,0,0,2,
2024,RS,11,106,1,Total,,,JER,,Total,200:00,87,17,29,9,24,26,34,9,18,27,19,5,17,1,4,25,26,84,
2024,RS,11,106,0,P009898   ,1.0,0.0,LKB,2,"BICKAUSKIS, DOVIS",17:51,8,3,5,0,0,2,2,0,0,0,2,0,3,0,0,4,5,6,-5.0
2024,RS,11,106,0,P010181   ,0.0,0.0,LKB,3,"STENIONIS, DOMINYKAS",DNP,0,0,0,0,0,0,0,0,0,0,0,0,0,0,0,0,0,0,0.0
2024,RS,11,106,0,PLXI      ,0.0,0.0,LKB,10,"LIPKEVICIUS, VYTENIS",16:44,10,1,2,2,3,2,3,0,2,2,2,0,1,0,0,3,2,9,12.0
2024,RS,11,106,0,P010461   ,0.0,1.0,LKB,12,"MALDUNAS, GABRIELIUS",22:29,13,5,7,0,0,3,4,4,3,7,2,5,0,0,0,2,3,25,13.0
2024,RS,11,106,0,P005521   ,0.0,1.0,LKB,13,"VARNAS, MARTYNAS",23:58,11,2,5,2,5,1,1,0,3,3,4,0,2,1,0,2,2,11,8.0
2024,RS,11,106,0,P005656   ,1.0,1.0,LKB,15,"PECARSKI, MARKO",26:57,6,2,2,0,1,2,2,3,5,8,0,0,3,1,0,1,3,13,-2.0
2024,RS,11,106,0,P006586   ,1.0,0.0,LKB,16,"KALAITZAKIS, GEORGIOS",12:38,1,0,2,0,0,1,2,0,1,1,0,0,1,0,0,3,2,-3,-11.0
2024,RS,11,106,0,P009299   ,1.0,1.0,LKB,17,"RUBSTAVICIUS, MANTAS",DNP,19,2,4,3,6,6,6,1,2,3,1,1,2,0,0,3,4,18,-8.0
2024,RS,11,106,0,P006212   ,0.0,0.0,LKB,18,"VASILIAUSKAS, GRANTAS",DNP,0,0,0,0,0,0,0,0,0,0,0,0,0,0,0,0,0,0,0.0
2024,RS,11,106,0,P013246   ,1.0,0.0,LKB,25,"BRIGGS, JUSTIN",17:31,7,3,5,0,0,1,2,1,2,3,0,2,1,1,0,2,1,8,-7.0
2024,RS,11,106,0,P006860   ,0.0,0.0,LKB,35,"LAVRINOVICIUS, DANIELIUS",13:03,0,0,1,0,2,0,0,0,1,1,1,0,0,1,0,2,0,-2,8.0
2024,RS,11,106,0,P013247   ,0.0,1.0,LKB,50,"KOVLIAR, OLEKSANDR",22:09,18,7,8,0,4,4,4,0,1,1,6,3,0,0,1,4,3,21,11.0
2024,RS,11,106,0,Team,0.0,0.0,LKB,,Team,,0,0,0,0,0,0,0,1,1,2,0,0,2,0,0,0,0,0,
2024,RS,11,106,0,Total,,,LKB,,Total,173:20,93,25,41,7,21,22,26,10,21,31,18,11,15,4,1,26,25,106,
2024,RS,11,107,1,P007917   ,0.0,1.0,TTK,3,"DURMAZ, BERKAN",07:47,5,1,1,1,1,0,2,0,1,1,0,0,0,0,0,2,1,3,-5.0
2024,RS,11,107,1,P004056   ,0.0,0.0,TTK,5,"AKPINAR, ISMET",21:31,19,0,0,4,6,7,8,0,2,2,4,1,1,0,0,2,6,26,12.0
2024,RS,11,107,1,P011973   ,1.0,1.0,TTK,7,"ALEXANDER, KYLE",29:05,7,3,4,0,1,1,1,5,5,10,2,0,1,3,0,3,1,17,17.0
2024,RS,11,107,1,P009025   ,1.0,1.0,TTK,8,"BROWN, ANTHONY",34:31,18,2,4,3,7,5,6,1,3,4,1,1,4,0,0,3,3,13,17.0
2024,RS,11,107,1,P012415   ,0.0,0.0,TTK,9,"TUNCA, MELIH",01:32,0,0,0,0,0,0,0,0,0,0,0,0,1,0,0,0,0,-1,-5.0
2024,RS,11,107,1,P010465   ,0.0,0.0,TTK,11,"ANGOLA, BRAIAN",DNP,0,0,0,0,0,0,0,0,0,0,0,0,0,0,0,0,0,0,0.0
2024,RS,11,107,1,P011977   ,0.0,0.0,TTK,12,"OZDOGAN, ARDA",DNP,0,0,0,0,0,0,0,0,0,0,0,0,0,0,0,0,0,0,0.0
2024,RS,11,107,1,P004619   ,0.0,0.0,TTK,13,"AGVA, MAHIR",12:44,5,1,2,0,0,3,4,3,4,7,1,0,0,1,0,3,3,12,2.0
2024,RS,11,107,1,P013300   ,1.0,1.0,TTK,20,"BESS, JAVON",23:03,2,1,2,0,2,0,0,0,3,3,0,0,1,1,1,2,0,-1,9.0
2024,RS,11,107,1,P006598   ,0.0,0.0,TTK,21,"HANLAN, OLIVIER",17:29,16,3,6,2,2,4,4,0,0,0,4,0,2,1,0,4,3,15,7.0
2024,RS,11,107,1,P010587   ,1.0,1.0,TTK,44,"SMITH, KENNETH",24:22,6,0,1,0,4,6,6,0,2,2,2,1,3,0,0,2,5,6,-8.0
2024,RS,11,107,1,P011935   ,1.0,0.0,TTK,55,"MAKOUNDOU, YOAN",27:56,9,2,5,1,4,2,2,3,4,7,3,0,3,2,0,3,4,13,4.0
2024,RS,11,107,1,Team,0.0,0.0,TTK,,Team,,0,0,0,0,0,0,0,1,5,6,0,0,0,0,0,0,0,6,
2024,RS,11,107,1,Total,,,TTK,,Total,200:00,87,13,25,11,27,28,33,13,29,42,17,3,16,8,1,24,26,109,
2024,RS,11,107,0,P013500   ,1.0,1.0,ARI,0,"COOPER, SHARIFE",25:59,20,3,9,3,6,5,6,1,1,2,1,1,3,0,3,4,4,8,-8.0
2024,RS,11,107,0,P013248   ,1.0,0.0,ARI,1,"BANKS, JAMES",15:53,2,1,4,0,0,0,2,3,1,4,1,1,1,0,0,1,1,2,1.0
2024,RS,11,107,0,P013249   ,1.0,1.0,ARI,2,"NOLLEY, LANDERS",26:59,10,3,9,0,3,4,4,0,2,2,3,0,3,0,2,2,3,2,-18.0
2024,RS,11,107,0,P013355   ,1.0,0.0,ARI,10,"CHATZIDAKIS, EMMANOUIL",11:48,2,1,3,0,2,0,0,0,1,1,0,0,0,0,0,2,0,-3,3.0
2024,RS,11,107,0,P013393   ,0.0,1.0,ARI,11,"LASZEWSKI, NATHAN JAMES",23:18,9,0,0,2,4,3,4,2,1,3,0,1,0,0,0,4,4,10,-5.0
2024,RS,11,107,0,P013395   ,1.0,1.0,ARI,17,"VISSARIOU, TILEMACHOS",17:40,3,0,0,1,2,0,0,1,3,4,0,0,0,0,0,3,0,3,1.0
2024,RS,11,107,0,P010397   ,0.0,1.0,ARI,21,"WILLIS, DARRAL",26:35,15,4,7,0,4,7,8,3,3,6,2,0,1,0,1,3,8,18,-13.0
2024,RS,11,107,0,P013252   ,0.0,0.0,ARI,23,"ROBERTS, JOSHUA",12:45,5,2,2,0,0,1,2,3,2,5,2,0,0,0,0,1,1,11,-8.0
2024,RS,11,107,0,P012616   ,0.0,0.0,ARI,25,"FILLIOS, GEORGIOS",15:15,0,0,2,0,0,0,0,1,1,2,2,0,0,0,1,5,0,-4,3.0
2024,RS,11,107,0,P013253   ,0.0,0.0,ARI,55,"HODGE, D MOI",23:48,11,2,6,2,4,1,2,2,2,4,2,2,0,1,1,1,2,13,-6.0
2024,RS,11,107,0,Team,0.0,0.0,ARI,,Team,,0,0,0,0,0,0,0,2,0,2,0,0,1,0,0,0,0,1,
2024,RS,11,107,0,Total,,,ARI,,Total,200:00,77,16,42,8,25,21,28,18,17,35,13,5,9,1,8,26,23,61,
2024,RS,11,108,1,P003759   ,0.0,0.0,VNC,0,"TESSITORI, AMEDEO",11:08,6,2,3,0,1,2,4,3,3,6,0,1,2,0,0,4,3,6,-10.0
2024,RS,11,108,1,P012800   ,0.0,1.0,VNC,2,"McGRUDER, RODNEY",28:30,10,1,2,2,4,2,2,1,2,3,2,0,1,0,1,3,1,8,8.0
2024,RS,11,108,1,P006571   ,0.0,0.0,VNC,4,"LEVER, ALESSANDRO",DNP,0,0,0,0,0,0,0,0,0,0,0,0,0,0,0,0,0,0,0.0
2024,RS,11,108,1,P009400   ,1.0,0.0,VNC,7,"CASARIN, DAVIDE",18:48,2,0,2,0,1,2,2,0,1,1,1,0,5,0,1,4,4,-5,-7.0
2024,RS,11,108,1,P008858   ,1.0,0.0,VNC,11,"ENNIS, TYLER",21:53,3,1,4,0,0,1,1,0,1,1,5,0,3,0,1,2,4,4,-10.0
2024,RS,11,108,1,P012588   ,0.0,0.0,VNC,14,"JANELIDZE, GIGA",DNP,0,0,0,0,0,0,0,0,0,0,0,0,0,0,0,0,0,0,0.0
2024,RS,11,108,1,P012796   ,1.0,1.0,VNC,21,"KABENGELE, MFIONDU",28:52,20,4,6,2,3,6,8,1,6,7,1,2,1,0,0,2,5,27,5.0
2024,RS,11,108,1,P011909   ,1.0,1.0,VNC,22,"PARKS, JORDAN",30:36,20,4,9,3,4,3,3,4,6,10,2,0,3,0,1,4,3,21,3.0
2024,RS,11,108,1,P013305   ,0.0,1.0,VNC,24,"WHEATLE, CARL",20:40,4,2,5,0,1,0,0,1,3,4,4,0,3,1,0,2,0,4,-11.0
2024,RS,11,108,1,P011928   ,0.0,0.0,VNC,25,"SIMMS, AAMIR",16:03,0,0,2,0,4,0,0,1,1,2,0,0,1,0,0,3,2,-6,2.0
2024,RS,11,108,1,P008052   ,1.0,1.0,VNC,33,"WILTJER, KYLE",23:30,10,2,2,0,3,6,6,0,1,1,0,1,2,0,0,1,3,9,-5.0
2024,RS,11,108,1,P012493   ,0.0,0.0,VNC,40,"IANNUZZI, PIETRO",DNP,0,0,0,0,0,0,0,0,0,0,0,0,0,0,0,0,0,0,0.0
2024,RS,11,108,1,Team,0.0,0.0,VNC,,Team,,0,0,0,0,0,0,0,1,3,4,0,0,0,0,0,0,0,4,
2024,RS,11,108,1,Total,,,VNC,,Total,200:00,75,16,35,7,21,22,26,12,27,39,15,4,21,1,4,25,25,72,
2024,RS,11,108,0,P012700   ,1.0,1.0,LJU,0,"STEWART, DJ",19:42,9,3,8,0,1,3,4,1,2,3,1,2,3,2,0,2,4,9,4.0
2024,RS,11,108,0,P012042   ,1.0,1.0,LJU,1,"ROBINSON, DEVIN",31:37,7,3,7,0,0,1,1,1,4,5,0,1,2,0,0,3,2,6,1.0
2024,RS,11,108,0,P013260   ,0.0,1.0,LJU,2,"JONES, DEVANTE",14:57,2,0,4,0,0,2,2,0,1,1,5,4,0,0,1,4,3,6,-3.0
2024,RS,11,108,0,P009392   ,0.0,0.0,LJU,3,"RADOVIC, ROK",09:27,0,0,0,0,1,0,0,0,1,1,1,0,0,0,0,2,0,-1,-5.0
2024,RS,11,108,0,P003703   ,1.0,1.0,LJU,5,"NIKOLIC, ALEKSEJ",23:07,7,3,4,0,4,1,1,0,2,2,2,1,2,0,0,4,1,2,11.0
2024,RS,11,108,0,P011261   ,0.0,0.0,LJU,7,"GLAS, GREGOR",04:42,2,1,1,0,1,0,0,0,1,1,1,0,0,0,0,1,1,3,4.0
2024,RS,11,108,0,P013261   ,1.0,1.0,LJU,9,"LEMAR, BRYNTON",28:18,23,6,9,3,3,2,2,0,3,3,1,2,1,0,0,1,3,27,0.0
2024,RS,11,108,0,P003452   ,0.0,0.0,LJU,11,"BLAZIC, JAKA",20:05,7,1,3,1,2,2,2,0,5,5,0,2,1,0,0,0,1,11,0.0
2024,RS,11,108,0,P012996   ,1.0,0.0,LJU,20,"BERINGER, JOAN",07:16,7,3,3,0,0,1,1,1,1,2,0,0,0,2,0,4,1,8,7.0
2024,RS,11,108,0,P009753   ,0.0,0.0,LJU,23,"GEBEN, MARTINAS",11:37,6,2,3,0,0,2,2,0,1,1,0,0,0,0,0,2,1,5,10.0
2024,RS,11,108,0,P005113   ,0.0,0.0,LJU,31,"STIPANOVIC, ANDRIJA",25:30,10,4,7,0,0,2,7,2,1,3,3,1,1,0,0,2,8,14,2.0
2024,RS,11,108,0,P009431   ,0.0,0.0,LJU,41,"DANEU, ZIGA",03:42,0,0,0,0,1,0,0,0,0,0,0,0,0,0,0,0,0,-1,-6.0
2024,RS,11,108,0,Team,0.0,0.0,LJU,,Team,,0,0,0,0,0,0,0,1,0,1,0,0,2,0,0,0,0,-1,
2024,RS,11,108,0,Total,,,LJU,,Total,200:00,80,26,49,4,13,16,22,6,22,28,14,13,12,4,1,25,25,88,
2024,RS,11,109,1,P011797   ,1.0,0.0,CLU,0,"GUZMAN, KAREL",21:04,12,3,4,2,3,0,2,0,1,1,0,2,3,0,0,5,2,5,0.0
2024,RS,11,109,1,P013301   ,0.0,0.0,CLU,2,"SOMACESCU, TUDOR",DNP,0,0,0,0,0,0,0,0,0,0,0,0,0,0,0,0,0,0,0.0
2024,RS,11,109,1,P013302   ,1.0,1.0,CLU,3,"SIMPSON, ZAVIER",38:33,27,8,11,1,2,8,8,0,2,2,11,1,9,0,1,2,10,35,0.0
2024,RS,11,109,1,P005714   ,0.0,1.0,CLU,5,"MEJERIS, MAREKS",16:19,0,0,1,0,0,0,0,2,3,5,1,0,0,0,0,2,0,3,0.0
2024,RS,11,109,1,P013303   ,0.0,0.0,CLU,6,"MIRON, DARIUS",00:04,0,0,0,0,0,0,0,0,0,0,0,0,0,0,0,0,0,0,0.0
2024,RS,11,109,1,P002820   ,1.0,1.0,CLU,9,"SALIN, SASU",25:38,3,0,0,1,6,0,0,1,1,2,2,2,0,0,0,3,0,1,12.0
2024,RS,11,109,1,P013304   ,1.0,0.0,CLU,10,"HANKINS, ZACH",16:14,2,1,4,0,0,0,0,1,3,4,0,1,3,2,1,2,1,1,-11.0
2024,RS,11,109,1,P004862   ,0.0,1.0,CLU,11,"SEELEY, DENNIS",32:39,14,2,3,2,4,4,4,1,2,3,3,1,5,1,0,3,4,15,1.0
2024,RS,11,109,1,P002012   ,1.0,0.0,CLU,17,"ORELIK, GEDIMINAS",28:31,14,1,1,4,5,0,0,1,4,5,4,1,2,0,0,3,2,20,5.0
2024,RS,11,109,1,P006618   ,0.0,1.0,CLU,23,"STEPHENS, DE'SHAWN",18:56,17,7,7,0,0,3,6,1,2,3,1,1,1,0,0,4,4,18,12.0
2024,RS,11,109,1,P012620   ,0.0,0.0,CLU,25,"MACIUCA, MIHAI",02:02,0,0,0,0,0,0,2,0,0,0,0,0,0,0,0,0,1,-1,-4.0
2024,RS,11,109,1,P012698   ,0.0,0.0,CLU,95,"MOKOKA, ADAM",DNP,0,0,0,0,0,0,0,0,0,0,0,0,0,0,0,0,0,0,0.0
2024,RS,11,109,1,Team,0.0,0.0,CLU,,Team,,0,0,0,0,0,0,0,1,2,3,0,0,0,0,0,0,0,3,
2024,RS,11,109,1,Total,,,CLU,,Total,200:00,89,22,31,10,20,15,22,8,20,28,22,9,23,3,2,24,24,100,
2024,RS,11,109,0,P004525   ,0.0,1.0,BOU,3,"SALASH, MAKSIM",21:07,10,4,4,0,3,2,3,0,2,2,1,1,0,0,0,3,3,10,-6.0
2024,RS,11,109,0,P013264   ,1.0,0.0,BOU,4,"NELSON, ADRIAN",19:58,4,2,5,0,1,0,0,1,0,1,0,0,0,0,1,0,1,1,1.0
2024,RS,11,109,0,P010449   ,0.0,1.0,BOU,5,"BENITEZ, HUGO",18:02,8,4,5,0,1,0,0,0,1,1,8,1,2,0,0,2,1,13,2.0
2024,RS,11,109,0,P010450   ,0.0,0.0,BOU,7,"COURBY, MAXIME",15:43,3,0,0,1,1,0,0,0,1,1,0,0,1,0,0,3,0,0,0.0
2024,RS,11,109,0,P013265   ,1.0,1.0,BOU,8,"USHER, JORDAN",24:17,10,1,2,2,3,2,2,0,0,0,0,0,2,0,1,3,3,5,-3.0
2024,RS,11,109,0,P006904   ,1.0,0.0,BOU,11,"AYAYI, JOEL",22:17,9,3,5,1,1,0,0,1,0,1,4,2,3,0,0,1,1,11,-7.0
2024,RS,11,109,0,P013266   ,1.0,1.0,BOU,13,"CASTANEDA, XAVIER",26:33,17,3,4,2,6,5,8,0,3,3,8,2,3,0,0,2,11,28,-7.0
2024,RS,11,109,0,P009552   ,0.0,0.0,BOU,27,"PANSA, JEAN-MARC",17:52,10,4,7,0,0,2,4,0,2,2,0,0,3,2,0,3,3,6,-15.0
2024,RS,11,109,0,P004945   ,0.0,1.0,BOU,33,"PAUL, BRANDON",13:13,3,0,0,1,6,0,0,1,1,2,2,0,0,0,0,3,0,-1,4.0
2024,RS,11,109,0,P011837   ,1.0,0.0,BOU,34,"KOKILA, KEVIN",20:58,12,5,9,0,0,2,2,4,3,7,3,5,0,0,1,4,1,19,16.0
2024,RS,11,109,0,Team,0.0,0.0,BOU,,Team,,0,0,0,0,0,0,0,2,2,4,0,0,0,0,0,0,0,4,
2024,RS,11,109,0,Total,,,BOU,,Total,200:00,86,26,41,7,22,13,19,9,15,24,26,11,14,2,3,24,24,96,
2024,RS,11,110,1,P013308   ,1.0,1.0,HAM,1,"IVEY, BRAE",30:38,6,0,0,2,8,0,0,1,4,5,7,1,1,0,0,4,4,12,-8.0
2024,RS,11,110,1,P013309   ,0.0,1.0,HAM,4,"LOTTIE, JAIZEC",19:20,13,3,7,2,7,1,1,0,2,2,5,1,1,0,2,4,2,7,-13.0
2024,RS,11,110,1,P010070   ,0.0,0.0,HAM,6,"MOELLER, LEIF",04:30,0,0,0,0,0,0,0,0,0,0,0,0,0,0,0,0,0,0,0.0
2024,RS,11,110,1,P013310   ,0.0,0.0,HAM,8,"GREY, JARED",07:39,3,0,0,1,3,0,0,0,0,0,0,0,0,0,0,1,0,0,-13.0
2024,RS,11,110,1,P013311   ,0.0,0.0,HAM,11,"KENNEDY, KEONDRE",DNP,0,0,0,0,0,0,0,0,0,0,0,0,0,0,0,0,0,0,0.0
2024,RS,11,110,1,P012695   ,0.0,0.0,HAM,14,"REECE, CAMRON",DNP,0,0,0,0,0,0,0,0,0,0,0,0,0,0,0,0,0,0,0.0
2024,RS,11,110,1,P005478   ,1.0,1.0,HAM,17,"WIMBERG, NIKLAS",27:31,6,3,4,0,2,0,0,1,1,2,2,0,2,0,0,3,1,3,2.0
2024,RS,11,110,1,P013312   ,0.0,1.0,HAM,21,"BARNETT, JORDAN",22:04,11,3,6,1,3,2,2,1,4,5,0,4,0,1,0,3,1,14,-6.0
2024,RS,11,110,1,P013503   ,1.0,0.0,HAM,22,"STOVE, JOHNATHAN",32:41,17,7,14,0,6,3,3,2,1,3,3,0,4,0,1,3,4,6,-1.0
2024,RS,11,110,1,P013313   ,1.0,1.0,HAM,23,"KUATH, KUR",22:40,12,5,7,0,0,2,2,4,8,12,0,0,1,1,0,2,1,21,-2.0
2024,RS,11,110,1,P003242   ,1.0,0.0,HAM,25,"OGBE, KENNETH",20:04,2,0,2,0,2,2,2,1,3,4,1,0,1,0,0,4,3,1,8.0
2024,RS,11,110,1,P006006   ,0.0,0.0,HAM,44,"TURUDIC, BENEDIKT",12:53,8,4,5,0,0,0,0,2,1,3,0,0,0,0,1,2,0,7,-7.0
2024,RS,11,110,1,Team,0.0,0.0,HAM,,Team,,0,0,0,0,0,0,0,3,5,8,0,0,1,0,0,0,0,7,
2024,RS,11,110,1,Total,,,HAM,,Total,200:00,78,25,45,6,31,10,10,15,29,44,18,6,11,2,4,26,16,78,
2024,RS,11,110,0,P007527   ,0.0,1.0,PAM,0,"BADIO, BRANCOU",18:46,9,0,1,3,6,0,2,2,1,3,5,0,0,0,1,0,2,12,8.0
2024,RS,11,110,0,P006643   ,1.0,1.0,PAM,2,"PUERTO, JOSEP",20:12,17,1,2,4,6,3,4,0,3,3,2,1,1,0,0,1,4,21,14.0
2024,RS,11,110,0,P010393   ,1.0,0.0,PAM,4,"PRADILLA, JAIME",22:08,7,1,3,1,2,2,2,2,5,7,2,0,2,0,0,1,2,12,6.0
2024,RS,11,110,0,P010750   ,1.0,0.0,PAM,5,"DE LARREA, SERGIO",14:51,3,1,2,0,1,1,2,2,2,4,3,0,1,0,0,1,1,6,11.0
2024,RS,11,110,0,P005356   ,0.0,0.0,PAM,6,"LOPEZ-AROSTEGUI, XABI",04:48,0,0,2,0,3,0,0,0,1,1,1,0,0,0,0,0,0,-3,-6.0
2024,RS,11,110,0,P010568   ,0.0,0.0,PAM,7,"JONES, CHRIS",13:43,12,4,6,0,0,4,4,1,3,4,3,1,1,0,0,1,3,19,14.0
2024,RS,11,110,0,P010042   ,1.0,1.0,PAM,8,"MONTERO, JEAN",20:43,9,0,2,2,6,3,3,0,2,2,1,3,3,0,1,2,3,6,0.0
2024,RS,11,110,0,P004863   ,0.0,0.0,PAM,16,"JOVIC, STEFAN",09:26,0,0,1,0,2,0,0,1,0,1,3,0,0,0,0,0,1,2,-7.0
2024,RS,11,110,0,P010444   ,1.0,1.0,PAM,24,"COSTELLO, MATTHEW",20:41,9,3,3,0,4,3,6,3,4,7,1,1,1,0,0,3,6,13,4.0
2024,RS,11,110,0,P012075   ,0.0,0.0,PAM,35,"BRIMAH, AMIDA",13:53,3,0,0,0,0,3,6,2,2,4,0,1,1,4,0,3,3,8,8.0
2024,RS,11,110,0,P011982   ,0.0,0.0,PAM,37,"OJELEYE, SEMI",22:28,12,1,2,3,7,1,2,0,0,0,0,0,1,0,0,2,1,4,-9.0
2024,RS,11,110,0,P011980   ,0.0,1.0,PAM,77,"SESTINA, NATHAN",18:21,5,1,1,1,5,0,0,0,3,3,1,0,0,0,0,2,0,3,-3.0
2024,RS,11,110,0,Team,0.0,0.0,PAM,,Team,,0,0,0,0,0,0,0,3,3,6,0,0,1,0,0,0,0,5,
2024,RS,11,110,0,Total,,,PAM,,Total,200:00,86,12,25,14,42,20,31,16,29,45,22,7,12,4,2,16,26,108,
2024,RS,12,111,1,P010161   ,1.0,1.0,JOV,1,"KRAAG, YANNICK",25:56,20,4,4,2,6,6,8,1,3,4,0,0,1,0,0,3,4,18,1.0
2024,RS,12,111,1,P013285   ,1.0,1.0,JOV,2,"DOTSON, DEVON DURRELL",26:24,14,5,6,0,2,4,4,0,1,1,6,1,4,0,0,2,4,17,6.0
2024,RS,12,111,1,P006771   ,0.0,0.0,JOV,3,"BUSQUETS, PEP",05:19,3,0,0,1,1,0,0,0,2,2,0,0,0,0,0,1,0,4,-6.0
2024,RS,12,111,1,PJUG      ,0.0,0.0,JOV,4,"RIBAS, PAU",15:28,7,1,1,1,4,2,2,0,2,2,3,1,0,0,0,0,1,11,12.0
2024,RS,12,111,1,P013287   ,0.0,1.0,JOV,12,"BRAY-GATES, KAISER EVAN",22:43,8,1,1,1,3,3,4,2,3,5,2,1,0,0,0,1,3,15,15.0
2024,RS,12,111,1,P004834   ,1.0,0.0,JOV,13,"PUSTOVYI, ARTEM",21:40,11,5,6,0,0,1,1,0,3,3,1,1,1,1,0,3,2,14,-1.0
2024,RS,12,111,1,P002361   ,0.0,0.0,JOV,16,"VIVES, GUILLEM",12:12,0,0,0,0,4,0,0,0,0,0,3,1,0,0,0,3,1,-2,1.0
2024,RS,12,111,1,P009672   ,1.0,1.0,JOV,17,"DEKKER, SAM",17:39,7,1,2,1,3,2,3,1,8,9,1,0,2,0,0,1,3,13,-14.0
2024,RS,12,111,1,P011600   ,0.0,0.0,JOV,20,"MAJORAL, PAU",DNP,0,0,0,0,0,0,0,0,0,0,0,0,0,0,0,0,0,0,0.0
2024,RS,12,111,1,P012079   ,0.0,0.0,JOV,25,"ONI, MIYE",12:12,4,1,2,0,3,2,2,0,1,1,1,0,0,0,0,2,1,1,-1.0
2024,RS,12,111,1,P012740   ,1.0,1.0,JOV,30,"ROBERTSON, KASSIUS",22:29,10,2,5,2,4,0,0,1,1,2,3,0,1,0,1,2,4,10,-4.0
2024,RS,12,111,1,P002507   ,0.0,0.0,JOV,44,"TOMIC, ANTE",17:58,8,3,6,0,0,2,5,1,2,3,5,0,0,0,0,0,3,13,6.0
2024,RS,12,111,1,Team,0.0,0.0,JOV,,Team,,0,0,0,0,0,0,0,0,3,3,0,0,1,0,0,0,0,2,
2024,RS,12,111,1,Total,,,JOV,,Total,200:00,92,23,33,8,30,22,29,6,29,35,25,5,10,1,1,18,26,116,
2024,RS,12,111,0,P013292   ,0.0,0.0,TSO,0,"JANKOWSKI, BARTOSZ",04:46,0,0,0,0,0,0,0,0,0,0,0,0,0,0,0,1,0,-1,-14.0
2024,RS,12,111,0,P012019   ,1.0,1.0,TSO,3,"BEST, AARON",36:42,14,2,6,2,5,4,5,1,7,8,1,1,1,0,0,2,3,16,8.0
2024,RS,12,111,0,P013504   ,1.0,1.0,TSO,4,"ALLEYNE, NAHIEM",33:17,13,2,4,3,5,0,0,0,3,3,2,0,1,0,0,2,1,12,5.0
2024,RS,12,111,0,P013294   ,0.0,0.0,TSO,9,"JASZCZERSKI, WIKTOR",DNP,0,0,0,0,0,0,0,0,0,0,0,0,0,0,0,0,0,0,0.0
2024,RS,12,111,0,P008790   ,0.0,0.0,TSO,12,"WITLINSKI, MIKOLAJ",17:02,4,2,4,0,0,0,0,3,4,7,0,0,0,0,0,3,0,6,-3.0
2024,RS,12,111,0,P007426   ,1.0,1.0,TSO,13,"JOHNSON, NICK",26:09,13,5,10,0,1,3,3,0,6,6,8,1,4,0,0,3,3,18,-8.0
2024,RS,12,111,0,P013295   ,1.0,1.0,TSO,15,"ZYSKOWSKI, JAROSLAW",33:06,25,4,11,5,6,2,3,1,3,4,1,0,0,0,1,3,2,19,9.0
2024,RS,12,111,0,P013296   ,1.0,0.0,TSO,32,"GROSELLE, GEOFFREY",22:36,12,6,8,0,0,0,2,0,3,3,2,1,0,1,0,5,2,12,0.0
2024,RS,12,111,0,P013298   ,0.0,1.0,TSO,55,"SCHENK, JAKUB",16:07,6,0,2,2,4,0,0,0,1,1,5,0,1,0,0,4,4,7,5.0
2024,RS,12,111,0,P003885   ,0.0,0.0,TSO,81,"VAN VLIET, ANDY",10:15,2,0,1,0,2,2,2,0,3,3,0,0,2,0,0,4,3,-1,-17.0
2024,RS,12,111,0,Team,0.0,0.0,TSO,,Team,,0,0,0,0,0,0,0,0,1,1,0,0,0,0,0,0,0,1,
2024,RS,12,111,0,Total,,,TSO,,Total,200:00,89,21,46,12,23,11,15,5,31,36,19,3,9,1,1,27,18,89,
2024,RS,12,112,1,P006245   ,0.0,0.0,ULM,0,"WEIDEMANN, NELSON",19:56,14,1,3,4,5,0,0,2,1,3,3,0,3,0,1,5,2,10,6.0
2024,RS,12,112,1,P013289   ,1.0,0.0,ULM,3,"SANTOS, MARCIO",19:04,20,3,4,3,3,5,5,2,0,2,1,1,1,1,0,2,6,27,15.0
2024,RS,12,112,1,P010726   ,0.0,1.0,ULM,7,"JENSEN, TOBIAS",10:34,3,0,0,1,1,0,0,0,0,0,1,0,0,0,0,1,0,3,-6.0
2024,RS,12,112,1,P012077   ,0.0,1.0,ULM,9,"PLUMMER, ALFONSO",23:30,15,2,6,3,5,2,2,0,3,3,4,0,0,0,0,1,1,16,17.0
2024,RS,12,112,1,P013290   ,1.0,0.0,ULM,10,"JESSUP, JUSTINIAN",24:24,12,6,10,0,2,0,2,2,4,6,5,2,0,0,0,3,1,15,15.0
2024,RS,12,112,1,P011391   ,0.0,1.0,ULM,12,"ESSENGUE, NOA",17:14,12,5,7,0,3,2,2,2,3,5,0,1,2,0,0,3,1,9,-1.0
2024,RS,12,112,1,P007952   ,0.0,1.0,ULM,13,"BRETZEL, NICOLAS",08:29,4,2,4,0,0,0,1,1,2,3,0,0,1,0,0,2,2,3,-1.0
2024,RS,12,112,1,P006997   ,0.0,0.0,ULM,14,"HERKENHOFF, PHILIPP",12:27,2,1,2,0,0,0,0,0,3,3,1,1,1,0,0,1,1,5,9.0
2024,RS,12,112,1,P013291   ,0.0,0.0,ULM,15,"ROBY, ISAIAH",16:31,13,5,5,1,2,0,0,0,8,8,2,1,1,1,0,1,1,23,25.0
2024,RS,12,112,1,P010582   ,1.0,0.0,ULM,22,"KLEPEISZ, THOMAS",11:33,2,1,2,0,1,0,0,0,0,0,1,0,0,0,1,3,0,-3,4.0
2024,RS,12,112,1,P005422   ,1.0,0.0,ULM,35,"JALLOW, KARIM",12:31,8,2,2,1,2,1,1,1,2,3,0,0,1,0,0,4,1,6,6.0
2024,RS,12,112,1,P011437   ,1.0,1.0,ULM,77,"SARAF, BEN",23:47,9,4,9,0,4,1,1,1,1,2,4,4,2,0,1,2,1,6,26.0
2024,RS,12,112,1,Team,0.0,0.0,ULM,,Team,,0,0,0,0,0,0,0,1,1,2,0,0,0,0,0,0,0,2,
2024,RS,12,112,1,Total,,,ULM,,Total,200:00,114,32,54,13,28,11,14,12,28,40,22,10,12,2,3,28,17,122,
2024,RS,12,112,0,P012003   ,1.0,0.0,WOL,1,"COWAN JR, ANTHONY",23:53,15,0,0,3,5,6,6,0,1,1,1,4,4,0,0,3,4,16,-14.0
2024,RS,12,112,0,P012789   ,0.0,0.0,WOL,4,"BROOKS, GARRISON",19:52,4,2,4,0,1,0,0,2,1,3,0,0,1,0,1,4,0,-2,-23.0
2024,RS,12,112,0,P003212   ,0.0,1.0,WOL,8,"KARINIAUSKAS, VAIDAS",13:42,6,2,2,0,0,2,3,1,0,1,6,1,4,0,0,0,2,11,-1.0
2024,RS,12,112,0,P009306   ,0.0,1.0,WOL,9,"BASLYK, DANIEL",05:14,3,0,0,0,0,3,4,0,2,2,2,0,0,0,0,0,2,8,3.0
2024,RS,12,112,0,P004645   ,1.0,1.0,WOL,10,"MINIOTAS, REGIMANTAS",14:35,2,1,4,0,0,0,0,1,3,4,1,0,0,1,1,1,1,4,-9.0
2024,RS,12,112,0,P006897   ,0.0,1.0,WOL,11,"MARCINKEVICIUS, JUSTINAS",01:15,2,1,1,0,0,0,0,0,0,0,0,0,0,0,0,0,0,2,4.0
2024,RS,12,112,0,P011248   ,0.0,0.0,WOL,12,"ANDREWS, ANDREW",22:32,9,2,5,0,5,5,6,0,2,2,2,0,1,0,0,1,3,5,-16.0
2024,RS,12,112,0,P005516   ,0.0,0.0,WOL,13,"ZEMAITIS, KRISTUPAS",23:47,3,0,1,1,4,0,0,0,2,2,3,0,2,0,0,0,1,3,-12.0
2024,RS,12,112,0,P012577   ,1.0,0.0,WOL,15,"THURMAN, TRE'SHAWN",22:40,12,3,4,0,4,6,6,1,5,6,2,0,0,1,0,4,5,17,-23.0
2024,RS,12,112,0,P008186   ,1.0,0.0,WOL,22,"BLAZEVIC, MAREK",13:49,14,6,7,0,0,2,3,0,2,2,1,1,2,1,0,4,3,14,-12.0
2024,RS,12,112,0,P006853   ,1.0,0.0,WOL,23,"JOGELA, MATAS",22:42,9,1,4,1,3,4,4,1,1,2,0,0,3,0,0,1,4,6,-7.0
2024,RS,12,112,0,P006180   ,0.0,1.0,WOL,98,"KULBOKA, ARNOLDAS",15:59,12,1,3,3,5,1,2,1,5,6,0,0,0,0,0,0,2,15,-5.0
2024,RS,12,112,0,Team,0.0,0.0,WOL,,Team,,0,0,0,0,0,0,0,2,2,4,0,0,1,0,0,0,0,3,
2024,RS,12,112,0,Total,,,WOL,,Total,200:00,91,19,35,8,27,29,34,9,26,35,18,6,18,3,2,18,27,102,
2024,RS,12,113,1,P011157   ,1.0,1.0,HTA,0,"MOTLEY, JOHNATHAN",33:22,21,6,8,0,0,9,10,1,3,4,1,1,7,1,1,3,7,21,6.0
2024,RS,12,113,1,P005181   ,0.0,0.0,HTA,1,"RAGLAND, JOE",15:29,5,2,4,0,1,1,1,0,0,0,5,2,1,0,0,4,1,5,0.0
2024,RS,12,113,1,P013402   ,0.0,1.0,HTA,2,"BLAKENEY, ANTONIO",30:58,27,4,7,5,6,4,5,0,4,4,2,0,2,0,0,0,5,31,6.0
2024,RS,12,113,1,P013506   ,0.0,0.0,HTA,4,"BINGHAM, MARCUS",DNP,0,0,0,0,0,0,0,0,0,0,0,0,0,0,0,0,0,0,0.0
2024,RS,12,113,1,P013283   ,0.0,1.0,HTA,9,"PALATIN, GUY",08:15,2,1,1,0,1,0,0,1,1,2,1,2,0,0,0,1,1,6,3.0
2024,RS,12,113,1,P004846   ,1.0,0.0,HTA,10,"TIMOR, BAR",27:40,6,2,2,0,3,2,2,0,5,5,6,0,2,0,0,4,1,9,17.0
2024,RS,12,113,1,P009877   ,0.0,0.0,HTA,14,"BLAYZER, OZ",DNP,0,0,0,0,0,0,0,0,0,0,0,0,0,0,0,0,0,0,0.0
2024,RS,12,113,1,P010386   ,1.0,1.0,HTA,17,"FOSTER, MARCUS",24:03,13,2,5,2,5,3,5,2,4,6,1,0,2,0,1,1,2,10,1.0
2024,RS,12,113,1,P013284   ,1.0,0.0,HTA,24,"WAINRIGHT, ISHMAIL CARZELL",14:33,5,0,0,1,2,2,2,0,1,1,0,1,1,0,0,5,2,2,1.0
2024,RS,12,113,1,P011052   ,1.0,1.0,HTA,26,"MADAR, YAM",33:05,16,4,5,1,1,5,6,0,4,4,6,2,3,0,0,3,6,26,7.0
2024,RS,12,113,1,P010550   ,0.0,0.0,HTA,41,"GINAT, TOMER",25:57,8,3,6,0,1,2,3,3,4,7,1,0,0,0,0,2,3,12,-3.0
2024,RS,12,113,1,P012096   ,0.0,0.0,HTA,51,"CABOCLO, BRUNO",11:38,6,2,3,0,0,2,2,0,1,1,0,0,1,0,0,2,1,4,2.0
2024,RS,12,113,1,Team,0.0,0.0,HTA,,Team,,0,0,0,0,0,0,0,3,3,6,0,0,1,0,0,0,0,5,
2024,RS,12,113,1,Total,,,HTA,,Total,225:00,109,26,41,9,20,30,36,10,30,40,23,8,20,1,2,25,29,131,
2024,RS,12,113,0,P011924   ,1.0,1.0,BES,0,"ALLMAN, KYLE",34:33,26,6,9,3,5,5,11,3,3,6,7,2,3,1,1,1,10,36,-2.0
2024,RS,12,113,0,P011936   ,0.0,1.0,BES,2,"MATHEWS, JONAH",35:41,16,6,15,1,6,1,2,0,2,2,2,1,2,0,0,1,2,5,-13.0
2024,RS,12,113,0,P008945   ,1.0,0.0,BES,5,"NEEDHAM, DEREK",23:13,9,2,4,1,5,2,5,1,2,3,5,0,2,0,0,5,2,3,-1.0
2024,RS,12,113,0,P003783   ,0.0,1.0,BES,6,"UGURLU, BERK",13:20,4,2,3,0,0,0,0,0,0,0,1,0,1,0,0,3,0,0,-7.0
2024,RS,12,113,0,P007914   ,0.0,1.0,BES,7,"ARSLAN, YIGIT",25:04,8,1,3,2,3,0,0,0,0,0,0,1,2,0,0,3,0,1,-2.0
2024,RS,12,113,0,P012233   ,0.0,0.0,BES,10,"AKSU, YAGIZ",DNP,0,0,0,0,0,0,0,0,0,0,0,0,0,0,0,0,0,0,0.0
2024,RS,12,113,0,P011927   ,1.0,0.0,BES,14,"SLEVA, DUSTIN",31:07,14,3,5,1,2,5,6,4,2,6,4,5,2,0,0,6,5,22,11.0
2024,RS,12,113,0,P011379   ,1.0,0.0,BES,20,"KONAN, KEREM",16:04,4,2,2,0,0,0,0,2,3,5,1,1,1,0,0,5,3,8,-7.0
2024,RS,12,113,0,P012624   ,0.0,0.0,BES,22,"OZBEK, ATA",DNP,0,0,0,0,0,0,0,0,0,0,0,0,0,0,0,0,0,0,0.0
2024,RS,12,113,0,P013502   ,0.0,0.0,BES,24,"KARAKAYA, EREN",DNP,0,0,0,0,0,0,0,0,0,0,0,0,0,0,0,0,0,0,0.0
2024,RS,12,113,0,P013255   ,1.0,1.0,BES,30,"MARTIN, KELAN",32:28,9,3,5,1,4,0,1,2,2,4,1,1,0,0,0,2,1,8,-3.0
2024,RS,12,113,0,P010652   ,0.0,0.0,BES,33,"TERRY, EMANUEL",13:30,11,5,6,0,0,1,2,4,1,5,0,0,0,1,0,5,2,12,-16.0
2024,RS,12,113,0,Team,0.0,0.0,BES,,Team,,0,0,0,0,0,0,0,1,1,2,0,0,0,0,0,0,0,2,
2024,RS,12,113,0,Total,,,BES,,Total,225:00,101,30,52,9,25,14,27,17,16,33,21,11,13,2,1,31,25,97,
2024,RS,12,114,1,P011192   ,1.0,1.0,BAH,0,"SMITH, JALEEN",28:38,5,0,5,1,5,2,2,0,2,2,5,2,2,0,0,3,1,1,0.0
2024,RS,12,114,1,P011201   ,1.0,0.0,BAH,2,"HAZER, SEHMUS",17:32,10,2,6,2,3,0,0,0,1,1,1,2,0,0,1,1,0,7,4.0
2024,RS,12,114,1,P011821   ,0.0,0.0,BAH,5,"MASSINBURG, CJ",18:51,6,1,2,1,4,1,2,1,1,2,1,1,2,0,0,2,3,4,7.0
2024,RS,12,114,1,P012405   ,0.0,0.0,BAH,7,"HALTALI, FURKAN",05:21,0,0,0,0,0,0,0,1,0,1,1,0,0,0,0,1,1,2,0.0
2024,RS,12,114,1,P008282   ,0.0,0.0,BAH,10,"ILYASOGLU, OMERCAN",DNP,0,0,0,0,0,0,0,0,0,0,0,0,0,0,0,0,0,0,0.0
2024,RS,12,114,1,P005348   ,0.0,0.0,BAH,18,"ARNA, EGEHAN",DNP,0,0,0,0,0,0,0,0,0,0,0,0,0,0,0,0,0,0,0.0
2024,RS,12,114,1,P012711   ,0.0,0.0,BAH,19,"SIMONOVIC, MARKO",13:57,0,0,0,0,1,0,0,0,4,4,1,0,0,0,0,3,0,1,-5.0
2024,RS,12,114,1,P004172   ,0.0,1.0,BAH,20,"PONITKA, MATEUSZ",23:32,11,5,6,0,3,1,3,2,2,4,3,1,0,0,0,3,5,15,5.0
2024,RS,12,114,1,P011823   ,1.0,1.0,BAH,21,"ODIASE, TAI",33:00,16,7,12,0,0,2,3,4,1,5,2,0,2,0,1,3,3,14,5.0
2024,RS,12,114,1,P009601   ,1.0,1.0,BAH,34,"CAVANAUGH, TYLER",27:42,10,1,3,1,1,5,5,3,7,10,1,0,1,0,0,2,3,19,16.0
2024,RS,12,114,1,P008278   ,0.0,0.0,BAH,57,"BAS, GOKTUG",DNP,0,0,0,0,0,0,0,0,0,0,0,0,0,0,0,0,0,0,0.0
2024,RS,12,114,1,P003840   ,1.0,1.0,BAH,83,"BOUTEILLE, AXEL",31:27,15,4,6,2,5,1,2,2,3,5,2,0,0,0,0,1,3,18,8.0
2024,RS,12,114,1,Team,0.0,0.0,BAH,,Team,,0,0,0,0,0,0,0,2,2,4,0,0,1,0,0,0,0,3,
2024,RS,12,114,1,Total,,,BAH,,Total,200:00,73,20,40,7,22,12,17,15,23,38,17,6,8,0,2,19,19,84,
2024,RS,12,114,0,P012777   ,0.0,0.0,CAN,1,"URBANIAK, JAKUB",DNP,0,0,0,0,0,0,0,0,0,0,0,0,0,0,0,0,0,0,0.0
2024,RS,12,114,0,P007560   ,0.0,0.0,CAN,3,"KLJAJIC, JOVAN",09:30,2,1,1,0,1,0,0,0,2,2,2,0,0,0,0,1,0,4,8.0
2024,RS,12,114,0,P012016   ,0.0,0.0,CAN,4,"CONDITT IV, GEORGE",08:17,2,1,2,0,0,0,0,2,2,4,0,0,2,0,0,3,3,3,-16.0
2024,RS,12,114,0,P011251   ,0.0,1.0,CAN,5,"HOMESLEY, CALEB",14:55,5,0,3,1,3,2,2,0,1,1,0,0,4,0,0,1,1,-3,-8.0
2024,RS,12,114,0,P003425   ,1.0,0.0,CAN,6,"ALBICY, ANDREW",19:38,0,0,3,0,3,0,0,1,0,1,1,1,0,0,0,1,1,-3,-7.0
2024,RS,12,114,0,P008121   ,1.0,0.0,CAN,9,"BRUSSINO, NICOLAS",21:28,5,1,1,1,3,0,0,0,3,3,2,0,3,0,0,1,1,5,-17.0
2024,RS,12,114,0,P005005   ,0.0,1.0,CAN,10,"SALVO, MIQUEL",25:32,0,0,2,0,4,0,0,2,2,4,3,1,1,0,0,4,2,-1,8.0
2024,RS,12,114,0,P010623   ,0.0,1.0,CAN,12,"ALOCEN, CARLOS",20:22,4,1,2,0,2,2,3,0,2,2,1,0,1,0,0,0,4,6,-1.0
2024,RS,12,114,0,P010452   ,0.0,0.0,CAN,13,"PELOS, PIERRE",19:00,11,4,5,1,3,0,0,4,1,5,1,0,1,0,0,3,1,11,-16.0
2024,RS,12,114,0,P006588   ,1.0,0.0,CAN,14,"SHURNA, JOHN",09:24,3,0,0,1,3,0,0,0,0,0,0,0,0,0,0,0,1,2,-2.0
2024,RS,12,114,0,P008966   ,1.0,1.0,CAN,18,"TOBEY, MIKE",26:10,16,4,7,2,6,2,2,3,3,6,5,2,0,1,0,3,2,22,11.0
2024,RS,12,114,0,P012095   ,1.0,1.0,CAN,32,"THOMASSON, JOE",25:44,17,6,8,1,2,2,3,2,2,4,0,1,1,1,0,2,3,19,0.0
2024,RS,12,114,0,Team,0.0,0.0,CAN,,Team,,0,0,0,0,0,0,0,4,5,9,0,0,0,0,0,0,0,9,
2024,RS,12,114,0,Total,,,CAN,,Total,200:00,65,18,34,7,30,8,10,18,23,41,15,5,13,2,0,19,19,74,
2024,RS,12,115,1,P013256   ,0.0,1.0,BUD,0,"MORGAN, JUWAN",27:07,15,2,3,1,2,8,9,1,5,6,4,1,3,3,0,2,7,28,11.0
2024,RS,12,115,1,P011150   ,1.0,1.0,BUD,1,"SULAIMON, RASHEED",29:46,19,2,3,5,10,0,2,0,6,6,2,0,1,0,0,3,2,17,-2.0
2024,RS,12,115,1,P006561   ,0.0,0.0,BUD,2,"ILIC, ALEKSA",DNP,0,0,0,0,0,0,0,0,0,0,0,0,0,0,0,0,0,0,0.0
2024,RS,12,115,1,P012630   ,0.0,1.0,BUD,3,"MAGEE, FLETCHER",23:15,13,2,2,2,5,3,4,0,1,1,1,0,0,0,0,0,3,14,0.0
2024,RS,12,115,1,P006566   ,1.0,0.0,BUD,7,"SLAVKOVIC, ANDRIJA",15:22,0,0,0,0,0,0,0,0,1,1,2,0,0,0,0,3,0,0,2.0
2024,RS,12,115,1,P005637   ,1.0,0.0,BUD,10,"TANASKOVIC, NIKOLA",18:07,8,2,5,1,1,1,2,0,2,2,1,1,2,1,0,2,2,7,-9.0
2024,RS,12,115,1,P011281   ,1.0,1.0,BUD,11,"FERRELL, YOGI",23:45,11,2,5,1,2,4,4,0,1,1,7,0,1,0,1,2,3,14,7.0
2024,RS,12,115,1,P010307   ,0.0,0.0,BUD,13,"JOVANOVIC, DORDIJE",10:53,5,1,1,1,2,0,0,1,2,3,0,0,2,0,0,1,0,4,-2.0
2024,RS,12,115,1,P013258   ,0.0,0.0,BUD,23,"DREZNJAK, MATEO",10:59,5,1,1,1,2,0,0,0,0,0,0,0,0,0,0,1,0,3,4.0
2024,RS,12,115,1,P004222   ,0.0,0.0,BUD,24,"OMIC, ALEN",14:00,4,2,7,0,0,0,3,5,3,8,1,0,0,0,1,1,3,6,0.0
2024,RS,12,115,1,P012606   ,0.0,0.0,BUD,25,"WRIGHT IV, MCKINLEY",22:05,12,4,7,1,2,1,1,0,2,2,4,2,2,0,0,3,1,12,-6.0
2024,RS,12,115,1,P008325   ,1.0,1.0,BUD,34,"KAMENJAS, KENAN",29:41,18,6,8,0,0,6,8,3,8,11,4,1,0,0,0,2,6,34,5.0
2024,RS,12,115,1,Team,0.0,0.0,BUD,,Team,,0,0,0,0,0,0,0,0,0,0,0,0,0,0,0,0,0,0,
2024,RS,12,115,1,Total,,,BUD,,Total,225:00,110,24,42,13,26,23,33,10,31,41,26,5,11,4,2,20,27,139,
2024,RS,12,115,0,P012593   ,1.0,1.0,TRN,1,"ELLIS, QUINN",26:33,7,2,6,0,2,3,4,1,0,1,7,1,0,0,1,4,2,6,-8.0
2024,RS,12,115,0,P013269   ,1.0,1.0,TRN,3,"CALE, MYLES",26:38,19,5,7,3,4,0,0,1,5,6,5,1,2,0,0,4,0,22,-3.0
2024,RS,12,115,0,P013270   ,0.0,1.0,TRN,5,"FORD, JORDAN",25:28,20,3,5,4,5,2,2,0,1,1,5,2,2,0,0,0,3,26,7.0
2024,RS,12,115,0,P005438   ,1.0,0.0,TRN,6,"PECCHIA, ANDREA",24:49,10,2,2,2,3,0,0,0,3,3,2,0,0,0,0,4,0,10,-6.0
2024,RS,12,115,0,P012687   ,0.0,0.0,TRN,7,"NIANG, SALIOU",17:15,8,3,5,0,0,2,4,2,3,5,2,1,0,0,1,4,5,12,0.0
2024,RS,12,115,0,P006382   ,0.0,0.0,TRN,10,"FORRAY, TOTO",14:54,9,0,1,3,4,0,0,0,1,1,2,0,0,0,0,2,1,9,5.0
2024,RS,12,115,0,P013271   ,0.0,0.0,TRN,21,"MAWUGBE, SELOM",DNP,0,0,0,0,0,0,0,0,0,0,0,0,0,0,0,0,0,0,0.0
2024,RS,12,115,0,P013272   ,1.0,1.0,TRN,22,"LAMB, ANTHONY",34:23,16,3,9,2,5,4,5,0,5,5,5,0,2,2,1,4,2,13,-3.0
2024,RS,12,115,0,P006724   ,1.0,0.0,TRN,26,"BAYEHE, JORDAN",32:11,2,0,3,0,1,2,2,2,5,7,0,1,2,0,1,3,4,4,-7.0
2024,RS,12,115,0,P002387   ,0.0,1.0,TRN,33,"ZUKAUSKAS, EIGIRDAS",22:49,17,2,2,4,10,1,3,0,2,2,1,0,3,0,0,2,3,10,5.0
2024,RS,12,115,0,Team,0.0,0.0,TRN,,Team,,0,0,0,0,0,0,0,1,1,2,0,0,0,0,0,0,0,2,
2024,RS,12,115,0,Total,,,TRN,,Total,225:00,108,20,40,18,34,14,20,7,26,33,29,6,11,2,4,27,20,114,
2024,RS,12,116,1,P013308   ,1.0,1.0,HAM,1,"IVEY, BRAE",29:16,12,2,6,2,6,2,2,1,1,2,6,1,5,0,0,4,3,7,11.0
2024,RS,12,116,1,P011256   ,0.0,0.0,HAM,3,"RICH, OSARO",10:11,2,1,1,0,1,0,0,0,0,0,0,0,0,0,0,1,0,0,-11.0
2024,RS,12,116,1,P013309   ,0.0,1.0,HAM,4,"LOTTIE, JAIZEC",21:51,18,3,9,3,6,3,3,0,4,4,6,1,2,0,2,2,1,15,6.0
2024,RS,12,116,1,P010070   ,0.0,0.0,HAM,6,"MOELLER, LEIF",DNP,0,0,0,0,0,0,0,0,0,0,0,0,0,0,0,0,0,0,0.0
2024,RS,12,116,1,P013310   ,0.0,0.0,HAM,8,"GREY, JARED",02:26,4,1,1,0,0,2,2,0,0,0,0,0,0,0,0,2,1,3,-1.0
2024,RS,12,116,1,P012695   ,0.0,0.0,HAM,14,"REECE, CAMRON",02:24,2,1,1,0,0,0,0,0,0,0,0,0,0,0,0,1,1,2,-1.0
2024,RS,12,116,1,P005478   ,1.0,1.0,HAM,17,"WIMBERG, NIKLAS",24:55,12,5,5,0,4,2,3,2,3,5,1,1,2,1,0,2,4,15,10.0
2024,RS,12,116,1,P013312   ,0.0,0.0,HAM,21,"BARNETT, JORDAN",17:48,6,2,3,0,3,2,2,1,1,2,0,1,2,0,0,2,2,3,-8.0
2024,RS,12,116,1,P013503   ,1.0,1.0,HAM,22,"STOVE, JOHNATHAN",30:33,10,3,7,0,4,4,6,3,5,8,2,0,1,1,1,3,6,12,12.0
2024,RS,12,116,1,P013313   ,1.0,1.0,HAM,23,"KUATH, KUR",29:03,14,6,8,0,0,2,4,7,4,11,1,3,2,1,0,3,3,24,11.0
2024,RS,12,116,1,P003242   ,1.0,0.0,HAM,25,"OGBE, KENNETH",25:43,2,0,2,0,2,2,2,2,2,4,0,1,1,0,0,5,2,-1,-11.0
2024,RS,12,116,1,P006006   ,0.0,0.0,HAM,44,"TURUDIC, BENEDIKT",05:50,0,0,0,0,0,0,0,0,3,3,1,0,3,0,0,3,0,-2,-8.0
2024,RS,12,116,1,Team,0.0,0.0,HAM,,Team,,0,0,0,0,0,0,0,1,2,3,0,0,0,0,0,0,0,3,
2024,RS,12,116,1,Total,,,HAM,,Total,200:00,82,24,43,5,26,19,24,17,25,42,17,8,18,3,3,28,23,81,
2024,RS,12,116,0,P011970   ,1.0,1.0,JER,1,"HARPER, JARED",33:30,26,3,8,4,9,8,13,2,1,3,5,2,3,0,0,1,10,27,-7.0
2024,RS,12,116,0,P008912   ,1.0,1.0,JER,3,"CARRINGTON, KHADEEN",33:41,11,4,11,0,7,3,3,1,2,3,1,2,2,0,2,0,3,2,-12.0
2024,RS,12,116,0,P013277   ,1.0,0.0,JER,4,"JOHNSON, CHRIS",23:22,6,0,3,2,2,0,0,3,2,5,0,0,1,0,1,5,3,4,-6.0
2024,RS,12,116,0,P013279   ,1.0,0.0,JER,7,"CHACHASHVILI, GABRIEL",15:19,7,3,7,0,0,1,2,3,5,8,0,0,3,0,0,5,1,3,-2.0
2024,RS,12,116,0,P013280   ,0.0,1.0,JER,18,"HASSON, YARIN",00:50,0,0,0,0,0,0,0,0,0,0,0,0,0,0,0,0,0,0,-1.0
2024,RS,12,116,0,P010431   ,0.0,1.0,JER,20,"MORGAN, JEREMY",32:02,7,3,5,0,2,1,3,2,3,5,3,2,1,0,0,5,2,7,15.0
2024,RS,12,116,0,P009649   ,0.0,0.0,JER,22,"PHILLIP, TARIK",25:26,13,4,5,1,3,2,3,1,1,2,2,3,3,0,0,4,6,15,10.0
2024,RS,12,116,0,P013263   ,0.0,1.0,JER,34,"OGBEIDE, DEREK",25:17,10,4,7,0,0,2,4,4,10,14,0,0,4,2,0,4,3,16,-2.0
2024,RS,12,116,0,P006625   ,0.0,0.0,JER,50,"ZOOSMAN, YOVEL",DNP,0,0,0,0,0,0,0,0,0,0,0,0,0,0,0,0,0,0,0.0
2024,RS,12,116,0,P013281   ,1.0,0.0,JER,80,"CORNELIUS, OR",10:33,0,0,1,0,1,0,0,0,0,0,0,0,0,1,0,0,0,-1,-5.0
2024,RS,12,116,0,Team,0.0,0.0,JER,,Team,,0,0,0,0,0,0,0,5,2,7,0,0,1,0,0,0,0,6,
2024,RS,12,116,0,Total,,,JER,,Total,200:00,80,21,47,7,24,17,28,21,26,47,11,9,18,3,3,24,28,79,
2024,RS,12,117,1,P007527   ,0.0,1.0,PAM,0,"BADIO, BRANCOU",20:25,11,2,2,2,2,1,1,0,2,2,3,0,0,1,0,2,3,18,6.0
2024,RS,12,117,1,P006643   ,1.0,0.0,PAM,2,"PUERTO, JOSEP",19:31,14,4,4,2,4,0,2,1,2,3,0,0,1,1,1,0,3,15,14.0
2024,RS,12,117,1,P010393   ,1.0,0.0,PAM,4,"PRADILLA, JAIME",18:48,11,3,3,1,2,2,2,2,4,6,4,1,4,0,0,1,1,17,22.0
2024,RS,12,117,1,P005356   ,0.0,1.0,PAM,6,"LOPEZ-AROSTEGUI, XABI",06:26,0,0,1,0,0,0,0,1,1,2,1,1,1,0,0,1,2,3,0.0
2024,RS,12,117,1,P010568   ,0.0,0.0,PAM,7,"JONES, CHRIS",16:05,10,2,2,1,3,3,3,0,2,2,3,1,3,0,0,4,1,8,5.0
2024,RS,12,117,1,P010042   ,1.0,1.0,PAM,8,"MONTERO, JEAN",21:19,14,2,6,2,6,4,4,1,2,3,5,2,2,1,0,2,4,17,23.0
2024,RS,12,117,1,P011369   ,0.0,1.0,PAM,10,"CAROT, JORGE",00:58,0,0,0,0,0,0,0,0,0,0,0,0,1,0,0,1,0,-2,0.0
2024,RS,12,117,1,P004863   ,1.0,0.0,PAM,16,"JOVIC, STEFAN",17:52,7,2,3,1,3,0,0,2,1,3,7,2,1,0,1,1,1,14,22.0
2024,RS,12,117,1,P010444   ,1.0,0.0,PAM,24,"COSTELLO, MATTHEW",16:23,4,1,1,0,1,2,2,1,3,4,1,1,1,0,0,1,2,9,22.0
2024,RS,12,117,1,P012075   ,0.0,0.0,PAM,35,"BRIMAH, AMIDA",21:36,13,5,7,0,0,3,4,1,4,5,0,0,0,0,1,1,3,16,7.0
2024,RS,12,117,1,P011982   ,0.0,0.0,PAM,37,"OJELEYE, SEMI",22:07,14,3,5,2,7,2,2,0,1,1,0,0,1,0,1,0,1,7,15.0
2024,RS,12,117,1,P011980   ,0.0,1.0,PAM,77,"SESTINA, NATHAN",18:30,10,2,4,2,4,0,0,0,3,3,0,0,0,0,1,2,0,6,4.0
2024,RS,12,117,1,Team,0.0,0.0,PAM,,Team,,0,0,0,0,0,0,0,3,3,6,0,0,1,0,0,0,0,5,
2024,RS,12,117,1,Total,,,PAM,,Total,200:00,108,26,38,13,32,17,20,12,28,40,24,8,16,3,5,16,21,133,
2024,RS,12,117,0,P011797   ,1.0,0.0,CLU,0,"GUZMAN, KAREL",26:12,7,2,3,1,1,0,0,2,0,2,1,0,2,1,0,2,1,7,-4.0
2024,RS,12,117,0,P013301   ,0.0,1.0,CLU,2,"SOMACESCU, TUDOR",04:32,0,0,1,0,0,0,0,1,0,1,1,0,0,0,0,1,0,0,-2.0
2024,RS,12,117,0,P013302   ,1.0,0.0,CLU,3,"SIMPSON, ZAVIER",29:16,13,5,13,0,1,3,5,3,2,5,6,2,5,1,3,1,5,12,-18.0
2024,RS,12,117,0,P005714   ,0.0,0.0,CLU,5,"MEJERIS, MAREKS",21:02,7,2,3,0,2,3,3,3,3,6,1,0,4,1,0,4,3,7,-19.0
2024,RS,12,117,0,P013303   ,0.0,0.0,CLU,6,"MIRON, DARIUS",DNP,0,0,0,0,0,0,0,0,0,0,0,0,0,0,0,0,0,0,0.0
2024,RS,12,117,0,P002820   ,1.0,0.0,CLU,9,"SALIN, SASU",23:53,18,0,2,6,11,0,0,0,1,1,3,2,1,0,0,3,2,15,-16.0
2024,RS,12,117,0,P013304   ,1.0,0.0,CLU,10,"HANKINS, ZACH",20:33,7,3,5,0,0,1,2,2,3,5,0,0,0,2,0,2,1,10,-18.0
2024,RS,12,117,0,P004862   ,0.0,0.0,CLU,11,"SEELEY, DENNIS",15:02,4,1,3,0,3,2,2,0,1,1,1,1,0,0,0,0,1,3,-23.0
2024,RS,12,117,0,P002012   ,1.0,1.0,CLU,17,"ORELIK, GEDIMINAS",22:28,3,0,1,1,5,0,0,1,1,2,3,1,1,0,0,2,2,3,-13.0
2024,RS,12,117,0,P006618   ,0.0,1.0,CLU,23,"STEPHENS, DE'SHAWN",15:57,12,6,8,0,0,0,0,4,6,10,1,0,1,0,0,3,0,17,-6.0
2024,RS,12,117,0,P012620   ,0.0,1.0,CLU,25,"MACIUCA, MIHAI",02:07,0,0,0,0,1,0,0,0,0,0,0,0,1,0,0,0,0,-2,0.0
2024,RS,12,117,0,P012698   ,0.0,1.0,CLU,95,"MOKOKA, ADAM",18:58,9,3,9,1,5,0,0,1,2,3,1,0,1,0,0,4,1,-1,-21.0
2024,RS,12,117,0,Team,0.0,0.0,CLU,,Team,,0,0,0,0,0,0,0,1,1,2,0,0,0,0,0,0,0,2,
2024,RS,12,117,0,Total,,,CLU,,Total,200:00,80,22,48,9,29,9,12,18,20,38,18,6,16,5,3,22,16,73,
2024,RS,12,118,1,P012747   ,0.0,0.0,BOU,2,"BRYANT JR., AYUBA",DNP,0,0,0,0,0,0,0,0,0,0,0,0,0,0,0,0,0,0,0.0
2024,RS,12,118,1,P004525   ,0.0,1.0,BOU,3,"SALASH, MAKSIM",25:02,21,4,5,3,7,4,6,0,4,4,1,0,3,0,1,3,5,17,4.0
2024,RS,12,118,1,P013264   ,1.0,0.0,BOU,4,"NELSON, ADRIAN",18:57,2,1,3,0,2,0,0,1,1,2,1,1,0,0,0,3,0,-1,-10.0
2024,RS,12,118,1,P010449   ,0.0,1.0,BOU,5,"BENITEZ, HUGO",22:48,12,4,6,1,2,1,1,0,3,3,9,0,2,0,0,0,3,22,-6.0
2024,RS,12,118,1,P010450   ,0.0,0.0,BOU,7,"COURBY, MAXIME",18:12,7,2,2,1,2,0,0,1,1,2,1,1,1,0,0,1,0,8,14.0
2024,RS,12,118,1,P013265   ,1.0,1.0,BOU,8,"USHER, JORDAN",31:58,24,6,9,2,6,6,6,0,4,4,0,4,1,0,0,2,4,26,-5.0
2024,RS,12,118,1,P006904   ,1.0,1.0,BOU,11,"AYAYI, JOEL",28:34,10,5,8,0,1,0,0,2,3,5,4,1,2,1,0,2,0,13,4.0
2024,RS,12,118,1,P013266   ,1.0,1.0,BOU,13,"CASTANEDA, XAVIER",31:05,13,2,6,1,2,6,9,0,1,1,6,1,2,0,0,1,7,17,-3.0
2024,RS,12,118,1,P011550   ,0.0,0.0,BOU,16,"JACQUES, WILSON",06:18,4,2,3,0,0,0,0,1,0,1,0,0,0,0,0,3,0,1,2.0
2024,RS,12,118,1,P009552   ,0.0,0.0,BOU,27,"PANSA, JEAN-MARC",05:53,2,1,1,0,0,0,0,0,2,2,0,1,2,0,0,4,0,-1,-7.0
2024,RS,12,118,1,P004945   ,0.0,0.0,BOU,33,"PAUL, BRANDON",DNP,0,0,0,0,0,0,0,0,0,0,0,0,0,0,0,0,0,0,0.0
2024,RS,12,118,1,P011837   ,1.0,0.0,BOU,34,"KOKILA, KEVIN",11:13,4,1,3,0,0,2,4,1,0,1,0,1,0,0,0,5,5,2,-8.0
2024,RS,12,118,1,Team,0.0,0.0,BOU,,Team,,0,0,0,0,0,0,0,1,2,3,0,0,0,0,0,0,0,3,
2024,RS,12,118,1,Total,,,BOU,,Total,200:00,99,28,46,8,22,19,26,7,21,28,22,10,13,1,1,24,24,107,
2024,RS,12,118,0,P003759   ,0.0,0.0,VNC,0,"TESSITORI, AMEDEO",12:10,12,4,4,0,0,4,6,0,2,2,3,1,2,0,0,2,4,16,-2.0
2024,RS,12,118,0,P012800   ,1.0,1.0,VNC,2,"McGRUDER, RODNEY",30:28,16,0,4,5,8,1,2,0,1,1,5,0,1,0,1,1,1,12,-3.0
2024,RS,12,118,0,P006571   ,0.0,0.0,VNC,4,"LEVER, ALESSANDRO",02:51,0,0,0,0,0,0,0,0,0,0,0,0,0,0,0,0,0,0,-4.0
2024,RS,12,118,0,P009400   ,0.0,0.0,VNC,7,"CASARIN, DAVIDE",09:53,0,0,1,0,0,0,0,0,0,0,1,1,0,0,0,5,0,-4,-4.0
2024,RS,12,118,0,P005177   ,0.0,0.0,VNC,8,"FERNANDEZ, JUAN",12:20,3,0,0,1,2,0,0,0,0,0,5,0,2,0,0,1,1,5,-11.0
2024,RS,12,118,0,P008858   ,1.0,1.0,VNC,11,"ENNIS, TYLER",27:01,13,3,3,1,1,4,4,0,2,2,2,0,6,0,0,4,4,11,16.0
2024,RS,12,118,0,P012588   ,0.0,0.0,VNC,14,"JANELIDZE, GIGA",DNP,0,0,0,0,0,0,0,0,0,0,0,0,0,0,0,0,0,0,0.0
2024,RS,12,118,0,P012796   ,1.0,1.0,VNC,21,"KABENGELE, MFIONDU",27:50,26,8,12,1,3,7,9,3,7,10,0,1,1,1,0,4,6,31,5.0
2024,RS,12,118,0,P011909   ,1.0,0.0,VNC,22,"PARKS, JORDAN",29:45,13,5,6,0,1,3,4,3,7,10,3,2,4,0,0,5,3,19,8.0
2024,RS,12,118,0,P013305   ,0.0,1.0,VNC,24,"WHEATLE, CARL",18:40,2,0,0,0,2,2,2,1,3,4,0,0,0,0,0,2,1,3,-4.0
2024,RS,12,118,0,P008052   ,1.0,1.0,VNC,33,"WILTJER, KYLE",29:02,17,7,12,0,3,3,3,2,6,8,4,3,0,0,0,1,4,27,14.0
2024,RS,12,118,0,Team,0.0,0.0,VNC,,Team,,0,0,0,0,0,0,0,1,1,2,0,0,1,0,0,0,0,1,
2024,RS,12,118,0,Total,,,VNC,,Total,200:00,102,27,42,8,20,24,30,10,29,39,23,8,17,1,1,25,24,121,
2024,RS,12,119,1,P012700   ,1.0,1.0,LJU,0,"STEWART, DJ",32:33,13,6,11,0,2,1,1,4,7,11,1,5,2,0,1,1,2,21,1.0
2024,RS,12,119,1,P012042   ,1.0,1.0,LJU,1,"ROBINSON, DEVIN",35:35,23,8,19,2,3,1,1,3,4,7,1,0,1,0,3,2,1,14,0.0
2024,RS,12,119,1,P013260   ,0.0,1.0,LJU,2,"JONES, DEVANTE",21:17,15,3,5,3,5,0,0,0,0,0,3,1,5,0,3,1,2,8,-11.0
2024,RS,12,119,1,P009392   ,0.0,0.0,LJU,3,"RADOVIC, ROK",02:40,0,0,0,0,0,0,0,0,0,0,0,0,0,0,0,1,0,-1,-2.0
2024,RS,12,119,1,P003703   ,1.0,1.0,LJU,5,"NIKOLIC, ALEKSEJ",22:30,8,2,3,0,2,4,4,0,0,0,5,1,1,0,0,3,4,11,7.0
2024,RS,12,119,1,P011261   ,0.0,0.0,LJU,7,"GLAS, GREGOR",DNP,0,0,0,0,0,0,0,0,0,0,0,0,0,0,0,0,0,0,0.0
2024,RS,12,119,1,P013261   ,0.0,0.0,LJU,9,"LEMAR, BRYNTON",20:54,5,2,2,0,4,1,3,0,1,1,2,3,1,0,0,5,6,5,-11.0
2024,RS,12,119,1,P003452   ,1.0,1.0,LJU,11,"BLAZIC, JAKA",23:06,6,0,1,1,4,3,4,1,1,2,1,1,2,0,1,1,1,2,-5.0
2024,RS,12,119,1,P012996   ,1.0,0.0,LJU,20,"BERINGER, JOAN",15:48,0,0,1,0,0,0,0,1,2,3,0,0,0,0,0,2,0,0,-6.0
2024,RS,12,119,1,P009753   ,0.0,0.0,LJU,23,"GEBEN, MARTINAS",05:30,0,0,0,0,0,0,0,0,1,1,0,0,0,1,0,0,0,2,-5.0
2024,RS,12,119,1,P005113   ,0.0,0.0,LJU,31,"STIPANOVIC, ANDRIJA",20:07,4,2,3,0,0,0,0,1,4,5,1,0,1,0,0,3,2,7,2.0
2024,RS,12,119,1,P009431   ,0.0,0.0,LJU,41,"DANEU, ZIGA",DNP,0,0,0,0,0,0,0,0,0,0,0,0,0,0,0,0,0,0,0.0
2024,RS,12,119,1,Team,0.0,0.0,LJU,,Team,,0,0,0,0,0,0,0,0,1,1,0,0,1,0,0,0,0,0,
2024,RS,12,119,1,Total,,,LJU,,Total,200:00,74,23,45,6,20,10,13,10,21,31,14,11,14,1,8,19,18,69,
2024,RS,12,119,0,P007917   ,0.0,1.0,TTK,3,"DURMAZ, BERKAN",04:06,0,0,0,0,1,0,0,0,2,2,1,0,0,0,0,1,0,1,-1.0
2024,RS,12,119,0,P004056   ,1.0,0.0,TTK,5,"AKPINAR, ISMET",18:16,8,0,0,2,4,2,2,0,1,1,0,0,1,0,0,2,2,6,-2.0
2024,RS,12,119,0,P011973   ,1.0,1.0,TTK,7,"ALEXANDER, KYLE",33:50,11,5,9,0,0,1,2,3,7,10,1,5,1,6,1,1,4,29,3.0
2024,RS,12,119,0,P009025   ,1.0,1.0,TTK,8,"BROWN, ANTHONY",30:18,8,1,7,2,4,0,0,0,5,5,3,0,4,0,0,2,3,5,5.0
2024,RS,12,119,0,P012415   ,0.0,0.0,TTK,9,"TUNCA, MELIH",04:11,2,1,1,0,0,0,0,0,1,1,0,0,1,0,0,0,0,2,2.0
2024,RS,12,119,0,P011977   ,0.0,0.0,TTK,12,"OZDOGAN, ARDA",DNP,0,0,0,0,0,0,0,0,0,0,0,0,0,0,0,0,0,0,0.0
2024,RS,12,119,0,P004619   ,0.0,0.0,TTK,13,"AGVA, MAHIR",DNP,0,0,0,0,0,0,0,0,0,0,0,0,0,0,0,0,0,0,0.0
2024,RS,12,119,0,P013300   ,0.0,1.0,TTK,20,"BESS, JAVON",17:52,8,0,0,2,2,2,2,2,0,2,2,0,1,0,0,2,1,10,14.0
2024,RS,12,119,0,P006598   ,0.0,0.0,TTK,21,"HANLAN, OLIVIER",25:04,7,1,2,1,6,2,2,0,0,0,3,0,3,0,0,4,1,-2,1.0
2024,RS,12,119,0,P010587   ,1.0,0.0,TTK,44,"SMITH, KENNETH",34:48,14,1,1,2,7,6,8,0,4,4,8,2,3,0,0,3,5,20,2.0
2024,RS,12,119,0,P011935   ,1.0,1.0,TTK,55,"MAKOUNDOU, YOAN",31:35,22,5,6,4,5,0,1,1,5,6,2,0,3,2,0,3,3,26,6.0
2024,RS,12,119,0,Team,0.0,0.0,TTK,,Team,,0,0,0,0,0,0,0,2,0,2,0,0,2,0,0,0,0,0,
2024,RS,12,119,0,Total,,,TTK,,Total,200:00,80,14,26,13,29,13,17,8,25,33,20,7,19,8,1,18,19,97,
2024,RS,12,120,1,P013500   ,1.0,0.0,ARI,0,"COOPER, SHARIFE",23:21,12,4,9,0,0,4,6,0,1,1,3,0,2,0,1,3,7,10,12.0
2024,RS,12,120,1,P013248   ,1.0,0.0,ARI,1,"BANKS, JAMES",09:15,2,1,1,0,0,0,0,0,1,1,0,0,1,0,0,0,0,2,-2.0
2024,RS,12,120,1,P013249   ,0.0,1.0,ARI,2,"NOLLEY, LANDERS",21:51,10,3,4,1,1,1,2,0,3,3,5,2,1,0,0,2,1,16,14.0
2024,RS,12,120,1,P013355   ,0.0,0.0,ARI,10,"CHATZIDAKIS, EMMANOUIL",07:05,0,0,1,0,0,0,0,1,0,1,0,0,1,0,0,1,0,-2,0.0
2024,RS,12,120,1,P013393   ,1.0,1.0,ARI,11,"LASZEWSKI, NATHAN JAMES",23:44,5,2,4,0,3,1,2,1,2,3,2,0,0,1,1,2,2,4,-1.0
2024,RS,12,120,1,P013356   ,0.0,1.0,ARI,12,"GKIOUZELIS, GEORGIOS",08:56,4,1,1,0,0,2,2,0,0,0,0,1,0,0,0,1,1,5,3.0
2024,RS,12,120,1,P013395   ,0.0,1.0,ARI,17,"VISSARIOU, TILEMACHOS",01:50,0,0,0,0,0,0,0,0,0,0,0,0,0,0,0,0,0,0,1.0
2024,RS,12,120,1,P010397   ,0.0,1.0,ARI,21,"WILLIS, DARRAL",17:55,1,0,6,0,2,1,2,2,5,7,2,0,1,0,2,2,2,-2,17.0
2024,RS,12,120,1,P013251   ,1.0,0.0,ARI,22,"WOODBURY, TREY",29:54,25,7,10,3,6,2,2,1,7,8,1,0,1,0,0,1,3,29,13.0
2024,RS,12,120,1,P013252   ,0.0,0.0,ARI,23,"ROBERTS, JOSHUA",14:25,8,4,4,0,0,0,0,2,4,6,0,1,2,1,0,2,2,14,18.0
2024,RS,12,120,1,P012616   ,0.0,0.0,ARI,25,"FILLIOS, GEORGIOS",15:36,3,0,0,1,3,0,0,0,1,1,1,0,0,0,0,4,0,-1,0.0
2024,RS,12,120,1,P013253   ,1.0,0.0,ARI,55,"HODGE, D MOI",26:08,11,5,5,0,3,1,1,0,2,2,1,2,1,0,0,3,2,11,0.0
2024,RS,12,120,1,Team,0.0,0.0,ARI,,Team,,0,0,0,0,0,0,0,2,1,3,0,0,0,0,0,0,0,3,
2024,RS,12,120,1,Total,,,ARI,,Total,200:00,81,27,45,5,18,12,17,9,27,36,15,6,10,2,4,21,20,89,
2024,RS,12,120,0,P009898   ,0.0,0.0,LKB,2,"BICKAUSKIS, DOVIS",19:59,10,3,4,0,2,4,4,0,0,0,5,2,2,0,1,1,6,16,-3.0
2024,RS,12,120,0,P010181   ,0.0,1.0,LKB,3,"STENIONIS, DOMINYKAS",01:56,0,0,0,0,0,0,0,0,0,0,1,0,1,0,0,0,0,0,-2.0
2024,RS,12,120,0,PLXI      ,0.0,1.0,LKB,10,"LIPKEVICIUS, VYTENIS",23:46,3,1,3,0,2,1,2,1,3,4,0,0,1,0,0,2,2,1,-11.0
2024,RS,12,120,0,P010461   ,1.0,0.0,LKB,12,"MALDUNAS, GABRIELIUS",18:17,8,4,7,0,0,0,0,1,5,6,0,1,1,0,0,3,1,9,-4.0
2024,RS,12,120,0,P005521   ,1.0,0.0,LKB,13,"VARNAS, MARTYNAS",28:14,11,4,6,1,6,0,0,0,3,3,3,0,2,0,0,2,3,9,-10.0
2024,RS,12,120,0,P005656   ,0.0,0.0,LKB,15,"PECARSKI, MARKO",DNP,0,0,0,0,0,0,0,0,0,0,0,0,0,0,0,0,0,0,0.0
2024,RS,12,120,0,P006586   ,1.0,1.0,LKB,16,"KALAITZAKIS, GEORGIOS",27:42,10,5,8,0,1,0,1,1,2,3,2,0,2,0,1,2,2,7,-7.0
2024,RS,12,120,0,P009299   ,0.0,0.0,LKB,17,"RUBSTAVICIUS, MANTAS",DNP,0,0,0,0,0,0,0,0,0,0,0,0,0,0,0,0,0,0,0.0
2024,RS,12,120,0,P006212   ,0.0,1.0,LKB,18,"VASILIAUSKAS, GRANTAS",19:01,4,1,3,0,2,2,2,1,2,3,1,0,1,0,0,2,1,2,-5.0
2024,RS,12,120,0,P013246   ,0.0,1.0,LKB,25,"BRIGGS, JUSTIN",21:43,9,4,7,0,0,1,2,2,3,5,0,0,0,3,0,2,1,12,-11.0
2024,RS,12,120,0,P006860   ,1.0,0.0,LKB,35,"LAVRINOVICIUS, DANIELIUS",19:31,6,0,0,2,3,0,0,0,3,3,0,0,0,1,0,3,0,6,-10.0
2024,RS,12,120,0,P013247   ,1.0,0.0,LKB,50,"KOVLIAR, OLEKSANDR",19:51,5,1,3,1,3,0,2,0,2,2,4,2,3,0,0,3,5,6,-12.0
2024,RS,12,120,0,Team,0.0,0.0,LKB,,Team,,0,0,0,0,0,0,0,2,2,4,0,0,0,0,0,0,0,4,
2024,RS,12,120,0,Total,,,LKB,,Total,200:00,66,23,41,4,19,8,13,8,25,33,16,5,13,4,2,20,21,72,
2024,RS,13,121,1,P013292   ,0.0,0.0,TSO,0,"JANKOWSKI, BARTOSZ",DNP,0,0,0,0,0,0,0,0,0,0,0,0,0,0,0,0,0,0,0.0
2024,RS,13,121,1,P012019   ,1.0,1.0,TSO,3,"BEST, AARON",31:42,17,5,8,2,6,1,1,1,5,6,3,0,4,0,0,2,1,14,-9.0
2024,RS,13,121,1,P013504   ,1.0,0.0,TSO,4,"ALLEYNE, NAHIEM",28:59,0,0,2,0,1,0,0,0,2,2,1,0,3,0,0,1,0,-4,-19.0
2024,RS,13,121,1,P013294   ,0.0,0.0,TSO,9,"JASZCZERSKI, WIKTOR",DNP,0,0,0,0,0,0,0,0,0,0,0,0,0,0,0,0,0,0,0.0
2024,RS,13,121,1,P008790   ,1.0,0.0,TSO,12,"WITLINSKI, MIKOLAJ",19:45,9,4,6,0,0,1,1,1,3,4,0,0,0,0,1,2,1,9,-19.0
2024,RS,13,121,1,P007426   ,1.0,1.0,TSO,13,"JOHNSON, NICK",33:38,6,1,6,1,4,1,2,1,7,8,10,2,3,0,0,3,5,16,-11.0
2024,RS,13,121,1,P013295   ,1.0,1.0,TSO,15,"ZYSKOWSKI, JAROSLAW",26:15,9,2,3,1,3,2,2,1,2,3,1,1,2,0,0,3,1,7,-6.0
2024,RS,13,121,1,P013296   ,0.0,1.0,TSO,32,"GROSELLE, GEOFFREY",20:15,16,6,6,0,0,4,9,1,3,4,0,1,1,0,0,3,7,19,7.0
2024,RS,13,121,1,P013516   ,0.0,0.0,TSO,34,"MOTEN, DARIOUS",13:45,2,1,2,0,3,0,0,0,0,0,0,0,0,0,0,0,0,-2,-6.0
2024,RS,13,121,1,P013298   ,0.0,1.0,TSO,55,"SCHENK, JAKUB",25:41,10,1,4,2,4,2,3,0,0,0,3,1,5,0,1,3,3,2,3.0
2024,RS,13,121,1,Team,0.0,0.0,TSO,,Team,,0,0,0,0,0,0,0,1,2,3,0,0,0,0,0,0,0,3,
2024,RS,13,121,1,Total,,,TSO,,Total,200:00,69,20,37,6,21,11,18,6,24,30,18,5,18,0,2,17,18,64,
2024,RS,13,121,0,P013256   ,0.0,1.0,BUD,0,"MORGAN, JUWAN",21:31,7,2,3,1,1,0,1,1,2,3,1,0,2,0,0,3,1,5,-3.0
2024,RS,13,121,0,P011150   ,1.0,0.0,BUD,1,"SULAIMON, RASHEED",33:41,15,3,6,3,8,0,0,0,4,4,6,1,0,0,0,3,4,19,18.0
2024,RS,13,121,0,P006561   ,0.0,0.0,BUD,2,"ILIC, ALEKSA",DNP,0,0,0,0,0,0,0,0,0,0,0,0,0,0,0,0,0,0,0.0
2024,RS,13,121,0,P012630   ,0.0,1.0,BUD,3,"MAGEE, FLETCHER",21:11,13,3,4,2,6,1,2,0,3,3,0,1,2,0,0,1,3,11,9.0
2024,RS,13,121,0,P006566   ,1.0,0.0,BUD,7,"SLAVKOVIC, ANDRIJA",17:17,5,1,1,1,1,0,0,0,0,0,1,1,1,0,0,2,0,4,9.0
2024,RS,13,121,0,P005637   ,1.0,0.0,BUD,10,"TANASKOVIC, NIKOLA",18:29,8,3,5,0,2,2,2,0,1,1,2,1,1,0,0,0,1,8,15.0
2024,RS,13,121,0,P011281   ,1.0,0.0,BUD,11,"FERRELL, YOGI",32:16,14,3,5,2,8,2,3,0,4,4,6,3,2,0,0,2,3,17,16.0
2024,RS,13,121,0,P010307   ,0.0,1.0,BUD,13,"JOVANOVIC, DORDIJE",02:50,0,0,0,0,0,0,0,0,0,0,0,0,0,0,0,0,0,0,-9.0
2024,RS,13,121,0,P013258   ,0.0,1.0,BUD,23,"DREZNJAK, MATEO",12:45,2,0,0,0,1,2,2,0,1,1,0,0,1,0,0,2,2,1,-7.0
2024,RS,13,121,0,P004222   ,0.0,0.0,BUD,24,"OMIC, ALEN",15:31,6,3,4,0,0,0,0,1,5,6,1,1,0,1,0,2,1,13,9.0
2024,RS,13,121,0,P013259   ,0.0,1.0,BUD,27,"AZUBUIKE, UDOKA",04:12,0,0,0,0,0,0,0,0,1,1,0,0,1,0,0,1,0,-1,-9.0
2024,RS,13,121,0,P008325   ,1.0,0.0,BUD,34,"KAMENJAS, KENAN",20:17,11,5,6,0,0,1,2,0,5,5,3,3,2,1,0,2,2,19,12.0
2024,RS,13,121,0,Team,0.0,0.0,BUD,,Team,,0,0,0,0,0,0,0,3,2,5,0,0,3,0,0,0,0,2,
2024,RS,13,121,0,Total,,,BUD,,Total,200:00,81,23,34,9,27,8,12,5,28,33,20,11,15,2,0,18,17,98,
2024,RS,13,122,1,P013269   ,1.0,1.0,TRN,3,"CALE, MYLES",30:35,12,4,8,1,4,1,1,1,2,3,1,0,3,0,2,2,1,3,0.0
2024,RS,13,122,1,P013270   ,1.0,1.0,TRN,5,"FORD, JORDAN",28:46,19,6,11,1,5,4,4,0,1,1,3,1,0,0,2,1,3,15,-13.0
2024,RS,13,122,1,P005438   ,1.0,1.0,TRN,6,"PECCHIA, ANDREA",29:14,8,3,4,0,0,2,2,1,3,4,1,1,1,0,0,2,2,12,-2.0
2024,RS,13,122,1,P012687   ,0.0,0.0,TRN,7,"NIANG, SALIOU",19:24,8,2,5,1,1,1,2,2,3,5,2,0,4,0,0,2,1,6,6.0
2024,RS,13,122,1,P006382   ,0.0,0.0,TRN,10,"FORRAY, TOTO",17:03,5,1,2,1,4,0,0,1,0,1,1,3,2,0,0,2,1,3,-1.0
2024,RS,13,122,1,P013271   ,0.0,1.0,TRN,21,"MAWUGBE, SELOM",24:44,2,1,4,0,0,0,0,4,7,11,2,0,0,1,0,4,1,10,2.0
2024,RS,13,122,1,P013272   ,1.0,1.0,TRN,22,"LAMB, ANTHONY",30:10,15,3,8,3,10,0,0,3,3,6,5,2,2,0,1,3,5,15,2.0
2024,RS,13,122,1,P006724   ,1.0,0.0,TRN,26,"BAYEHE, JORDAN",15:43,0,0,0,0,1,0,0,0,3,3,1,0,0,0,0,3,1,1,-10.0
2024,RS,13,122,1,P012114   ,0.0,0.0,TRN,27,"BADALAU, DENIS",04:21,0,0,0,0,1,0,0,0,0,0,0,0,0,0,1,0,0,-2,-4.0
2024,RS,13,122,1,P002387   ,0.0,0.0,TRN,33,"ZUKAUSKAS, EIGIRDAS",DNP,0,0,0,0,0,0,0,0,0,0,0,0,0,0,0,0,0,0,0.0
2024,RS,13,122,1,Team,0.0,0.0,TRN,,Team,,0,0,0,0,0,0,0,1,2,3,0,0,0,0,0,0,0,3,
2024,RS,13,122,1,Total,,,TRN,,Total,200:00,69,20,42,7,26,8,9,13,24,37,16,7,12,1,6,19,15,66,
2024,RS,13,122,0,P011192   ,1.0,1.0,BAH,0,"SMITH, JALEEN",35:10,15,4,6,2,7,1,1,1,3,4,6,1,4,2,0,2,1,16,14.0
2024,RS,13,122,0,P011201   ,1.0,1.0,BAH,2,"HAZER, SEHMUS",28:04,9,2,4,0,0,5,6,0,8,8,2,2,0,0,0,3,4,19,14.0
2024,RS,13,122,0,P012405   ,0.0,0.0,BAH,7,"HALTALI, FURKAN",11:09,5,1,1,0,0,3,4,0,1,1,0,0,1,2,0,1,2,7,-4.0
2024,RS,13,122,0,P008282   ,0.0,0.0,BAH,10,"ILYASOGLU, OMERCAN",DNP,0,0,0,0,0,0,0,0,0,0,0,0,0,0,0,0,0,0,0.0
2024,RS,13,122,0,P005348   ,0.0,0.0,BAH,18,"ARNA, EGEHAN",DNP,0,0,0,0,0,0,0,0,0,0,0,0,0,0,0,0,0,0,0.0
2024,RS,13,122,0,P012711   ,0.0,0.0,BAH,19,"SIMONOVIC, MARKO",11:22,5,1,4,1,3,0,0,0,1,1,0,0,0,0,1,0,0,0,-12.0
2024,RS,13,122,0,P004172   ,0.0,0.0,BAH,20,"PONITKA, MATEUSZ",18:17,8,1,4,1,1,3,4,0,2,2,2,3,3,0,0,3,3,8,-22.0
2024,RS,13,122,0,P011823   ,1.0,1.0,BAH,21,"ODIASE, TAI",28:35,15,5,7,0,0,5,5,2,4,6,2,0,1,1,0,3,3,21,8.0
2024,RS,13,122,0,P005763   ,0.0,0.0,BAH,30,"KORKMAZ, FURKAN",05:17,0,0,1,0,1,0,0,0,1,1,0,0,2,0,0,1,0,-4,0.0
2024,RS,13,122,0,P009601   ,1.0,1.0,BAH,34,"CAVANAUGH, TYLER",27:00,10,1,7,2,3,2,2,3,5,8,1,3,1,0,0,3,6,17,17.0
2024,RS,13,122,0,P008278   ,0.0,0.0,BAH,57,"BAS, GOKTUG",01:33,0,0,0,0,0,0,0,0,0,0,0,0,0,0,0,0,0,0,-3.0
2024,RS,13,122,0,P003840   ,1.0,1.0,BAH,83,"BOUTEILLE, AXEL",33:33,6,3,5,0,2,0,0,1,2,3,2,0,0,1,0,0,0,8,8.0
2024,RS,13,122,0,Team,0.0,0.0,BAH,,Team,,0,0,0,0,0,0,0,0,2,2,0,0,0,0,0,0,0,2,
2024,RS,13,122,0,Total,,,BAH,,Total,200:00,73,18,39,6,17,19,22,7,29,36,15,9,12,6,1,16,19,94,
2024,RS,13,123,1,P012777   ,0.0,1.0,CAN,1,"URBANIAK, JAKUB",03:39,0,0,0,0,1,0,0,0,0,0,0,0,0,0,0,0,0,-1,0.0
2024,RS,13,123,1,P007560   ,0.0,1.0,CAN,3,"KLJAJIC, JOVAN",08:51,0,0,2,0,0,0,0,1,0,1,1,0,2,0,0,1,0,-3,-6.0
2024,RS,13,123,1,P012016   ,0.0,0.0,CAN,4,"CONDITT IV, GEORGE",15:41,8,3,5,0,0,2,2,2,2,4,0,1,0,0,1,2,2,10,-18.0
2024,RS,13,123,1,P011251   ,0.0,0.0,CAN,5,"HOMESLEY, CALEB",22:46,5,0,3,1,7,2,2,0,0,0,2,0,5,0,0,0,2,-5,-12.0
2024,RS,13,123,1,P008121   ,1.0,0.0,CAN,9,"BRUSSINO, NICOLAS",23:33,4,1,2,0,3,2,4,0,1,1,1,2,4,0,0,2,4,0,-21.0
2024,RS,13,123,1,P005005   ,0.0,0.0,CAN,10,"SALVO, MIQUEL",18:36,8,2,3,1,2,1,1,2,5,7,1,1,0,0,1,1,2,15,-10.0
2024,RS,13,123,1,P010623   ,1.0,0.0,CAN,12,"ALOCEN, CARLOS",23:11,10,5,6,0,2,0,0,1,4,5,7,1,1,0,0,5,2,16,-14.0
2024,RS,13,123,1,P010452   ,1.0,0.0,CAN,13,"PELOS, PIERRE",17:45,6,3,5,0,0,0,0,1,1,2,0,0,0,0,1,3,0,2,-13.0
2024,RS,13,123,1,P012021   ,0.0,1.0,CAN,16,"BORDON, DYLAN",15:12,4,2,2,0,3,0,0,2,0,2,2,3,3,0,0,0,0,5,-6.0
2024,RS,13,123,1,P008966   ,1.0,0.0,CAN,18,"TOBEY, MIKE",15:08,6,3,4,0,0,0,0,1,4,5,1,0,0,2,0,3,0,10,3.0
2024,RS,13,123,1,P012095   ,1.0,1.0,CAN,32,"THOMASSON, JOE",26:27,13,2,6,2,3,3,3,0,3,3,1,1,2,0,1,4,2,8,-10.0
2024,RS,13,123,1,P012165   ,0.0,1.0,CAN,35,"DIOP, MASSAMBA",09:11,0,0,2,0,0,0,0,0,2,2,0,0,1,0,1,1,1,-2,-8.0
2024,RS,13,123,1,Team,0.0,0.0,CAN,,Team,,0,0,0,0,0,0,0,2,0,2,0,0,1,0,0,0,0,1,
2024,RS,13,123,1,Total,,,CAN,,Total,200:00,64,21,40,4,21,10,12,12,22,34,16,9,19,2,5,22,15,56,
2024,RS,13,123,0,P011157   ,1.0,0.0,HTA,0,"MOTLEY, JOHNATHAN",18:02,14,5,8,0,1,4,5,2,1,3,1,1,4,0,0,1,5,14,12.0
2024,RS,13,123,0,P005181   ,0.0,0.0,HTA,1,"RAGLAND, JOE",23:14,8,3,5,0,4,2,2,1,0,1,7,1,2,0,1,2,2,8,12.0
2024,RS,13,123,0,P013402   ,0.0,1.0,HTA,2,"BLAKENEY, ANTONIO",08:51,13,3,4,1,4,4,6,1,3,4,0,1,0,1,0,0,4,17,-3.0
2024,RS,13,123,0,P013283   ,0.0,1.0,HTA,9,"PALATIN, GUY",12:30,0,0,0,0,1,0,0,0,1,1,0,1,0,0,0,3,0,-2,7.0
2024,RS,13,123,0,P004846   ,0.0,0.0,HTA,10,"TIMOR, BAR",17:42,14,3,3,2,3,2,2,0,2,2,2,3,1,0,0,1,1,19,21.0
2024,RS,13,123,0,P009877   ,0.0,1.0,HTA,14,"BLAYZER, OZ",18:00,5,1,2,1,2,0,0,1,3,4,1,0,0,0,0,2,2,8,11.0
2024,RS,13,123,0,P010386   ,1.0,0.0,HTA,17,"FOSTER, MARCUS",14:38,7,2,3,1,3,0,0,0,1,1,2,0,0,1,0,1,0,7,10.0
2024,RS,13,123,0,P013284   ,1.0,0.0,HTA,24,"WAINRIGHT, ISHMAIL CARZELL",22:18,6,1,1,1,1,1,2,0,3,3,0,2,2,0,0,2,1,7,19.0
2024,RS,13,123,0,P011052   ,1.0,1.0,HTA,26,"MADAR, YAM",19:13,7,2,5,0,1,3,3,1,2,3,4,1,1,0,0,0,2,12,8.0
2024,RS,13,123,0,P010550   ,1.0,0.0,HTA,41,"GINAT, TOMER",23:34,3,1,2,0,2,1,4,2,3,5,2,2,0,2,1,2,2,7,7.0
2024,RS,13,123,0,P012096   ,0.0,1.0,HTA,51,"CABOCLO, BRUNO",21:58,10,4,4,0,1,2,2,1,3,4,0,0,2,1,0,1,2,13,11.0
2024,RS,13,123,0,Team,0.0,0.0,HTA,,Team,,0,0,0,0,0,0,0,1,2,3,0,0,0,0,0,0,0,3,
2024,RS,13,123,0,Total,,,HTA,,Total,200:00,87,25,37,6,23,19,26,10,24,34,19,12,12,5,2,15,21,113,
2024,RS,13,124,1,P006245   ,0.0,1.0,ULM,0,"WEIDEMANN, NELSON",18:57,10,2,4,2,2,0,0,1,0,1,3,0,2,0,0,3,0,7,-1.0
2024,RS,13,124,1,P013289   ,0.0,0.0,ULM,3,"SANTOS, MARCIO",13:36,16,4,6,1,1,5,8,1,0,1,0,2,2,0,0,5,4,11,11.0
2024,RS,13,124,1,P010726   ,0.0,1.0,ULM,7,"JENSEN, TOBIAS",01:30,3,1,1,0,0,1,1,0,1,1,0,0,0,0,0,0,1,5,-2.0
2024,RS,13,124,1,P012077   ,0.0,1.0,ULM,9,"PLUMMER, ALFONSO",18:23,8,1,3,1,4,3,3,0,2,2,5,3,0,0,0,2,1,12,-3.0
2024,RS,13,124,1,P013290   ,1.0,0.0,ULM,10,"JESSUP, JUSTINIAN",24:09,16,2,2,3,4,3,5,0,2,2,2,1,1,0,0,2,3,18,17.0
2024,RS,13,124,1,P011391   ,1.0,0.0,ULM,12,"ESSENGUE, NOA",20:44,6,3,3,0,1,0,0,0,3,3,2,1,1,0,0,4,3,9,17.0
2024,RS,13,124,1,P006997   ,0.0,1.0,ULM,14,"HERKENHOFF, PHILIPP",07:28,0,0,1,0,2,0,0,0,2,2,1,0,0,0,0,0,0,0,1.0
2024,RS,13,124,1,P013291   ,1.0,0.0,ULM,15,"ROBY, ISAIAH",25:06,9,2,4,1,1,2,2,2,0,2,3,2,3,0,0,4,2,9,8.0
2024,RS,13,124,1,P012602   ,0.0,1.0,ULM,21,"ANIGBATA, ALEC",01:30,0,0,0,0,0,0,0,0,0,0,0,0,0,0,0,1,0,-1,-2.0
2024,RS,13,124,1,P010582   ,1.0,0.0,ULM,22,"KLEPEISZ, THOMAS",15:29,15,3,3,3,4,0,0,2,1,3,4,1,1,1,0,1,1,22,11.0
2024,RS,13,124,1,P005422   ,1.0,0.0,ULM,35,"JALLOW, KARIM",29:02,11,3,5,1,2,2,5,1,7,8,2,1,2,0,0,3,5,16,22.0
2024,RS,13,124,1,P011437   ,0.0,0.0,ULM,77,"SARAF, BEN",24:06,10,4,5,0,1,2,4,0,1,1,6,1,5,0,0,2,2,9,6.0
2024,RS,13,124,1,Team,0.0,0.0,ULM,,Team,,0,0,0,0,0,0,0,2,4,6,0,0,0,0,0,0,0,6,
2024,RS,13,124,1,Total,,,ULM,,Total,200:00,104,25,37,12,22,18,28,9,23,32,28,12,17,1,0,27,22,123,
2024,RS,13,124,0,P011924   ,1.0,1.0,BES,0,"ALLMAN, KYLE",25:41,9,1,2,0,4,7,9,1,1,2,2,0,4,0,0,2,8,8,-4.0
2024,RS,13,124,0,P011936   ,1.0,0.0,BES,2,"MATHEWS, JONAH",25:43,13,5,7,1,7,0,0,0,1,1,3,1,1,0,1,3,1,6,-9.0
2024,RS,13,124,0,P008945   ,1.0,0.0,BES,5,"NEEDHAM, DEREK",22:34,5,1,2,1,8,0,0,2,1,3,1,0,4,0,0,2,0,-5,-27.0
2024,RS,13,124,0,P003783   ,0.0,1.0,BES,6,"UGURLU, BERK",22:51,9,3,4,1,1,0,0,1,0,1,4,1,1,0,0,2,0,11,-6.0
2024,RS,13,124,0,P007914   ,0.0,1.0,BES,7,"ARSLAN, YIGIT",19:16,9,2,2,1,4,2,2,1,1,2,0,0,2,0,0,2,1,5,1.0
2024,RS,13,124,0,P009680   ,0.0,0.0,BES,9,"MORGAN, CONOR",DNP,0,0,0,0,0,0,0,0,0,0,0,0,0,0,0,0,0,0,0.0
2024,RS,13,124,0,P012233   ,0.0,0.0,BES,10,"AKSU, YAGIZ",DNP,0,0,0,0,0,0,0,0,0,0,0,0,0,0,0,0,0,0,0.0
2024,RS,13,124,0,P011927   ,1.0,1.0,BES,14,"SLEVA, DUSTIN",27:31,13,5,7,0,2,3,6,3,2,5,0,3,2,0,0,4,6,14,-24.0
2024,RS,13,124,0,P011379   ,0.0,0.0,BES,20,"KONAN, KEREM",10:12,2,0,0,0,1,2,4,0,2,2,1,1,0,0,0,0,3,6,-5.0
2024,RS,13,124,0,P012624   ,0.0,0.0,BES,22,"OZBEK, ATA",DNP,0,0,0,0,0,0,0,0,0,0,0,0,0,0,0,0,0,0,0.0
2024,RS,13,124,0,P013255   ,0.0,0.0,BES,30,"MARTIN, KELAN",23:32,17,4,8,1,1,6,9,4,1,5,0,3,1,0,0,3,6,20,-1.0
2024,RS,13,124,0,P010652   ,1.0,1.0,BES,33,"TERRY, EMANUEL",22:40,10,4,5,0,0,2,4,2,7,9,2,1,0,0,0,4,2,17,-10.0
2024,RS,13,124,0,Team,0.0,0.0,BES,,Team,,0,0,0,0,0,0,0,3,2,5,0,0,0,0,0,0,0,5,
2024,RS,13,124,0,Total,,,BES,,Total,200:00,87,25,37,5,28,22,34,17,18,35,13,10,15,0,1,22,27,87,
2024,RS,13,125,1,P012003   ,0.0,1.0,WOL,1,"COWAN JR, ANTHONY",25:24,15,2,5,2,6,5,6,0,1,1,9,3,3,0,2,3,7,19,-7.0
2024,RS,13,125,1,P012789   ,0.0,1.0,WOL,4,"BROOKS, GARRISON",25:23,10,5,7,0,0,0,0,2,5,7,2,0,1,0,0,4,0,12,11.0
2024,RS,13,125,1,P003212   ,0.0,0.0,WOL,8,"KARINIAUSKAS, VAIDAS",DNP,0,0,0,0,0,0,0,0,0,0,0,0,0,0,0,0,0,0,0.0
2024,RS,13,125,1,P009306   ,1.0,1.0,WOL,9,"BASLYK, DANIEL",40:00,0,0,0,0,0,0,0,0,0,0,0,0,0,0,0,0,0,0,11.0
2024,RS,13,125,1,P004645   ,1.0,0.0,WOL,10,"MINIOTAS, REGIMANTAS",11:51,2,1,1,0,0,0,0,1,1,2,0,0,0,0,0,1,0,3,2.0
2024,RS,13,125,1,P011248   ,0.0,0.0,WOL,12,"ANDREWS, ANDREW",19:49,7,1,5,0,3,5,5,0,2,2,4,0,0,0,1,1,3,7,4.0
2024,RS,13,125,1,P005516   ,1.0,1.0,WOL,13,"ZEMAITIS, KRISTUPAS",23:31,17,4,4,3,4,0,0,0,0,0,2,2,0,0,0,1,1,20,17.0
2024,RS,13,125,1,P012577   ,1.0,0.0,WOL,15,"THURMAN, TRE'SHAWN",21:46,10,3,5,1,3,1,1,3,2,5,1,1,2,0,0,1,3,13,1.0
2024,RS,13,125,1,P008186   ,1.0,0.0,WOL,22,"BLAZEVIC, MAREK",14:24,8,4,4,0,0,0,0,1,1,2,1,1,2,0,0,3,0,7,0.0
2024,RS,13,125,1,P006853   ,0.0,0.0,WOL,23,"JOGELA, MATAS",15:09,2,1,2,0,1,0,0,2,2,4,0,0,1,0,0,1,0,2,7.0
2024,RS,13,125,1,P006546   ,0.0,1.0,WOL,44,"TAYLOR, JEFFERY",20:05,10,2,4,2,2,0,0,1,0,1,2,2,2,0,0,3,1,9,0.0
2024,RS,13,125,1,P006180   ,0.0,1.0,WOL,98,"KULBOKA, ARNOLDAS",22:38,10,2,3,2,5,0,1,0,4,4,0,0,0,0,0,1,2,10,9.0
2024,RS,13,125,1,Team,0.0,0.0,WOL,,Team,,0,0,0,0,0,0,0,1,1,2,0,0,1,0,0,0,0,1,
2024,RS,13,125,1,Total,,,WOL,,Total,240:00,91,25,40,10,24,11,13,11,19,30,21,9,12,0,3,19,17,103,
2024,RS,13,125,0,P010161   ,1.0,0.0,JOV,1,"KRAAG, YANNICK",19:52,7,2,2,1,3,0,0,3,1,4,2,0,0,0,0,2,1,10,-10.0
2024,RS,13,125,0,P013285   ,0.0,0.0,JOV,2,"DOTSON, DEVON DURRELL",DNP,0,0,0,0,0,0,0,0,0,0,0,0,0,0,0,0,0,0,0.0
2024,RS,13,125,0,PJUG      ,0.0,0.0,JOV,4,"RIBAS, PAU",11:06,3,0,1,1,1,0,0,0,0,0,2,0,0,0,0,0,0,4,-1.0
2024,RS,13,125,0,P013287   ,0.0,0.0,JOV,12,"BRAY-GATES, KAISER EVAN",13:10,5,2,4,0,2,1,1,0,3,3,1,0,1,0,0,1,1,4,-5.0
2024,RS,13,125,0,P004834   ,1.0,0.0,JOV,13,"PUSTOVYI, ARTEM",25:49,12,6,9,0,0,0,1,3,1,4,0,0,5,2,0,1,5,13,-6.0
2024,RS,13,125,0,P002361   ,1.0,1.0,JOV,16,"VIVES, GUILLEM",14:47,3,0,1,1,3,0,0,0,0,0,3,2,1,0,0,3,0,1,-3.0
2024,RS,13,125,0,P009672   ,1.0,1.0,JOV,17,"DEKKER, SAM",27:03,11,5,8,0,4,1,2,0,4,4,2,0,0,0,0,1,3,11,-6.0
2024,RS,13,125,0,P012226   ,0.0,1.0,JOV,19,"PLATTEEUW, IAN",00:47,2,1,1,0,0,0,0,0,0,0,0,0,0,0,0,0,0,2,-1.0
2024,RS,13,125,0,P012079   ,0.0,1.0,JOV,25,"ONI, MIYE",20:12,3,0,1,1,2,0,0,2,1,3,3,0,2,0,0,3,1,3,1.0
2024,RS,13,125,0,P012740   ,1.0,0.0,JOV,30,"ROBERTSON, KASSIUS",27:51,12,1,3,2,4,4,4,0,0,0,3,1,2,0,0,2,4,12,-11.0
2024,RS,13,125,0,P002507   ,0.0,0.0,JOV,44,"TOMIC, ANTE",13:11,18,8,8,0,0,2,2,0,2,2,1,0,0,0,0,2,1,20,-4.0
2024,RS,13,125,0,P005099   ,0.0,1.0,JOV,88,"HANGA, ADAM",26:12,4,0,0,1,3,1,2,0,4,4,8,3,4,1,0,2,3,14,-9.0
2024,RS,13,125,0,Team,0.0,0.0,JOV,,Team,,0,0,0,0,0,0,0,3,1,4,0,0,0,0,0,0,0,4,
2024,RS,13,125,0,Total,,,JOV,,Total,200:00,80,25,38,7,22,9,12,11,17,28,25,6,15,3,0,17,19,98,
2024,RS,13,126,1,P013276   ,0.0,0.0,JER,0,"SMITH, JUSTIN",18:03,14,6,11,0,0,2,3,2,2,4,0,0,1,0,0,5,3,9,4.0
2024,RS,13,126,1,P011970   ,1.0,1.0,JER,1,"HARPER, JARED",31:54,29,2,3,3,5,16,17,0,2,2,5,0,3,1,0,2,10,38,6.0
2024,RS,13,126,1,P008912   ,1.0,1.0,JER,3,"CARRINGTON, KHADEEN",32:08,15,2,5,1,3,8,11,0,4,4,4,0,2,0,0,1,7,19,-2.0
2024,RS,13,126,1,P013277   ,0.0,0.0,JER,4,"JOHNSON, CHRIS",21:19,6,2,2,0,1,2,2,2,4,6,0,3,1,0,0,0,2,15,-8.0
2024,RS,13,126,1,P013279   ,0.0,1.0,JER,7,"CHACHASHVILI, GABRIEL",21:15,1,0,3,0,0,1,2,1,0,1,0,2,1,0,0,4,1,-4,10.0
2024,RS,13,126,1,P013280   ,0.0,0.0,JER,18,"HASSON, YARIN",DNP,0,0,0,0,0,0,0,0,0,0,0,0,0,0,0,0,0,0,0.0
2024,RS,13,126,1,P010431   ,1.0,0.0,JER,20,"MORGAN, JEREMY",16:44,0,0,1,0,1,0,0,0,2,2,2,1,2,0,0,4,1,-2,-16.0
2024,RS,13,126,1,P009649   ,0.0,1.0,JER,22,"PHILLIP, TARIK",21:30,14,2,4,2,3,4,9,2,2,4,3,2,3,0,0,1,7,18,15.0
2024,RS,13,126,1,P013263   ,1.0,0.0,JER,34,"OGBEIDE, DEREK",09:53,2,1,1,0,0,0,0,0,2,2,0,0,5,0,0,2,0,-3,-2.0
2024,RS,13,126,1,P006625   ,1.0,1.0,JER,50,"ZOOSMAN, YOVEL",25:05,9,0,0,2,5,3,5,1,3,4,3,1,1,1,0,4,2,10,22.0
2024,RS,13,126,1,P010681   ,0.0,0.0,JER,51,"KOULECHOV, EGOR",02:09,0,0,0,0,1,0,0,0,0,0,0,1,1,0,0,1,0,-2,-4.0
2024,RS,13,126,1,Team,0.0,0.0,JER,,Team,,0,0,0,0,0,0,0,1,4,5,0,0,0,0,0,0,0,5,
2024,RS,13,126,1,Total,,,JER,,Total,200:00,90,15,30,8,19,36,49,9,25,34,17,10,20,2,0,24,33,103,
2024,RS,13,126,0,P013500   ,1.0,0.0,ARI,0,"COOPER, SHARIFE",23:41,17,3,7,2,4,5,7,0,2,2,6,1,3,0,1,5,6,15,11.0
2024,RS,13,126,0,P004292   ,0.0,1.0,ARI,4,"TOLIOPOULOS, VASSILIS",12:26,6,0,1,1,3,3,5,0,1,1,1,1,4,0,0,3,4,1,-19.0
2024,RS,13,126,0,P013393   ,0.0,1.0,ARI,11,"LASZEWSKI, NATHAN JAMES",17:39,4,2,2,0,1,0,1,0,1,1,0,0,1,0,0,4,1,-1,-18.0
2024,RS,13,126,0,P013356   ,0.0,0.0,ARI,12,"GKIOUZELIS, GEORGIOS",10:27,0,0,0,0,0,0,0,0,0,0,1,2,0,0,0,1,0,2,-9.0
2024,RS,13,126,0,P013395   ,0.0,0.0,ARI,17,"VISSARIOU, TILEMACHOS",04:25,0,0,0,0,0,0,0,0,0,0,0,0,0,0,0,2,0,-2,0.0
2024,RS,13,126,0,P010397   ,1.0,1.0,ARI,21,"WILLIS, DARRAL",30:42,16,5,8,1,5,3,3,2,8,10,1,2,2,0,0,4,3,19,5.0
2024,RS,13,126,0,P013251   ,1.0,0.0,ARI,22,"WOODBURY, TREY",30:16,17,2,2,3,4,4,6,0,2,2,2,2,3,0,0,5,4,16,9.0
2024,RS,13,126,0,P013252   ,1.0,0.0,ARI,23,"ROBERTS, JOSHUA",21:12,8,4,6,0,0,0,0,4,4,8,1,1,0,0,0,4,0,12,12.0
2024,RS,13,126,0,P012603   ,1.0,1.0,ARI,30,"FIGUEROA, LJ",30:57,16,4,10,2,4,2,2,2,2,4,0,0,2,0,1,3,2,8,-7.0
2024,RS,13,126,0,P013253   ,0.0,1.0,ARI,55,"HODGE, D MOI",18:15,1,0,0,0,2,1,2,0,1,1,2,1,2,0,0,3,3,0,-9.0
2024,RS,13,126,0,Team,0.0,0.0,ARI,,Team,,0,0,0,0,0,0,0,2,3,5,0,0,2,0,0,0,0,3,
2024,RS,13,126,0,Total,,,ARI,,Total,200:00,85,20,36,9,23,18,26,10,24,34,14,10,19,0,2,34,23,73,
2024,RS,13,127,1,P009898   ,0.0,0.0,LKB,2,"BICKAUSKIS, DOVIS",25:29,17,1,4,4,6,3,4,1,3,4,5,2,3,0,1,3,5,20,-12.0
2024,RS,13,127,1,P010181   ,1.0,1.0,LKB,3,"STENIONIS, DOMINYKAS",16:18,4,1,2,0,0,2,4,1,4,5,4,1,1,0,0,3,3,10,-5.0
2024,RS,13,127,1,PLXI      ,1.0,0.0,LKB,10,"LIPKEVICIUS, VYTENIS",11:51,5,1,1,1,3,0,0,1,1,2,0,0,1,0,0,2,1,3,-8.0
2024,RS,13,127,1,P010461   ,0.0,0.0,LKB,12,"MALDUNAS, GABRIELIUS",21:49,6,3,7,0,0,0,0,1,1,2,0,2,1,0,0,3,1,3,-8.0
2024,RS,13,127,1,P005521   ,1.0,1.0,LKB,13,"VARNAS, MARTYNAS",33:17,16,2,4,3,8,3,3,0,3,3,2,0,0,1,0,2,2,15,-5.0
2024,RS,13,127,1,P006586   ,0.0,1.0,LKB,16,"KALAITZAKIS, GEORGIOS",25:41,15,1,3,2,4,7,9,1,3,4,3,0,2,0,0,3,8,19,0.0
2024,RS,13,127,1,P009299   ,0.0,0.0,LKB,17,"RUBSTAVICIUS, MANTAS",DNP,0,0,0,0,0,0,0,0,0,0,0,0,0,0,0,0,0,0,0.0
2024,RS,13,127,1,P006212   ,0.0,1.0,LKB,18,"VASILIAUSKAS, GRANTAS",20:07,6,0,2,0,1,6,6,0,2,2,0,1,1,1,1,1,3,7,-7.0
2024,RS,13,127,1,P004229   ,1.0,0.0,LKB,41,"GAGIC, DORDE",13:11,2,0,4,0,0,2,2,2,0,2,0,0,2,0,2,5,2,-7,-11.0
2024,RS,13,127,1,P013512   ,1.0,1.0,LKB,77,"DANUSEVICIUS, PAULIUS",32:17,7,2,4,1,2,0,0,0,3,3,2,0,2,1,0,2,1,7,6.0
2024,RS,13,127,1,Team,0.0,0.0,LKB,,Team,,0,0,0,0,0,0,0,2,1,3,0,0,0,0,0,0,0,3,
2024,RS,13,127,1,Total,,,LKB,,Total,200:00,78,11,31,11,24,23,28,9,21,30,16,6,13,3,4,24,26,80,
2024,RS,13,127,0,P012700   ,1.0,0.0,LJU,0,"STEWART, DJ",29:43,15,6,9,0,0,3,3,1,5,6,1,1,1,1,0,3,2,19,17.0
2024,RS,13,127,0,P012042   ,1.0,0.0,LJU,1,"ROBINSON, DEVIN",23:54,14,4,8,0,2,6,7,1,4,5,0,2,3,1,1,4,6,13,0.0
2024,RS,13,127,0,P013260   ,0.0,1.0,LJU,2,"JONES, DEVANTE",19:02,10,2,3,2,3,0,2,0,3,3,4,1,2,0,0,3,2,11,-2.0
2024,RS,13,127,0,P009392   ,0.0,1.0,LJU,3,"RADOVIC, ROK",20:07,2,1,2,0,2,0,0,2,3,5,2,0,0,0,0,1,0,5,13.0
2024,RS,13,127,0,P003703   ,1.0,1.0,LJU,5,"NIKOLIC, ALEKSEJ",22:48,14,2,4,3,3,1,2,1,2,3,5,1,0,0,0,4,2,18,6.0
2024,RS,13,127,0,P011261   ,0.0,0.0,LJU,7,"GLAS, GREGOR",DNP,0,0,0,0,0,0,0,0,0,0,0,0,0,0,0,0,0,0,0.0
2024,RS,13,127,0,P013261   ,1.0,1.0,LJU,9,"LEMAR, BRYNTON",27:47,19,5,8,3,5,0,0,1,3,4,2,0,2,0,2,2,3,17,-9.0
2024,RS,13,127,0,P003452   ,0.0,0.0,LJU,11,"BLAZIC, JAKA",17:20,4,1,1,0,4,2,3,0,2,2,1,2,2,0,0,1,2,3,16.0
2024,RS,13,127,0,P007641   ,0.0,0.0,LJU,19,"GNJIDIC, LOVRO",DNP,0,0,0,0,0,0,0,0,0,0,0,0,0,0,0,0,0,0,0.0
2024,RS,13,127,0,P012996   ,1.0,0.0,LJU,20,"BERINGER, JOAN",13:00,4,1,4,0,0,2,4,2,2,4,0,1,1,2,0,4,3,4,1.0
2024,RS,13,127,0,P005113   ,0.0,1.0,LJU,31,"STIPANOVIC, ANDRIJA",24:33,6,2,2,0,0,2,2,0,3,3,1,0,1,0,0,4,4,9,6.0
2024,RS,13,127,0,P009431   ,0.0,0.0,LJU,41,"DANEU, ZIGA",01:46,0,0,0,0,0,0,0,0,0,0,0,0,0,0,0,1,0,-1,2.0
2024,RS,13,127,0,Team,0.0,0.0,LJU,,Team,,0,0,0,0,0,0,0,1,1,2,0,0,0,0,0,0,0,2,
2024,RS,13,127,0,Total,,,LJU,,Total,200:00,88,24,41,8,19,16,23,9,28,37,16,8,12,4,3,27,24,100,
2024,RS,13,128,1,P013299   ,0.0,0.0,TTK,2,"TEKCEVIK, METE",DNP,0,0,0,0,0,0,0,0,0,0,0,0,0,0,0,0,0,0,0.0
2024,RS,13,128,1,P007917   ,0.0,1.0,TTK,3,"DURMAZ, BERKAN",11:49,3,0,1,1,1,0,0,0,1,1,1,1,0,0,1,2,0,2,15.0
2024,RS,13,128,1,P004056   ,0.0,0.0,TTK,5,"AKPINAR, ISMET",18:31,4,2,2,0,3,0,0,0,0,0,1,1,0,0,0,2,1,2,-4.0
2024,RS,13,128,1,P011973   ,1.0,1.0,TTK,7,"ALEXANDER, KYLE",22:34,13,4,5,0,0,5,10,2,3,5,1,0,2,3,0,4,8,18,3.0
2024,RS,13,128,1,P009025   ,1.0,1.0,TTK,8,"BROWN, ANTHONY",36:24,32,4,6,8,9,0,0,0,5,5,4,0,1,1,1,3,3,37,17.0
2024,RS,13,128,1,P012415   ,0.0,0.0,TTK,9,"TUNCA, MELIH",06:02,6,0,0,2,2,0,0,0,0,0,0,0,0,0,0,1,0,5,13.0
2024,RS,13,128,1,P011977   ,0.0,0.0,TTK,12,"OZDOGAN, ARDA",DNP,0,0,0,0,0,0,0,0,0,0,0,0,0,0,0,0,0,0,0.0
2024,RS,13,128,1,P004619   ,0.0,0.0,TTK,13,"AGVA, MAHIR",04:45,2,1,2,0,0,0,0,0,0,0,0,0,0,0,0,1,0,0,-2.0
2024,RS,13,128,1,P013300   ,1.0,1.0,TTK,20,"BESS, JAVON",26:32,3,0,0,1,4,0,0,2,3,5,4,3,1,1,0,4,1,9,5.0
2024,RS,13,128,1,P006598   ,0.0,1.0,TTK,21,"HANLAN, OLIVIER",32:01,23,5,8,2,6,7,7,0,2,2,3,0,2,0,0,3,9,25,12.0
2024,RS,13,128,1,P010587   ,1.0,0.0,TTK,44,"SMITH, KENNETH",19:00,6,0,0,2,5,0,0,0,2,2,5,0,1,0,0,2,0,7,-9.0
2024,RS,13,128,1,P011935   ,1.0,0.0,TTK,55,"MAKOUNDOU, YOAN",22:22,6,2,5,0,1,2,2,0,4,4,1,0,1,2,0,4,1,5,-5.0
2024,RS,13,128,1,Team,0.0,0.0,TTK,,Team,,0,0,0,0,0,0,0,2,4,6,0,0,0,0,0,0,0,6,
2024,RS,13,128,1,Total,,,TTK,,Total,200:00,98,18,29,16,31,14,19,6,24,30,20,5,8,7,2,26,23,116,
2024,RS,13,128,0,P004525   ,0.0,0.0,BOU,3,"SALASH, MAKSIM",14:54,12,1,3,1,1,7,7,1,1,2,2,1,0,0,1,3,5,16,6.0
2024,RS,13,128,0,P013264   ,1.0,0.0,BOU,4,"NELSON, ADRIAN",18:56,10,3,6,1,5,1,1,5,2,7,1,0,0,0,0,1,1,11,-8.0
2024,RS,13,128,0,P010449   ,0.0,0.0,BOU,5,"BENITEZ, HUGO",19:37,9,2,6,1,3,2,2,2,1,3,2,2,0,0,0,0,3,13,-7.0
2024,RS,13,128,0,P010450   ,0.0,0.0,BOU,7,"COURBY, MAXIME",DNP,0,0,0,0,0,0,0,0,0,0,0,0,0,0,0,0,0,0,0.0
2024,RS,13,128,0,P013265   ,1.0,0.0,BOU,8,"USHER, JORDAN",19:24,2,1,4,0,2,0,2,1,4,5,0,0,1,0,0,5,2,-4,-2.0
2024,RS,13,128,0,P006904   ,1.0,1.0,BOU,11,"AYAYI, JOEL",18:06,12,3,3,2,3,0,0,2,4,6,2,0,1,0,0,3,1,16,-2.0
2024,RS,13,128,0,P013266   ,1.0,1.0,BOU,13,"CASTANEDA, XAVIER",22:56,18,1,5,3,8,7,8,0,2,2,1,0,2,0,2,3,6,10,-9.0
2024,RS,13,128,0,P009552   ,0.0,0.0,BOU,27,"PANSA, JEAN-MARC",15:43,6,3,7,0,0,0,0,2,0,2,0,0,2,2,1,2,1,2,-14.0
2024,RS,13,128,0,P007288   ,0.0,1.0,BOU,30,"JEFFERSON, BRANDON",23:29,5,0,3,1,4,2,2,2,2,4,2,1,1,0,1,2,1,3,-2.0
2024,RS,13,128,0,P004945   ,0.0,1.0,BOU,33,"PAUL, BRANDON",22:38,11,1,2,3,6,0,0,0,2,2,0,0,1,0,0,1,2,9,-12.0
2024,RS,13,128,0,P011837   ,1.0,1.0,BOU,34,"KOKILA, KEVIN",24:17,4,0,2,0,0,4,4,2,2,4,1,1,0,0,2,4,4,6,5.0
2024,RS,13,128,0,Team,0.0,0.0,BOU,,Team,,0,0,0,0,0,0,0,5,1,6,0,0,0,0,0,0,0,6,
2024,RS,13,128,0,Total,,,BOU,,Total,200:00,89,15,41,12,32,23,26,22,21,43,11,5,8,2,7,24,26,88,
2024,RS,13,129,1,P003759   ,0.0,0.0,VNC,0,"TESSITORI, AMEDEO",08:46,2,1,3,0,0,0,1,0,1,1,0,1,0,0,0,2,2,1,-2.0
2024,RS,13,129,1,P006571   ,0.0,0.0,VNC,4,"LEVER, ALESSANDRO",10:07,6,3,5,0,0,0,2,4,1,5,0,0,1,0,0,1,3,8,3.0
2024,RS,13,129,1,P009400   ,0.0,0.0,VNC,7,"CASARIN, DAVIDE",14:03,2,1,2,0,1,0,0,0,0,0,1,2,2,1,1,1,1,1,8.0
2024,RS,13,129,1,P005177   ,0.0,0.0,VNC,8,"FERNANDEZ, JUAN",09:53,0,0,0,0,1,0,0,0,0,0,3,0,1,0,0,4,1,-2,4.0
2024,RS,13,129,1,P005404   ,0.0,0.0,VNC,9,"MORETTI, DAVIDE",22:09,15,1,1,4,6,1,1,1,3,4,1,1,3,0,0,1,0,15,-2.0
2024,RS,13,129,1,P008858   ,1.0,1.0,VNC,11,"ENNIS, TYLER",25:14,12,5,12,0,2,2,2,1,2,3,6,1,0,0,0,3,4,14,9.0
2024,RS,13,129,1,P012588   ,0.0,0.0,VNC,14,"JANELIDZE, GIGA",DNP,0,0,0,0,0,0,0,0,0,0,0,0,0,0,0,0,0,0,0.0
2024,RS,13,129,1,P012796   ,1.0,1.0,VNC,21,"KABENGELE, MFIONDU",21:07,15,5,9,1,1,2,4,3,0,3,1,0,1,0,0,1,3,14,6.0
2024,RS,13,129,1,P011909   ,1.0,1.0,VNC,22,"PARKS, JORDAN",26:25,7,2,9,0,2,3,3,2,6,8,1,1,2,1,1,1,1,6,-1.0
2024,RS,13,129,1,P013305   ,1.0,1.0,VNC,24,"WHEATLE, CARL",22:16,6,1,3,0,2,4,6,0,1,1,2,2,0,1,0,1,3,8,3.0
2024,RS,13,129,1,P011928   ,0.0,1.0,VNC,25,"SIMMS, AAMIR",20:30,10,5,8,0,0,0,0,1,2,3,1,1,2,0,0,2,2,10,9.0
2024,RS,13,129,1,P008052   ,1.0,0.0,VNC,33,"WILTJER, KYLE",19:30,6,2,3,0,2,2,2,1,3,4,1,2,0,0,0,2,1,9,-2.0
2024,RS,13,129,1,Team,0.0,0.0,VNC,,Team,,0,0,0,0,0,0,0,2,1,3,0,0,0,0,0,0,0,3,
2024,RS,13,129,1,Total,,,VNC,,Total,200:00,81,26,55,5,17,14,21,15,20,35,17,11,12,3,2,19,21,87,
2024,RS,13,129,0,P007527   ,1.0,1.0,PAM,0,"BADIO, BRANCOU",18:03,7,2,2,1,2,0,0,1,6,7,2,2,3,0,0,0,1,15,-2.0
2024,RS,13,129,0,P006643   ,0.0,1.0,PAM,2,"PUERTO, JOSEP",18:38,4,1,2,0,3,2,4,1,2,3,1,1,0,0,0,1,2,4,6.0
2024,RS,13,129,0,P012738   ,1.0,0.0,PAM,3,"REUVERS, NATHAN",10:36,8,2,2,1,3,1,2,0,0,0,0,0,1,0,0,1,2,5,-13.0
2024,RS,13,129,0,P010393   ,1.0,0.0,PAM,4,"PRADILLA, JAIME",20:47,4,2,3,0,1,0,0,1,4,5,1,0,0,0,0,1,0,7,-13.0
2024,RS,13,129,0,P010750   ,0.0,0.0,PAM,5,"DE LARREA, SERGIO",08:38,5,1,2,0,0,3,3,0,0,0,2,0,4,0,0,2,3,3,-10.0
2024,RS,13,129,0,P005356   ,0.0,0.0,PAM,6,"LOPEZ-AROSTEGUI, XABI",21:57,17,2,6,2,3,7,8,1,3,4,2,3,2,0,1,4,5,18,-5.0
2024,RS,13,129,0,P010568   ,1.0,0.0,PAM,7,"JONES, CHRIS",19:02,2,1,4,0,0,0,0,1,2,3,5,0,2,0,1,3,2,3,-3.0
2024,RS,13,129,0,P004863   ,0.0,1.0,PAM,16,"JOVIC, STEFAN",12:20,2,0,2,0,1,2,2,1,2,3,5,1,1,0,0,1,1,7,6.0
2024,RS,13,129,0,P010444   ,0.0,1.0,PAM,24,"COSTELLO, MATTHEW",21:04,14,4,6,2,5,0,0,2,5,7,2,0,0,0,1,1,0,16,-6.0
2024,RS,13,129,0,P012075   ,0.0,0.0,PAM,35,"BRIMAH, AMIDA",08:20,2,1,1,0,0,0,0,1,3,4,0,0,3,2,0,4,0,1,12.0
2024,RS,13,129,0,P011982   ,1.0,0.0,PAM,37,"OJELEYE, SEMI",21:22,3,0,1,1,5,0,0,1,1,2,1,0,2,0,0,1,0,-2,-13.0
2024,RS,13,129,0,P011980   ,0.0,1.0,PAM,77,"SESTINA, NATHAN",19:13,6,1,1,1,3,1,1,0,0,0,1,1,1,0,0,4,2,3,6.0
2024,RS,13,129,0,Team,0.0,0.0,PAM,,Team,,0,0,0,0,0,0,0,3,1,4,0,0,0,0,0,0,0,4,
2024,RS,13,129,0,Total,,,PAM,,Total,200:00,74,17,32,8,26,16,20,13,29,42,22,8,19,2,3,23,18,84,
2024,RS,13,130,1,P013301   ,0.0,1.0,CLU,2,"SOMACESCU, TUDOR",16:40,4,0,0,1,2,1,2,0,0,0,0,2,1,0,0,4,3,2,3.0
2024,RS,13,130,1,P013302   ,1.0,0.0,CLU,3,"SIMPSON, ZAVIER",25:08,0,0,6,0,0,0,0,0,3,3,7,2,6,0,1,2,0,-3,6.0
2024,RS,13,130,1,P005714   ,1.0,0.0,CLU,5,"MEJERIS, MAREKS",19:59,14,6,6,0,0,2,2,2,5,7,2,2,0,1,0,1,2,27,14.0
2024,RS,13,130,1,P013303   ,0.0,1.0,CLU,6,"MIRON, DARIUS",01:58,0,0,0,0,0,0,0,0,1,1,0,0,0,0,0,0,0,1,-4.0
2024,RS,13,130,1,P002820   ,1.0,0.0,CLU,9,"SALIN, SASU",17:09,9,0,0,3,5,0,0,0,1,1,2,1,2,1,0,2,2,10,11.0
2024,RS,13,130,1,P013304   ,1.0,0.0,CLU,10,"HANKINS, ZACH",19:35,9,4,11,0,0,1,3,1,7,8,3,0,2,2,1,2,2,10,14.0
2024,RS,13,130,1,P004862   ,1.0,0.0,CLU,11,"SEELEY, DENNIS",27:47,15,2,3,2,6,5,5,0,2,2,7,1,2,0,0,0,2,20,30.0
2024,RS,13,130,1,P012684   ,0.0,1.0,CLU,12,"PETRIC, ALEXIS",01:35,0,0,0,0,0,0,0,0,0,0,0,0,1,0,0,1,0,-2,-4.0
2024,RS,13,130,1,P002012   ,0.0,0.0,CLU,17,"ORELIK, GEDIMINAS",18:41,18,3,5,3,4,3,3,1,3,4,1,0,0,0,0,3,3,20,11.0
2024,RS,13,130,1,P013399   ,0.0,1.0,CLU,22,"CEPOI, ANDREI",01:35,0,0,1,0,0,0,0,0,0,0,0,0,0,0,1,0,0,-2,-4.0
2024,RS,13,130,1,P006618   ,0.0,1.0,CLU,23,"STEPHENS, DE'SHAWN",20:25,16,7,8,0,0,2,2,3,2,5,3,2,1,0,0,3,1,22,7.0
2024,RS,13,130,1,P012698   ,0.0,0.0,CLU,95,"MOKOKA, ADAM",29:28,19,4,4,3,5,2,5,1,2,3,3,0,1,1,0,2,4,22,21.0
2024,RS,13,130,1,Team,0.0,0.0,CLU,,Team,,0,0,0,0,0,0,0,3,3,6,0,0,0,0,0,0,0,6,
2024,RS,13,130,1,Total,,,CLU,,Total,200:00,104,26,44,12,22,16,22,11,29,40,28,10,16,5,3,20,19,133,
2024,RS,13,130,0,P013308   ,1.0,0.0,HAM,1,"IVEY, BRAE",22:25,10,2,4,2,5,0,2,1,4,5,3,2,7,0,1,0,4,9,4.0
2024,RS,13,130,0,P011256   ,1.0,1.0,HAM,3,"RICH, OSARO",23:59,11,1,4,2,3,3,4,0,1,1,2,3,1,0,1,3,3,10,1.0
2024,RS,13,130,0,P013309   ,0.0,1.0,HAM,4,"LOTTIE, JAIZEC",20:13,7,1,1,1,3,2,2,0,1,1,4,1,2,0,0,2,2,9,-27.0
2024,RS,13,130,0,P010070   ,0.0,1.0,HAM,6,"MOELLER, LEIF",07:58,3,0,0,1,1,0,0,0,0,0,1,1,0,0,0,2,0,3,17.0
2024,RS,13,130,0,P013310   ,0.0,1.0,HAM,8,"GREY, JARED",08:58,0,0,1,0,1,0,0,0,1,1,0,0,0,0,0,2,0,-3,-15.0
2024,RS,13,130,0,P012695   ,0.0,1.0,HAM,14,"REECE, CAMRON",13:42,4,2,3,0,0,0,0,4,3,7,0,0,3,1,0,3,0,5,-13.0
2024,RS,13,130,0,P005478   ,1.0,0.0,HAM,17,"WIMBERG, NIKLAS",18:12,6,0,1,2,7,0,0,0,0,0,2,0,0,0,0,1,1,2,-20.0
2024,RS,13,130,0,P013312   ,0.0,0.0,HAM,21,"BARNETT, JORDAN",23:27,6,3,6,0,3,0,0,0,1,1,0,0,2,0,1,1,0,-3,-15.0
2024,RS,13,130,0,P013503   ,0.0,0.0,HAM,22,"STOVE, JOHNATHAN",20:09,10,3,8,1,4,1,2,2,0,2,0,0,0,0,2,1,4,4,-30.0
2024,RS,13,130,0,P013313   ,1.0,0.0,HAM,23,"KUATH, KUR",23:04,14,6,7,0,0,2,4,2,5,7,0,2,0,2,0,3,3,22,2.0
2024,RS,13,130,0,P003242   ,1.0,0.0,HAM,25,"OGBE, KENNETH",17:53,12,2,3,2,5,2,3,0,3,3,3,0,1,0,0,1,3,14,-9.0
2024,RS,13,130,0,Team,0.0,0.0,HAM,,Team,,0,0,0,0,0,0,0,5,2,7,0,0,0,0,0,0,0,7,
2024,RS,13,130,0,Total,,,HAM,,Total,200:00,83,20,38,11,32,10,17,14,21,35,15,9,16,3,5,19,20,79,
2024,RS,14,131,1,P012003   ,1.0,0.0,WOL,1,"COWAN JR, ANTHONY",29:22,17,0,0,4,10,5,7,1,3,4,8,1,2,0,0,3,7,24,-15.0
2024,RS,14,131,1,P012789   ,0.0,0.0,WOL,4,"BROOKS, GARRISON",11:02,4,1,1,0,2,2,2,2,0,2,1,1,1,1,0,2,1,5,-13.0
2024,RS,14,131,1,P009306   ,0.0,1.0,WOL,9,"BASLYK, DANIEL",00:56,0,0,0,0,0,0,0,0,0,0,0,0,0,0,0,0,0,0,1.0
2024,RS,14,131,1,P004645   ,1.0,0.0,WOL,10,"MINIOTAS, REGIMANTAS",10:12,0,0,0,0,0,0,0,1,2,3,1,0,1,0,0,2,0,1,4.0
2024,RS,14,131,1,P006897   ,0.0,1.0,WOL,11,"MARCINKEVICIUS, JUSTINAS",00:56,0,0,0,0,0,0,0,0,0,0,0,0,0,0,0,0,0,0,1.0
2024,RS,14,131,1,P011248   ,0.0,0.0,WOL,12,"ANDREWS, ANDREW",23:10,9,2,5,1,5,2,3,0,3,3,0,1,4,0,0,3,4,2,-20.0
2024,RS,14,131,1,P005516   ,0.0,1.0,WOL,13,"ZEMAITIS, KRISTUPAS",23:04,0,0,4,0,4,0,0,1,3,4,3,2,1,0,0,1,1,0,-22.0
2024,RS,14,131,1,P012577   ,1.0,0.0,WOL,15,"THURMAN, TRE'SHAWN",19:10,11,1,3,2,8,3,4,0,3,3,1,0,1,0,0,5,2,2,-10.0
2024,RS,14,131,1,P008186   ,1.0,1.0,WOL,22,"BLAZEVIC, MAREK",26:46,14,6,6,0,0,2,4,3,5,8,1,1,2,0,0,3,4,21,-10.0
2024,RS,14,131,1,P006853   ,0.0,1.0,WOL,23,"JOGELA, MATAS",11:45,4,0,1,1,2,1,2,0,4,4,1,0,1,0,0,0,1,6,-11.0
2024,RS,14,131,1,P006546   ,1.0,0.0,WOL,44,"TAYLOR, JEFFERY",25:17,9,1,2,0,3,7,10,3,2,5,0,0,2,0,0,3,7,9,-7.0
2024,RS,14,131,1,P006180   ,0.0,0.0,WOL,98,"KULBOKA, ARNOLDAS",18:20,6,3,5,0,3,0,0,2,1,3,0,2,1,0,1,0,0,4,-13.0
2024,RS,14,131,1,Team,0.0,0.0,WOL,,Team,,0,0,0,0,0,0,0,2,2,4,0,0,1,0,0,0,0,3,
2024,RS,14,131,1,Total,,,WOL,,Total,200:00,74,14,27,8,37,22,32,15,28,43,16,8,17,1,1,22,27,77,
2024,RS,14,131,0,P013292   ,0.0,1.0,TSO,0,"JANKOWSKI, BARTOSZ",02:47,0,0,0,0,0,0,0,0,0,0,0,0,0,0,0,0,0,0,-1.0
2024,RS,14,131,0,P012019   ,1.0,0.0,TSO,3,"BEST, AARON",23:36,9,2,5,1,4,2,2,2,4,6,0,1,1,0,0,4,4,9,4.0
2024,RS,14,131,0,P013504   ,0.0,1.0,TSO,4,"ALLEYNE, NAHIEM",23:19,6,0,1,2,3,0,0,0,5,5,1,0,1,0,0,3,1,7,24.0
2024,RS,14,131,0,P013294   ,0.0,1.0,TSO,9,"JASZCZERSKI, WIKTOR",00:56,0,0,0,0,0,0,0,0,0,0,0,0,0,0,0,0,0,0,-1.0
2024,RS,14,131,0,P008790   ,1.0,0.0,TSO,12,"WITLINSKI, MIKOLAJ",11:46,8,4,4,0,0,0,0,2,2,4,0,0,0,0,0,5,1,8,5.0
2024,RS,14,131,0,P007426   ,1.0,1.0,TSO,13,"JOHNSON, NICK",28:09,16,6,10,0,2,4,4,2,3,5,7,3,6,0,1,2,5,21,23.0
2024,RS,14,131,0,P013295   ,1.0,0.0,TSO,15,"ZYSKOWSKI, JAROSLAW",31:51,20,3,8,4,5,2,3,2,7,9,3,0,0,0,0,1,2,26,21.0
2024,RS,14,131,0,P013296   ,0.0,0.0,TSO,32,"GROSELLE, GEOFFREY",20:00,13,6,10,0,0,1,4,4,3,7,3,2,0,1,0,5,3,17,12.0
2024,RS,14,131,0,P013516   ,1.0,1.0,TSO,34,"MOTEN, DARIOUS",33:01,19,8,12,1,5,0,0,2,2,4,5,2,1,0,0,3,1,19,8.0
2024,RS,14,131,0,P013298   ,0.0,0.0,TSO,55,"SCHENK, JAKUB",24:35,6,0,3,1,6,3,3,0,2,2,3,2,3,0,0,5,2,-1,20.0
2024,RS,14,131,0,Team,0.0,0.0,TSO,,Team,,0,0,0,0,0,0,0,1,2,3,0,0,0,0,0,0,0,3,
2024,RS,14,131,0,Total,,,TSO,,Total,200:00,97,29,53,9,25,12,16,15,30,45,22,10,12,1,1,28,19,109,
2024,RS,14,132,1,P010161   ,1.0,0.0,JOV,1,"KRAAG, YANNICK",21:02,8,4,6,0,2,0,0,1,5,6,2,1,1,0,1,1,2,12,11.0
2024,RS,14,132,1,P013285   ,1.0,0.0,JOV,2,"DOTSON, DEVON DURRELL",25:50,16,4,8,1,2,5,5,2,1,3,2,1,2,0,1,1,4,17,16.0
2024,RS,14,132,1,PJUG      ,0.0,1.0,JOV,4,"RIBAS, PAU",13:05,9,0,0,3,5,0,0,0,1,1,1,1,2,0,0,0,0,8,12.0
2024,RS,14,132,1,P013287   ,1.0,1.0,JOV,12,"BRAY-GATES, KAISER EVAN",26:19,7,2,2,1,4,0,0,0,6,6,1,1,2,2,0,3,0,9,20.0
2024,RS,14,132,1,P004834   ,1.0,0.0,JOV,13,"PUSTOVYI, ARTEM",19:25,12,5,5,0,0,2,2,0,5,5,0,0,0,2,0,3,3,19,14.0
2024,RS,14,132,1,P002361   ,0.0,1.0,JOV,16,"VIVES, GUILLEM",14:10,0,0,0,0,0,0,0,0,1,1,4,0,1,0,0,1,1,4,7.0
2024,RS,14,132,1,P009672   ,0.0,0.0,JOV,17,"DEKKER, SAM",DNP,0,0,0,0,0,0,0,0,0,0,0,0,0,0,0,0,0,0,0.0
2024,RS,14,132,1,P012226   ,0.0,1.0,JOV,19,"PLATTEEUW, IAN",01:58,2,1,2,0,0,0,1,1,0,1,0,0,0,0,0,1,1,1,-2.0
2024,RS,14,132,1,P012079   ,0.0,1.0,JOV,25,"ONI, MIYE",21:20,6,0,2,2,3,0,0,0,2,2,1,1,0,0,0,4,1,4,7.0
2024,RS,14,132,1,P012740   ,0.0,0.0,JOV,30,"ROBERTSON, KASSIUS",17:17,17,3,5,3,4,2,2,1,1,2,1,0,1,0,0,1,1,16,4.0
2024,RS,14,132,1,P002507   ,0.0,0.0,JOV,44,"TOMIC, ANTE",18:32,5,1,5,0,0,3,4,0,6,6,8,1,1,0,0,0,2,16,11.0
2024,RS,14,132,1,P005099   ,1.0,0.0,JOV,88,"HANGA, ADAM",21:02,11,2,3,2,3,1,2,2,0,2,3,1,4,1,0,3,5,13,15.0
2024,RS,14,132,1,Team,0.0,0.0,JOV,,Team,,0,0,0,0,0,0,0,1,1,2,0,0,1,0,0,0,0,1,
2024,RS,14,132,1,Total,,,JOV,,Total,200:00,93,22,38,12,23,13,16,8,29,37,23,7,15,5,2,18,20,120,
2024,RS,14,132,0,P011924   ,1.0,0.0,BES,0,"ALLMAN, KYLE",21:10,7,1,3,1,1,2,4,1,2,3,1,2,4,0,1,3,2,3,-15.0
2024,RS,14,132,0,P011936   ,1.0,1.0,BES,2,"MATHEWS, JONAH",25:37,18,6,12,1,4,3,4,2,3,5,2,3,2,1,0,1,2,18,-15.0
2024,RS,14,132,0,P006240   ,1.0,0.0,BES,3,"PLAVSIC, UROS",11:26,5,1,2,0,0,3,6,1,2,3,1,0,1,0,0,2,5,7,-4.0
2024,RS,14,132,0,P008945   ,0.0,0.0,BES,5,"NEEDHAM, DEREK",16:47,5,1,3,1,5,0,0,1,2,3,3,0,1,0,2,3,2,1,-13.0
2024,RS,14,132,0,P003783   ,0.0,1.0,BES,6,"UGURLU, BERK",21:19,5,1,4,1,3,0,0,1,0,1,2,0,1,0,0,1,0,1,-9.0
2024,RS,14,132,0,P007914   ,0.0,1.0,BES,7,"ARSLAN, YIGIT",18:45,7,2,3,1,3,0,0,4,0,4,1,0,0,0,0,1,1,9,-2.0
2024,RS,14,132,0,P009680   ,0.0,1.0,BES,9,"MORGAN, CONOR",17:46,8,2,7,1,2,1,2,3,3,6,4,1,0,0,0,2,1,11,-5.0
2024,RS,14,132,0,P011927   ,1.0,0.0,BES,14,"SLEVA, DUSTIN",15:13,5,0,3,0,2,5,6,3,1,4,0,1,1,0,1,3,5,4,-12.0
2024,RS,14,132,0,P011379   ,0.0,1.0,BES,20,"KONAN, KEREM",12:44,0,0,1,0,0,0,0,0,1,1,2,1,1,1,1,1,0,1,-7.0
2024,RS,14,132,0,P012624   ,0.0,0.0,BES,22,"OZBEK, ATA",DNP,0,0,0,0,0,0,0,0,0,0,0,0,0,0,0,0,0,0,0.0
2024,RS,14,132,0,P013255   ,1.0,0.0,BES,30,"MARTIN, KELAN",23:24,6,0,5,2,5,0,0,0,2,2,2,1,1,0,0,1,0,1,-23.0
2024,RS,14,132,0,P010652   ,0.0,0.0,BES,33,"TERRY, EMANUEL",15:49,4,2,2,0,0,0,0,2,3,5,0,3,1,0,0,2,0,9,-10.0
2024,RS,14,132,0,Team,0.0,0.0,BES,,Team,,0,0,0,0,0,0,0,1,2,3,0,0,0,0,0,0,0,3,
2024,RS,14,132,0,Total,,,BES,,Total,200:00,70,16,45,8,25,14,22,19,21,40,18,12,13,2,5,20,18,68,
2024,RS,14,133,1,P006245   ,0.0,1.0,ULM,0,"WEIDEMANN, NELSON",23:19,7,2,5,1,6,0,0,0,1,1,1,1,1,0,0,4,1,-2,1.0
2024,RS,14,133,1,P013289   ,0.0,0.0,ULM,3,"SANTOS, MARCIO",13:26,10,1,3,2,5,2,2,3,0,3,1,0,0,1,1,2,3,10,-3.0
2024,RS,14,133,1,P010726   ,0.0,0.0,ULM,7,"JENSEN, TOBIAS",03:05,0,0,0,0,1,0,0,0,1,1,0,0,1,0,0,0,0,-1,-1.0
2024,RS,14,133,1,P012077   ,0.0,0.0,ULM,9,"PLUMMER, ALFONSO",18:06,13,2,3,3,5,0,0,2,1,3,2,1,2,0,1,2,1,12,-4.0
2024,RS,14,133,1,P013290   ,1.0,0.0,ULM,10,"JESSUP, JUSTINIAN",16:49,6,3,4,0,3,0,0,0,3,3,4,2,1,0,1,5,0,4,3.0
2024,RS,14,133,1,P011391   ,1.0,1.0,ULM,12,"ESSENGUE, NOA",29:37,5,1,4,0,0,3,4,0,5,5,1,2,0,0,0,0,2,11,-9.0
2024,RS,14,133,1,P007952   ,0.0,0.0,ULM,13,"BRETZEL, NICOLAS",DNP,0,0,0,0,0,0,0,0,0,0,0,0,0,0,0,0,0,0,0.0
2024,RS,14,133,1,P006997   ,0.0,0.0,ULM,14,"HERKENHOFF, PHILIPP",11:06,4,1,1,0,1,2,2,2,1,3,0,0,0,0,0,3,2,5,5.0
2024,RS,14,133,1,P013291   ,1.0,1.0,ULM,15,"ROBY, ISAIAH",24:59,7,2,7,1,5,0,0,4,4,8,0,1,1,1,0,2,0,5,-14.0
2024,RS,14,133,1,P010582   ,1.0,0.0,ULM,22,"KLEPEISZ, THOMAS",00:23,0,0,0,0,0,0,0,0,0,0,0,0,0,0,0,0,0,0,0.0
2024,RS,14,133,1,P005422   ,1.0,1.0,ULM,35,"JALLOW, KARIM",32:07,5,1,3,1,4,0,0,0,6,6,1,0,1,0,2,2,4,6,-11.0
2024,RS,14,133,1,P011437   ,0.0,1.0,ULM,77,"SARAF, BEN",27:03,19,8,11,1,5,0,0,0,3,3,5,0,3,0,0,1,0,16,-2.0
2024,RS,14,133,1,Team,0.0,0.0,ULM,,Team,,0,0,0,0,0,0,0,4,1,5,0,0,0,0,0,0,0,5,
2024,RS,14,133,1,Total,,,ULM,,Total,200:00,76,21,41,9,35,7,8,15,26,41,15,7,10,2,5,21,13,71,
2024,RS,14,133,0,P007560   ,0.0,0.0,CAN,3,"KLJAJIC, JOVAN",03:38,0,0,0,0,0,0,0,0,0,0,0,1,1,0,0,0,0,0,-6.0
2024,RS,14,133,0,P012016   ,0.0,1.0,CAN,4,"CONDITT IV, GEORGE",12:42,7,3,3,0,0,1,3,0,2,2,1,0,0,1,0,0,3,12,-12.0
2024,RS,14,133,0,P011251   ,0.0,1.0,CAN,5,"HOMESLEY, CALEB",15:29,9,2,3,1,4,2,4,0,2,2,1,0,0,0,1,2,2,5,-4.0
2024,RS,14,133,0,P008121   ,1.0,1.0,CAN,9,"BRUSSINO, NICOLAS",30:40,10,2,3,2,7,0,0,0,4,4,6,0,2,0,1,2,1,10,4.0
2024,RS,14,133,0,P005005   ,0.0,1.0,CAN,10,"SALVO, MIQUEL",18:42,11,3,3,1,2,2,2,0,2,2,1,0,1,0,0,1,3,14,15.0
2024,RS,14,133,0,P010623   ,1.0,1.0,CAN,12,"ALOCEN, CARLOS",26:15,14,2,5,3,4,1,1,0,3,3,5,3,6,0,0,1,3,17,6.0
2024,RS,14,133,0,P010452   ,1.0,0.0,CAN,13,"PELOS, PIERRE",21:18,8,2,4,1,2,1,2,1,5,6,1,2,2,0,0,0,2,13,-8.0
2024,RS,14,133,0,P012021   ,0.0,0.0,CAN,16,"BORDON, DYLAN",DNP,0,0,0,0,0,0,0,0,0,0,0,0,0,0,0,0,0,0,0.0
2024,RS,14,133,0,P008966   ,1.0,0.0,CAN,18,"TOBEY, MIKE",27:18,10,4,8,0,1,2,2,4,6,10,1,0,0,3,0,1,1,19,19.0
2024,RS,14,133,0,P009556   ,0.0,0.0,CAN,21,"NGOUAMA, MEHDY",13:45,8,1,1,1,3,3,4,0,1,1,1,1,3,1,0,2,2,6,1.0
2024,RS,14,133,0,P012095   ,1.0,0.0,CAN,32,"THOMASSON, JOE",30:13,6,1,2,1,4,1,2,1,3,4,6,0,0,0,0,4,3,10,20.0
2024,RS,14,133,0,P012165   ,0.0,0.0,CAN,35,"DIOP, MASSAMBA",DNP,0,0,0,0,0,0,0,0,0,0,0,0,0,0,0,0,0,0,0.0
2024,RS,14,133,0,Team,0.0,0.0,CAN,,Team,,0,0,0,0,0,0,0,2,3,5,0,0,0,0,0,0,0,5,
2024,RS,14,133,0,Total,,,CAN,,Total,200:00,83,20,32,10,27,13,20,8,31,39,23,7,15,5,2,13,20,111,
2024,RS,14,134,1,P011157   ,1.0,0.0,HTA,0,"MOTLEY, JOHNATHAN",17:41,9,4,7,0,0,1,2,1,0,1,3,0,2,1,0,1,5,12,5.0
2024,RS,14,134,1,P005181   ,0.0,1.0,HTA,1,"RAGLAND, JOE",08:06,2,1,3,0,0,0,0,0,1,1,2,0,1,0,1,2,0,-1,-3.0
2024,RS,14,134,1,P013402   ,0.0,1.0,HTA,2,"BLAKENEY, ANTONIO",22:35,13,2,7,2,4,3,4,0,3,3,1,0,0,2,0,2,3,12,12.0
2024,RS,14,134,1,P013283   ,0.0,1.0,HTA,9,"PALATIN, GUY",05:45,2,0,0,0,1,2,2,0,0,0,2,0,0,0,0,1,1,3,-1.0
2024,RS,14,134,1,P004846   ,0.0,0.0,HTA,10,"TIMOR, BAR",17:07,4,2,2,0,0,0,0,0,1,1,5,1,2,0,0,2,3,10,17.0
2024,RS,14,134,1,P009877   ,0.0,1.0,HTA,14,"BLAYZER, OZ",10:23,4,2,2,0,0,0,1,0,1,1,0,2,0,0,0,0,1,7,1.0
2024,RS,14,134,1,P010386   ,1.0,0.0,HTA,17,"FOSTER, MARCUS",15:18,11,1,2,3,4,0,0,0,3,3,2,0,0,0,0,0,0,14,9.0
2024,RS,14,134,1,P001927   ,0.0,0.0,HTA,22,"BEVERLEY, PATRICK",12:19,5,1,2,1,4,0,0,1,0,1,1,0,1,0,1,2,0,-1,7.0
2024,RS,14,134,1,P013284   ,1.0,0.0,HTA,24,"WAINRIGHT, ISHMAIL CARZELL",22:02,0,0,0,0,1,0,0,0,4,4,1,2,1,0,0,3,0,2,9.0
2024,RS,14,134,1,P011052   ,1.0,0.0,HTA,26,"MADAR, YAM",24:25,11,4,4,1,2,0,0,0,1,1,4,2,2,0,0,0,1,16,15.0
2024,RS,14,134,1,P010550   ,1.0,0.0,HTA,41,"GINAT, TOMER",22:00,9,2,4,1,2,2,2,0,4,4,2,3,1,0,0,4,2,12,18.0
2024,RS,14,134,1,P012096   ,0.0,1.0,HTA,51,"CABOCLO, BRUNO",22:19,19,5,5,3,4,0,1,1,8,9,0,2,3,1,0,2,2,26,16.0
2024,RS,14,134,1,Team,0.0,0.0,HTA,,Team,,0,0,0,0,0,0,0,1,1,2,0,0,0,0,0,0,0,2,
2024,RS,14,134,1,Total,,,HTA,,Total,200:00,89,24,38,11,22,8,12,4,27,31,23,12,13,4,2,19,18,114,
2024,RS,14,134,0,P013269   ,1.0,0.0,TRN,3,"CALE, MYLES",25:13,4,2,5,0,4,0,0,1,2,3,0,1,2,0,1,2,3,-1,-2.0
2024,RS,14,134,0,P013270   ,0.0,1.0,TRN,5,"FORD, JORDAN",27:16,17,2,4,3,5,4,5,0,0,0,2,0,3,0,0,2,2,11,-16.0
2024,RS,14,134,0,P005438   ,1.0,0.0,TRN,6,"PECCHIA, ANDREA",24:45,2,1,2,0,0,0,0,1,4,5,1,2,0,0,1,1,1,8,-24.0
2024,RS,14,134,0,P012687   ,1.0,1.0,TRN,7,"NIANG, SALIOU",27:39,10,4,9,0,1,2,2,0,4,4,8,2,4,0,2,2,2,12,-13.0
2024,RS,14,134,0,P006382   ,0.0,0.0,TRN,10,"FORRAY, TOTO",16:12,3,0,2,1,3,0,0,0,3,3,3,1,1,0,0,2,0,3,-4.0
2024,RS,14,134,0,P013271   ,1.0,1.0,TRN,21,"MAWUGBE, SELOM",23:05,9,4,4,0,0,1,3,1,2,3,0,1,4,1,0,3,2,7,-10.0
2024,RS,14,134,0,P013272   ,1.0,0.0,TRN,22,"LAMB, ANTHONY",24:59,11,4,6,1,5,0,2,0,5,5,5,0,3,1,0,2,6,15,-24.0
2024,RS,14,134,0,P006724   ,0.0,0.0,TRN,26,"BAYEHE, JORDAN",16:55,9,3,3,0,1,3,5,0,1,1,1,0,0,0,0,2,3,9,-11.0
2024,RS,14,134,0,P012114   ,0.0,1.0,TRN,27,"BADALAU, DENIS",12:09,3,0,0,1,3,0,0,0,0,0,1,0,0,0,0,2,0,0,0.0
2024,RS,14,134,0,P013273   ,0.0,1.0,TRN,32,"PLACINSCHI, CESARE",01:47,0,0,0,0,0,0,0,0,1,1,0,0,0,0,0,0,0,1,-1.0
2024,RS,14,134,0,Team,0.0,0.0,TRN,,Team,,0,0,0,0,0,0,0,5,0,5,0,0,2,0,0,0,0,3,
2024,RS,14,134,0,Total,,,TRN,,Total,200:00,68,20,35,6,22,10,17,8,22,30,21,7,19,2,4,18,19,68,
2024,RS,14,135,1,P011192   ,1.0,1.0,BAH,0,"SMITH, JALEEN",39:44,19,3,5,2,4,7,7,0,3,3,9,3,3,0,0,3,8,32,-1.0
2024,RS,14,135,1,P011201   ,1.0,1.0,BAH,2,"HAZER, SEHMUS",36:10,11,4,13,0,1,3,7,0,0,0,7,2,2,0,0,4,5,5,0.0
2024,RS,14,135,1,P012405   ,0.0,0.0,BAH,7,"HALTALI, FURKAN",05:13,0,0,0,0,0,0,2,0,0,0,0,1,1,0,0,1,1,-2,-2.0
2024,RS,14,135,1,P008282   ,0.0,0.0,BAH,10,"ILYASOGLU, OMERCAN",05:56,0,0,0,0,1,0,0,0,0,0,0,1,1,0,0,1,0,-2,-2.0
2024,RS,14,135,1,PLQV      ,0.0,0.0,BAH,17,"MUTAF, MAXIM",DNP,0,0,0,0,0,0,0,0,0,0,0,0,0,0,0,0,0,0,0.0
2024,RS,14,135,1,P005348   ,0.0,0.0,BAH,18,"ARNA, EGEHAN",DNP,0,0,0,0,0,0,0,0,0,0,0,0,0,0,0,0,0,0,0.0
2024,RS,14,135,1,P012711   ,0.0,0.0,BAH,19,"SIMONOVIC, MARKO",14:23,4,1,1,0,1,2,2,1,2,3,0,0,0,0,0,2,1,5,0.0
2024,RS,14,135,1,P011823   ,1.0,1.0,BAH,21,"ODIASE, TAI",39:47,16,5,7,0,1,6,10,5,5,10,1,0,2,3,0,1,5,25,4.0
2024,RS,14,135,1,P005763   ,0.0,0.0,BAH,30,"KORKMAZ, FURKAN",15:46,4,0,2,1,4,1,3,0,1,1,1,0,0,0,1,0,2,0,-4.0
2024,RS,14,135,1,P009601   ,1.0,1.0,BAH,34,"CAVANAUGH, TYLER",30:37,18,2,4,4,5,2,3,1,5,6,1,1,1,0,0,3,2,20,2.0
2024,RS,14,135,1,P008278   ,0.0,0.0,BAH,57,"BAS, GOKTUG",DNP,0,0,0,0,0,0,0,0,0,0,0,0,0,0,0,0,0,0,0.0
2024,RS,14,135,1,P003840   ,1.0,1.0,BAH,83,"BOUTEILLE, AXEL",37:24,23,2,6,5,6,4,5,3,6,9,0,0,1,0,0,1,4,28,13.0
2024,RS,14,135,1,Team,0.0,0.0,BAH,,Team,,0,0,0,0,0,0,0,0,5,5,0,0,1,0,0,0,0,4,
2024,RS,14,135,1,Total,,,BAH,,Total,225:00,95,17,38,12,23,25,39,10,27,37,19,8,12,3,1,16,28,115,
2024,RS,14,135,0,P013256   ,1.0,1.0,BUD,0,"MORGAN, JUWAN",31:44,14,2,4,2,3,4,4,0,1,1,1,1,1,0,0,4,3,12,2.0
2024,RS,14,135,0,P011150   ,1.0,1.0,BUD,1,"SULAIMON, RASHEED",30:00,9,2,4,1,6,2,2,0,6,6,4,1,1,0,0,4,3,11,1.0
2024,RS,14,135,0,P006561   ,0.0,0.0,BUD,2,"ILIC, ALEKSA",DNP,0,0,0,0,0,0,0,0,0,0,0,0,0,0,0,0,0,0,0.0
2024,RS,14,135,0,P012630   ,0.0,1.0,BUD,3,"MAGEE, FLETCHER",15:09,11,0,1,3,6,2,2,0,0,0,0,0,1,0,0,4,1,3,-1.0
2024,RS,14,135,0,P006566   ,1.0,0.0,BUD,7,"SLAVKOVIC, ANDRIJA",20:38,2,1,4,0,0,0,0,2,2,4,1,1,0,0,1,3,0,1,-6.0
2024,RS,14,135,0,P005637   ,0.0,0.0,BUD,10,"TANASKOVIC, NIKOLA",13:16,2,1,2,0,1,0,0,0,3,3,0,0,1,0,0,0,1,3,-4.0
2024,RS,14,135,0,P011281   ,1.0,1.0,BUD,11,"FERRELL, YOGI",27:37,16,5,7,2,8,0,0,1,1,2,5,0,1,0,0,2,1,13,9.0
2024,RS,14,135,0,P010307   ,0.0,0.0,BUD,13,"JOVANOVIC, DORDIJE",17:20,5,1,1,1,2,0,0,0,1,1,1,0,0,0,0,2,0,4,-5.0
2024,RS,14,135,0,P004222   ,0.0,0.0,BUD,24,"OMIC, ALEN",12:50,8,3,4,0,0,2,2,2,1,3,0,0,1,0,0,1,2,10,-4.0
2024,RS,14,135,0,P012606   ,0.0,1.0,BUD,25,"WRIGHT IV, MCKINLEY",24:25,14,5,8,1,3,1,2,1,3,4,7,1,3,1,1,4,4,17,-2.0
2024,RS,14,135,0,P008325   ,1.0,0.0,BUD,34,"KAMENJAS, KENAN",32:01,12,6,8,0,0,0,0,2,6,8,2,0,1,0,1,4,1,15,0.0
2024,RS,14,135,0,Team,0.0,0.0,BUD,,Team,,0,0,0,0,0,0,0,1,1,2,0,0,1,0,0,0,0,1,
2024,RS,14,135,0,Total,,,BUD,,Total,225:00,93,26,43,10,29,11,12,9,25,34,21,4,11,1,3,28,16,90,
2024,RS,14,136,1,P013301   ,0.0,0.0,CLU,2,"SOMACESCU, TUDOR",06:43,2,1,1,0,0,0,0,0,2,2,0,0,1,0,0,2,1,2,2.0
2024,RS,14,136,1,P013302   ,1.0,0.0,CLU,3,"SIMPSON, ZAVIER",31:38,17,4,7,0,2,9,10,1,2,3,5,1,3,0,0,0,5,22,-12.0
2024,RS,14,136,1,P005714   ,1.0,0.0,CLU,5,"MEJERIS, MAREKS",15:56,5,2,3,0,1,1,2,1,2,3,0,0,0,0,0,3,3,5,-12.0
2024,RS,14,136,1,P013303   ,0.0,0.0,CLU,6,"MIRON, DARIUS",DNP,0,0,0,0,0,0,0,0,0,0,0,0,0,0,0,0,0,0,0.0
2024,RS,14,136,1,P002820   ,1.0,1.0,CLU,9,"SALIN, SASU",27:24,2,1,2,0,5,0,0,2,3,5,0,2,2,0,0,3,0,-2,-15.0
2024,RS,14,136,1,P013304   ,1.0,0.0,CLU,10,"HANKINS, ZACH",18:33,2,1,2,0,0,0,0,0,5,5,0,0,1,1,0,3,0,3,-11.0
2024,RS,14,136,1,P004862   ,1.0,1.0,CLU,11,"SEELEY, DENNIS",29:24,27,4,8,5,10,4,4,1,2,3,3,0,2,0,1,1,4,24,0.0
2024,RS,14,136,1,P012684   ,0.0,0.0,CLU,12,"PETRIC, ALEXIS",DNP,0,0,0,0,0,0,0,0,0,0,0,0,0,0,0,0,0,0,0.0
2024,RS,14,136,1,P002012   ,0.0,1.0,CLU,17,"ORELIK, GEDIMINAS",24:04,8,0,0,2,7,2,2,0,4,4,4,1,0,0,0,1,3,14,0.0
2024,RS,14,136,1,P006618   ,0.0,1.0,CLU,23,"STEPHENS, DE'SHAWN",21:27,11,5,6,0,0,1,1,1,2,3,0,2,0,0,0,2,1,14,-1.0
2024,RS,14,136,1,P012620   ,0.0,0.0,CLU,25,"MACIUCA, MIHAI",01:51,0,0,0,0,0,0,0,0,0,0,0,0,0,0,0,1,0,-1,-5.0
2024,RS,14,136,1,P012698   ,0.0,1.0,CLU,95,"MOKOKA, ADAM",23:00,5,2,4,0,1,1,2,0,0,0,4,0,2,1,1,3,3,3,-6.0
2024,RS,14,136,1,Team,0.0,0.0,CLU,,Team,,0,0,0,0,0,0,0,1,0,1,0,0,1,0,0,0,0,0,
2024,RS,14,136,1,Total,,,CLU,,Total,200:00,79,20,33,7,26,18,21,7,22,29,16,6,12,2,2,19,20,84,
2024,RS,14,136,0,P013276   ,1.0,1.0,JER,0,"SMITH, JUSTIN",20:00,13,6,10,0,0,1,2,4,3,7,1,0,1,1,1,4,1,12,-5.0
2024,RS,14,136,0,P011970   ,1.0,1.0,JER,1,"HARPER, JARED",29:47,21,4,8,1,6,10,10,0,6,6,7,0,2,1,0,3,5,26,7.0
2024,RS,14,136,0,P008912   ,0.0,1.0,JER,3,"CARRINGTON, KHADEEN",27:07,23,4,7,4,10,3,3,0,2,2,2,1,4,0,1,2,6,18,19.0
2024,RS,14,136,0,P013277   ,0.0,1.0,JER,4,"JOHNSON, CHRIS",24:46,2,1,1,0,2,0,0,5,2,7,1,0,0,0,0,1,0,7,12.0
2024,RS,14,136,0,P013279   ,1.0,0.0,JER,7,"CHACHASHVILI, GABRIEL",14:22,5,2,2,0,0,1,1,1,1,2,1,1,0,0,0,2,2,9,-2.0
2024,RS,14,136,0,P013280   ,0.0,0.0,JER,18,"HASSON, YARIN",DNP,0,0,0,0,0,0,0,0,0,0,0,0,0,0,0,0,0,0,0.0
2024,RS,14,136,0,P010431   ,0.0,0.0,JER,20,"MORGAN, JEREMY",18:38,11,0,1,3,6,2,2,0,1,1,1,3,0,0,0,4,1,9,10.0
2024,RS,14,136,0,P009649   ,1.0,0.0,JER,22,"PHILLIP, TARIK",20:59,0,0,0,0,2,0,0,1,3,4,2,0,2,0,0,2,3,3,3.0
2024,RS,14,136,0,P013263   ,0.0,0.0,JER,34,"OGBEIDE, DEREK",15:27,6,3,5,0,0,0,0,0,5,5,0,1,0,0,0,0,0,10,16.0
2024,RS,14,136,0,P006625   ,1.0,1.0,JER,50,"ZOOSMAN, YOVEL",28:54,10,5,9,0,1,0,0,2,2,4,0,1,1,0,0,2,0,7,0.0
2024,RS,14,136,0,P010681   ,0.0,0.0,JER,51,"KOULECHOV, EGOR",DNP,0,0,0,0,0,0,0,0,0,0,0,0,0,0,0,0,0,0,0.0
2024,RS,14,136,0,Team,0.0,0.0,JER,,Team,,0,0,0,0,0,0,0,1,2,3,0,0,0,0,0,0,0,3,
2024,RS,14,136,0,Total,,,JER,,Total,200:00,91,25,43,8,27,17,18,14,27,41,15,7,10,2,2,20,18,104,
2024,RS,14,137,1,P013308   ,1.0,1.0,HAM,1,"IVEY, BRAE",23:07,16,2,7,3,7,3,3,1,1,2,6,1,1,0,1,3,2,13,-8.0
2024,RS,14,137,1,P011256   ,1.0,0.0,HAM,3,"RICH, OSARO",16:28,5,1,2,1,3,0,0,0,0,0,1,1,1,0,0,0,0,3,-10.0
2024,RS,14,137,1,P013309   ,0.0,1.0,HAM,4,"LOTTIE, JAIZEC",18:08,7,2,4,0,3,3,4,1,2,3,3,1,1,0,1,1,3,8,-14.0
2024,RS,14,137,1,P010070   ,0.0,0.0,HAM,6,"MOELLER, LEIF",11:13,0,0,0,0,2,0,0,0,1,1,1,1,1,0,0,0,0,0,-7.0
2024,RS,14,137,1,P013310   ,0.0,0.0,HAM,8,"GREY, JARED",12:46,0,0,0,0,0,0,0,1,1,2,0,1,3,0,0,2,1,-1,6.0
2024,RS,14,137,1,P012695   ,0.0,0.0,HAM,14,"REECE, CAMRON",01:02,0,0,0,0,0,0,0,0,0,0,0,0,1,0,0,0,0,-1,-5.0
2024,RS,14,137,1,P005478   ,1.0,0.0,HAM,17,"WIMBERG, NIKLAS",17:36,5,1,2,1,2,0,0,1,3,4,1,0,0,0,1,2,0,5,-16.0
2024,RS,14,137,1,P013517   ,0.0,0.0,HAM,20,"GIESSMANN, FABIAN",12:08,2,1,2,0,1,0,0,0,0,0,1,1,0,0,0,3,1,0,17.0
2024,RS,14,137,1,P013312   ,0.0,1.0,HAM,21,"BARNETT, JORDAN",23:35,16,2,3,4,7,0,0,1,3,4,1,2,0,0,0,2,0,17,-2.0
2024,RS,14,137,1,P013503   ,0.0,1.0,HAM,22,"STOVE, JOHNATHAN",20:25,11,4,6,1,3,0,0,0,3,3,3,0,1,0,0,3,2,11,2.0
2024,RS,14,137,1,P013313   ,1.0,1.0,HAM,23,"KUATH, KUR",25:39,10,4,5,0,0,2,4,0,3,3,0,1,3,2,0,3,5,12,-20.0
2024,RS,14,137,1,P003242   ,1.0,0.0,HAM,25,"OGBE, KENNETH",17:53,5,1,1,0,4,3,3,2,1,3,2,1,2,0,0,2,3,6,-8.0
2024,RS,14,137,1,Team,0.0,0.0,HAM,,Team,,0,0,0,0,0,0,0,3,1,4,0,0,0,0,0,0,0,4,
2024,RS,14,137,1,Total,,,HAM,,Total,200:00,77,18,32,10,32,11,14,10,19,29,19,10,14,2,3,21,17,77,
2024,RS,14,137,0,P003759   ,0.0,0.0,VNC,0,"TESSITORI, AMEDEO",DNP,0,0,0,0,0,0,0,0,0,0,0,0,0,0,0,0,0,0,0.0
2024,RS,14,137,0,P006571   ,0.0,0.0,VNC,4,"LEVER, ALESSANDRO",11:58,6,0,0,2,2,0,0,1,0,1,1,0,2,0,0,1,0,5,8.0
2024,RS,14,137,0,P009400   ,0.0,0.0,VNC,7,"CASARIN, DAVIDE",12:50,9,2,2,1,2,2,3,0,1,1,0,0,1,0,0,1,3,9,5.0
2024,RS,14,137,0,P005177   ,0.0,0.0,VNC,8,"FERNANDEZ, JUAN",10:29,5,0,0,1,2,2,2,0,2,2,4,3,1,0,0,4,1,9,3.0
2024,RS,14,137,0,P005404   ,0.0,1.0,VNC,9,"MORETTI, DAVIDE",20:54,5,1,2,1,5,0,0,1,0,1,4,1,2,0,1,0,2,5,-2.0
2024,RS,14,137,0,P008858   ,1.0,0.0,VNC,11,"ENNIS, TYLER",28:19,7,2,6,1,3,0,0,1,0,1,6,0,3,0,0,1,2,6,9.0
2024,RS,14,137,0,P012588   ,0.0,0.0,VNC,14,"JANELIDZE, GIGA",DNP,0,0,0,0,0,0,0,0,0,0,0,0,0,0,0,0,0,0,0.0
2024,RS,14,137,0,P012796   ,1.0,0.0,VNC,21,"KABENGELE, MFIONDU",26:50,11,5,5,0,0,1,2,7,2,9,1,2,2,0,0,4,4,20,4.0
2024,RS,14,137,0,P011909   ,1.0,1.0,VNC,22,"PARKS, JORDAN",27:10,19,3,8,3,6,4,4,3,4,7,0,0,2,2,0,4,2,16,8.0
2024,RS,14,137,0,P013305   ,1.0,1.0,VNC,24,"WHEATLE, CARL",20:18,4,1,3,0,3,2,3,0,1,1,2,0,0,0,0,1,2,2,16.0
2024,RS,14,137,0,P011928   ,0.0,1.0,VNC,25,"SIMMS, AAMIR",19:53,8,1,3,0,1,6,6,0,7,7,1,1,0,1,0,1,5,19,3.0
2024,RS,14,137,0,P008052   ,1.0,1.0,VNC,33,"WILTJER, KYLE",21:19,16,5,6,2,4,0,0,1,6,7,2,0,0,0,1,0,0,21,11.0
2024,RS,14,137,0,Team,0.0,0.0,VNC,,Team,,0,0,0,0,0,0,0,0,3,3,0,0,2,0,0,0,0,1,
2024,RS,14,137,0,Total,,,VNC,,Total,200:00,90,20,35,11,28,17,20,14,26,40,21,7,15,3,2,17,21,113,
2024,RS,14,138,1,P007527   ,1.0,1.0,PAM,0,"BADIO, BRANCOU",18:46,12,2,4,2,3,2,2,0,1,1,3,0,0,0,1,1,2,13,6.0
2024,RS,14,138,1,P006643   ,0.0,0.0,PAM,2,"PUERTO, JOSEP",19:15,9,3,4,1,4,0,0,3,3,6,0,1,0,0,1,2,0,9,29.0
2024,RS,14,138,1,P012738   ,1.0,1.0,PAM,3,"REUVERS, NATHAN",14:21,5,2,4,0,1,1,2,3,2,5,0,1,1,0,0,4,2,4,-6.0
2024,RS,14,138,1,P010393   ,0.0,0.0,PAM,4,"PRADILLA, JAIME",21:44,12,3,3,2,2,0,0,1,4,5,2,0,2,1,0,2,3,19,21.0
2024,RS,14,138,1,P010750   ,1.0,0.0,PAM,5,"DE LARREA, SERGIO",18:41,9,2,3,1,2,2,4,0,2,2,9,1,0,0,0,0,4,21,21.0
2024,RS,14,138,1,P005356   ,0.0,0.0,PAM,6,"LOPEZ-AROSTEGUI, XABI",21:28,20,4,9,3,4,3,4,3,3,6,5,1,1,0,3,2,2,21,29.0
2024,RS,14,138,1,P010568   ,0.0,1.0,PAM,7,"JONES, CHRIS",21:19,12,3,6,2,5,0,0,0,2,2,7,1,3,0,2,1,3,13,17.0
2024,RS,14,138,1,P004863   ,0.0,0.0,PAM,16,"JOVIC, STEFAN",DNP,0,0,0,0,0,0,0,0,0,0,0,0,0,0,0,0,0,0,0.0
2024,RS,14,138,1,P010444   ,0.0,0.0,PAM,24,"COSTELLO, MATTHEW",13:05,7,2,2,1,1,0,0,1,2,3,1,1,0,0,0,2,1,11,28.0
2024,RS,14,138,1,P012075   ,0.0,0.0,PAM,35,"BRIMAH, AMIDA",12:20,8,2,2,0,0,4,4,0,5,5,1,0,1,0,0,3,2,12,19.0
2024,RS,14,138,1,P011982   ,1.0,1.0,PAM,37,"OJELEYE, SEMI",20:59,12,1,2,2,6,4,5,0,3,3,0,0,0,0,1,2,5,11,6.0
2024,RS,14,138,1,P011980   ,1.0,1.0,PAM,77,"SESTINA, NATHAN",18:02,10,2,3,2,3,0,0,1,1,2,0,0,0,0,1,2,0,7,20.0
2024,RS,14,138,1,Team,0.0,0.0,PAM,,Team,,0,0,0,0,0,0,0,3,2,5,0,0,0,0,0,0,0,5,
2024,RS,14,138,1,Total,,,PAM,,Total,200:00,116,26,42,16,31,16,21,15,30,45,28,6,8,1,9,21,24,146,
2024,RS,14,138,0,P013299   ,0.0,0.0,TTK,2,"TEKCEVIK, METE",DNP,0,0,0,0,0,0,0,0,0,0,0,0,0,0,0,0,0,0,0.0
2024,RS,14,138,0,P007917   ,1.0,1.0,TTK,3,"DURMAZ, BERKAN",25:27,16,5,5,1,3,3,5,0,6,6,3,0,0,0,0,3,4,22,-24.0
2024,RS,14,138,0,P004056   ,0.0,0.0,TTK,5,"AKPINAR, ISMET",09:41,0,0,1,0,2,0,0,0,0,0,1,1,0,0,0,1,0,-2,-11.0
2024,RS,14,138,0,P011973   ,1.0,1.0,TTK,7,"ALEXANDER, KYLE",22:00,6,3,4,0,1,0,0,2,2,4,0,0,1,3,0,2,0,8,-18.0
2024,RS,14,138,0,P009025   ,1.0,1.0,TTK,8,"BROWN, ANTHONY",30:01,14,2,5,3,7,1,2,1,1,2,3,0,3,1,0,1,2,10,-14.0
2024,RS,14,138,0,P012415   ,0.0,1.0,TTK,9,"TUNCA, MELIH",13:17,7,2,3,1,4,0,0,1,0,1,1,1,3,0,0,2,1,2,-16.0
2024,RS,14,138,0,P011977   ,0.0,0.0,TTK,12,"OZDOGAN, ARDA",01:43,0,0,0,0,0,0,0,0,0,0,0,0,0,0,0,1,0,-1,-4.0
2024,RS,14,138,0,P004619   ,0.0,0.0,TTK,13,"AGVA, MAHIR",05:42,0,0,2,0,0,0,0,0,0,0,0,0,0,0,0,1,1,-2,-3.0
2024,RS,14,138,0,P013300   ,1.0,0.0,TTK,20,"BESS, JAVON",22:45,7,2,3,0,1,3,4,2,2,4,1,1,2,0,0,2,2,8,-39.0
2024,RS,14,138,0,P006598   ,0.0,1.0,TTK,21,"HANLAN, OLIVIER",22:07,6,0,1,1,6,3,4,0,5,5,6,0,1,1,0,4,4,10,-20.0
2024,RS,14,138,0,P010587   ,1.0,0.0,TTK,44,"SMITH, KENNETH",22:44,6,0,2,2,2,0,0,0,1,1,4,0,0,0,0,5,1,5,-13.0
2024,RS,14,138,0,P011935   ,0.0,0.0,TTK,55,"MAKOUNDOU, YOAN",24:33,16,4,7,1,4,5,6,0,2,2,0,1,2,4,1,2,6,17,-28.0
2024,RS,14,138,0,Team,0.0,0.0,TTK,,Team,,0,0,0,0,0,0,0,2,1,3,0,0,1,0,0,0,0,2,
2024,RS,14,138,0,Total,,,TTK,,Total,200:00,78,18,33,9,30,15,21,8,20,28,19,4,13,9,1,24,21,79,
2024,RS,14,139,1,P004525   ,0.0,0.0,BOU,3,"SALASH, MAKSIM",25:53,7,0,3,2,3,1,2,2,2,4,2,1,2,0,2,2,1,4,14.0
2024,RS,14,139,1,P013264   ,1.0,1.0,BOU,4,"NELSON, ADRIAN",18:39,3,0,1,1,3,0,0,2,3,5,2,0,2,0,0,0,1,6,-8.0
2024,RS,14,139,1,P010449   ,1.0,1.0,BOU,5,"BENITEZ, HUGO",21:22,5,1,2,1,1,0,1,0,1,1,4,0,2,0,0,3,2,5,11.0
2024,RS,14,139,1,P010450   ,0.0,0.0,BOU,7,"COURBY, MAXIME",18:03,5,0,1,1,3,2,2,0,2,2,1,0,1,0,1,3,1,1,7.0
2024,RS,14,139,1,P013265   ,1.0,1.0,BOU,8,"USHER, JORDAN",20:53,17,3,8,1,6,8,9,2,7,9,1,0,2,1,1,4,6,16,2.0
2024,RS,14,139,1,P006904   ,0.0,0.0,BOU,11,"AYAYI, JOEL",DNP,0,0,0,0,0,0,0,0,0,0,0,0,0,0,0,0,0,0,0.0
2024,RS,14,139,1,P013266   ,1.0,0.0,BOU,13,"CASTANEDA, XAVIER",20:57,11,2,4,1,3,4,4,0,2,2,4,1,3,0,0,3,5,13,16.0
2024,RS,14,139,1,P011550   ,0.0,0.0,BOU,16,"JACQUES, WILSON",DNP,0,0,0,0,0,0,0,0,0,0,0,0,0,0,0,0,0,0,0.0
2024,RS,14,139,1,P009552   ,0.0,1.0,BOU,27,"PANSA, JEAN-MARC",15:47,4,1,4,0,0,2,2,1,3,4,1,3,0,0,0,4,1,6,9.0
2024,RS,14,139,1,P007288   ,0.0,1.0,BOU,30,"JEFFERSON, BRANDON",22:50,11,1,3,3,7,0,0,1,1,2,3,0,1,0,0,1,1,9,2.0
2024,RS,14,139,1,P004945   ,0.0,0.0,BOU,33,"PAUL, BRANDON",15:55,7,2,2,1,4,0,0,0,0,0,0,1,0,0,0,4,1,2,1.0
2024,RS,14,139,1,P011837   ,1.0,0.0,BOU,34,"KOKILA, KEVIN",19:41,9,3,3,0,0,3,4,3,6,9,0,1,2,0,0,2,5,19,11.0
2024,RS,14,139,1,Team,0.0,0.0,BOU,,Team,,0,0,0,0,0,0,0,5,0,5,0,0,1,0,0,0,0,4,
2024,RS,14,139,1,Total,,,BOU,,Total,200:00,79,13,31,11,30,20,24,16,27,43,18,7,16,1,4,26,24,85,
2024,RS,14,139,0,P009898   ,1.0,0.0,LKB,2,"BICKAUSKIS, DOVIS",25:22,7,2,5,0,1,3,4,0,1,1,3,2,2,2,0,3,2,7,-1.0
2024,RS,14,139,0,P010181   ,0.0,1.0,LKB,3,"STENIONIS, DOMINYKAS",02:19,0,0,0,0,1,0,0,0,0,0,1,0,0,0,0,0,0,0,2.0
2024,RS,14,139,0,P010461   ,0.0,0.0,LKB,12,"MALDUNAS, GABRIELIUS",21:58,8,4,5,0,0,0,0,2,3,5,2,0,1,0,0,3,0,10,-12.0
2024,RS,14,139,0,P005521   ,1.0,0.0,LKB,13,"VARNAS, MARTYNAS",28:12,9,2,4,0,1,5,6,1,3,4,1,1,1,0,0,4,4,10,-13.0
2024,RS,14,139,0,P006586   ,0.0,1.0,LKB,16,"KALAITZAKIS, GEORGIOS",22:13,12,3,5,0,1,6,11,0,2,2,2,1,0,0,0,2,6,13,-6.0
2024,RS,14,139,0,P009299   ,1.0,0.0,LKB,17,"RUBSTAVICIUS, MANTAS",28:14,6,3,3,0,6,0,0,0,2,2,2,3,5,0,1,3,3,1,-10.0
2024,RS,14,139,0,P006212   ,0.0,0.0,LKB,18,"VASILIAUSKAS, GRANTAS",10:04,0,0,0,0,1,0,0,1,1,2,0,0,0,0,0,0,1,2,1.0
2024,RS,14,139,0,P004229   ,1.0,1.0,LKB,41,"GAGIC, DORDE",18:02,8,3,7,0,0,2,2,1,4,5,0,0,1,0,0,4,4,8,-1.0
2024,RS,14,139,0,P013247   ,0.0,1.0,LKB,50,"KOVLIAR, OLEKSANDR",27:51,16,4,4,2,4,2,4,0,3,3,3,0,1,0,0,2,3,18,-14.0
2024,RS,14,139,0,P013512   ,1.0,1.0,LKB,77,"DANUSEVICIUS, PAULIUS",15:45,0,0,1,0,3,0,2,0,2,2,0,0,2,2,0,4,2,-6,-11.0
2024,RS,14,139,0,Team,0.0,0.0,LKB,,Team,,0,0,0,0,0,0,0,3,1,4,0,0,2,0,0,0,0,2,
2024,RS,14,139,0,Total,,,LKB,,Total,200:00,66,21,34,2,18,18,29,8,22,30,14,7,15,4,1,25,25,65,
2024,RS,14,140,1,P012700   ,1.0,0.0,LJU,0,"STEWART, DJ",24:17,13,5,9,0,1,3,4,2,4,6,1,2,1,0,0,3,3,15,9.0
2024,RS,14,140,1,P012042   ,1.0,0.0,LJU,1,"ROBINSON, DEVIN",24:08,13,5,6,0,0,3,6,1,3,4,0,0,1,1,0,0,4,17,11.0
2024,RS,14,140,1,P013260   ,0.0,1.0,LJU,2,"JONES, DEVANTE",18:05,14,3,5,1,1,5,6,0,4,4,5,0,0,0,1,2,3,20,16.0
2024,RS,14,140,1,P009392   ,0.0,1.0,LJU,3,"RADOVIC, ROK",12:25,2,1,1,0,0,0,0,0,0,0,0,1,0,0,0,3,0,0,7.0
2024,RS,14,140,1,P003703   ,1.0,1.0,LJU,5,"NIKOLIC, ALEKSEJ",24:43,9,1,2,1,4,4,7,0,0,0,6,0,2,0,0,2,6,10,5.0
2024,RS,14,140,1,P011261   ,0.0,1.0,LJU,7,"GLAS, GREGOR",02:09,0,0,0,0,0,0,0,0,0,0,0,0,0,0,0,0,0,0,2.0
2024,RS,14,140,1,P013261   ,1.0,0.0,LJU,9,"LEMAR, BRYNTON",26:07,18,3,5,2,3,6,7,1,0,1,3,0,2,0,0,3,6,19,11.0
2024,RS,14,140,1,P003452   ,0.0,0.0,LJU,11,"BLAZIC, JAKA",15:18,13,3,5,0,0,7,10,0,1,1,0,1,0,0,1,0,5,14,9.0
2024,RS,14,140,1,P012996   ,1.0,0.0,LJU,20,"BERINGER, JOAN",18:24,5,2,2,0,0,1,2,1,3,4,0,0,0,1,0,2,1,8,8.0
2024,RS,14,140,1,P005113   ,0.0,0.0,LJU,31,"STIPANOVIC, ANDRIJA",19:27,4,2,4,0,0,0,2,3,4,7,5,0,3,1,0,1,1,10,9.0
2024,RS,14,140,1,P013518   ,0.0,0.0,LJU,33,"TASIC, DANILO",12:48,5,0,2,1,1,2,2,0,2,2,1,0,1,2,0,2,2,7,6.0
2024,RS,14,140,1,P009431   ,0.0,1.0,LJU,41,"DANEU, ZIGA",02:09,2,1,1,0,0,0,0,1,1,2,0,0,0,0,0,0,0,4,2.0
2024,RS,14,140,1,Team,0.0,0.0,LJU,,Team,,0,0,0,0,0,0,0,1,1,2,0,0,0,0,0,0,0,2,
2024,RS,14,140,1,Total,,,LJU,,Total,200:00,98,26,42,5,10,31,46,10,23,33,21,4,10,5,2,18,31,126,
2024,RS,14,140,0,P013500   ,1.0,0.0,ARI,0,"COOPER, SHARIFE",27:13,17,5,8,2,7,1,1,0,0,0,4,0,3,0,3,3,3,7,-10.0
2024,RS,14,140,0,P004292   ,0.0,0.0,ARI,4,"TOLIOPOULOS, VASSILIS",21:09,6,0,2,2,6,0,0,1,0,1,1,1,2,0,0,3,1,-1,-16.0
2024,RS,14,140,0,P013355   ,0.0,1.0,ARI,10,"CHATZIDAKIS, EMMANOUIL",09:22,2,1,2,0,0,0,0,1,2,3,0,0,0,0,0,2,0,2,-5.0
2024,RS,14,140,0,P013393   ,0.0,0.0,ARI,11,"LASZEWSKI, NATHAN JAMES",14:37,7,0,1,2,3,1,2,2,0,2,2,0,1,0,0,5,2,4,-6.0
2024,RS,14,140,0,P013356   ,0.0,1.0,ARI,12,"GKIOUZELIS, GEORGIOS",15:26,3,0,1,1,1,0,0,0,1,1,0,0,0,0,0,0,0,3,-18.0
2024,RS,14,140,0,P003240   ,0.0,0.0,ARI,13,"BOCHORIDIS, ELEFTHERIOS",08:48,3,0,1,1,1,0,0,1,1,2,1,0,1,0,1,3,0,0,-16.0
2024,RS,14,140,0,P013395   ,0.0,1.0,ARI,17,"VISSARIOU, TILEMACHOS",08:35,3,0,0,1,3,0,0,1,0,1,0,0,1,0,0,3,0,-2,0.0
2024,RS,14,140,0,P010397   ,1.0,1.0,ARI,21,"WILLIS, DARRAL",22:49,13,4,9,1,4,2,2,3,3,6,2,0,3,0,1,4,3,8,-8.0
2024,RS,14,140,0,P013251   ,1.0,1.0,ARI,22,"WOODBURY, TREY",25:47,9,3,6,0,4,3,4,1,5,6,4,0,3,0,0,3,5,10,-1.0
2024,RS,14,140,0,P013252   ,1.0,0.0,ARI,23,"ROBERTS, JOSHUA",23:20,6,2,4,0,0,2,2,1,1,2,0,1,1,2,0,3,3,8,-8.0
2024,RS,14,140,0,P013253   ,1.0,0.0,ARI,55,"HODGE, D MOI",22:54,10,2,3,2,3,0,1,1,3,4,4,0,0,0,0,3,1,13,-7.0
2024,RS,14,140,0,Team,0.0,0.0,ARI,,Team,,0,0,0,0,0,0,0,3,0,3,0,0,2,0,0,0,0,1,
2024,RS,14,140,0,Total,,,ARI,,Total,200:00,79,17,37,12,32,9,12,15,16,31,18,2,17,2,5,32,18,53,
2024,RS,15,141,1,P013292   ,0.0,0.0,TSO,0,"JANKOWSKI, BARTOSZ",00:40,0,0,0,0,0,0,0,0,0,0,0,0,0,0,0,0,0,0,2.0
2024,RS,15,141,1,P012019   ,1.0,1.0,TSO,3,"BEST, AARON",28:12,13,2,6,3,5,0,0,0,4,4,4,0,1,0,0,3,3,14,-9.0
2024,RS,15,141,1,P013504   ,1.0,1.0,TSO,4,"ALLEYNE, NAHIEM",27:54,6,0,0,2,3,0,0,0,2,2,0,0,1,0,0,2,0,4,-8.0
2024,RS,15,141,1,P013294   ,0.0,0.0,TSO,9,"JASZCZERSKI, WIKTOR",DNP,0,0,0,0,0,0,0,0,0,0,0,0,0,0,0,0,0,0,0.0
2024,RS,15,141,1,P008790   ,1.0,0.0,TSO,12,"WITLINSKI, MIKOLAJ",21:24,11,4,8,0,0,3,4,5,1,6,2,0,0,0,0,1,2,15,1.0
2024,RS,15,141,1,P007426   ,1.0,0.0,TSO,13,"JOHNSON, NICK",34:32,18,2,10,3,4,5,6,1,5,6,5,0,2,0,0,5,4,16,-4.0
2024,RS,15,141,1,P013295   ,0.0,0.0,TSO,15,"ZYSKOWSKI, JAROSLAW",21:17,6,1,4,1,4,1,2,0,2,2,0,0,0,0,0,3,1,-1,7.0
2024,RS,15,141,1,P013296   ,0.0,1.0,TSO,32,"GROSELLE, GEOFFREY",18:36,12,6,9,0,0,0,0,3,3,6,3,1,1,0,1,3,3,17,-6.0
2024,RS,15,141,1,P013516   ,1.0,1.0,TSO,34,"MOTEN, DARIOUS",30:04,2,1,4,0,1,0,0,0,2,2,1,1,0,1,0,2,0,1,-14.0
2024,RS,15,141,1,P013298   ,0.0,1.0,TSO,55,"SCHENK, JAKUB",17:21,8,1,2,1,3,3,3,0,0,0,3,2,2,0,0,2,1,7,6.0
2024,RS,15,141,1,Team,0.0,0.0,TSO,,Team,,0,0,0,0,0,0,0,2,4,6,0,0,0,0,0,0,0,6,
2024,RS,15,141,1,Total,,,TSO,,Total,200:00,76,17,43,10,20,12,15,11,23,34,18,4,7,1,1,21,14,79,
2024,RS,15,141,0,P011192   ,1.0,1.0,BAH,0,"SMITH, JALEEN",35:25,25,5,9,2,6,9,10,2,7,9,3,3,1,0,0,1,10,39,9.0
2024,RS,15,141,0,P011201   ,0.0,0.0,BAH,2,"HAZER, SEHMUS",18:24,9,2,4,1,5,2,2,0,3,3,1,1,1,0,0,1,3,9,-2.0
2024,RS,15,141,0,P010543   ,0.0,0.0,BAH,3,"YUCEORAL, ALI",DNP,0,0,0,0,0,0,0,0,0,0,0,0,0,0,0,0,0,0,0.0
2024,RS,15,141,0,P012405   ,0.0,0.0,BAH,7,"HALTALI, FURKAN",03:37,0,0,0,0,0,0,0,1,1,2,0,0,0,0,0,2,0,0,-8.0
2024,RS,15,141,0,PLQV      ,0.0,0.0,BAH,17,"MUTAF, MAXIM",DNP,0,0,0,0,0,0,0,0,0,0,0,0,0,0,0,0,0,0,0.0
2024,RS,15,141,0,P012711   ,0.0,0.0,BAH,19,"SIMONOVIC, MARKO",16:25,2,1,1,0,1,0,0,0,2,2,0,0,0,0,0,0,0,3,-6.0
2024,RS,15,141,0,P011823   ,1.0,1.0,BAH,21,"ODIASE, TAI",31:50,20,8,10,0,0,4,4,3,3,6,0,0,1,1,1,3,3,23,17.0
2024,RS,15,141,0,P005763   ,0.0,0.0,BAH,30,"KORKMAZ, FURKAN",14:49,4,2,3,0,3,0,0,0,0,0,1,0,0,0,0,1,1,1,-9.0
2024,RS,15,141,0,P009601   ,1.0,1.0,BAH,34,"CAVANAUGH, TYLER",28:08,12,2,2,2,4,2,2,0,5,5,1,0,0,0,0,2,2,16,7.0
2024,RS,15,141,0,P005275   ,1.0,1.0,BAH,55,"SIPAHI, KENAN",21:58,4,2,3,0,2,0,0,0,2,2,6,1,1,0,0,4,1,6,7.0
2024,RS,15,141,0,P008278   ,0.0,0.0,BAH,57,"BAS, GOKTUG",DNP,0,0,0,0,0,0,0,0,0,0,0,0,0,0,0,0,0,0,0.0
2024,RS,15,141,0,P003840   ,1.0,1.0,BAH,83,"BOUTEILLE, AXEL",29:24,5,1,2,1,6,0,0,0,3,3,2,0,0,0,0,0,1,5,10.0
2024,RS,15,141,0,Team,0.0,0.0,BAH,,Team,,0,0,0,0,0,0,0,2,1,3,0,0,1,0,0,0,0,2,
2024,RS,15,141,0,Total,,,BAH,,Total,200:00,81,23,34,6,27,17,18,8,27,35,14,5,5,1,1,14,21,104,
2024,RS,15,142,1,P013256   ,1.0,1.0,BUD,0,"MORGAN, JUWAN",21:54,9,0,1,1,3,6,7,0,1,1,0,0,3,1,1,3,4,4,-1.0
2024,RS,15,142,1,P011150   ,1.0,1.0,BUD,1,"SULAIMON, RASHEED",26:27,19,6,10,2,7,1,2,2,2,4,1,0,2,0,0,4,1,9,2.0
2024,RS,15,142,1,P006561   ,0.0,0.0,BUD,2,"ILIC, ALEKSA",DNP,0,0,0,0,0,0,0,0,0,0,0,0,0,0,0,0,0,0,0.0
2024,RS,15,142,1,P012630   ,0.0,1.0,BUD,3,"MAGEE, FLETCHER",18:56,9,0,2,2,8,3,3,0,2,2,0,1,2,0,1,4,2,-1,9.0
2024,RS,15,142,1,P006566   ,1.0,0.0,BUD,7,"SLAVKOVIC, ANDRIJA",15:22,0,0,2,0,0,0,0,1,0,1,0,0,0,0,1,2,0,-4,-13.0
2024,RS,15,142,1,P005637   ,0.0,1.0,BUD,10,"TANASKOVIC, NIKOLA",18:10,14,3,3,2,3,2,2,2,1,3,2,1,0,0,0,0,1,20,2.0
2024,RS,15,142,1,P011281   ,0.0,0.0,BUD,11,"FERRELL, YOGI",17:24,8,4,6,0,1,0,0,0,1,1,2,1,0,0,1,2,3,9,3.0
2024,RS,15,142,1,P010307   ,0.0,0.0,BUD,13,"JOVANOVIC, DORDIJE",19:21,6,1,1,1,2,1,2,0,2,2,0,0,0,0,0,0,3,9,2.0
2024,RS,15,142,1,P004222   ,0.0,0.0,BUD,24,"OMIC, ALEN",26:39,4,2,2,0,0,0,0,5,4,9,4,0,1,0,0,1,3,18,14.0
2024,RS,15,142,1,P012606   ,1.0,1.0,BUD,25,"WRIGHT IV, MCKINLEY",22:39,11,2,6,1,1,4,4,0,1,1,6,1,3,1,0,3,4,14,0.0
2024,RS,15,142,1,P013259   ,0.0,0.0,BUD,27,"AZUBUIKE, UDOKA",DNP,0,0,0,0,0,0,0,0,0,0,0,0,0,0,0,0,0,0,0.0
2024,RS,15,142,1,P008325   ,1.0,0.0,BUD,34,"KAMENJAS, KENAN",13:08,4,2,4,0,0,0,0,0,1,1,2,2,1,0,1,2,0,3,-13.0
2024,RS,15,142,1,Team,0.0,0.0,BUD,,Team,,0,0,0,0,0,0,0,2,2,4,0,0,0,0,0,0,0,4,
2024,RS,15,142,1,Total,,,BUD,,Total,200:00,84,20,37,9,25,17,20,12,17,29,17,6,12,2,5,21,21,85,
2024,RS,15,142,0,P011157   ,1.0,1.0,HTA,0,"MOTLEY, JOHNATHAN",21:12,15,6,8,0,0,3,3,1,4,5,0,0,3,0,0,3,3,15,-8.0
2024,RS,15,142,0,P005181   ,0.0,0.0,HTA,1,"RAGLAND, JOE",18:40,6,3,4,0,1,0,0,0,0,0,7,1,1,0,0,1,1,11,-8.0
2024,RS,15,142,0,P013402   ,0.0,0.0,HTA,2,"BLAKENEY, ANTONIO",DNP,0,0,0,0,0,0,0,0,0,0,0,0,0,0,0,0,0,0,0.0
2024,RS,15,142,0,P004846   ,0.0,1.0,HTA,10,"TIMOR, BAR",13:26,4,0,0,1,1,1,1,0,0,0,2,0,0,0,0,0,0,6,-4.0
2024,RS,15,142,0,P009877   ,0.0,0.0,HTA,14,"BLAYZER, OZ",08:02,3,0,0,1,1,0,0,0,0,0,0,0,0,1,0,2,1,3,3.0
2024,RS,15,142,0,P010386   ,0.0,1.0,HTA,17,"FOSTER, MARCUS",15:17,4,2,2,0,2,0,0,0,0,0,0,0,0,0,0,0,1,3,-10.0
2024,RS,15,142,0,P001927   ,1.0,1.0,HTA,22,"BEVERLEY, PATRICK",21:02,0,0,2,0,4,0,0,0,1,1,4,0,2,0,1,4,1,-7,7.0
2024,RS,15,142,0,P013284   ,1.0,0.0,HTA,24,"WAINRIGHT, ISHMAIL CARZELL",26:34,9,0,0,3,5,0,2,1,2,3,3,2,2,2,0,4,3,12,3.0
2024,RS,15,142,0,P011052   ,1.0,1.0,HTA,26,"MADAR, YAM",25:14,11,2,4,1,6,4,6,0,6,6,4,1,3,0,1,2,8,15,5.0
2024,RS,15,142,0,P010550   ,1.0,0.0,HTA,41,"GINAT, TOMER",28:04,15,2,2,3,6,2,4,2,5,7,2,0,4,0,0,2,3,16,4.0
2024,RS,15,142,0,P012096   ,0.0,0.0,HTA,51,"CABOCLO, BRUNO",22:29,16,5,6,2,3,0,0,0,1,1,2,1,2,2,0,3,0,15,3.0
2024,RS,15,142,0,Team,0.0,0.0,HTA,,Team,,0,0,0,0,0,0,0,4,2,6,0,0,0,0,0,0,0,6,
2024,RS,15,142,0,Total,,,HTA,,Total,200:00,83,20,28,11,29,10,16,8,21,29,24,5,17,5,2,21,21,95,
2024,RS,15,143,1,P012593   ,0.0,0.0,TRN,1,"ELLIS, QUINN",23:14,9,3,4,0,2,3,4,0,3,3,6,2,4,0,1,1,4,14,21.0
2024,RS,15,143,1,P013269   ,1.0,0.0,TRN,3,"CALE, MYLES",27:13,14,3,5,2,6,2,2,1,4,5,1,1,0,1,1,4,2,13,3.0
2024,RS,15,143,1,P013520   ,0.0,1.0,TRN,4,"MACHETTI, MARIO",01:14,0,0,0,0,0,0,0,0,0,0,0,0,0,0,0,0,0,0,-2.0
2024,RS,15,143,1,P013270   ,0.0,0.0,TRN,5,"FORD, JORDAN",24:58,20,4,4,4,7,0,0,1,0,1,3,2,1,0,0,0,1,23,12.0
2024,RS,15,143,1,P012687   ,1.0,1.0,TRN,7,"NIANG, SALIOU",23:58,8,4,5,0,0,0,1,3,9,12,3,0,5,0,0,3,5,18,12.0
2024,RS,15,143,1,P013521   ,0.0,1.0,TRN,8,"TRIGGIANI, TOBIA",00:53,0,0,0,0,0,0,0,0,0,0,0,0,0,0,0,0,0,0,-2.0
2024,RS,15,143,1,P006382   ,1.0,0.0,TRN,10,"FORRAY, TOTO",18:30,5,1,4,1,3,0,0,1,1,2,3,0,2,0,0,3,1,1,1.0
2024,RS,15,143,1,P013523   ,0.0,1.0,TRN,14,"TRIGGIANI, VITTORIO",00:53,0,0,0,0,1,0,0,0,0,0,0,0,0,0,0,0,0,-1,-2.0
2024,RS,15,143,1,P013271   ,1.0,0.0,TRN,21,"MAWUGBE, SELOM",22:07,4,1,1,0,0,2,6,1,4,5,1,0,4,2,0,2,4,6,-3.0
2024,RS,15,143,1,P013272   ,1.0,0.0,TRN,22,"LAMB, ANTHONY",25:44,21,4,4,3,5,4,4,0,4,4,2,2,3,0,0,3,3,24,25.0
2024,RS,15,143,1,P006724   ,0.0,0.0,TRN,26,"BAYEHE, JORDAN",17:00,0,0,4,0,0,0,0,0,2,2,0,0,0,0,0,2,0,-4,20.0
2024,RS,15,143,1,P012114   ,0.0,1.0,TRN,27,"BADALAU, DENIS",14:16,5,1,3,1,3,0,0,0,1,1,1,0,1,0,1,2,0,-1,-10.0
2024,RS,15,143,1,Team,0.0,0.0,TRN,,Team,,0,0,0,0,0,0,0,0,3,3,0,0,0,0,0,0,0,3,
2024,RS,15,143,1,Total,,,TRN,,Total,200:00,86,21,34,11,27,11,17,7,31,38,20,7,20,3,3,20,20,96,
2024,RS,15,143,0,P006245   ,1.0,0.0,ULM,0,"WEIDEMANN, NELSON",25:56,9,3,7,1,3,0,0,1,3,4,1,0,2,1,1,2,0,4,-3.0
2024,RS,15,143,0,P013289   ,1.0,0.0,ULM,3,"SANTOS, MARCIO",11:35,6,1,2,1,3,1,1,0,0,0,0,1,2,0,0,3,2,1,-4.0
2024,RS,15,143,0,P010726   ,0.0,1.0,ULM,7,"JENSEN, TOBIAS",07:18,0,0,1,0,0,0,0,1,0,1,1,0,0,0,0,0,0,1,-2.0
2024,RS,15,143,0,P012077   ,0.0,1.0,ULM,9,"PLUMMER, ALFONSO",19:01,5,0,1,1,5,2,2,0,1,1,3,0,1,0,1,0,2,4,-10.0
2024,RS,15,143,0,P013290   ,1.0,1.0,ULM,10,"JESSUP, JUSTINIAN",33:05,12,3,5,2,10,0,0,0,4,4,2,6,1,0,0,0,2,15,-13.0
2024,RS,15,143,0,P011391   ,0.0,1.0,ULM,12,"ESSENGUE, NOA",27:29,18,3,6,2,5,6,6,2,6,8,2,0,2,0,1,4,4,19,-16.0
2024,RS,15,143,0,P007952   ,0.0,0.0,ULM,13,"BRETZEL, NICOLAS",DNP,0,0,0,0,0,0,0,0,0,0,0,0,0,0,0,0,0,0,0.0
2024,RS,15,143,0,P006997   ,0.0,0.0,ULM,14,"HERKENHOFF, PHILIPP",15:17,0,0,0,0,1,0,0,1,2,3,0,1,2,1,0,0,0,2,1.0
2024,RS,15,143,0,P013291   ,1.0,0.0,ULM,15,"ROBY, ISAIAH",17:37,4,2,3,0,0,0,3,1,3,4,0,0,1,1,0,4,4,4,-16.0
2024,RS,15,143,0,P005422   ,1.0,0.0,ULM,35,"JALLOW, KARIM",19:24,10,3,5,0,1,4,4,4,3,7,0,3,4,0,0,5,4,12,1.0
2024,RS,15,143,0,P011437   ,0.0,1.0,ULM,77,"SARAF, BEN",23:18,7,2,8,0,1,3,4,0,2,2,4,2,2,0,0,2,2,5,-13.0
2024,RS,15,143,0,Team,0.0,0.0,ULM,,Team,,0,0,0,0,0,0,0,4,1,5,0,0,0,0,0,0,0,5,
2024,RS,15,143,0,Total,,,ULM,,Total,200:00,71,17,38,7,29,16,20,14,25,39,13,13,17,3,3,20,20,72,
2024,RS,15,144,1,P007560   ,1.0,0.0,CAN,3,"KLJAJIC, JOVAN",03:38,0,0,0,0,0,0,0,0,0,0,0,0,0,0,0,2,0,-2,-1.0
2024,RS,15,144,1,P012016   ,0.0,0.0,CAN,4,"CONDITT IV, GEORGE",16:16,11,4,4,0,0,3,4,1,2,3,1,0,0,0,0,1,4,17,-6.0
2024,RS,15,144,1,P003425   ,1.0,0.0,CAN,6,"ALBICY, ANDREW",20:25,4,2,3,0,3,0,0,0,1,1,4,2,2,0,0,1,1,5,-7.0
2024,RS,15,144,1,P008121   ,1.0,0.0,CAN,9,"BRUSSINO, NICOLAS",25:49,5,1,5,0,4,3,3,0,4,4,5,0,4,0,2,2,4,2,0.0
2024,RS,15,144,1,P005005   ,0.0,1.0,CAN,10,"SALVO, MIQUEL",21:04,9,4,4,0,1,1,2,0,3,3,3,0,0,0,0,0,3,16,-3.0
2024,RS,15,144,1,P010623   ,0.0,0.0,CAN,12,"ALOCEN, CARLOS",08:53,2,1,3,0,1,0,0,0,1,1,3,0,1,0,0,0,2,4,-7.0
2024,RS,15,144,1,P010452   ,0.0,0.0,CAN,13,"PELOS, PIERRE",13:50,5,1,3,1,2,0,0,1,0,1,0,0,1,0,0,2,1,1,-6.0
2024,RS,15,144,1,P006588   ,1.0,1.0,CAN,14,"SHURNA, JOHN",26:08,14,4,5,2,6,0,0,4,1,5,1,1,0,0,0,3,0,13,0.0
2024,RS,15,144,1,P008966   ,1.0,0.0,CAN,18,"TOBEY, MIKE",23:28,13,2,3,3,3,0,0,1,4,5,0,0,0,0,0,2,1,16,0.0
2024,RS,15,144,1,P009556   ,0.0,1.0,CAN,21,"NGOUAMA, MEHDY",19:46,10,2,5,2,5,0,0,0,1,1,1,2,0,0,0,4,1,5,4.0
2024,RS,15,144,1,P012095   ,0.0,1.0,CAN,32,"THOMASSON, JOE",20:31,4,1,4,0,2,2,2,0,0,0,5,1,2,0,1,4,1,-1,-4.0
2024,RS,15,144,1,P012165   ,0.0,1.0,CAN,35,"DIOP, MASSAMBA",00:12,0,0,0,0,0,0,0,0,0,0,0,0,0,0,0,0,0,0,0.0
2024,RS,15,144,1,Team,0.0,0.0,CAN,,Team,,0,0,0,0,0,0,0,3,3,6,0,0,0,0,0,0,0,6,
2024,RS,15,144,1,Total,,,CAN,,Total,200:00,77,22,39,8,27,9,11,10,20,30,23,6,10,0,3,21,18,82,
2024,RS,15,144,0,P010161   ,1.0,0.0,JOV,1,"KRAAG, YANNICK",17:18,8,1,1,2,3,0,0,0,1,1,0,0,0,0,0,1,1,8,10.0
2024,RS,15,144,0,P013285   ,1.0,1.0,JOV,2,"DOTSON, DEVON DURRELL",27:28,9,4,8,0,1,1,2,1,4,5,8,0,1,0,0,1,8,22,13.0
2024,RS,15,144,0,PJUG      ,0.0,0.0,JOV,4,"RIBAS, PAU",02:09,0,0,0,0,0,0,0,0,0,0,0,0,1,0,0,0,0,-1,-5.0
2024,RS,15,144,0,P013287   ,0.0,1.0,JOV,12,"BRAY-GATES, KAISER EVAN",17:07,8,1,2,2,2,0,0,0,3,3,0,0,1,0,0,4,0,5,8.0
2024,RS,15,144,0,P004834   ,1.0,0.0,JOV,13,"PUSTOVYI, ARTEM",21:50,10,5,7,0,0,0,0,2,5,7,0,1,0,3,0,2,1,18,9.0
2024,RS,15,144,0,P002361   ,0.0,1.0,JOV,16,"VIVES, GUILLEM",12:33,3,0,0,1,1,0,0,0,0,0,2,0,1,0,0,2,0,2,-7.0
2024,RS,15,144,0,P009672   ,1.0,1.0,JOV,17,"DEKKER, SAM",23:16,13,3,4,1,5,4,4,1,4,5,2,1,3,0,0,1,5,17,2.0
2024,RS,15,144,0,P012079   ,0.0,0.0,JOV,25,"ONI, MIYE",20:45,6,0,2,2,4,0,0,1,1,2,1,0,0,0,0,2,0,3,3.0
2024,RS,15,144,0,P012740   ,0.0,1.0,JOV,30,"ROBERTSON, KASSIUS",23:43,13,3,3,1,3,4,4,0,1,1,2,0,4,0,0,2,4,12,-1.0
2024,RS,15,144,0,P002507   ,0.0,0.0,JOV,44,"TOMIC, ANTE",17:47,4,2,6,0,0,0,0,0,2,2,3,1,0,0,0,2,0,4,-5.0
2024,RS,15,144,0,P005099   ,1.0,0.0,JOV,88,"HANGA, ADAM",16:04,9,3,4,1,2,0,0,1,2,3,0,1,0,0,0,1,2,12,3.0
2024,RS,15,144,0,Team,0.0,0.0,JOV,,Team,,0,0,0,0,0,0,0,1,2,3,0,0,2,0,0,0,0,1,
2024,RS,15,144,0,Total,,,JOV,,Total,200:00,83,22,37,10,21,9,10,7,25,32,18,4,13,3,0,18,21,103,
2024,RS,15,145,1,P011924   ,0.0,0.0,BES,0,"ALLMAN, KYLE",10:16,0,0,3,0,2,0,0,0,1,1,1,0,0,0,0,1,0,-4,-6.0
2024,RS,15,145,1,P011936   ,1.0,1.0,BES,2,"MATHEWS, JONAH",31:49,27,6,11,3,5,6,7,0,4,4,1,1,1,0,0,1,7,30,12.0
2024,RS,15,145,1,P006240   ,0.0,0.0,BES,3,"PLAVSIC, UROS",06:01,0,0,3,0,0,0,0,0,0,0,0,0,1,0,0,2,0,-6,-2.0
2024,RS,15,145,1,P008945   ,0.0,1.0,BES,5,"NEEDHAM, DEREK",16:03,2,0,1,0,1,2,2,1,1,2,1,0,1,0,0,3,1,0,-18.0
2024,RS,15,145,1,P003783   ,1.0,1.0,BES,6,"UGURLU, BERK",29:47,20,3,4,3,4,5,5,0,4,4,3,0,0,0,0,2,4,27,8.0
2024,RS,15,145,1,P007914   ,0.0,0.0,BES,7,"ARSLAN, YIGIT",12:50,3,0,1,1,4,0,0,1,2,3,2,1,1,0,0,3,2,3,1.0
2024,RS,15,145,1,P009680   ,0.0,0.0,BES,9,"MORGAN, CONOR",15:46,5,1,3,1,2,0,0,0,3,3,2,1,1,1,0,5,0,3,10.0
2024,RS,15,145,1,P012233   ,0.0,0.0,BES,10,"AKSU, YAGIZ",DNP,0,0,0,0,0,0,0,0,0,0,0,0,0,0,0,0,0,0,0.0
2024,RS,15,145,1,P011927   ,1.0,1.0,BES,14,"SLEVA, DUSTIN",27:09,10,0,1,1,4,7,8,2,4,6,0,1,1,1,0,3,6,15,13.0
2024,RS,15,145,1,P011379   ,0.0,0.0,BES,20,"KONAN, KEREM",04:52,2,0,2,0,0,2,2,0,3,3,0,1,1,0,0,1,1,3,-9.0
2024,RS,15,145,1,P013255   ,1.0,1.0,BES,30,"MARTIN, KELAN",27:10,10,3,5,1,2,1,1,0,2,2,2,2,1,0,0,0,3,15,1.0
2024,RS,15,145,1,P010652   ,1.0,0.0,BES,33,"TERRY, EMANUEL",18:17,0,0,1,0,0,0,0,1,3,4,2,0,4,2,0,3,1,1,0.0
2024,RS,15,145,1,Team,0.0,0.0,BES,,Team,,0,0,0,0,0,0,0,0,2,2,0,0,2,0,0,0,0,0,
2024,RS,15,145,1,Total,,,BES,,Total,200:00,79,13,35,10,24,23,25,5,29,34,14,7,14,4,0,24,25,87,
2024,RS,15,145,0,P012003   ,1.0,1.0,WOL,1,"COWAN JR, ANTHONY",31:50,22,3,6,2,5,10,12,0,2,2,7,0,5,0,1,4,11,24,-1.0
2024,RS,15,145,0,P012789   ,0.0,0.0,WOL,4,"BROOKS, GARRISON",18:06,2,1,2,0,0,0,0,1,3,4,2,0,1,0,0,1,0,5,-13.0
2024,RS,15,145,0,P003212   ,0.0,0.0,WOL,8,"KARINIAUSKAS, VAIDAS",DNP,0,0,0,0,0,0,0,0,0,0,0,0,0,0,0,0,0,0,0.0
2024,RS,15,145,0,P009306   ,0.0,0.0,WOL,9,"BASLYK, DANIEL",DNP,0,0,0,0,0,0,0,0,0,0,0,0,0,0,0,0,0,0,0.0
2024,RS,15,145,0,P004645   ,1.0,0.0,WOL,10,"MINIOTAS, REGIMANTAS",14:29,14,4,7,1,2,3,3,2,2,4,0,2,0,0,1,3,2,14,2.0
2024,RS,15,145,0,P011248   ,0.0,1.0,WOL,12,"ANDREWS, ANDREW",22:51,4,0,5,0,5,4,5,0,1,1,2,0,1,0,2,3,4,-6,1.0
2024,RS,15,145,0,P005516   ,1.0,0.0,WOL,13,"ZEMAITIS, KRISTUPAS",21:18,2,1,2,0,3,0,0,0,2,2,2,1,0,0,0,2,0,1,-6.0
2024,RS,15,145,0,P012577   ,0.0,1.0,WOL,15,"THURMAN, TRE'SHAWN",15:16,7,1,3,1,4,2,2,1,7,8,2,0,1,0,0,4,2,9,3.0
2024,RS,15,145,0,P008186   ,1.0,0.0,WOL,22,"BLAZEVIC, MAREK",20:45,10,5,8,0,0,0,0,1,9,10,2,0,2,0,0,2,2,17,5.0
2024,RS,15,145,0,P006853   ,0.0,1.0,WOL,23,"JOGELA, MATAS",05:36,3,0,0,1,1,0,0,0,1,1,0,1,1,0,0,1,0,3,-2.0
2024,RS,15,145,0,P006546   ,1.0,1.0,WOL,44,"TAYLOR, JEFFERY",28:37,2,1,2,0,0,0,0,1,0,1,1,2,1,0,0,4,1,1,-4.0
2024,RS,15,145,0,P006180   ,0.0,0.0,WOL,98,"KULBOKA, ARNOLDAS",21:12,11,3,4,1,2,2,2,1,1,2,1,0,0,0,0,1,1,12,5.0
2024,RS,15,145,0,Team,0.0,0.0,WOL,,Team,,0,0,0,0,0,0,0,1,2,3,0,0,2,0,0,0,0,1,
2024,RS,15,145,0,Total,,,WOL,,Total,200:00,77,19,39,6,22,21,24,8,30,38,19,6,14,0,4,25,23,81,
2024,RS,15,146,1,P013276   ,1.0,1.0,JER,0,"SMITH, JUSTIN",29:36,16,7,10,0,0,2,3,2,4,6,0,0,0,1,0,2,4,21,-14.0
2024,RS,15,146,1,P011970   ,1.0,1.0,JER,1,"HARPER, JARED",33:27,16,4,9,2,7,2,2,0,1,1,8,0,1,0,0,2,2,14,-12.0
2024,RS,15,146,1,P008912   ,0.0,1.0,JER,3,"CARRINGTON, KHADEEN",24:35,15,5,11,0,2,5,5,0,5,5,4,1,0,0,0,3,5,19,7.0
2024,RS,15,146,1,P013277   ,1.0,0.0,JER,4,"JOHNSON, CHRIS",15:49,5,0,2,1,3,2,2,1,1,2,0,0,0,0,1,4,1,-1,-7.0
2024,RS,15,146,1,P013280   ,0.0,0.0,JER,18,"HASSON, YARIN",DNP,0,0,0,0,0,0,0,0,0,0,0,0,0,0,0,0,0,0,0.0
2024,RS,15,146,1,P010431   ,0.0,1.0,JER,20,"MORGAN, JEREMY",24:11,6,0,2,1,3,3,3,0,0,0,2,1,0,0,1,2,1,3,1.0
2024,RS,15,146,1,P009649   ,1.0,0.0,JER,22,"PHILLIP, TARIK",20:47,2,0,2,0,2,2,2,2,5,7,2,1,1,1,1,2,3,8,8.0
2024,RS,15,146,1,P013263   ,0.0,0.0,JER,34,"OGBEIDE, DEREK",10:24,4,0,2,0,0,4,4,1,2,3,0,0,4,0,0,2,2,1,10.0
2024,RS,15,146,1,P006625   ,1.0,1.0,JER,50,"ZOOSMAN, YOVEL",33:02,6,0,2,2,6,0,2,2,4,6,4,3,0,0,0,3,1,9,-4.0
2024,RS,15,146,1,P010681   ,0.0,0.0,JER,51,"KOULECHOV, EGOR",08:09,0,0,0,0,0,0,0,1,1,2,0,0,0,0,0,3,0,-1,-9.0
2024,RS,15,146,1,Team,0.0,0.0,JER,,Team,,0,0,0,0,0,0,0,0,4,4,0,0,0,0,0,0,0,4,
2024,RS,15,146,1,Total,,,JER,,Total,200:00,70,16,40,6,23,20,23,9,27,36,20,6,6,2,3,23,19,77,
2024,RS,15,146,0,P012700   ,1.0,0.0,LJU,0,"STEWART, DJ",18:30,2,1,6,0,1,0,2,2,3,5,1,0,1,1,0,0,1,1,10.0
2024,RS,15,146,0,P012042   ,1.0,1.0,LJU,1,"ROBINSON, DEVIN",23:30,15,7,14,0,1,1,1,2,7,9,2,0,0,0,0,3,2,17,8.0
2024,RS,15,146,0,P013260   ,0.0,1.0,LJU,2,"JONES, DEVANTE",20:34,9,0,0,3,5,0,0,0,2,2,3,0,1,0,0,1,1,11,-5.0
2024,RS,15,146,0,P009392   ,0.0,0.0,LJU,3,"RADOVIC, ROK",07:26,0,0,1,0,0,0,0,1,1,2,0,0,1,0,0,1,1,0,-5.0
2024,RS,15,146,0,P003703   ,1.0,1.0,LJU,5,"NIKOLIC, ALEKSEJ",22:19,16,1,3,2,6,8,8,0,4,4,2,0,0,0,0,1,5,20,14.0
2024,RS,15,146,0,P011261   ,0.0,0.0,LJU,7,"GLAS, GREGOR",DNP,0,0,0,0,0,0,0,0,0,0,0,0,0,0,0,0,0,0,0.0
2024,RS,15,146,0,P013261   ,1.0,1.0,LJU,9,"LEMAR, BRYNTON",32:36,17,1,7,4,8,3,4,3,2,5,1,2,2,0,2,3,3,10,6.0
2024,RS,15,146,0,P003452   ,0.0,0.0,LJU,11,"BLAZIC, JAKA",18:35,5,1,3,0,2,3,5,0,6,6,0,0,0,0,0,1,3,7,-8.0
2024,RS,15,146,0,P012996   ,1.0,0.0,LJU,20,"BERINGER, JOAN",19:25,8,3,6,0,0,2,2,5,6,11,3,0,0,2,0,4,1,18,5.0
2024,RS,15,146,0,P005113   ,0.0,0.0,LJU,31,"STIPANOVIC, ANDRIJA",14:33,0,0,0,0,0,0,0,0,0,0,1,0,1,0,0,2,0,-2,-8.0
2024,RS,15,146,0,P013518   ,0.0,1.0,LJU,33,"TASIC, DANILO",22:32,2,1,2,0,1,0,2,2,2,4,1,0,2,0,0,3,6,4,3.0
2024,RS,15,146,0,P009431   ,0.0,0.0,LJU,41,"DANEU, ZIGA",DNP,0,0,0,0,0,0,0,0,0,0,0,0,0,0,0,0,0,0,0.0
2024,RS,15,146,0,Team,0.0,0.0,LJU,,Team,,0,0,0,0,0,0,0,1,1,2,0,0,3,0,0,0,0,-1,
2024,RS,15,146,0,Total,,,LJU,,Total,200:00,74,15,42,9,24,17,24,16,34,50,14,2,11,3,2,19,23,85,
2024,RS,15,147,1,P013500   ,1.0,1.0,ARI,0,"COOPER, SHARIFE",24:06,9,1,4,0,1,7,8,0,1,1,3,0,5,0,1,1,7,8,-26.0
2024,RS,15,147,1,P004292   ,0.0,0.0,ARI,4,"TOLIOPOULOS, VASSILIS",16:36,1,0,4,0,7,1,2,1,1,2,3,1,1,0,0,2,3,-5,-17.0
2024,RS,15,147,1,P013355   ,0.0,0.0,ARI,10,"CHATZIDAKIS, EMMANOUIL",11:24,2,1,2,0,0,0,0,0,0,0,0,0,2,0,0,5,0,-6,-11.0
2024,RS,15,147,1,P013393   ,0.0,1.0,ARI,11,"LASZEWSKI, NATHAN JAMES",18:26,10,0,1,3,4,1,2,2,6,8,0,1,1,0,0,4,4,15,-14.0
2024,RS,15,147,1,P013356   ,0.0,1.0,ARI,12,"GKIOUZELIS, GEORGIOS",17:21,3,0,1,1,2,0,0,0,4,4,0,0,1,0,0,2,0,2,-22.0
2024,RS,15,147,1,P003240   ,1.0,0.0,ARI,13,"BOCHORIDIS, ELEFTHERIOS",10:10,0,0,0,0,0,0,0,0,0,0,1,0,1,1,0,3,1,-1,-6.0
2024,RS,15,147,1,P010397   ,1.0,0.0,ARI,21,"WILLIS, DARRAL",09:26,4,2,4,0,1,0,0,1,3,4,0,0,2,0,0,4,0,-1,-7.0
2024,RS,15,147,1,P013251   ,0.0,1.0,ARI,22,"WOODBURY, TREY",21:50,4,1,3,0,2,2,2,0,0,0,0,2,3,0,0,0,2,1,-29.0
2024,RS,15,147,1,P013252   ,1.0,0.0,ARI,23,"ROBERTS, JOSHUA",23:23,7,3,5,0,0,1,2,4,2,6,0,0,1,0,0,2,1,8,-28.0
2024,RS,15,147,1,P012616   ,0.0,1.0,ARI,25,"FILLIOS, GEORGIOS",16:07,0,0,0,0,0,0,0,0,1,1,2,0,1,0,0,1,0,1,-17.0
2024,RS,15,147,1,P012603   ,0.0,0.0,ARI,30,"FIGUEROA, LJ",06:12,0,0,3,0,0,0,0,2,1,3,0,0,1,0,0,2,0,-3,-8.0
2024,RS,15,147,1,P013253   ,1.0,0.0,ARI,55,"HODGE, D MOI",24:59,11,3,7,1,7,2,3,1,2,3,2,1,0,0,1,3,2,4,-20.0
2024,RS,15,147,1,Team,0.0,0.0,ARI,,Team,,0,0,0,0,0,0,0,2,2,4,0,0,2,0,0,0,0,2,
2024,RS,15,147,1,Total,,,ARI,,Total,200:00,51,11,34,5,24,14,19,13,23,36,11,5,21,1,2,29,20,25,
2024,RS,15,147,0,P004525   ,0.0,0.0,BOU,3,"SALASH, MAKSIM",20:51,6,3,4,0,2,0,0,2,4,6,2,0,2,1,0,0,2,12,29.0
2024,RS,15,147,0,P013264   ,1.0,0.0,BOU,4,"NELSON, ADRIAN",14:42,6,1,4,1,3,1,2,2,2,4,1,0,0,0,0,2,1,4,10.0
2024,RS,15,147,0,P010449   ,0.0,1.0,BOU,5,"BENITEZ, HUGO",18:59,11,4,4,1,2,0,0,4,1,5,4,2,0,0,0,3,1,19,16.0
2024,RS,15,147,0,P013265   ,1.0,0.0,BOU,8,"USHER, JORDAN",16:04,6,2,3,0,2,2,2,0,4,4,2,0,1,0,0,2,2,8,12.0
2024,RS,15,147,0,P006904   ,1.0,0.0,BOU,11,"AYAYI, JOEL",21:01,9,4,4,0,1,1,2,0,1,1,5,2,1,0,0,0,2,16,25.0
2024,RS,15,147,0,P013266   ,1.0,0.0,BOU,13,"CASTANEDA, XAVIER",15:40,14,1,2,2,3,6,9,1,2,3,3,0,1,0,0,1,7,20,13.0
2024,RS,15,147,0,P011550   ,0.0,1.0,BOU,16,"JACQUES, WILSON",04:27,0,0,2,0,0,0,0,1,1,2,0,0,0,0,0,1,0,-1,2.0
2024,RS,15,147,0,P009552   ,0.0,1.0,BOU,27,"PANSA, JEAN-MARC",18:47,6,1,4,0,1,4,6,2,2,4,0,0,1,1,0,4,3,3,18.0
2024,RS,15,147,0,P007288   ,0.0,1.0,BOU,30,"JEFFERSON, BRANDON",24:20,7,0,1,2,8,1,2,0,3,3,6,1,0,0,0,3,3,9,28.0
2024,RS,15,147,0,P004945   ,0.0,1.0,BOU,33,"PAUL, BRANDON",23:56,19,2,4,4,7,3,4,1,2,3,1,2,1,0,1,2,3,18,29.0
2024,RS,15,147,0,P011837   ,1.0,0.0,BOU,34,"KOKILA, KEVIN",21:13,8,1,2,0,0,6,6,2,4,6,1,0,2,0,0,2,5,15,23.0
2024,RS,15,147,0,Team,0.0,0.0,BOU,,Team,,0,0,0,0,0,0,0,2,3,5,0,0,1,0,0,0,0,4,
2024,RS,15,147,0,Total,,,BOU,,Total,200:00,92,19,34,10,29,24,33,17,29,46,25,7,10,2,1,20,29,127,
2024,RS,15,148,1,P009898   ,0.0,0.0,LKB,2,"BICKAUSKIS, DOVIS",21:19,10,2,3,2,3,0,0,2,3,5,0,1,3,0,0,1,3,13,-15.0
2024,RS,15,148,1,P010181   ,0.0,0.0,LKB,3,"STENIONIS, DOMINYKAS",02:07,0,0,0,0,0,0,0,0,0,0,3,0,1,0,0,3,0,-1,5.0
2024,RS,15,148,1,PLXI      ,0.0,1.0,LKB,10,"LIPKEVICIUS, VYTENIS",23:59,9,1,2,2,5,1,2,0,1,1,6,1,0,0,0,2,1,11,-2.0
2024,RS,15,148,1,P010461   ,0.0,1.0,LKB,12,"MALDUNAS, GABRIELIUS",17:04,0,0,3,0,0,0,0,0,4,4,0,2,0,0,0,4,0,-1,-1.0
2024,RS,15,148,1,P005521   ,1.0,1.0,LKB,13,"VARNAS, MARTYNAS",27:27,19,4,5,3,5,2,2,0,1,1,5,4,0,0,0,3,2,25,-3.0
2024,RS,15,148,1,P006586   ,1.0,1.0,LKB,16,"KALAITZAKIS, GEORGIOS",18:58,13,6,7,0,2,1,2,1,3,4,1,1,2,0,0,4,2,11,-6.0
2024,RS,15,148,1,P006212   ,0.0,0.0,LKB,18,"VASILIAUSKAS, GRANTAS",11:29,9,4,4,0,1,1,2,1,2,3,0,0,0,0,0,1,3,12,-8.0
2024,RS,15,148,1,P004229   ,1.0,0.0,LKB,41,"GAGIC, DORDE",21:57,11,4,9,0,0,3,4,2,1,3,1,0,2,0,1,4,7,9,-1.0
2024,RS,15,148,1,P013247   ,1.0,1.0,LKB,50,"KOVLIAR, OLEKSANDR",29:07,6,0,3,2,9,0,0,2,1,3,6,1,3,0,0,1,2,4,3.0
2024,RS,15,148,1,P013512   ,1.0,0.0,LKB,77,"DANUSEVICIUS, PAULIUS",26:33,14,5,7,1,3,1,3,4,5,9,2,0,2,2,0,0,2,21,3.0
2024,RS,15,148,1,Team,0.0,0.0,LKB,,Team,,0,0,0,0,0,0,0,1,3,4,0,0,0,0,0,0,0,4,
2024,RS,15,148,1,Total,,,LKB,,Total,200:00,91,26,43,10,28,9,15,13,24,37,24,10,13,2,1,23,22,108,
2024,RS,15,148,0,P007527   ,0.0,0.0,PAM,0,"BADIO, BRANCOU",DNP,0,0,0,0,0,0,0,0,0,0,0,0,0,0,0,0,0,0,0.0
2024,RS,15,148,0,P006643   ,1.0,0.0,PAM,2,"PUERTO, JOSEP",19:17,6,0,2,2,4,0,0,0,3,3,0,0,0,0,1,1,0,3,-13.0
2024,RS,15,148,0,P012738   ,1.0,1.0,PAM,3,"REUVERS, NATHAN",14:46,11,3,4,1,2,2,2,1,1,2,2,1,4,0,0,2,1,9,-3.0
2024,RS,15,148,0,P010393   ,1.0,1.0,PAM,4,"PRADILLA, JAIME",17:59,14,7,7,0,0,0,0,0,2,2,2,0,2,0,0,4,2,14,-6.0
2024,RS,15,148,0,P010750   ,0.0,1.0,PAM,5,"DE LARREA, SERGIO",16:53,0,0,1,0,2,0,0,2,2,4,3,0,1,0,0,2,2,3,9.0
2024,RS,15,148,0,P005356   ,0.0,0.0,PAM,6,"LOPEZ-AROSTEGUI, XABI",19:12,13,2,3,2,2,3,3,1,5,6,1,1,0,0,0,0,2,22,15.0
2024,RS,15,148,0,P010568   ,0.0,1.0,PAM,7,"JONES, CHRIS",22:59,14,4,4,1,1,3,3,0,3,3,5,0,3,0,0,2,5,22,16.0
2024,RS,15,148,0,P010042   ,1.0,0.0,PAM,8,"MONTERO, JEAN",25:57,14,2,5,3,8,1,2,1,1,2,3,2,1,0,0,3,4,12,-5.0
2024,RS,15,148,0,P004863   ,1.0,0.0,PAM,16,"JOVIC, STEFAN",14:11,0,0,1,0,1,0,0,0,0,0,8,1,0,0,0,2,2,7,-10.0
2024,RS,15,148,0,P010444   ,0.0,0.0,PAM,24,"COSTELLO, MATTHEW",17:37,3,0,0,1,2,0,2,0,1,1,3,2,0,1,0,2,2,7,5.0
2024,RS,15,148,0,P012075   ,0.0,0.0,PAM,35,"BRIMAH, AMIDA",07:37,1,0,0,0,0,1,2,0,3,3,1,0,0,0,0,2,1,3,3.0
2024,RS,15,148,0,P011982   ,0.0,1.0,PAM,37,"OJELEYE, SEMI",23:32,20,1,7,5,7,3,4,3,1,4,0,2,2,0,1,2,2,14,14.0
2024,RS,15,148,0,Team,0.0,0.0,PAM,,Team,,0,0,0,0,0,0,0,0,1,1,0,0,1,0,0,0,0,0,
2024,RS,15,148,0,Total,,,PAM,,Total,200:00,96,19,34,15,29,13,18,8,23,31,28,9,14,1,2,22,23,116,
2024,RS,15,149,1,P007917   ,1.0,1.0,TTK,3,"DURMAZ, BERKAN",21:13,7,2,3,0,0,3,6,1,5,6,3,2,0,0,0,1,7,20,9.0
2024,RS,15,149,1,P004056   ,0.0,0.0,TTK,5,"AKPINAR, ISMET",07:52,6,0,0,2,4,0,0,0,0,0,0,1,1,0,0,0,1,5,3.0
2024,RS,15,149,1,P011973   ,1.0,1.0,TTK,7,"ALEXANDER, KYLE",26:14,8,3,5,0,1,2,4,1,1,2,0,2,2,4,1,3,4,9,6.0
2024,RS,15,149,1,P009025   ,1.0,1.0,TTK,8,"BROWN, ANTHONY",29:58,18,2,8,4,6,2,2,0,2,2,4,1,3,0,0,2,1,13,7.0
2024,RS,15,149,1,P012415   ,0.0,0.0,TTK,9,"TUNCA, MELIH",16:25,2,1,3,0,2,0,0,0,1,1,0,1,0,1,0,0,0,1,3.0
2024,RS,15,149,1,P011977   ,0.0,0.0,TTK,12,"OZDOGAN, ARDA",DNP,0,0,0,0,0,0,0,0,0,0,0,0,0,0,0,0,0,0,0.0
2024,RS,15,149,1,P004619   ,0.0,0.0,TTK,13,"AGVA, MAHIR",08:49,2,1,2,0,0,0,0,1,2,3,1,1,1,0,0,2,0,3,2.0
2024,RS,15,149,1,P008259   ,0.0,0.0,TTK,19,"BRUHNKE, KAY PATRICK",05:19,0,0,0,0,1,0,0,0,1,1,0,0,0,1,0,1,0,0,4.0
2024,RS,15,149,1,P013300   ,1.0,1.0,TTK,20,"BESS, JAVON",17:28,2,1,2,0,2,0,0,2,0,2,0,2,0,0,0,2,1,2,10.0
2024,RS,15,149,1,P006598   ,0.0,0.0,TTK,21,"HANLAN, OLIVIER",18:55,6,2,6,0,2,2,2,0,5,5,1,0,1,0,0,3,4,6,9.0
2024,RS,15,149,1,P010587   ,1.0,0.0,TTK,44,"SMITH, KENNETH",28:42,10,2,4,2,5,0,0,1,2,3,7,0,2,0,0,4,3,12,5.0
2024,RS,15,149,1,P011935   ,0.0,1.0,TTK,55,"MAKOUNDOU, YOAN",19:05,16,5,6,0,2,6,6,3,3,6,1,2,2,2,0,1,4,25,2.0
2024,RS,15,149,1,Team,0.0,0.0,TTK,,Team,,0,0,0,0,0,0,0,4,4,8,0,0,1,0,0,0,0,7,
2024,RS,15,149,1,Total,,,TTK,,Total,200:00,77,19,39,8,25,15,20,13,26,39,17,12,13,8,1,19,25,103,
2024,RS,15,149,0,P013308   ,1.0,1.0,HAM,1,"IVEY, BRAE",25:34,7,1,4,1,8,2,2,1,2,3,2,1,2,0,0,2,3,2,-14.0
2024,RS,15,149,0,P011256   ,0.0,0.0,HAM,3,"RICH, OSARO",15:59,2,1,1,0,1,0,0,0,1,1,2,1,0,0,0,3,0,2,-7.0
2024,RS,15,149,0,P013309   ,0.0,1.0,HAM,4,"LOTTIE, JAIZEC",20:49,5,1,6,1,3,0,0,0,5,5,4,0,6,0,3,1,1,-2,-11.0
2024,RS,15,149,0,P010070   ,1.0,0.0,HAM,6,"MOELLER, LEIF",24:51,9,3,4,0,7,3,3,2,1,3,2,2,4,0,1,5,3,1,5.0
2024,RS,15,149,0,P013310   ,0.0,0.0,HAM,8,"GREY, JARED",11:59,5,0,0,1,3,2,2,0,1,1,0,1,1,0,1,3,1,1,-2.0
2024,RS,15,149,0,P012695   ,0.0,0.0,HAM,14,"REECE, CAMRON",09:17,0,0,2,0,0,0,0,1,1,2,0,0,1,0,1,4,0,-6,1.0
2024,RS,15,149,0,P013517   ,0.0,0.0,HAM,20,"GIESSMANN, FABIAN",08:52,6,2,3,0,0,2,3,2,0,2,0,2,1,0,1,1,2,7,-10.0
2024,RS,15,149,0,P013312   ,1.0,1.0,HAM,21,"BARNETT, JORDAN",32:48,18,6,8,1,10,3,4,5,3,8,0,2,2,0,1,1,3,15,-11.0
2024,RS,15,149,0,P013313   ,1.0,1.0,HAM,23,"KUATH, KUR",21:51,10,3,5,0,0,4,4,3,8,11,0,0,0,1,0,2,2,20,-3.0
2024,RS,15,149,0,P003242   ,1.0,1.0,HAM,25,"OGBE, KENNETH",28:00,3,1,1,0,2,1,1,4,3,7,2,0,1,0,0,3,4,10,-8.0
2024,RS,15,149,0,Team,0.0,0.0,HAM,,Team,,0,0,0,0,0,0,0,3,2,5,0,0,0,0,0,0,0,5,
2024,RS,15,149,0,Total,,,HAM,,Total,200:00,65,18,34,4,34,17,19,21,27,48,12,9,18,1,8,25,19,55,
2024,RS,15,150,1,P003759   ,0.0,0.0,VNC,0,"TESSITORI, AMEDEO",10:50,4,1,3,0,1,2,3,1,0,1,1,0,1,2,1,4,4,2,-7.0
2024,RS,15,150,1,P006571   ,0.0,0.0,VNC,4,"LEVER, ALESSANDRO",09:39,2,1,1,0,0,0,0,1,0,1,0,0,0,0,0,1,0,2,-11.0
2024,RS,15,150,1,P007759   ,0.0,1.0,VNC,5,"MUNFORD, XAVIER",15:17,3,0,2,1,5,0,0,1,0,1,0,1,1,0,1,3,1,-5,10.0
2024,RS,15,150,1,P009400   ,0.0,0.0,VNC,7,"CASARIN, DAVIDE",14:34,0,0,0,0,0,0,2,1,3,4,0,0,1,0,0,3,2,0,-9.0
2024,RS,15,150,1,P005177   ,0.0,0.0,VNC,8,"FERNANDEZ, JUAN",06:36,4,2,3,0,1,0,0,0,0,0,0,0,0,0,0,2,1,1,-1.0
2024,RS,15,150,1,P005404   ,0.0,1.0,VNC,9,"MORETTI, DAVIDE",25:06,10,0,0,3,5,1,1,0,1,1,0,0,2,0,0,3,1,5,-25.0
2024,RS,15,150,1,P008858   ,1.0,1.0,VNC,11,"ENNIS, TYLER",26:00,19,3,4,3,6,4,4,0,1,1,1,1,3,0,0,3,5,17,0.0
2024,RS,15,150,1,P012588   ,0.0,0.0,VNC,14,"JANELIDZE, GIGA",DNP,0,0,0,0,0,0,0,0,0,0,0,0,0,0,0,0,0,0,0.0
2024,RS,15,150,1,P012796   ,1.0,1.0,VNC,21,"KABENGELE, MFIONDU",26:51,17,5,7,0,2,7,8,7,3,10,2,2,1,1,0,2,6,30,-1.0
2024,RS,15,150,1,P011909   ,1.0,1.0,VNC,22,"PARKS, JORDAN",30:24,15,6,8,0,3,3,3,1,5,6,1,1,1,1,0,1,3,20,-5.0
2024,RS,15,150,1,P013305   ,1.0,0.0,VNC,24,"WHEATLE, CARL",16:03,0,0,1,0,1,0,0,0,2,2,2,0,1,0,0,1,1,1,-2.0
2024,RS,15,150,1,P008052   ,1.0,0.0,VNC,33,"WILTJER, KYLE",18:40,3,0,1,1,7,0,0,0,2,2,0,0,0,1,0,1,0,-2,-4.0
2024,RS,15,150,1,Team,0.0,0.0,VNC,,Team,,0,0,0,0,0,0,0,1,2,3,0,0,0,0,0,0,0,3,
2024,RS,15,150,1,Total,,,VNC,,Total,200:00,77,18,30,8,31,17,21,13,19,32,7,5,11,5,2,24,24,74,
2024,RS,15,150,0,P011797   ,1.0,0.0,CLU,0,"GUZMAN, KAREL",12:20,0,0,1,0,1,0,0,1,0,1,0,0,3,0,0,2,1,-5,-12.0
2024,RS,15,150,0,P013302   ,1.0,1.0,CLU,3,"SIMPSON, ZAVIER",35:52,25,7,12,1,1,8,8,4,2,6,7,2,1,0,2,1,5,36,7.0
2024,RS,15,150,0,P005714   ,0.0,1.0,CLU,5,"MEJERIS, MAREKS",25:05,11,4,7,1,2,0,0,1,2,3,1,0,0,2,3,4,1,7,14.0
2024,RS,15,150,0,P002820   ,0.0,1.0,CLU,9,"SALIN, SASU",17:38,12,0,0,4,8,0,0,0,2,2,1,0,0,0,0,0,2,13,15.0
2024,RS,15,150,0,P013304   ,1.0,1.0,CLU,10,"HANKINS, ZACH",22:33,10,5,7,0,0,0,2,2,3,5,1,1,2,0,0,4,3,10,10.0
2024,RS,15,150,0,P004862   ,1.0,1.0,CLU,11,"SEELEY, DENNIS",26:44,16,2,3,4,6,0,0,0,3,3,0,0,2,0,0,3,2,13,2.0
2024,RS,15,150,0,P012684   ,0.0,0.0,CLU,12,"PETRIC, ALEXIS",DNP,0,0,0,0,0,0,0,0,0,0,0,0,0,0,0,0,0,0,0.0
2024,RS,15,150,0,P002012   ,1.0,0.0,CLU,17,"ORELIK, GEDIMINAS",20:55,0,0,0,0,2,0,0,1,1,2,2,0,0,0,0,2,1,1,-4.0
2024,RS,15,150,0,P006618   ,0.0,0.0,CLU,23,"STEPHENS, DE'SHAWN",09:51,4,2,3,0,0,0,3,0,1,1,1,1,1,0,0,5,3,0,6.0
2024,RS,15,150,0,P012620   ,0.0,0.0,CLU,25,"MACIUCA, MIHAI",02:27,0,0,0,0,1,0,0,0,0,0,0,0,0,0,0,1,0,-2,3.0
2024,RS,15,150,0,P012698   ,0.0,0.0,CLU,95,"MOKOKA, ADAM",26:35,10,1,4,1,3,5,6,0,5,5,5,0,0,0,0,3,6,17,14.0
2024,RS,15,150,0,Team,0.0,0.0,CLU,,Team,,0,0,0,0,0,0,0,1,5,6,0,0,1,0,0,0,0,5,
2024,RS,15,150,0,Total,,,CLU,,Total,200:00,88,21,37,11,24,13,19,10,24,34,18,4,10,2,5,25,24,95,
2024,RS,16,151,1,P011924   ,0.0,1.0,BES,0,"ALLMAN, KYLE",21:47,17,5,7,1,2,4,4,0,4,4,3,1,2,0,0,2,3,21,17.0
2024,RS,16,151,1,P011936   ,1.0,0.0,BES,2,"MATHEWS, JONAH",26:17,21,4,8,3,6,4,6,0,1,1,2,0,0,0,0,4,3,14,10.0
2024,RS,16,151,1,P006240   ,1.0,0.0,BES,3,"PLAVSIC, UROS",22:23,12,6,8,0,0,0,2,1,6,7,3,1,0,0,0,2,4,21,27.0
2024,RS,16,151,1,P008945   ,1.0,0.0,BES,5,"NEEDHAM, DEREK",23:37,6,2,4,0,3,2,2,3,1,4,3,1,2,0,2,3,3,5,10.0
2024,RS,16,151,1,P003783   ,1.0,1.0,BES,6,"UGURLU, BERK",27:19,5,1,4,1,4,0,0,0,3,3,2,4,2,1,1,2,1,5,-6.0
2024,RS,16,151,1,P007914   ,0.0,1.0,BES,7,"ARSLAN, YIGIT",21:10,12,0,2,4,5,0,0,1,3,4,0,1,1,0,1,2,2,12,16.0
2024,RS,16,151,1,P009680   ,0.0,0.0,BES,9,"MORGAN, CONOR",14:41,3,1,2,0,2,1,2,0,2,2,1,0,0,0,0,2,3,3,17.0
2024,RS,16,151,1,P012233   ,0.0,0.0,BES,10,"AKSU, YAGIZ",DNP,0,0,0,0,0,0,0,0,0,0,0,0,0,0,0,0,0,0,0.0
2024,RS,16,151,1,P011927   ,1.0,1.0,BES,14,"SLEVA, DUSTIN",25:19,11,2,4,1,5,4,4,1,2,3,0,1,0,0,2,2,3,8,-2.0
2024,RS,16,151,1,P011379   ,0.0,1.0,BES,20,"KONAN, KEREM",04:29,0,0,1,0,0,0,0,0,0,0,0,0,0,0,0,3,0,-4,-8.0
2024,RS,16,151,1,P013255   ,0.0,0.0,BES,30,"MARTIN, KELAN",DNP,0,0,0,0,0,0,0,0,0,0,0,0,0,0,0,0,0,0,0.0
2024,RS,16,151,1,P010652   ,0.0,0.0,BES,33,"TERRY, EMANUEL",12:58,0,0,1,0,0,0,0,2,3,5,1,0,2,0,1,2,0,0,-6.0
2024,RS,16,151,1,Team,0.0,0.0,BES,,Team,,0,0,0,0,0,0,0,1,2,3,0,0,2,0,0,0,0,1,
2024,RS,16,151,1,Total,,,BES,,Total,200:00,87,21,41,10,27,15,20,9,27,36,15,9,11,1,7,24,22,86,
2024,RS,16,151,0,P013292   ,0.0,1.0,TSO,0,"JANKOWSKI, BARTOSZ",09:10,3,0,0,0,0,3,3,0,1,1,0,1,0,0,0,0,0,5,-4.0
2024,RS,16,151,0,P012019   ,1.0,1.0,TSO,3,"BEST, AARON",35:35,15,2,5,2,7,5,9,0,7,7,1,1,4,1,0,4,7,12,-13.0
2024,RS,16,151,0,P013504   ,1.0,1.0,TSO,4,"ALLEYNE, NAHIEM",33:21,12,3,4,1,6,3,3,0,4,4,1,0,2,0,0,2,3,10,-4.0
2024,RS,16,151,0,P013294   ,0.0,0.0,TSO,9,"JASZCZERSKI, WIKTOR",DNP,0,0,0,0,0,0,0,0,0,0,0,0,0,0,0,0,0,0,0.0
2024,RS,16,151,0,P008790   ,1.0,1.0,TSO,12,"WITLINSKI, MIKOLAJ",16:53,5,2,4,0,0,1,2,1,6,7,2,0,2,0,0,2,1,8,-2.0
2024,RS,16,151,0,P013295   ,0.0,1.0,TSO,15,"ZYSKOWSKI, JAROSLAW",18:18,3,1,3,0,2,1,2,0,4,4,0,0,1,0,0,4,1,-2,-16.0
2024,RS,16,151,0,P013296   ,0.0,0.0,TSO,32,"GROSELLE, GEOFFREY",23:07,16,7,9,0,0,2,4,3,2,5,0,0,3,0,0,3,4,15,-13.0
2024,RS,16,151,0,P013516   ,1.0,0.0,TSO,34,"MOTEN, DARIOUS",30:05,3,1,3,0,2,1,2,1,1,2,2,0,1,5,0,4,1,3,-20.0
2024,RS,16,151,0,P013298   ,1.0,0.0,TSO,55,"SCHENK, JAKUB",33:31,15,3,4,1,3,6,7,1,3,4,9,0,5,1,1,3,7,23,-3.0
2024,RS,16,151,0,Team,0.0,0.0,TSO,,Team,,0,0,0,0,0,0,0,0,0,0,0,0,0,0,0,0,0,0,
2024,RS,16,151,0,Total,,,TSO,,Total,200:00,72,19,32,4,20,22,32,6,28,34,15,2,18,7,1,22,24,74,
2024,RS,16,152,1,P012003   ,1.0,0.0,WOL,1,"COWAN JR, ANTHONY",31:18,7,1,3,0,5,5,6,0,1,1,10,3,1,0,1,3,4,12,12.0
2024,RS,16,152,1,P012789   ,0.0,0.0,WOL,4,"BROOKS, GARRISON",13:09,4,2,3,0,0,0,0,1,1,2,0,0,0,0,1,1,0,3,-12.0
2024,RS,16,152,1,P003212   ,0.0,0.0,WOL,8,"KARINIAUSKAS, VAIDAS",DNP,0,0,0,0,0,0,0,0,0,0,0,0,0,0,0,0,0,0,0.0
2024,RS,16,152,1,P004645   ,1.0,1.0,WOL,10,"MINIOTAS, REGIMANTAS",21:43,6,3,4,0,0,0,0,3,6,9,1,0,0,0,0,4,0,11,15.0
2024,RS,16,152,1,P006897   ,0.0,0.0,WOL,11,"MARCINKEVICIUS, JUSTINAS",DNP,0,0,0,0,0,0,0,0,0,0,0,0,0,0,0,0,0,0,0.0
2024,RS,16,152,1,P011248   ,0.0,1.0,WOL,12,"ANDREWS, ANDREW",26:57,25,3,3,3,8,10,10,1,6,7,1,1,2,0,0,2,6,31,6.0
2024,RS,16,152,1,P005516   ,0.0,1.0,WOL,13,"ZEMAITIS, KRISTUPAS",08:42,0,0,2,0,1,0,0,1,0,1,0,0,1,0,0,2,1,-4,0.0
2024,RS,16,152,1,P012577   ,0.0,0.0,WOL,15,"THURMAN, TRE'SHAWN",21:15,3,1,3,0,4,1,1,1,4,5,1,0,1,1,0,1,1,3,-8.0
2024,RS,16,152,1,P008186   ,1.0,0.0,WOL,22,"BLAZEVIC, MAREK",26:03,27,7,12,0,0,13,13,4,2,6,2,1,3,1,1,4,8,32,21.0
2024,RS,16,152,1,P006853   ,1.0,1.0,WOL,23,"JOGELA, MATAS",21:06,11,1,2,2,3,3,3,1,3,4,4,1,1,0,0,2,2,17,16.0
2024,RS,16,152,1,P006546   ,1.0,1.0,WOL,44,"TAYLOR, JEFFERY",12:02,3,0,1,1,3,0,0,0,0,0,0,0,0,0,0,1,2,1,13.0
2024,RS,16,152,1,P006180   ,0.0,0.0,WOL,98,"KULBOKA, ARNOLDAS",17:45,2,1,1,0,3,0,0,0,0,0,0,0,0,0,0,2,0,-3,-3.0
2024,RS,16,152,1,Team,0.0,0.0,WOL,,Team,,0,0,0,0,0,0,0,1,1,2,0,0,0,0,0,0,0,2,
2024,RS,16,152,1,Total,,,WOL,,Total,200:00,88,19,34,6,27,32,33,13,24,37,19,6,9,2,3,22,24,105,
2024,RS,16,152,0,P012016   ,0.0,0.0,CAN,4,"CONDITT IV, GEORGE",21:12,10,3,4,0,0,4,5,2,3,5,0,0,1,0,0,5,3,10,-13.0
2024,RS,16,152,0,P011251   ,0.0,0.0,CAN,5,"HOMESLEY, CALEB",26:23,20,5,6,2,8,4,7,0,0,0,1,0,1,0,0,2,5,13,-13.0
2024,RS,16,152,0,P003425   ,1.0,1.0,CAN,6,"ALBICY, ANDREW",21:48,1,0,1,0,3,1,2,0,1,1,3,3,1,0,0,0,4,6,-25.0
2024,RS,16,152,0,P008121   ,1.0,1.0,CAN,9,"BRUSSINO, NICOLAS",17:12,0,0,1,0,3,0,0,1,1,2,0,0,1,1,0,4,0,-6,-22.0
2024,RS,16,152,0,P005005   ,0.0,0.0,CAN,10,"SALVO, MIQUEL",20:57,9,3,5,0,1,3,3,2,2,4,1,0,1,0,0,0,3,13,10.0
2024,RS,16,152,0,P010623   ,0.0,0.0,CAN,12,"ALOCEN, CARLOS",06:25,0,0,0,0,0,0,0,0,4,4,3,0,0,1,0,1,1,8,3.0
2024,RS,16,152,0,P010452   ,0.0,1.0,CAN,13,"PELOS, PIERRE",23:51,22,8,8,2,4,0,0,0,4,4,0,1,0,0,0,2,1,24,-3.0
2024,RS,16,152,0,P006588   ,1.0,1.0,CAN,14,"SHURNA, JOHN",18:13,0,0,0,0,3,0,0,0,3,3,0,0,0,0,0,1,1,0,-13.0
2024,RS,16,152,0,P008966   ,1.0,0.0,CAN,18,"TOBEY, MIKE",00:58,0,0,0,0,0,0,0,0,0,0,0,0,0,0,0,1,0,-1,0.0
2024,RS,16,152,0,P009556   ,0.0,0.0,CAN,21,"NGOUAMA, MEHDY",11:47,3,0,2,1,3,0,0,1,1,2,1,1,3,0,1,3,2,-2,10.0
2024,RS,16,152,0,P012095   ,1.0,1.0,CAN,32,"THOMASSON, JOE",15:28,5,0,5,1,1,2,2,1,2,3,4,1,2,0,0,1,2,7,1.0
2024,RS,16,152,0,P012165   ,0.0,0.0,CAN,35,"DIOP, MASSAMBA",15:46,6,3,4,0,0,0,0,3,2,5,1,0,2,1,1,5,0,4,5.0
2024,RS,16,152,0,Team,0.0,0.0,CAN,,Team,,0,0,0,0,0,0,0,2,0,2,0,0,0,0,0,0,0,2,
2024,RS,16,152,0,Total,,,CAN,,Total,200:00,76,22,36,6,26,14,19,12,23,35,14,6,12,3,2,25,22,78,
2024,RS,16,153,1,P010161   ,1.0,1.0,JOV,1,"KRAAG, YANNICK",22:00,7,2,2,1,3,0,0,0,1,1,1,0,2,0,0,4,1,2,-9.0
2024,RS,16,153,1,P013285   ,1.0,0.0,JOV,2,"DOTSON, DEVON DURRELL",25:02,16,5,9,1,3,3,4,0,1,1,3,1,0,0,1,1,4,16,-13.0
2024,RS,16,153,1,PJUG      ,0.0,0.0,JOV,4,"RIBAS, PAU",06:33,3,0,0,1,1,0,0,0,0,0,0,0,0,0,0,1,0,2,-1.0
2024,RS,16,153,1,P004834   ,1.0,0.0,JOV,13,"PUSTOVYI, ARTEM",11:56,6,2,5,0,0,2,2,2,1,3,0,0,1,0,0,5,6,6,-15.0
2024,RS,16,153,1,P002361   ,0.0,1.0,JOV,16,"VIVES, GUILLEM",14:39,0,0,0,0,0,0,0,0,1,1,2,1,1,0,0,2,1,2,-1.0
2024,RS,16,153,1,P009672   ,1.0,0.0,JOV,17,"DEKKER, SAM",29:29,19,6,7,1,6,4,4,1,4,5,2,1,2,1,0,1,2,21,-6.0
2024,RS,16,153,1,P013288   ,0.0,1.0,JOV,18,"TORRES DE LA TORRE, ADRIAN",00:17,0,0,0,0,0,0,0,0,0,0,0,0,0,0,0,0,0,0,-2.0
2024,RS,16,153,1,P012349   ,0.0,1.0,JOV,23,"RUZIC, MICHAEL",03:37,1,0,0,0,0,1,2,0,0,0,1,0,0,0,0,0,1,2,-2.0
2024,RS,16,153,1,P012079   ,0.0,1.0,JOV,25,"ONI, MIYE",20:09,3,0,0,1,2,0,0,0,2,2,0,0,0,0,0,4,0,0,-16.0
2024,RS,16,153,1,P012740   ,0.0,0.0,JOV,30,"ROBERTSON, KASSIUS",23:46,14,4,6,2,7,0,1,2,2,4,3,0,2,0,0,3,2,10,-10.0
2024,RS,16,153,1,P002507   ,0.0,0.0,JOV,44,"TOMIC, ANTE",24:27,14,6,12,0,0,2,4,1,3,4,4,1,0,0,0,0,4,19,3.0
2024,RS,16,153,1,P005099   ,1.0,0.0,JOV,88,"HANGA, ADAM",18:05,3,0,0,1,2,0,2,2,1,3,0,1,2,0,0,2,4,4,2.0
2024,RS,16,153,1,Team,0.0,0.0,JOV,,Team,,0,0,0,0,0,0,0,3,0,3,0,0,0,0,0,0,0,3,
2024,RS,16,153,1,Total,,,JOV,,Total,200:00,86,25,41,8,24,12,19,11,16,27,16,5,10,1,1,23,25,87,
2024,RS,16,153,0,P012593   ,0.0,1.0,TRN,1,"ELLIS, QUINN",27:50,14,5,6,0,2,4,4,0,4,4,5,2,3,0,1,2,3,19,-1.0
2024,RS,16,153,0,P013269   ,1.0,0.0,TRN,3,"CALE, MYLES",24:48,21,1,2,4,6,7,7,1,1,2,1,0,1,0,0,2,5,23,9.0
2024,RS,16,153,0,P013270   ,0.0,1.0,TRN,5,"FORD, JORDAN",24:25,15,5,6,1,4,2,2,0,3,3,3,0,1,0,0,1,2,17,8.0
2024,RS,16,153,0,P005438   ,1.0,0.0,TRN,6,"PECCHIA, ANDREA",10:36,0,0,0,0,0,0,0,0,0,0,0,1,0,0,0,1,0,0,9.0
2024,RS,16,153,0,P012687   ,1.0,0.0,TRN,7,"NIANG, SALIOU",21:40,8,2,3,0,0,4,6,1,6,7,5,1,0,0,0,3,4,19,15.0
2024,RS,16,153,0,P006382   ,0.0,0.0,TRN,10,"FORRAY, TOTO",09:20,8,1,1,2,4,0,0,0,1,1,1,0,0,1,0,1,0,8,2.0
2024,RS,16,153,0,P013271   ,1.0,1.0,TRN,21,"MAWUGBE, SELOM",17:45,11,4,4,0,0,3,4,1,3,4,0,0,2,0,0,4,2,10,12.0
2024,RS,16,153,0,P013272   ,1.0,1.0,TRN,22,"LAMB, ANTHONY",24:00,11,2,5,2,4,1,2,3,2,5,4,1,3,0,0,3,2,11,14.0
2024,RS,16,153,0,P006724   ,0.0,0.0,TRN,26,"BAYEHE, JORDAN",17:01,4,2,2,0,0,0,0,0,2,2,1,1,0,0,0,5,0,3,3.0
2024,RS,16,153,0,P012114   ,0.0,1.0,TRN,27,"BADALAU, DENIS",03:27,3,0,0,1,1,0,0,1,0,1,1,0,0,0,0,1,0,4,-1.0
2024,RS,16,153,0,P002387   ,0.0,0.0,TRN,33,"ZUKAUSKAS, EIGIRDAS",19:08,5,0,1,0,3,5,6,0,2,2,1,0,1,0,0,2,5,5,0.0
2024,RS,16,153,0,Team,0.0,0.0,TRN,,Team,,0,0,0,0,0,0,0,1,2,3,0,0,1,0,0,0,0,2,
2024,RS,16,153,0,Total,,,TRN,,Total,200:00,100,22,30,10,24,26,31,8,26,34,22,6,12,1,1,25,23,121,
2024,RS,16,154,1,P006245   ,0.0,1.0,ULM,0,"WEIDEMANN, NELSON",17:25,2,1,2,0,4,0,0,0,2,2,1,0,1,0,0,2,1,-2,-14.0
2024,RS,16,154,1,P013289   ,1.0,1.0,ULM,3,"SANTOS, MARCIO",19:13,7,1,1,1,4,2,2,1,2,3,3,2,0,0,0,4,4,12,12.0
2024,RS,16,154,1,P010726   ,0.0,0.0,ULM,7,"JENSEN, TOBIAS",DNP,0,0,0,0,0,0,0,0,0,0,0,0,0,0,0,0,0,0,0.0
2024,RS,16,154,1,P012077   ,0.0,1.0,ULM,9,"PLUMMER, ALFONSO",17:48,10,1,1,2,5,2,2,0,1,1,1,1,2,0,0,2,1,7,-6.0
2024,RS,16,154,1,P013290   ,1.0,1.0,ULM,10,"JESSUP, JUSTINIAN",36:00,8,2,4,1,3,1,2,1,4,5,5,0,1,0,0,2,2,12,-5.0
2024,RS,16,154,1,P011391   ,1.0,1.0,ULM,12,"ESSENGUE, NOA",36:07,19,4,5,1,3,8,12,0,7,7,1,3,0,1,0,4,8,28,11.0
2024,RS,16,154,1,P007952   ,0.0,0.0,ULM,13,"BRETZEL, NICOLAS",05:39,0,0,0,0,0,0,0,0,1,1,0,0,0,0,0,1,0,0,-5.0
2024,RS,16,154,1,P006997   ,0.0,0.0,ULM,14,"HERKENHOFF, PHILIPP",06:51,6,1,1,1,1,1,4,0,0,0,0,0,0,0,0,0,2,5,-14.0
2024,RS,16,154,1,P013291   ,0.0,0.0,ULM,15,"ROBY, ISAIAH",15:01,7,2,2,1,1,0,0,1,1,2,1,0,2,1,0,5,0,4,-10.0
2024,RS,16,154,1,P012602   ,0.0,0.0,ULM,21,"ANIGBATA, ALEC",DNP,0,0,0,0,0,0,0,0,0,0,0,0,0,0,0,0,0,0,0.0
2024,RS,16,154,1,P005422   ,1.0,0.0,ULM,35,"JALLOW, KARIM",21:55,9,3,4,0,1,3,4,1,2,3,4,0,1,0,0,3,2,11,4.0
2024,RS,16,154,1,P011437   ,1.0,0.0,ULM,77,"SARAF, BEN",24:01,14,2,7,2,3,4,6,0,0,0,5,1,4,0,0,5,4,7,12.0
2024,RS,16,154,1,Team,0.0,0.0,ULM,,Team,,0,0,0,0,0,0,0,1,2,3,0,0,1,0,0,0,0,2,
2024,RS,16,154,1,Total,,,ULM,,Total,200:00,82,17,27,9,25,21,32,5,22,27,21,7,12,2,0,28,24,86,
2024,RS,16,154,0,P013256   ,1.0,1.0,BUD,0,"MORGAN, JUWAN",21:55,2,1,1,0,0,0,0,1,5,6,0,0,0,0,0,4,1,5,5.0
2024,RS,16,154,0,P011150   ,1.0,1.0,BUD,1,"SULAIMON, RASHEED",31:22,27,4,6,4,10,7,8,1,1,2,2,1,0,0,1,4,6,24,10.0
2024,RS,16,154,0,P006561   ,0.0,0.0,BUD,2,"ILIC, ALEKSA",DNP,0,0,0,0,0,0,0,0,0,0,0,0,0,0,0,0,0,0,0.0
2024,RS,16,154,0,P012630   ,0.0,0.0,BUD,3,"MAGEE, FLETCHER",11:30,3,0,1,1,4,0,0,0,1,1,2,0,2,0,1,1,0,-2,-5.0
2024,RS,16,154,0,P006566   ,1.0,1.0,BUD,7,"SLAVKOVIC, ANDRIJA",21:58,5,2,3,0,0,1,1,2,0,2,2,0,0,0,0,3,2,7,6.0
2024,RS,16,154,0,P005637   ,0.0,1.0,BUD,10,"TANASKOVIC, NIKOLA",24:03,2,0,2,0,0,2,4,3,0,3,0,0,2,0,0,3,3,-1,0.0
2024,RS,16,154,0,P011281   ,0.0,0.0,BUD,11,"FERRELL, YOGI",19:55,9,2,5,1,4,2,2,1,3,4,1,1,3,0,0,2,4,8,-10.0
2024,RS,16,154,0,P010307   ,0.0,0.0,BUD,13,"JOVANOVIC, DORDIJE",04:30,0,0,0,0,1,0,2,0,1,1,0,0,0,0,0,1,1,-2,-1.0
2024,RS,16,154,0,P013258   ,0.0,0.0,BUD,23,"DREZNJAK, MATEO",DNP,0,0,0,0,0,0,0,0,0,0,0,0,0,0,0,0,0,0,0.0
2024,RS,16,154,0,P004222   ,0.0,0.0,BUD,24,"OMIC, ALEN",13:44,7,2,3,0,0,3,6,2,3,5,0,0,1,0,0,3,4,8,-5.0
2024,RS,16,154,0,P012606   ,1.0,1.0,BUD,25,"WRIGHT IV, MCKINLEY",30:57,18,6,7,1,3,3,4,0,3,3,5,2,3,0,0,2,5,24,9.0
2024,RS,16,154,0,P008325   ,1.0,0.0,BUD,34,"KAMENJAS, KENAN",20:06,12,6,10,0,0,0,0,1,5,6,2,1,3,0,0,1,2,15,6.0
2024,RS,16,154,0,Team,0.0,0.0,BUD,,Team,,0,0,0,0,0,0,0,1,4,5,0,0,0,0,0,0,0,5,
2024,RS,16,154,0,Total,,,BUD,,Total,200:00,85,23,38,7,22,18,27,12,26,38,14,5,14,0,2,24,28,91,
2024,RS,16,155,1,P011157   ,1.0,1.0,HTA,0,"MOTLEY, JOHNATHAN",34:39,19,8,15,0,0,3,5,1,2,3,7,0,1,0,0,3,6,22,5.0
2024,RS,16,155,1,P005181   ,0.0,0.0,HTA,1,"RAGLAND, JOE",06:31,0,0,0,0,0,0,0,0,1,1,0,0,1,0,0,1,1,0,-5.0
2024,RS,16,155,1,P013402   ,0.0,0.0,HTA,2,"BLAKENEY, ANTONIO",04:06,0,0,1,0,0,0,0,0,0,0,0,0,1,0,0,1,0,-3,0.0
2024,RS,16,155,1,P013283   ,0.0,0.0,HTA,9,"PALATIN, GUY",00:19,0,0,0,0,0,0,0,0,0,0,0,0,0,0,0,0,0,0,2.0
2024,RS,16,155,1,P004846   ,0.0,1.0,HTA,10,"TIMOR, BAR",26:33,2,0,1,0,1,2,4,1,2,3,2,1,1,0,0,2,3,4,1.0
2024,RS,16,155,1,P009877   ,0.0,0.0,HTA,14,"BLAYZER, OZ",00:19,0,0,0,0,0,0,0,0,0,0,0,0,0,0,0,0,0,0,0.0
2024,RS,16,155,1,P010386   ,1.0,0.0,HTA,17,"FOSTER, MARCUS",34:46,17,7,7,1,5,0,0,1,3,4,3,0,0,0,0,1,1,20,8.0
2024,RS,16,155,1,P001927   ,1.0,1.0,HTA,22,"BEVERLEY, PATRICK",24:08,9,0,4,2,6,3,3,2,3,5,4,0,1,2,2,2,3,10,10.0
2024,RS,16,155,1,P013284   ,0.0,0.0,HTA,24,"WAINRIGHT, ISHMAIL CARZELL",11:47,5,0,0,1,1,2,2,0,2,2,0,0,0,0,0,2,1,6,-3.0
2024,RS,16,155,1,P011052   ,1.0,1.0,HTA,26,"MADAR, YAM",23:37,16,1,3,3,3,5,5,0,0,0,2,0,0,1,0,4,3,16,5.0
2024,RS,16,155,1,P010550   ,1.0,1.0,HTA,41,"GINAT, TOMER",28:50,13,5,5,1,2,0,0,1,6,7,4,0,1,0,0,2,2,22,14.0
2024,RS,16,155,1,P012096   ,0.0,0.0,HTA,51,"CABOCLO, BRUNO",04:25,3,0,1,1,1,0,0,0,1,1,0,0,0,0,0,2,0,1,-2.0
2024,RS,16,155,1,Team,0.0,0.0,HTA,,Team,,0,0,0,0,0,0,0,0,2,2,0,0,1,0,0,0,0,1,
2024,RS,16,155,1,Total,,,HTA,,Total,200:00,84,21,37,9,19,15,19,6,22,28,22,1,7,3,2,20,20,99,
2024,RS,16,155,0,P011192   ,1.0,1.0,BAH,0,"SMITH, JALEEN",29:37,13,4,10,1,3,2,2,0,2,2,7,0,2,0,2,4,4,10,-3.0
2024,RS,16,155,0,P011201   ,1.0,0.0,BAH,2,"HAZER, SEHMUS",18:39,7,1,4,1,3,2,4,0,2,2,3,1,0,0,0,3,4,7,-8.0
2024,RS,16,155,0,P010543   ,0.0,0.0,BAH,3,"YUCEORAL, ALI",DNP,0,0,0,0,0,0,0,0,0,0,0,0,0,0,0,0,0,0,0.0
2024,RS,16,155,0,P012405   ,0.0,0.0,BAH,7,"HALTALI, FURKAN",15:09,12,6,9,0,0,0,0,2,1,3,0,0,0,0,0,2,2,12,-3.0
2024,RS,16,155,0,PLQV      ,0.0,0.0,BAH,17,"MUTAF, MAXIM",DNP,0,0,0,0,0,0,0,0,0,0,0,0,0,0,0,0,0,0,0.0
2024,RS,16,155,0,P012711   ,0.0,0.0,BAH,19,"SIMONOVIC, MARKO",06:21,2,1,1,0,0,0,0,0,0,0,0,1,0,0,0,0,0,3,-4.0
2024,RS,16,155,0,P011823   ,1.0,1.0,BAH,21,"ODIASE, TAI",24:14,10,2,5,0,0,6,8,2,1,3,0,0,0,1,0,3,5,11,-2.0
2024,RS,16,155,0,P005763   ,0.0,0.0,BAH,30,"KORKMAZ, FURKAN",21:42,13,1,2,3,5,2,2,0,1,1,0,1,1,0,0,0,2,13,-9.0
2024,RS,16,155,0,P009601   ,1.0,1.0,BAH,34,"CAVANAUGH, TYLER",31:13,9,0,1,2,3,3,4,2,5,7,0,0,1,0,0,2,3,13,-2.0
2024,RS,16,155,0,P005275   ,0.0,1.0,BAH,55,"SIPAHI, KENAN",24:38,11,4,6,1,3,0,0,0,0,0,6,0,1,0,0,3,0,9,-1.0
2024,RS,16,155,0,P003840   ,1.0,1.0,BAH,83,"BOUTEILLE, AXEL",28:27,0,0,2,0,2,0,0,2,4,6,1,1,0,1,1,4,0,0,-3.0
2024,RS,16,155,0,Team,0.0,0.0,BAH,,Team,,0,0,0,0,0,0,0,3,3,6,0,0,1,0,0,0,0,5,
2024,RS,16,155,0,Total,,,BAH,,Total,200:00,77,19,40,8,19,15,20,11,19,30,17,4,6,2,3,21,20,83,
2024,RS,16,156,1,P003759   ,0.0,0.0,VNC,0,"TESSITORI, AMEDEO",12:33,2,1,3,0,0,0,0,2,2,4,1,1,1,1,0,3,5,8,-4.0
2024,RS,16,156,1,P012800   ,0.0,1.0,VNC,2,"McGRUDER, RODNEY",18:18,7,3,6,0,1,1,1,0,1,1,1,1,2,0,0,1,1,4,-2.0
2024,RS,16,156,1,P006571   ,0.0,0.0,VNC,4,"LEVER, ALESSANDRO",05:47,6,3,3,0,0,0,0,1,1,2,0,1,0,0,0,0,0,9,-2.0
2024,RS,16,156,1,P007759   ,0.0,0.0,VNC,5,"MUNFORD, XAVIER",18:27,6,1,1,1,4,1,1,0,1,1,1,0,3,0,0,1,1,2,-1.0
2024,RS,16,156,1,P005177   ,0.0,0.0,VNC,8,"FERNANDEZ, JUAN",12:34,3,0,0,1,1,0,0,0,3,3,3,0,0,0,0,1,0,8,-4.0
2024,RS,16,156,1,P008858   ,1.0,1.0,VNC,11,"ENNIS, TYLER",27:26,12,2,5,2,4,2,2,1,2,3,1,0,1,0,0,1,2,11,5.0
2024,RS,16,156,1,P012796   ,1.0,1.0,VNC,21,"KABENGELE, MFIONDU",21:40,16,5,5,1,2,3,5,2,4,6,0,2,1,1,0,0,3,24,7.0
2024,RS,16,156,1,P011909   ,1.0,1.0,VNC,22,"PARKS, JORDAN",25:49,4,2,6,0,1,0,0,2,5,7,3,0,3,0,1,3,1,3,1.0
2024,RS,16,156,1,P013305   ,1.0,1.0,VNC,24,"WHEATLE, CARL",25:11,13,5,6,0,3,3,3,0,3,3,1,1,0,0,0,3,2,13,3.0
2024,RS,16,156,1,P011928   ,0.0,0.0,VNC,25,"SIMMS, AAMIR",08:58,4,2,2,0,1,0,0,0,1,1,0,0,3,0,0,4,0,-3,1.0
2024,RS,16,156,1,P008052   ,1.0,0.0,VNC,33,"WILTJER, KYLE",23:17,3,0,1,0,2,3,3,0,5,5,3,0,2,1,0,1,3,9,1.0
2024,RS,16,156,1,Team,0.0,0.0,VNC,,Team,,0,0,0,0,0,0,0,1,0,1,0,0,0,0,0,0,0,1,
2024,RS,16,156,1,Total,,,VNC,,Total,200:00,76,24,38,5,19,13,15,9,28,37,14,6,16,3,1,18,18,89,
2024,RS,16,156,0,P013276   ,1.0,0.0,JER,0,"SMITH, JUSTIN",21:59,8,4,10,0,0,0,0,4,0,4,0,3,1,1,1,4,0,4,-12.0
2024,RS,16,156,0,P011970   ,1.0,1.0,JER,1,"HARPER, JARED",29:05,17,5,13,0,5,7,9,1,2,3,7,1,2,0,2,3,6,12,7.0
2024,RS,16,156,0,P008912   ,0.0,1.0,JER,3,"CARRINGTON, KHADEEN",30:27,21,7,11,1,5,4,6,2,2,4,0,1,0,0,0,1,4,19,1.0
2024,RS,16,156,0,P013277   ,0.0,1.0,JER,4,"JOHNSON, CHRIS",18:24,2,1,2,0,3,0,1,2,4,6,0,2,0,0,0,2,1,4,-3.0
2024,RS,16,156,0,P013279   ,1.0,0.0,JER,7,"CHACHASHVILI, GABRIEL",19:57,3,0,0,1,2,0,0,0,1,1,1,0,0,0,0,4,0,0,-4.0
2024,RS,16,156,0,P013280   ,0.0,0.0,JER,18,"HASSON, YARIN",DNP,0,0,0,0,0,0,0,0,0,0,0,0,0,0,0,0,0,0,0.0
2024,RS,16,156,0,P010431   ,0.0,1.0,JER,20,"MORGAN, JEREMY",21:06,5,2,2,0,1,1,1,1,1,2,2,3,1,0,0,1,2,11,-1.0
2024,RS,16,156,0,P009649   ,1.0,0.0,JER,22,"PHILLIP, TARIK",22:45,6,1,2,1,3,1,3,1,1,2,2,0,3,0,0,3,1,0,-5.0
2024,RS,16,156,0,P013263   ,0.0,0.0,JER,34,"OGBEIDE, DEREK",11:16,8,3,4,0,0,2,2,4,2,6,1,1,1,0,0,0,2,16,15.0
2024,RS,16,156,0,P006625   ,1.0,1.0,JER,50,"ZOOSMAN, YOVEL",25:01,5,1,6,1,5,0,0,3,3,6,0,1,1,0,0,1,1,2,-3.0
2024,RS,16,156,0,P010681   ,0.0,0.0,JER,51,"KOULECHOV, EGOR",DNP,0,0,0,0,0,0,0,0,0,0,0,0,0,0,0,0,0,0,0.0
2024,RS,16,156,0,Team,0.0,0.0,JER,,Team,,0,0,0,0,0,0,0,2,4,6,0,0,0,0,0,0,0,6,
2024,RS,16,156,0,Total,,,JER,,Total,200:00,75,24,50,4,24,15,22,20,20,40,13,12,9,1,3,19,17,74,
2024,RS,16,157,1,P011797   ,1.0,0.0,CLU,0,"GUZMAN, KAREL",20:23,4,2,3,0,0,0,0,0,0,0,1,1,0,0,1,1,0,3,5.0
2024,RS,16,157,1,P013301   ,0.0,0.0,CLU,2,"SOMACESCU, TUDOR",DNP,0,0,0,0,0,0,0,0,0,0,0,0,0,0,0,0,0,0,0.0
2024,RS,16,157,1,P013302   ,1.0,1.0,CLU,3,"SIMPSON, ZAVIER",32:30,21,8,11,0,0,5,5,0,3,3,10,2,5,0,0,3,4,29,13.0
2024,RS,16,157,1,P005714   ,0.0,0.0,CLU,5,"MEJERIS, MAREKS",12:28,0,0,0,0,0,0,0,2,3,5,4,0,2,0,0,4,1,4,12.0
2024,RS,16,157,1,P002820   ,0.0,0.0,CLU,9,"SALIN, SASU",10:49,3,0,0,1,3,0,0,0,0,0,0,0,0,0,0,1,0,0,-4.0
2024,RS,16,157,1,P013304   ,1.0,1.0,CLU,10,"HANKINS, ZACH",21:36,8,4,8,0,0,0,0,4,2,6,2,0,2,1,0,3,3,11,7.0
2024,RS,16,157,1,P004862   ,1.0,1.0,CLU,11,"SEELEY, DENNIS",31:03,31,3,5,8,9,1,1,0,0,0,1,1,1,0,1,0,5,33,21.0
2024,RS,16,157,1,P002012   ,1.0,1.0,CLU,17,"ORELIK, GEDIMINAS",25:14,7,2,2,1,4,0,0,0,4,4,4,0,2,0,0,3,0,7,2.0
2024,RS,16,157,1,P012685   ,0.0,0.0,CLU,20,"FINTINA, DAVID",DNP,0,0,0,0,0,0,0,0,0,0,0,0,0,0,0,0,0,0,0.0
2024,RS,16,157,1,P006618   ,0.0,0.0,CLU,23,"STEPHENS, DE'SHAWN",18:24,10,4,5,0,0,2,2,0,7,7,0,0,1,0,1,2,1,13,6.0
2024,RS,16,157,1,P012620   ,0.0,0.0,CLU,25,"MACIUCA, MIHAI",DNP,0,0,0,0,0,0,0,0,0,0,0,0,0,0,0,0,0,0,0.0
2024,RS,16,157,1,P012698   ,0.0,1.0,CLU,95,"MOKOKA, ADAM",27:33,10,0,3,1,3,7,8,0,2,2,1,0,4,1,1,2,5,6,3.0
2024,RS,16,157,1,Team,0.0,0.0,CLU,,Team,,0,0,0,0,0,0,0,1,1,2,0,0,0,0,0,0,0,2,
2024,RS,16,157,1,Total,,,CLU,,Total,200:00,94,23,37,11,19,15,16,7,22,29,23,4,17,2,4,19,19,108,
2024,RS,16,157,0,P007917   ,1.0,1.0,TTK,3,"DURMAZ, BERKAN",15:08,3,0,0,1,3,0,0,1,1,2,3,1,0,0,0,1,2,8,2.0
2024,RS,16,157,0,P004056   ,0.0,0.0,TTK,5,"AKPINAR, ISMET",06:15,2,1,1,0,2,0,0,0,0,0,0,1,0,0,0,2,1,0,-8.0
2024,RS,16,157,0,P011973   ,1.0,1.0,TTK,7,"ALEXANDER, KYLE",31:58,12,6,8,0,0,0,0,3,4,7,1,3,2,3,0,3,1,20,-9.0
2024,RS,16,157,0,P009025   ,1.0,1.0,TTK,8,"BROWN, ANTHONY",35:38,20,2,4,5,9,1,1,1,3,4,4,0,1,0,0,1,3,23,-7.0
2024,RS,16,157,0,P012415   ,0.0,0.0,TTK,9,"TUNCA, MELIH",DNP,0,0,0,0,0,0,0,0,0,0,0,0,0,0,0,0,0,0,0.0
2024,RS,16,157,0,P010465   ,0.0,0.0,TTK,11,"ANGOLA, BRAIAN",18:17,11,2,2,1,4,4,4,0,0,0,1,1,2,0,0,4,5,9,-1.0
2024,RS,16,157,0,P004619   ,0.0,0.0,TTK,13,"AGVA, MAHIR",DNP,0,0,0,0,0,0,0,0,0,0,0,0,0,0,0,0,0,0,0.0
2024,RS,16,157,0,P008259   ,0.0,0.0,TTK,19,"BRUHNKE, KAY PATRICK",08:02,2,1,2,0,2,0,0,1,0,1,0,0,1,0,1,2,0,-4,-4.0
2024,RS,16,157,0,P013300   ,1.0,1.0,TTK,20,"BESS, JAVON",25:48,5,1,3,1,2,0,0,0,0,0,1,0,0,0,0,3,1,1,-11.0
2024,RS,16,157,0,P006598   ,0.0,0.0,TTK,21,"HANLAN, OLIVIER",24:36,11,3,6,1,5,2,3,1,2,3,5,3,4,0,1,1,3,11,-9.0
2024,RS,16,157,0,P010587   ,1.0,0.0,TTK,44,"SMITH, KENNETH",09:43,2,1,1,0,0,0,0,0,0,0,1,0,2,0,0,1,1,1,-2.0
2024,RS,16,157,0,P011935   ,0.0,1.0,TTK,55,"MAKOUNDOU, YOAN",24:35,13,5,7,0,2,3,3,2,1,3,2,1,4,1,0,1,2,13,-16.0
2024,RS,16,157,0,Team,0.0,0.0,TTK,,Team,,0,0,0,0,0,0,0,1,4,5,0,0,1,0,0,0,0,4,
2024,RS,16,157,0,Total,,,TTK,,Total,200:00,81,22,34,9,29,10,11,10,15,25,18,10,17,4,2,19,19,86,
2024,RS,16,158,1,P013308   ,1.0,1.0,HAM,1,"IVEY, BRAE",29:25,12,1,3,2,3,4,5,1,1,2,4,1,4,0,0,4,5,12,5.0
2024,RS,16,158,1,P011256   ,0.0,0.0,HAM,3,"RICH, OSARO",20:52,3,0,0,1,1,0,0,0,0,0,3,0,2,0,0,1,1,4,1.0
2024,RS,16,158,1,P013309   ,0.0,1.0,HAM,4,"LOTTIE, JAIZEC",21:45,10,4,6,0,1,2,6,1,5,6,2,1,3,0,0,2,5,12,16.0
2024,RS,16,158,1,P010070   ,1.0,0.0,HAM,6,"MOELLER, LEIF",06:38,2,1,2,0,0,0,0,0,0,0,1,0,2,0,0,1,0,-1,-9.0
2024,RS,16,158,1,P013310   ,0.0,0.0,HAM,8,"GREY, JARED",11:24,2,0,0,0,1,2,2,1,1,2,0,0,0,0,0,2,2,3,7.0
2024,RS,16,158,1,P012695   ,0.0,0.0,HAM,14,"REECE, CAMRON",07:45,2,1,2,0,0,0,0,1,2,3,1,0,2,1,0,4,0,0,-5.0
2024,RS,16,158,1,P012690   ,0.0,0.0,HAM,15,"TANGERMANN, MIKA",DNP,0,0,0,0,0,0,0,0,0,0,0,0,0,0,0,0,0,0,0.0
2024,RS,16,158,1,P013517   ,0.0,0.0,HAM,20,"GIESSMANN, FABIAN",02:56,0,0,0,0,0,0,0,0,0,0,0,0,1,0,0,3,0,-4,2.0
2024,RS,16,158,1,P013312   ,1.0,1.0,HAM,21,"BARNETT, JORDAN",28:36,14,2,6,3,6,1,1,0,3,3,0,1,2,0,1,4,1,5,0.0
2024,RS,16,158,1,P013503   ,0.0,1.0,HAM,22,"STOVE, JOHNATHAN",27:51,22,4,6,4,7,2,2,1,1,2,2,1,4,0,1,3,3,17,20.0
2024,RS,16,158,1,P013313   ,1.0,1.0,HAM,23,"KUATH, KUR",29:19,14,7,13,0,0,0,1,4,7,11,4,3,3,1,0,4,2,21,10.0
2024,RS,16,158,1,P003242   ,1.0,0.0,HAM,25,"OGBE, KENNETH",13:29,3,1,1,0,2,1,1,1,3,4,0,0,2,0,0,2,4,5,-12.0
2024,RS,16,158,1,Team,0.0,0.0,HAM,,Team,,0,0,0,0,0,0,0,0,5,5,0,0,1,0,0,0,0,4,
2024,RS,16,158,1,Total,,,HAM,,Total,200:00,84,21,39,10,21,12,18,10,28,38,17,7,26,2,2,30,23,78,
2024,RS,16,158,0,P010181   ,0.0,0.0,LKB,3,"STENIONIS, DOMINYKAS",09:47,0,0,0,0,1,0,0,0,0,0,2,0,3,0,0,2,1,-3,0.0
2024,RS,16,158,0,P010461   ,0.0,0.0,LKB,12,"MALDUNAS, GABRIELIUS",04:05,0,0,0,0,0,0,0,0,2,2,1,1,1,0,0,0,0,3,1.0
2024,RS,16,158,0,P005521   ,0.0,1.0,LKB,13,"VARNAS, MARTYNAS",24:10,8,2,4,0,3,4,5,0,3,3,1,1,0,0,1,4,5,7,-22.0
2024,RS,16,158,0,P006586   ,1.0,1.0,LKB,16,"KALAITZAKIS, GEORGIOS",29:45,10,2,5,0,2,6,8,1,6,7,1,1,3,1,0,2,5,13,-2.0
2024,RS,16,158,0,P009299   ,1.0,0.0,LKB,17,"RUBSTAVICIUS, MANTAS",26:05,6,1,5,1,6,1,1,1,2,3,3,3,0,0,1,5,3,3,10.0
2024,RS,16,158,0,P006212   ,0.0,0.0,LKB,18,"VASILIAUSKAS, GRANTAS",14:31,3,0,1,1,2,0,0,0,1,1,0,1,4,0,0,2,0,-3,-12.0
2024,RS,16,158,0,P006860   ,0.0,0.0,LKB,35,"LAVRINOVICIUS, DANIELIUS",DNP,0,0,0,0,0,0,0,0,0,0,0,0,0,0,0,0,0,0,0.0
2024,RS,16,158,0,P004229   ,1.0,1.0,LKB,41,"GAGIC, DORDE",31:35,27,10,14,0,0,7,8,2,4,6,2,1,5,1,0,3,6,30,-2.0
2024,RS,16,158,0,P013247   ,1.0,1.0,LKB,50,"KOVLIAR, OLEKSANDR",30:13,16,3,7,1,5,7,7,0,1,1,9,2,1,0,0,4,9,24,-7.0
2024,RS,16,158,0,P013512   ,1.0,1.0,LKB,77,"DANUSEVICIUS, PAULIUS",29:49,7,3,6,0,2,1,1,4,1,5,2,2,0,0,0,2,1,10,-1.0
2024,RS,16,158,0,Team,0.0,0.0,LKB,,Team,,0,0,0,0,0,0,0,4,1,5,0,0,0,0,0,0,0,5,
2024,RS,16,158,0,Total,,,LKB,,Total,200:00,77,21,42,3,21,26,30,12,21,33,21,12,17,2,2,24,30,89,
2024,RS,16,159,1,P006643   ,0.0,1.0,PAM,2,"PUERTO, JOSEP",17:53,9,1,1,2,5,1,2,1,1,2,0,0,2,1,0,1,1,6,16.0
2024,RS,16,159,1,P012738   ,0.0,1.0,PAM,3,"REUVERS, NATHAN",14:53,4,2,3,0,2,0,0,1,0,1,0,2,2,2,0,3,0,1,12.0
2024,RS,16,159,1,P010393   ,0.0,1.0,PAM,4,"PRADILLA, JAIME",19:17,3,0,2,1,1,0,0,0,4,4,1,0,1,0,0,0,0,5,22.0
2024,RS,16,159,1,P010750   ,0.0,1.0,PAM,5,"DE LARREA, SERGIO",15:57,8,2,3,1,1,1,2,1,3,4,1,1,1,0,0,1,1,11,7.0
2024,RS,16,159,1,P005356   ,1.0,1.0,PAM,6,"LOPEZ-AROSTEGUI, XABI",16:42,12,3,4,0,0,6,6,1,3,4,0,0,2,0,0,0,6,19,16.0
2024,RS,16,159,1,P010568   ,1.0,0.0,PAM,7,"JONES, CHRIS",16:08,9,3,4,0,1,3,3,1,2,3,4,2,3,0,0,2,4,15,8.0
2024,RS,16,159,1,P010042   ,0.0,0.0,PAM,8,"MONTERO, JEAN",16:30,16,3,5,1,3,7,8,2,2,4,7,1,0,0,0,2,5,26,23.0
2024,RS,16,159,1,P004863   ,0.0,0.0,PAM,16,"JOVIC, STEFAN",16:27,2,1,2,0,0,0,0,1,0,1,9,2,1,0,0,2,0,10,31.0
2024,RS,16,159,1,P010444   ,0.0,0.0,PAM,24,"COSTELLO, MATTHEW",12:21,7,2,2,1,2,0,0,1,2,3,0,1,0,2,0,0,0,12,22.0
2024,RS,16,159,1,P012075   ,1.0,0.0,PAM,35,"BRIMAH, AMIDA",12:46,7,2,2,0,0,3,6,1,2,3,2,0,1,0,0,0,3,11,7.0
2024,RS,16,159,1,P011982   ,1.0,0.0,PAM,37,"OJELEYE, SEMI",20:23,11,0,0,3,5,2,2,0,1,1,1,1,0,1,0,1,3,15,22.0
2024,RS,16,159,1,P011980   ,1.0,0.0,PAM,77,"SESTINA, NATHAN",20:43,18,0,1,6,10,0,1,1,2,3,1,0,1,0,0,1,1,15,19.0
2024,RS,16,159,1,Team,0.0,0.0,PAM,,Team,,0,0,0,0,0,0,0,2,4,6,0,0,0,0,0,0,0,6,
2024,RS,16,159,1,Total,,,PAM,,Total,200:00,106,19,29,15,30,23,30,13,26,39,26,10,14,6,0,13,24,152,
2024,RS,16,159,0,P013500   ,0.0,1.0,ARI,0,"COOPER, SHARIFE",20:01,9,1,5,1,3,4,6,1,0,1,1,0,2,0,2,2,5,2,-8.0
2024,RS,16,159,0,P004292   ,1.0,0.0,ARI,4,"TOLIOPOULOS, VASSILIS",24:41,15,6,7,1,7,0,0,1,1,2,4,1,2,0,1,2,3,13,-34.0
2024,RS,16,159,0,P013355   ,0.0,0.0,ARI,10,"CHATZIDAKIS, EMMANOUIL",13:56,8,3,5,0,0,2,2,2,2,4,0,0,0,0,1,2,2,9,-14.0
2024,RS,16,159,0,P013393   ,1.0,0.0,ARI,11,"LASZEWSKI, NATHAN JAMES",13:10,7,2,5,1,4,0,0,0,0,0,0,0,2,0,0,4,0,-5,-8.0
2024,RS,16,159,0,P013356   ,0.0,0.0,ARI,12,"GKIOUZELIS, GEORGIOS",09:21,3,0,0,1,1,0,0,1,1,2,0,0,2,0,0,1,0,2,-14.0
2024,RS,16,159,0,P003240   ,0.0,0.0,ARI,13,"BOCHORIDIS, ELEFTHERIOS",21:42,2,1,1,0,2,0,0,3,2,5,1,2,1,0,0,3,1,5,-30.0
2024,RS,16,159,0,P013395   ,0.0,1.0,ARI,17,"VISSARIOU, TILEMACHOS",01:48,0,0,1,0,0,0,0,0,0,0,0,0,0,0,0,1,0,-2,-5.0
2024,RS,16,159,0,P010397   ,0.0,1.0,ARI,21,"WILLIS, DARRAL",21:31,4,1,2,0,3,2,2,1,4,5,1,2,4,0,1,1,1,3,-24.0
2024,RS,16,159,0,P013252   ,1.0,1.0,ARI,23,"ROBERTS, JOSHUA",22:02,8,4,5,0,0,0,0,4,3,7,0,2,1,0,0,3,0,12,-22.0
2024,RS,16,159,0,P012616   ,0.0,1.0,ARI,25,"FILLIOS, GEORGIOS",07:12,0,0,0,0,1,0,0,0,1,1,0,1,0,0,0,1,0,0,-6.0
2024,RS,16,159,0,P012603   ,1.0,0.0,ARI,30,"FIGUEROA, LJ",25:57,9,4,7,0,3,1,1,0,0,0,0,1,1,0,0,2,1,2,-30.0
2024,RS,16,159,0,P013253   ,1.0,0.0,ARI,55,"HODGE, D MOI",18:39,0,0,2,0,4,0,0,0,0,0,5,1,1,0,1,2,0,-4,-10.0
2024,RS,16,159,0,Team,0.0,0.0,ARI,,Team,,0,0,0,0,0,0,0,3,1,4,0,0,1,0,0,0,0,3,
2024,RS,16,159,0,Total,,,ARI,,Total,200:00,65,22,40,4,28,9,11,16,15,31,12,10,17,0,6,24,13,40,
2024,RS,16,160,1,P004525   ,0.0,1.0,BOU,3,"SALASH, MAKSIM",20:13,22,6,8,2,3,4,5,2,5,7,2,0,2,0,1,4,4,24,7.0
2024,RS,16,160,1,P013264   ,1.0,0.0,BOU,4,"NELSON, ADRIAN",22:14,5,1,3,1,4,0,0,1,3,4,1,1,1,0,0,1,0,4,-6.0
2024,RS,16,160,1,P010449   ,0.0,1.0,BOU,5,"BENITEZ, HUGO",26:50,14,2,5,1,4,7,7,0,1,1,7,1,3,0,0,0,4,18,10.0
2024,RS,16,160,1,P010450   ,0.0,0.0,BOU,7,"COURBY, MAXIME",DNP,0,0,0,0,0,0,0,0,0,0,0,0,0,0,0,0,0,0,0.0
2024,RS,16,160,1,P013265   ,1.0,1.0,BOU,8,"USHER, JORDAN",22:57,9,1,3,2,4,1,2,0,2,2,0,3,2,0,0,2,1,6,-4.0
2024,RS,16,160,1,P006904   ,1.0,1.0,BOU,11,"AYAYI, JOEL",17:34,4,2,3,0,0,0,0,2,2,4,6,1,1,0,1,3,0,9,-8.0
2024,RS,16,160,1,P013266   ,1.0,1.0,BOU,13,"CASTANEDA, XAVIER",25:30,14,2,5,3,4,1,1,0,1,1,3,0,5,0,1,3,6,11,-10.0
2024,RS,16,160,1,P011550   ,0.0,0.0,BOU,16,"JACQUES, WILSON",DNP,0,0,0,0,0,0,0,0,0,0,0,0,0,0,0,0,0,0,0.0
2024,RS,16,160,1,P009552   ,0.0,0.0,BOU,27,"PANSA, JEAN-MARC",16:13,8,2,3,0,0,4,4,0,3,3,1,0,1,1,0,4,3,10,18.0
2024,RS,16,160,1,P007288   ,0.0,0.0,BOU,30,"JEFFERSON, BRANDON",15:29,9,1,1,2,8,1,1,1,0,1,0,0,0,0,0,1,1,4,13.0
2024,RS,16,160,1,P004945   ,0.0,0.0,BOU,33,"PAUL, BRANDON",12:33,0,0,0,0,1,0,0,1,2,3,0,0,0,0,0,0,0,2,11.0
2024,RS,16,160,1,P011837   ,1.0,0.0,BOU,34,"KOKILA, KEVIN",20:27,2,1,6,0,0,0,2,1,5,6,0,1,1,1,0,4,2,0,-6.0
2024,RS,16,160,1,Team,0.0,0.0,BOU,,Team,,0,0,0,0,0,0,0,3,2,5,0,0,0,0,0,0,0,5,
2024,RS,16,160,1,Total,,,BOU,,Total,200:00,87,18,37,11,28,18,22,11,26,37,20,7,16,2,3,22,21,93,
2024,RS,16,160,0,P012700   ,1.0,1.0,LJU,0,"STEWART, DJ",28:58,13,5,8,1,3,0,0,0,4,4,3,3,0,0,1,1,1,17,8.0
2024,RS,16,160,0,P012042   ,1.0,1.0,LJU,1,"ROBINSON, DEVIN",24:02,17,6,12,0,1,5,8,3,2,5,0,1,2,0,0,3,5,13,-18.0
2024,RS,16,160,0,P013260   ,0.0,0.0,LJU,2,"JONES, DEVANTE",20:46,10,2,4,2,2,0,0,0,0,0,0,0,3,0,1,2,1,3,-2.0
2024,RS,16,160,0,P009392   ,0.0,1.0,LJU,3,"RADOVIC, ROK",08:43,3,1,2,0,0,1,2,0,1,1,0,0,0,0,0,3,1,0,6.0
2024,RS,16,160,0,P003703   ,1.0,1.0,LJU,5,"NIKOLIC, ALEKSEJ",21:14,9,2,5,1,2,2,2,0,0,0,7,2,0,0,0,3,3,14,8.0
2024,RS,16,160,0,P011261   ,0.0,0.0,LJU,7,"GLAS, GREGOR",DNP,0,0,0,0,0,0,0,0,0,0,0,0,0,0,0,0,0,0,0.0
2024,RS,16,160,0,P013261   ,1.0,1.0,LJU,9,"LEMAR, BRYNTON",19:50,8,3,3,0,5,2,2,0,1,1,1,0,2,0,0,3,1,1,-10.0
2024,RS,16,160,0,P003452   ,0.0,0.0,LJU,11,"BLAZIC, JAKA",18:38,5,0,3,1,3,2,2,0,3,3,1,0,1,0,0,0,4,7,-14.0
2024,RS,16,160,0,P007641   ,0.0,0.0,LJU,19,"GNJIDIC, LOVRO",02:13,0,0,0,0,0,0,0,0,0,0,1,0,0,0,0,0,0,1,-2.0
2024,RS,16,160,0,P012996   ,1.0,0.0,LJU,20,"BERINGER, JOAN",23:24,4,2,2,0,0,0,0,2,7,9,0,1,2,3,0,1,1,15,19.0
2024,RS,16,160,0,P005113   ,0.0,0.0,LJU,31,"STIPANOVIC, ANDRIJA",08:00,8,4,4,0,0,0,2,2,0,2,1,0,0,0,0,4,3,8,-13.0
2024,RS,16,160,0,P013518   ,0.0,0.0,LJU,33,"TASIC, DANILO",24:12,5,1,4,1,1,0,0,1,5,6,2,1,2,0,0,2,2,9,-7.0
2024,RS,16,160,0,Team,0.0,0.0,LJU,,Team,,0,0,0,0,0,0,0,1,2,3,0,0,0,0,0,0,0,3,
2024,RS,16,160,0,Total,,,LJU,,Total,200:00,82,26,47,6,17,12,18,9,25,34,16,8,12,3,2,22,22,91,
2024,RS,17,161,1,P011157   ,1.0,0.0,HTA,0,"MOTLEY, JOHNATHAN",26:50,22,7,18,0,2,8,10,5,5,10,1,1,0,0,0,1,9,27,16.0
2024,RS,17,161,1,P005181   ,0.0,0.0,HTA,1,"RAGLAND, JOE",05:56,0,0,0,0,1,0,0,0,0,0,1,1,0,0,0,1,0,0,5.0
2024,RS,17,161,1,P013402   ,0.0,1.0,HTA,2,"BLAKENEY, ANTONIO",21:25,12,3,5,1,4,3,6,1,2,3,2,0,2,0,0,2,4,9,12.0
2024,RS,17,161,1,P013283   ,0.0,1.0,HTA,9,"PALATIN, GUY",09:39,3,0,0,1,1,0,0,0,0,0,0,1,0,0,0,1,0,3,5.0
2024,RS,17,161,1,P004846   ,0.0,0.0,HTA,10,"TIMOR, BAR",19:37,5,2,4,0,3,1,1,0,4,4,4,1,0,0,2,1,2,8,13.0
2024,RS,17,161,1,P009877   ,0.0,1.0,HTA,14,"BLAYZER, OZ",02:48,0,0,0,0,0,0,0,0,0,0,0,0,0,0,0,1,0,-1,2.0
2024,RS,17,161,1,P010386   ,1.0,0.0,HTA,17,"FOSTER, MARCUS",25:54,11,4,7,1,1,0,0,2,2,4,0,0,1,0,0,2,1,10,17.0
2024,RS,17,161,1,P001927   ,1.0,0.0,HTA,22,"BEVERLEY, PATRICK",20:41,11,1,3,1,3,6,6,1,3,4,2,2,3,1,0,3,3,13,7.0
2024,RS,17,161,1,P013284   ,0.0,0.0,HTA,24,"WAINRIGHT, ISHMAIL CARZELL",29:42,8,2,3,1,3,1,2,2,6,8,2,2,0,0,0,3,2,15,20.0
2024,RS,17,161,1,P011052   ,1.0,1.0,HTA,26,"MADAR, YAM",15:35,13,3,6,1,2,4,4,1,0,1,1,0,1,0,1,3,5,11,-1.0
2024,RS,17,161,1,P010550   ,1.0,0.0,HTA,41,"GINAT, TOMER",08:44,2,1,1,0,0,0,0,3,0,3,0,0,0,0,0,4,1,2,-3.0
2024,RS,17,161,1,P012096   ,0.0,1.0,HTA,51,"CABOCLO, BRUNO",13:09,4,1,4,0,1,2,2,0,1,1,0,1,1,3,1,2,1,2,2.0
2024,RS,17,161,1,Team,0.0,0.0,HTA,,Team,,0,0,0,0,0,0,0,2,5,7,0,0,0,0,0,0,0,7,
2024,RS,17,161,1,Total,,,HTA,,Total,200:00,91,24,51,6,21,25,31,17,28,45,13,9,8,4,4,24,28,106,
2024,RS,17,161,0,P013292   ,0.0,0.0,TSO,0,"JANKOWSKI, BARTOSZ",DNP,0,0,0,0,0,0,0,0,0,0,0,0,0,0,0,0,0,0,0.0
2024,RS,17,161,0,P012019   ,1.0,1.0,TSO,3,"BEST, AARON",24:44,4,1,4,0,2,2,2,1,1,2,2,0,1,0,1,4,3,0,-3.0
2024,RS,17,161,0,P013504   ,1.0,1.0,TSO,4,"ALLEYNE, NAHIEM",32:07,8,1,2,2,4,0,0,0,3,3,2,1,2,0,0,1,2,10,-17.0
2024,RS,17,161,0,P008790   ,1.0,0.0,TSO,12,"WITLINSKI, MIKOLAJ",17:00,0,0,4,0,0,0,0,0,2,2,0,0,1,1,0,5,1,-6,-22.0
2024,RS,17,161,0,P007426   ,1.0,1.0,TSO,13,"JOHNSON, NICK",31:01,16,4,11,1,5,5,6,1,3,4,3,0,3,0,2,4,6,8,-17.0
2024,RS,17,161,0,P013295   ,1.0,0.0,TSO,15,"ZYSKOWSKI, JAROSLAW",17:14,5,0,3,0,2,5,6,1,0,1,0,0,0,0,1,2,3,0,-16.0
2024,RS,17,161,0,P013296   ,0.0,1.0,TSO,32,"GROSELLE, GEOFFREY",23:07,17,8,12,0,0,1,4,4,2,6,0,0,1,2,0,4,3,16,1.0
2024,RS,17,161,0,P013516   ,0.0,1.0,TSO,34,"MOTEN, DARIOUS",26:20,17,2,3,4,5,1,2,0,6,6,2,1,0,0,0,3,2,22,-2.0
2024,RS,17,161,0,P013297   ,0.0,0.0,TSO,50,"WEATHERS, MARCUS",08:49,0,0,0,0,1,0,0,1,4,5,0,0,1,1,0,2,1,3,-3.0
2024,RS,17,161,0,P013298   ,0.0,0.0,TSO,55,"SCHENK, JAKUB",19:38,5,1,3,0,1,3,4,0,4,4,6,0,4,0,0,5,3,5,-16.0
2024,RS,17,161,0,Team,0.0,0.0,TSO,,Team,,0,0,0,0,0,0,0,4,3,7,0,0,1,0,0,0,0,6,
2024,RS,17,161,0,Total,,,TSO,,Total,200:00,72,17,42,7,20,17,24,12,28,40,15,2,14,4,4,30,24,64,
2024,RS,17,162,1,P011192   ,1.0,1.0,BAH,0,"SMITH, JALEEN",28:49,15,1,4,3,6,4,4,1,2,3,3,2,3,0,0,2,4,16,10.0
2024,RS,17,162,1,P011201   ,1.0,1.0,BAH,2,"HAZER, SEHMUS",20:29,9,2,4,1,4,2,2,0,0,0,5,2,2,0,0,1,1,9,1.0
2024,RS,17,162,1,P010543   ,0.0,0.0,BAH,3,"YUCEORAL, ALI",DNP,0,0,0,0,0,0,0,0,0,0,0,0,0,0,0,0,0,0,0.0
2024,RS,17,162,1,P012405   ,0.0,0.0,BAH,7,"HALTALI, FURKAN",13:06,3,1,2,0,0,1,4,0,2,2,2,0,0,2,0,2,2,5,8.0
2024,RS,17,162,1,PLQV      ,0.0,0.0,BAH,17,"MUTAF, MAXIM",DNP,0,0,0,0,0,0,0,0,0,0,0,0,0,0,0,0,0,0,0.0
2024,RS,17,162,1,P011823   ,1.0,1.0,BAH,21,"ODIASE, TAI",26:48,22,7,9,0,0,8,9,1,1,2,0,0,1,1,1,1,5,24,-6.0
2024,RS,17,162,1,P005763   ,0.0,0.0,BAH,30,"KORKMAZ, FURKAN",17:20,5,0,2,1,2,2,2,0,2,2,3,1,1,0,0,2,3,8,1.0
2024,RS,17,162,1,P009601   ,1.0,0.0,BAH,34,"CAVANAUGH, TYLER",31:05,7,2,2,1,4,0,0,1,3,4,1,1,1,0,0,3,1,7,10.0
2024,RS,17,162,1,P005275   ,0.0,1.0,BAH,55,"SIPAHI, KENAN",25:55,7,3,4,0,1,1,1,1,4,5,5,4,4,0,0,0,4,19,3.0
2024,RS,17,162,1,P008278   ,0.0,0.0,BAH,57,"BAS, GOKTUG",08:37,3,0,1,1,2,0,0,0,1,1,1,0,1,0,0,3,1,0,-5.0
2024,RS,17,162,1,P003840   ,1.0,1.0,BAH,83,"BOUTEILLE, AXEL",27:51,14,0,1,4,7,2,2,0,3,3,2,0,3,1,0,1,1,13,-2.0
2024,RS,17,162,1,Team,0.0,0.0,BAH,,Team,,0,0,0,0,0,0,0,3,2,5,0,0,0,0,0,0,0,5,
2024,RS,17,162,1,Total,,,BAH,,Total,200:00,85,16,29,11,26,20,24,7,20,27,22,10,16,4,1,15,22,106,
2024,RS,17,162,0,P006245   ,0.0,1.0,ULM,0,"WEIDEMANN, NELSON",23:57,18,4,4,3,5,1,2,1,4,5,3,0,3,0,0,4,2,18,3.0
2024,RS,17,162,0,P013289   ,1.0,0.0,ULM,3,"SANTOS, MARCIO",18:27,2,1,3,0,2,0,0,2,3,5,2,0,1,0,0,3,1,2,-5.0
2024,RS,17,162,0,P010726   ,0.0,0.0,ULM,7,"JENSEN, TOBIAS",04:58,0,0,0,0,0,0,0,0,0,0,0,0,0,0,0,1,0,-1,-8.0
2024,RS,17,162,0,P012077   ,0.0,1.0,ULM,9,"PLUMMER, ALFONSO",21:49,2,0,3,0,5,2,2,1,2,3,2,0,1,0,2,3,3,-4,4.0
2024,RS,17,162,0,P013290   ,1.0,1.0,ULM,10,"JESSUP, JUSTINIAN",27:27,17,1,5,5,8,0,0,1,6,7,2,2,2,0,1,3,2,17,-1.0
2024,RS,17,162,0,P011391   ,1.0,1.0,ULM,12,"ESSENGUE, NOA",20:32,13,4,4,1,1,2,2,1,4,5,1,3,4,0,0,4,3,17,-4.0
2024,RS,17,162,0,P007952   ,0.0,0.0,ULM,13,"BRETZEL, NICOLAS",02:11,0,0,1,0,0,0,0,1,0,1,0,0,0,0,0,0,0,0,-7.0
2024,RS,17,162,0,P006997   ,0.0,0.0,ULM,14,"HERKENHOFF, PHILIPP",09:39,0,0,1,0,0,0,0,0,2,2,1,1,0,0,0,1,0,2,6.0
2024,RS,17,162,0,P013291   ,0.0,1.0,ULM,15,"ROBY, ISAIAH",27:45,11,2,4,2,2,1,2,2,2,4,3,1,0,1,0,2,1,16,3.0
2024,RS,17,162,0,P005422   ,1.0,0.0,ULM,35,"JALLOW, KARIM",21:05,9,4,4,0,1,1,2,0,0,0,0,3,3,0,0,1,1,7,-5.0
2024,RS,17,162,0,P011437   ,1.0,0.0,ULM,77,"SARAF, BEN",22:10,9,4,8,0,2,1,2,0,0,0,3,1,3,0,1,0,2,4,-6.0
2024,RS,17,162,0,Team,0.0,0.0,ULM,,Team,,0,0,0,0,0,0,0,2,0,2,0,0,0,0,0,0,0,2,
2024,RS,17,162,0,Total,,,ULM,,Total,200:00,81,20,37,11,26,8,12,11,23,34,17,11,17,1,4,22,15,80,
2024,RS,17,163,1,P013256   ,1.0,0.0,BUD,0,"MORGAN, JUWAN",20:06,5,1,2,1,4,0,0,1,6,7,5,1,3,0,1,2,0,8,24.0
2024,RS,17,163,1,P011150   ,1.0,0.0,BUD,1,"SULAIMON, RASHEED",17:24,10,3,3,0,2,4,4,0,1,1,1,0,1,0,0,0,2,11,17.0
2024,RS,17,163,1,P006561   ,0.0,1.0,BUD,2,"ILIC, ALEKSA",05:35,2,1,2,0,0,0,0,0,1,1,0,1,0,0,0,1,0,2,0.0
2024,RS,17,163,1,P012630   ,0.0,0.0,BUD,3,"MAGEE, FLETCHER",12:28,10,0,1,1,4,7,7,0,0,0,0,0,0,0,0,2,2,6,-3.0
2024,RS,17,163,1,P006566   ,1.0,1.0,BUD,7,"SLAVKOVIC, ANDRIJA",20:09,7,2,2,1,1,0,0,1,1,2,1,0,1,0,0,3,0,6,9.0
2024,RS,17,163,1,P005637   ,0.0,1.0,BUD,10,"TANASKOVIC, NIKOLA",18:37,10,3,5,1,1,1,4,1,3,4,0,0,0,0,1,2,2,8,11.0
2024,RS,17,163,1,P011281   ,0.0,1.0,BUD,11,"FERRELL, YOGI",22:06,20,1,3,6,7,0,0,0,3,3,5,1,2,0,0,1,1,24,11.0
2024,RS,17,163,1,P010307   ,0.0,0.0,BUD,13,"JOVANOVIC, DORDIJE",21:16,13,2,2,3,3,0,0,2,0,2,2,0,1,0,0,1,0,15,25.0
2024,RS,17,163,1,P013258   ,0.0,1.0,BUD,23,"DREZNJAK, MATEO",10:20,5,2,3,0,0,1,1,0,0,0,4,0,0,0,0,2,3,9,16.0
2024,RS,17,163,1,P004222   ,0.0,0.0,BUD,24,"OMIC, ALEN",11:08,4,2,2,0,0,0,0,0,3,3,0,0,0,0,0,2,2,7,4.0
2024,RS,17,163,1,P012606   ,1.0,0.0,BUD,25,"WRIGHT IV, MCKINLEY",17:54,9,4,6,0,1,1,1,1,3,4,7,4,1,0,0,1,1,20,21.0
2024,RS,17,163,1,P008325   ,1.0,0.0,BUD,34,"KAMENJAS, KENAN",22:57,12,3,7,1,1,3,3,3,5,8,1,1,4,0,0,1,4,17,25.0
2024,RS,17,163,1,Team,0.0,0.0,BUD,,Team,,0,0,0,0,0,0,0,1,1,2,0,0,2,0,0,0,0,0,
2024,RS,17,163,1,Total,,,BUD,,Total,200:00,107,24,38,14,24,17,20,10,27,37,26,8,15,0,2,18,17,133,
2024,RS,17,163,0,P010161   ,1.0,1.0,JOV,1,"KRAAG, YANNICK",34:58,12,3,6,2,5,0,0,3,2,5,2,0,2,0,0,2,1,10,-33.0
2024,RS,17,163,0,P013285   ,0.0,0.0,JOV,2,"DOTSON, DEVON DURRELL",DNP,0,0,0,0,0,0,0,0,0,0,0,0,0,0,0,0,0,0,0.0
2024,RS,17,163,0,PJUG      ,0.0,0.0,JOV,4,"RIBAS, PAU",16:08,2,0,0,0,4,2,2,0,0,0,3,0,1,0,0,4,2,-2,-19.0
2024,RS,17,163,0,P004834   ,1.0,0.0,JOV,13,"PUSTOVYI, ARTEM",17:21,4,1,2,0,1,2,2,1,2,3,0,2,1,1,0,4,4,7,-33.0
2024,RS,17,163,0,P009672   ,1.0,0.0,JOV,17,"DEKKER, SAM",27:34,25,5,8,3,8,6,7,1,1,2,1,0,1,0,0,1,4,21,-9.0
2024,RS,17,163,0,P013288   ,0.0,1.0,JOV,18,"TORRES DE LA TORRE, ADRIAN",08:59,2,1,1,0,2,0,0,1,0,1,2,0,0,0,0,1,0,2,-8.0
2024,RS,17,163,0,P012226   ,0.0,1.0,JOV,19,"PLATTEEUW, IAN",14:36,4,2,2,0,0,0,0,2,2,4,2,1,0,0,0,2,1,10,-5.0
2024,RS,17,163,0,P012349   ,0.0,1.0,JOV,23,"RUZIC, MICHAEL",25:11,11,4,5,1,3,0,0,1,1,2,0,0,1,1,0,2,0,8,-13.0
2024,RS,17,163,0,P012079   ,1.0,0.0,JOV,25,"ONI, MIYE",32:02,8,1,3,1,8,3,5,0,1,1,4,2,2,0,0,1,3,4,-22.0
2024,RS,17,163,0,P005099   ,1.0,1.0,JOV,88,"HANGA, ADAM",23:11,7,2,2,1,4,0,0,0,2,2,3,1,5,0,0,1,2,6,-18.0
2024,RS,17,163,0,Team,0.0,0.0,JOV,,Team,,0,0,0,0,0,0,0,1,2,3,0,0,0,0,0,0,0,3,
2024,RS,17,163,0,Total,,,JOV,,Total,200:00,75,19,29,8,35,13,16,10,13,23,17,6,13,2,0,18,17,69,
2024,RS,17,164,1,P012593   ,0.0,1.0,TRN,1,"ELLIS, QUINN",25:51,10,3,7,0,4,4,7,1,3,4,6,0,1,0,1,3,5,9,-18.0
2024,RS,17,164,1,P013269   ,1.0,0.0,TRN,3,"CALE, MYLES",17:24,9,3,4,1,2,0,0,0,0,0,1,1,1,0,0,0,1,9,-9.0
2024,RS,17,164,1,P013520   ,0.0,0.0,TRN,4,"MACHETTI, MARIO",DNP,0,0,0,0,0,0,0,0,0,0,0,0,0,0,0,0,0,0,0.0
2024,RS,17,164,1,P013270   ,0.0,0.0,TRN,5,"FORD, JORDAN",20:27,9,2,2,1,3,2,2,0,0,0,1,0,2,0,0,3,2,5,-25.0
2024,RS,17,164,1,P005438   ,1.0,1.0,TRN,6,"PECCHIA, ANDREA",16:00,2,0,2,0,3,2,4,0,2,2,1,0,1,0,0,1,4,0,-8.0
2024,RS,17,164,1,P012687   ,1.0,0.0,TRN,7,"NIANG, SALIOU",17:42,11,4,7,1,3,0,0,1,0,1,1,1,1,1,1,2,1,7,-2.0
2024,RS,17,164,1,P006382   ,0.0,1.0,TRN,10,"FORRAY, TOTO",17:06,6,1,3,0,2,4,4,1,1,2,2,2,0,0,0,1,2,9,-17.0
2024,RS,17,164,1,P013271   ,1.0,1.0,TRN,21,"MAWUGBE, SELOM",26:27,8,4,4,0,0,0,0,1,3,4,2,1,0,4,0,2,1,18,-2.0
2024,RS,17,164,1,P013272   ,1.0,0.0,TRN,22,"LAMB, ANTHONY",17:31,4,1,4,0,2,2,2,0,2,2,1,2,1,0,0,1,6,8,0.0
2024,RS,17,164,1,P006724   ,0.0,0.0,TRN,26,"BAYEHE, JORDAN",13:33,0,0,1,0,0,0,0,0,2,2,0,0,2,0,0,2,1,-2,-24.0
2024,RS,17,164,1,P012114   ,0.0,1.0,TRN,27,"BADALAU, DENIS",14:58,5,1,1,1,2,0,0,1,0,1,1,1,0,0,0,1,0,6,-14.0
2024,RS,17,164,1,P002387   ,0.0,0.0,TRN,33,"ZUKAUSKAS, EIGIRDAS",13:01,6,0,0,2,5,0,0,0,1,1,1,0,0,0,0,3,1,3,-11.0
2024,RS,17,164,1,Team,0.0,0.0,TRN,,Team,,0,0,0,0,0,0,0,0,3,3,0,0,0,0,0,0,0,3,
2024,RS,17,164,1,Total,,,TRN,,Total,200:00,70,19,35,6,26,14,19,5,17,22,17,8,9,5,2,19,24,75,
2024,RS,17,164,0,P012003   ,1.0,0.0,WOL,1,"COWAN JR, ANTHONY",24:00,13,1,2,3,5,2,2,0,3,3,3,0,1,0,0,5,3,13,27.0
2024,RS,17,164,0,P012789   ,0.0,0.0,WOL,4,"BROOKS, GARRISON",18:31,9,4,6,0,0,1,2,0,2,2,0,0,2,1,0,2,2,7,13.0
2024,RS,17,164,0,P003212   ,0.0,1.0,WOL,8,"KARINIAUSKAS, VAIDAS",02:43,0,0,0,0,0,0,0,0,0,0,1,0,0,0,0,0,0,1,-1.0
2024,RS,17,164,0,P004645   ,0.0,1.0,WOL,10,"MINIOTAS, REGIMANTAS",14:49,1,0,0,0,0,1,2,1,6,7,0,0,1,0,0,2,1,5,7.0
2024,RS,17,164,0,P006897   ,0.0,1.0,WOL,11,"MARCINKEVICIUS, JUSTINAS",02:51,2,1,3,0,0,0,0,0,0,0,0,0,0,0,1,0,0,-1,2.0
2024,RS,17,164,0,P011248   ,0.0,0.0,WOL,12,"ANDREWS, ANDREW",21:57,19,2,5,1,3,12,14,0,1,1,3,1,0,0,2,2,8,21,12.0
2024,RS,17,164,0,P005516   ,0.0,1.0,WOL,13,"ZEMAITIS, KRISTUPAS",24:38,13,3,4,2,2,1,1,1,3,4,4,0,1,0,0,1,2,20,7.0
2024,RS,17,164,0,P012577   ,0.0,0.0,WOL,15,"THURMAN, TRE'SHAWN",03:44,0,0,0,0,0,0,0,0,1,1,0,0,0,0,0,1,0,0,7.0
2024,RS,17,164,0,P008186   ,1.0,1.0,WOL,22,"BLAZEVIC, MAREK",21:23,8,4,8,0,0,0,0,1,6,7,1,0,3,0,1,4,1,5,10.0
2024,RS,17,164,0,P006853   ,1.0,0.0,WOL,23,"JOGELA, MATAS",26:28,14,1,3,4,6,0,0,1,5,6,3,0,3,1,1,1,0,15,22.0
2024,RS,17,164,0,P006546   ,1.0,0.0,WOL,44,"TAYLOR, JEFFERY",21:17,9,3,3,1,2,0,0,0,0,0,1,1,3,0,0,5,0,2,1.0
2024,RS,17,164,0,P006180   ,1.0,0.0,WOL,98,"KULBOKA, ARNOLDAS",17:39,8,1,1,2,3,0,2,0,4,4,0,1,0,0,0,1,2,11,23.0
2024,RS,17,164,0,Team,0.0,0.0,WOL,,Team,,0,0,0,0,0,0,0,4,2,6,0,0,3,0,0,0,0,3,
2024,RS,17,164,0,Total,,,WOL,,Total,200:00,96,20,35,13,21,17,23,8,33,41,16,3,17,2,5,24,19,102,
2024,RS,17,165,1,P007560   ,0.0,0.0,CAN,3,"KLJAJIC, JOVAN",DNP,0,0,0,0,0,0,0,0,0,0,0,0,0,0,0,0,0,0,0.0
2024,RS,17,165,1,P012016   ,0.0,0.0,CAN,4,"CONDITT IV, GEORGE",13:50,13,6,8,0,0,1,3,2,4,6,1,0,0,1,1,0,2,18,2.0
2024,RS,17,165,1,P011251   ,0.0,1.0,CAN,5,"HOMESLEY, CALEB",19:38,18,4,6,1,2,7,7,0,2,2,3,0,2,0,0,2,5,21,-2.0
2024,RS,17,165,1,P003425   ,1.0,0.0,CAN,6,"ALBICY, ANDREW",30:25,6,0,1,2,3,0,0,0,3,3,5,3,4,0,0,0,2,13,9.0
2024,RS,17,165,1,P008121   ,1.0,1.0,CAN,9,"BRUSSINO, NICOLAS",30:54,15,4,6,1,5,4,4,0,2,2,3,2,1,1,0,3,4,17,10.0
2024,RS,17,165,1,P005005   ,0.0,1.0,CAN,10,"SALVO, MIQUEL",18:31,2,0,0,0,1,2,2,0,3,3,1,0,0,0,0,2,2,5,3.0
2024,RS,17,165,1,P010452   ,0.0,0.0,CAN,13,"PELOS, PIERRE",09:50,5,2,2,0,1,1,2,0,1,1,1,0,0,0,0,3,1,3,1.0
2024,RS,17,165,1,P006588   ,1.0,0.0,CAN,14,"SHURNA, JOHN",16:51,7,2,3,1,1,0,0,0,1,1,0,0,0,0,0,3,1,5,7.0
2024,RS,17,165,1,P008966   ,1.0,1.0,CAN,18,"TOBEY, MIKE",26:04,14,3,7,0,0,8,8,3,4,7,3,1,1,0,0,2,4,22,7.0
2024,RS,17,165,1,P009556   ,0.0,1.0,CAN,21,"NGOUAMA, MEHDY",09:47,1,0,2,0,1,1,2,0,0,0,1,0,2,0,1,2,2,-5,-3.0
2024,RS,17,165,1,P012095   ,1.0,0.0,CAN,32,"THOMASSON, JOE",24:10,9,4,5,0,0,1,1,0,2,2,2,1,2,0,0,2,1,10,11.0
2024,RS,17,165,1,P012165   ,0.0,0.0,CAN,35,"DIOP, MASSAMBA",DNP,0,0,0,0,0,0,0,0,0,0,0,0,0,0,0,0,0,0,0.0
2024,RS,17,165,1,Team,0.0,0.0,CAN,,Team,,0,0,0,0,0,0,0,0,1,1,0,0,0,0,0,0,0,1,
2024,RS,17,165,1,Total,,,CAN,,Total,200:00,90,25,40,5,14,25,29,5,23,28,20,7,12,2,2,19,24,110,
2024,RS,17,165,0,P011924   ,0.0,1.0,BES,0,"ALLMAN, KYLE",20:43,10,2,4,1,1,3,3,0,1,1,3,0,0,1,0,3,2,12,0.0
2024,RS,17,165,0,P011936   ,1.0,1.0,BES,2,"MATHEWS, JONAH",29:57,18,4,7,2,5,4,4,1,1,2,3,1,2,0,1,2,2,15,-11.0
2024,RS,17,165,0,P006240   ,0.0,0.0,BES,3,"PLAVSIC, UROS",20:46,13,6,10,0,0,1,1,1,3,4,3,0,1,1,1,3,4,16,1.0
2024,RS,17,165,0,P008945   ,1.0,1.0,BES,5,"NEEDHAM, DEREK",23:14,7,1,2,1,5,2,2,0,3,3,1,2,5,0,0,2,1,2,5.0
2024,RS,17,165,0,P003783   ,1.0,0.0,BES,6,"UGURLU, BERK",25:11,5,1,3,1,2,0,0,1,3,4,7,0,1,0,0,1,2,13,-8.0
2024,RS,17,165,0,P007914   ,0.0,0.0,BES,7,"ARSLAN, YIGIT",19:43,0,0,1,0,3,0,0,0,1,1,2,2,1,0,0,3,1,-2,-9.0
2024,RS,17,165,0,P009680   ,0.0,1.0,BES,9,"MORGAN, CONOR",16:47,8,3,3,0,1,2,2,0,2,2,1,1,0,0,0,3,1,9,8.0
2024,RS,17,165,0,P011927   ,1.0,1.0,BES,14,"SLEVA, DUSTIN",31:28,12,3,3,2,5,0,0,0,4,4,3,2,1,0,0,4,4,17,-16.0
2024,RS,17,165,0,P011379   ,0.0,0.0,BES,20,"KONAN, KEREM",01:29,2,1,1,0,0,0,2,0,0,0,0,0,0,0,0,0,1,1,-2.0
2024,RS,17,165,0,P012624   ,0.0,0.0,BES,22,"OZBEK, ATA",DNP,0,0,0,0,0,0,0,0,0,0,0,0,0,0,0,0,0,0,0.0
2024,RS,17,165,0,P010652   ,1.0,0.0,BES,33,"TERRY, EMANUEL",10:42,6,3,3,0,0,0,1,0,0,0,0,0,2,0,0,3,1,1,-13.0
2024,RS,17,165,0,Team,0.0,0.0,BES,,Team,,0,0,0,0,0,0,0,3,1,4,0,0,0,0,0,0,0,4,
2024,RS,17,165,0,Total,,,BES,,Total,200:00,81,24,37,7,22,12,15,6,19,25,23,8,13,2,2,24,19,88,
2024,RS,17,166,1,P004525   ,0.0,1.0,BOU,3,"SALASH, MAKSIM",25:33,16,5,9,1,2,3,4,6,1,7,0,0,2,0,1,0,4,18,-8.0
2024,RS,17,166,1,P013264   ,1.0,0.0,BOU,4,"NELSON, ADRIAN",17:32,5,2,5,0,4,1,2,3,2,5,0,1,2,0,0,1,2,2,-19.0
2024,RS,17,166,1,P010449   ,0.0,0.0,BOU,5,"BENITEZ, HUGO",21:10,9,4,5,0,0,1,1,3,0,3,2,1,3,0,0,3,2,10,-15.0
2024,RS,17,166,1,P010450   ,0.0,0.0,BOU,7,"COURBY, MAXIME",03:36,0,0,0,0,0,0,0,0,1,1,0,0,0,0,0,2,0,-1,0.0
2024,RS,17,166,1,P013265   ,1.0,1.0,BOU,8,"USHER, JORDAN",23:35,5,1,5,1,5,0,0,1,1,2,0,2,5,0,1,1,1,-5,-27.0
2024,RS,17,166,1,P006904   ,1.0,0.0,BOU,11,"AYAYI, JOEL",15:02,2,1,4,0,1,0,0,3,1,4,3,3,4,0,0,2,0,2,-11.0
2024,RS,17,166,1,P013266   ,1.0,1.0,BOU,13,"CASTANEDA, XAVIER",24:27,4,1,5,0,4,2,4,0,1,1,2,0,3,0,0,3,4,-5,-24.0
2024,RS,17,166,1,P011550   ,0.0,0.0,BOU,16,"JACQUES, WILSON",DNP,0,0,0,0,0,0,0,0,0,0,0,0,0,0,0,0,0,0,0.0
2024,RS,17,166,1,P009552   ,0.0,0.0,BOU,27,"PANSA, JEAN-MARC",15:22,5,2,6,0,0,1,1,3,2,5,0,2,1,0,1,5,1,2,-2.0
2024,RS,17,166,1,P007288   ,0.0,1.0,BOU,30,"JEFFERSON, BRANDON",23:31,10,0,1,2,6,4,6,1,2,3,1,2,1,0,0,2,3,9,-7.0
2024,RS,17,166,1,P004945   ,0.0,0.0,BOU,33,"PAUL, BRANDON",14:32,5,0,1,1,4,2,2,0,0,0,1,1,0,1,0,0,1,5,-3.0
2024,RS,17,166,1,P011837   ,1.0,1.0,BOU,34,"KOKILA, KEVIN",15:40,6,3,7,0,0,0,0,2,1,3,0,0,1,0,1,4,3,2,-19.0
2024,RS,17,166,1,Team,0.0,0.0,BOU,,Team,,0,0,0,0,0,0,0,5,3,8,0,0,0,0,0,0,0,8,
2024,RS,17,166,1,Total,,,BOU,,Total,200:00,67,19,48,5,26,14,20,27,15,42,9,12,22,1,4,23,21,47,
2024,RS,17,166,0,P013276   ,1.0,0.0,JER,0,"SMITH, JUSTIN",21:32,14,7,10,0,0,0,0,1,3,4,0,2,3,2,0,5,1,12,6.0
2024,RS,17,166,0,P011970   ,1.0,1.0,JER,1,"HARPER, JARED",29:56,31,4,6,3,4,14,15,1,0,1,4,2,4,0,0,1,7,36,13.0
2024,RS,17,166,0,P008912   ,0.0,0.0,JER,3,"CARRINGTON, KHADEEN",24:14,15,5,6,1,5,2,2,0,2,2,4,2,3,0,1,0,2,16,8.0
2024,RS,17,166,0,P013277   ,1.0,0.0,JER,4,"JOHNSON, CHRIS",24:32,2,1,1,0,2,0,0,2,5,7,0,3,1,0,0,3,2,8,13.0
2024,RS,17,166,0,P013279   ,0.0,0.0,JER,7,"CHACHASHVILI, GABRIEL",20:55,4,2,2,0,0,0,0,1,3,4,2,0,0,0,0,2,0,8,24.0
2024,RS,17,166,0,P010431   ,1.0,0.0,JER,20,"MORGAN, JEREMY",17:56,3,0,1,1,4,0,2,0,3,3,4,0,1,2,0,5,2,2,19.0
2024,RS,17,166,0,P009649   ,0.0,1.0,JER,22,"PHILLIP, TARIK",20:33,7,2,2,1,3,0,0,0,4,4,3,1,1,0,0,0,3,15,26.0
2024,RS,17,166,0,P013263   ,0.0,1.0,JER,34,"OGBEIDE, DEREK",09:48,4,2,2,0,0,0,0,1,2,3,0,1,0,0,0,3,0,5,8.0
2024,RS,17,166,0,P006625   ,1.0,0.0,JER,50,"ZOOSMAN, YOVEL",25:02,6,0,1,0,5,6,6,2,3,5,2,2,4,0,0,2,3,6,20.0
2024,RS,17,166,0,P010681   ,0.0,1.0,JER,51,"KOULECHOV, EGOR",01:56,6,0,0,2,2,0,0,0,0,0,0,0,0,0,0,0,0,6,-1.0
2024,RS,17,166,0,P013281   ,0.0,1.0,JER,80,"CORNELIUS, OR",03:36,2,1,1,0,1,0,0,0,0,0,0,0,0,0,0,1,1,1,-1.0
2024,RS,17,166,0,Team,0.0,0.0,JER,,Team,,0,0,0,0,0,0,0,2,1,3,0,0,2,0,0,0,0,1,
2024,RS,17,166,0,Total,,,JER,,Total,200:00,94,24,32,8,26,22,25,10,26,36,19,13,19,4,1,22,21,116,
2024,RS,17,167,1,P012700   ,1.0,1.0,LJU,0,"STEWART, DJ",31:17,11,3,7,1,2,2,4,4,8,12,2,1,3,1,0,3,4,18,9.0
2024,RS,17,167,1,P012042   ,1.0,1.0,LJU,1,"ROBINSON, DEVIN",32:56,12,5,11,0,2,2,3,1,11,12,3,0,2,2,0,1,3,20,2.0
2024,RS,17,167,1,P013260   ,0.0,0.0,LJU,2,"JONES, DEVANTE",12:41,4,1,4,0,3,2,2,1,1,2,2,0,0,0,1,1,3,3,-13.0
2024,RS,17,167,1,P009392   ,0.0,0.0,LJU,3,"RADOVIC, ROK",06:53,0,0,0,0,0,0,0,2,0,2,1,0,0,0,0,2,0,1,-9.0
2024,RS,17,167,1,P003703   ,1.0,1.0,LJU,5,"NIKOLIC, ALEKSEJ",27:19,11,0,0,3,7,2,2,1,3,4,3,2,3,0,0,2,4,15,7.0
2024,RS,17,167,1,P011261   ,0.0,0.0,LJU,7,"GLAS, GREGOR",01:13,0,0,1,0,0,0,0,0,0,0,0,0,0,0,0,1,0,-2,-4.0
2024,RS,17,167,1,P013261   ,1.0,1.0,LJU,9,"LEMAR, BRYNTON",30:08,14,2,7,2,6,4,4,0,2,2,2,0,3,0,2,3,2,3,10.0
2024,RS,17,167,1,P003452   ,0.0,0.0,LJU,11,"BLAZIC, JAKA",14:19,0,0,1,0,3,0,2,0,2,2,0,0,1,0,1,1,3,-4,-20.0
2024,RS,17,167,1,P007641   ,0.0,0.0,LJU,19,"GNJIDIC, LOVRO",DNP,0,0,0,0,0,0,0,0,0,0,0,0,0,0,0,0,0,0,0.0
2024,RS,17,167,1,P012996   ,1.0,1.0,LJU,20,"BERINGER, JOAN",29:13,8,4,7,0,0,0,2,5,2,7,0,0,2,3,0,3,2,10,-1.0
2024,RS,17,167,1,P013518   ,0.0,0.0,LJU,33,"TASIC, DANILO",14:01,6,1,3,0,2,4,4,1,1,2,0,0,1,0,1,3,3,2,-11.0
2024,RS,17,167,1,P013262   ,0.0,0.0,LJU,34,"PREPELIC, BINE",DNP,0,0,0,0,0,0,0,0,0,0,0,0,0,0,0,0,0,0,0.0
2024,RS,17,167,1,Team,0.0,0.0,LJU,,Team,,0,0,0,0,0,0,0,0,3,3,0,0,0,0,0,0,0,3,
2024,RS,17,167,1,Total,,,LJU,,Total,200:00,66,16,41,6,25,16,23,15,33,48,13,3,15,6,5,20,24,69,
2024,RS,17,167,0,P007527   ,0.0,1.0,PAM,0,"BADIO, BRANCOU",20:28,9,3,5,1,4,0,0,1,0,1,1,1,0,0,1,2,0,4,7.0
2024,RS,17,167,0,P006643   ,0.0,0.0,PAM,2,"PUERTO, JOSEP",18:59,13,2,5,3,5,0,0,2,3,5,1,1,0,0,1,1,0,13,13.0
2024,RS,17,167,0,P012738   ,0.0,0.0,PAM,3,"REUVERS, NATHAN",12:38,0,0,0,0,1,0,0,1,1,2,1,0,2,3,0,2,1,2,1.0
2024,RS,17,167,0,P010393   ,0.0,1.0,PAM,4,"PRADILLA, JAIME",19:55,2,1,3,0,0,0,0,1,4,5,4,0,1,0,0,3,2,7,12.0
2024,RS,17,167,0,P010750   ,1.0,0.0,PAM,5,"DE LARREA, SERGIO",05:50,0,0,3,0,0,0,0,0,0,0,2,0,2,0,0,1,1,-3,-11.0
2024,RS,17,167,0,P005356   ,1.0,0.0,PAM,6,"LOPEZ-AROSTEGUI, XABI",16:12,10,4,5,0,2,2,3,0,5,5,1,0,1,0,0,0,4,15,3.0
2024,RS,17,167,0,P010568   ,0.0,1.0,PAM,7,"JONES, CHRIS",19:40,12,5,9,0,2,2,2,0,2,2,3,1,1,0,0,3,6,14,11.0
2024,RS,17,167,0,P004863   ,0.0,0.0,PAM,16,"JOVIC, STEFAN",17:50,6,3,4,0,0,0,0,0,4,4,2,1,3,0,1,2,2,8,2.0
2024,RS,17,167,0,P010444   ,0.0,1.0,PAM,24,"COSTELLO, MATTHEW",19:11,3,1,2,0,1,1,2,0,6,6,1,0,0,0,0,3,1,5,14.0
2024,RS,17,167,0,P012075   ,1.0,0.0,PAM,35,"BRIMAH, AMIDA",08:11,0,0,1,0,0,0,0,0,1,1,0,0,0,2,0,2,0,0,-9.0
2024,RS,17,167,0,P011982   ,1.0,1.0,PAM,37,"OJELEYE, SEMI",21:01,9,0,4,3,6,0,0,1,2,3,0,1,0,0,2,3,2,3,-7.0
2024,RS,17,167,0,P011980   ,1.0,0.0,PAM,77,"SESTINA, NATHAN",20:05,8,2,3,1,3,1,1,0,3,3,0,1,2,0,1,2,1,5,-6.0
2024,RS,17,167,0,Team,0.0,0.0,PAM,,Team,,0,0,0,0,0,0,0,1,1,2,0,0,0,0,0,0,0,2,
2024,RS,17,167,0,Total,,,PAM,,Total,200:00,72,21,44,8,24,6,8,7,32,39,16,6,12,5,6,24,20,75,
2024,RS,17,168,1,P013500   ,0.0,1.0,ARI,0,"COOPER, SHARIFE",30:33,19,7,16,1,6,2,6,2,2,4,6,0,7,0,3,4,8,5,6.0
2024,RS,17,168,1,P004292   ,1.0,1.0,ARI,4,"TOLIOPOULOS, VASSILIS",28:19,9,4,6,0,5,1,1,0,2,2,3,0,5,0,1,2,6,5,-9.0
2024,RS,17,168,1,P012638   ,0.0,0.0,ARI,7,"KAZAMIAS, VASILLIS",DNP,0,0,0,0,0,0,0,0,0,0,0,0,0,0,0,0,0,0,0.0
2024,RS,17,168,1,P013355   ,1.0,0.0,ARI,10,"CHATZIDAKIS, EMMANOUIL",12:27,3,1,2,0,0,1,2,2,1,3,1,1,1,0,0,2,1,4,-5.0
2024,RS,17,168,1,P013393   ,0.0,0.0,ARI,11,"LASZEWSKI, NATHAN JAMES",12:53,2,1,1,0,2,0,0,1,5,6,2,1,1,0,0,3,0,5,0.0
2024,RS,17,168,1,P013356   ,0.0,0.0,ARI,12,"GKIOUZELIS, GEORGIOS",18:58,12,3,3,2,2,0,0,2,1,3,1,1,0,0,0,2,3,18,-1.0
2024,RS,17,168,1,P013049   ,0.0,0.0,ARI,16,"POURLIDAS, VASSILIS",DNP,0,0,0,0,0,0,0,0,0,0,0,0,0,0,0,0,0,0,0.0
2024,RS,17,168,1,P010397   ,1.0,1.0,ARI,21,"WILLIS, DARRAL",28:32,12,3,7,2,5,0,0,2,7,9,0,1,2,0,1,2,1,11,1.0
2024,RS,17,168,1,P013252   ,0.0,1.0,ARI,23,"ROBERTS, JOSHUA",17:10,5,2,2,0,0,1,2,1,3,4,0,0,0,5,0,4,1,10,1.0
2024,RS,17,168,1,P012616   ,0.0,0.0,ARI,25,"FILLIOS, GEORGIOS",18:39,9,0,0,2,4,3,4,1,1,2,3,0,0,0,1,1,2,11,5.0
2024,RS,17,168,1,P012603   ,1.0,1.0,ARI,30,"FIGUEROA, LJ",29:48,6,3,5,0,2,0,0,3,4,7,1,2,3,1,0,4,1,7,0.0
2024,RS,17,168,1,P013253   ,1.0,0.0,ARI,55,"HODGE, D MOI",27:41,11,1,1,3,5,0,0,0,2,2,3,2,0,1,0,2,1,16,-8.0
2024,RS,17,168,1,Team,0.0,0.0,ARI,,Team,,0,0,0,0,0,0,0,1,5,6,0,0,2,0,0,0,0,4,
2024,RS,17,168,1,Total,,,ARI,,Total,225:00,88,25,43,10,31,8,15,15,33,48,20,8,21,7,6,26,24,96,
2024,RS,17,168,0,P013308   ,1.0,1.0,HAM,1,"IVEY, BRAE",34:08,25,3,5,6,10,1,2,2,2,4,5,5,3,1,1,4,5,30,15.0
2024,RS,17,168,0,P011256   ,1.0,0.0,HAM,3,"RICH, OSARO",14:27,5,1,2,1,2,0,0,1,0,1,1,0,0,0,1,4,1,1,2.0
2024,RS,17,168,0,P013309   ,0.0,1.0,HAM,4,"LOTTIE, JAIZEC",23:30,13,5,14,0,2,3,4,0,2,2,4,0,3,0,3,4,4,1,-10.0
2024,RS,17,168,0,P010070   ,0.0,0.0,HAM,6,"MOELLER, LEIF",DNP,0,0,0,0,0,0,0,0,0,0,0,0,0,0,0,0,0,0,0.0
2024,RS,17,168,0,P013310   ,0.0,0.0,HAM,8,"GREY, JARED",09:03,2,1,1,0,3,0,0,3,2,5,0,1,2,0,0,1,0,2,-10.0
2024,RS,17,168,0,P012695   ,0.0,0.0,HAM,14,"REECE, CAMRON",00:58,0,0,0,0,0,0,0,0,0,0,0,0,0,0,0,1,0,-1,-4.0
2024,RS,17,168,0,P005478   ,0.0,0.0,HAM,17,"WIMBERG, NIKLAS",15:19,0,0,0,0,2,0,0,0,3,3,0,0,2,1,0,1,0,-1,-5.0
2024,RS,17,168,0,P013517   ,0.0,0.0,HAM,20,"GIESSMANN, FABIAN",08:09,6,1,3,0,0,4,6,4,0,4,0,0,2,0,0,1,2,5,-7.0
2024,RS,17,168,0,P013312   ,1.0,1.0,HAM,21,"BARNETT, JORDAN",33:28,7,1,4,1,5,2,2,0,2,2,1,1,3,2,0,3,2,2,3.0
2024,RS,17,168,0,P013503   ,0.0,0.0,HAM,22,"STOVE, JOHNATHAN",23:30,10,1,4,1,3,5,5,2,4,6,0,0,1,0,0,5,4,9,-1.0
2024,RS,17,168,0,P013313   ,1.0,1.0,HAM,23,"KUATH, KUR",32:06,19,8,14,0,0,3,5,4,9,13,3,0,1,2,2,0,5,31,17.0
2024,RS,17,168,0,P003242   ,1.0,1.0,HAM,25,"OGBE, KENNETH",30:22,3,0,0,1,4,0,0,0,0,0,1,0,1,0,0,0,3,3,10.0
2024,RS,17,168,0,Team,0.0,0.0,HAM,,Team,,0,0,0,0,0,0,0,2,1,3,0,0,0,0,0,0,0,3,
2024,RS,17,168,0,Total,,,HAM,,Total,225:00,90,21,47,10,31,18,24,18,25,43,15,7,18,6,7,24,26,85,
2024,RS,17,169,1,P009898   ,0.0,1.0,LKB,2,"BICKAUSKIS, DOVIS",23:22,13,2,6,2,4,3,4,0,4,4,2,2,4,0,1,2,2,9,3.0
2024,RS,17,169,1,P010181   ,0.0,1.0,LKB,3,"STENIONIS, DOMINYKAS",04:55,0,0,1,0,0,0,0,0,0,0,0,0,1,0,1,2,1,-4,-3.0
2024,RS,17,169,1,PLXI      ,0.0,0.0,LKB,10,"LIPKEVICIUS, VYTENIS",DNP,0,0,0,0,0,0,0,0,0,0,0,0,0,0,0,0,0,0,0.0
2024,RS,17,169,1,P005521   ,1.0,0.0,LKB,13,"VARNAS, MARTYNAS",33:42,10,1,3,2,3,2,3,1,9,10,6,3,1,0,0,3,4,25,4.0
2024,RS,17,169,1,P009299   ,1.0,1.0,LKB,17,"RUBSTAVICIUS, MANTAS",30:52,12,6,7,0,5,0,0,1,2,3,1,2,2,2,0,3,4,13,-4.0
2024,RS,17,169,1,P006212   ,0.0,0.0,LKB,18,"VASILIAUSKAS, GRANTAS",19:03,9,2,3,0,0,5,6,1,2,3,1,0,0,0,0,3,3,11,14.0
2024,RS,17,169,1,P006860   ,0.0,0.0,LKB,35,"LAVRINOVICIUS, DANIELIUS",DNP,0,0,0,0,0,0,0,0,0,0,0,0,0,0,0,0,0,0,0.0
2024,RS,17,169,1,P004229   ,1.0,1.0,LKB,41,"GAGIC, DJORDJE",27:56,17,7,11,0,0,3,5,4,2,6,3,0,5,2,0,1,8,24,-4.0
2024,RS,17,169,1,P013247   ,1.0,1.0,LKB,50,"KOVLIAR, OLEKSANDR",29:46,18,6,11,2,6,0,1,1,2,3,6,1,2,0,2,4,3,13,7.0
2024,RS,17,169,1,P013512   ,1.0,0.0,LKB,77,"DANUSEVICIUS, PAULIUS",30:24,13,4,7,1,2,2,2,3,3,6,1,0,1,0,1,5,1,10,-12.0
2024,RS,17,169,1,Team,0.0,0.0,LKB,,Team,,0,0,0,0,0,0,0,4,0,4,0,0,1,0,0,0,0,3,
2024,RS,17,169,1,Total,,,LKB,,Total,200:00,92,28,49,7,20,15,21,15,24,39,20,8,17,4,5,23,26,104,
2024,RS,17,169,0,P011797   ,1.0,1.0,CLU,0,"GUZMAN, KAREL",29:50,8,1,4,2,4,0,0,0,0,0,2,3,4,1,1,2,1,3,1.0
2024,RS,17,169,0,P013301   ,0.0,0.0,CLU,2,"SOMACESCU, TUDOR",DNP,0,0,0,0,0,0,0,0,0,0,0,0,0,0,0,0,0,0,0.0
2024,RS,17,169,0,P013302   ,1.0,0.0,CLU,3,"SIMPSON, ZAVIER",33:01,24,8,12,2,6,2,2,1,4,5,10,0,1,0,2,5,4,27,1.0
2024,RS,17,169,0,P005714   ,0.0,0.0,CLU,5,"MEJERIS, MAREKS",11:23,5,2,2,0,0,1,2,1,0,1,0,0,1,0,0,4,2,2,4.0
2024,RS,17,169,0,P002820   ,0.0,1.0,CLU,9,"SALIN, SASU",16:17,4,0,0,1,4,1,3,0,2,2,1,1,0,0,0,2,4,5,-5.0
2024,RS,17,169,0,P013304   ,1.0,1.0,CLU,10,"HANKINS, ZACH",14:43,8,4,5,0,0,0,1,0,4,4,0,1,1,0,0,3,2,9,-3.0
2024,RS,17,169,0,P004862   ,1.0,1.0,CLU,11,"SEELEY, DENNIS",25:18,11,1,1,2,5,3,4,1,4,5,2,0,4,0,0,1,2,11,3.0
2024,RS,17,169,0,P002012   ,1.0,0.0,CLU,17,"ORELIK, GEDIMINAS",24:42,4,1,2,0,3,2,2,1,2,3,2,1,2,0,0,3,2,3,7.0
2024,RS,17,169,0,P012685   ,0.0,0.0,CLU,20,"FINTINA, DAVID",DNP,0,0,0,0,0,0,0,0,0,0,0,0,0,0,0,0,0,0,0.0
2024,RS,17,169,0,P006618   ,0.0,1.0,CLU,23,"STEPHENS, DE'SHAWN",22:18,12,5,7,0,0,2,3,2,7,9,3,4,2,2,0,3,2,24,-2.0
2024,RS,17,169,0,P012620   ,0.0,0.0,CLU,25,"MACIUCA, MIHAI",DNP,0,0,0,0,0,0,0,0,0,0,0,0,0,0,0,0,0,0,0.0
2024,RS,17,169,0,P012698   ,0.0,0.0,CLU,95,"MOKOKA, ADAM",22:28,15,4,5,1,4,4,6,1,0,1,3,1,3,2,1,4,4,12,-11.0
2024,RS,17,169,0,Team,0.0,0.0,CLU,,Team,,0,0,0,0,0,0,0,3,1,4,0,0,0,0,0,0,0,4,
2024,RS,17,169,0,Total,,,CLU,,Total,200:00,91,26,38,8,26,15,23,10,24,34,23,11,18,5,4,27,23,100,
2024,RS,17,170,1,P007917   ,0.0,0.0,TTK,3,"DURMAZ, BERKAN",10:00,2,1,3,0,2,0,0,2,1,3,0,0,1,0,1,2,1,-2,3.0
2024,RS,17,170,1,P004056   ,0.0,0.0,TTK,5,"AKPINAR, ISMET",16:42,7,1,2,1,3,2,2,0,2,2,2,1,0,0,0,0,1,10,7.0
2024,RS,17,170,1,P011973   ,1.0,1.0,TTK,7,"ALEXANDER, KYLE",24:24,13,2,3,0,0,9,11,4,4,8,1,0,0,1,0,3,6,23,-17.0
2024,RS,17,170,1,P009025   ,1.0,1.0,TTK,8,"BROWN, ANTHONY",32:36,13,2,6,1,5,6,6,0,2,2,1,2,2,0,0,3,3,8,-4.0
2024,RS,17,170,1,P012415   ,0.0,0.0,TTK,9,"TUNCA, MELIH",DNP,0,0,0,0,0,0,0,0,0,0,0,0,0,0,0,0,0,0,0.0
2024,RS,17,170,1,P010465   ,0.0,1.0,TTK,11,"ANGOLA, BRAIAN",27:41,17,2,3,2,8,7,7,1,1,2,1,1,1,0,0,3,5,15,16.0
2024,RS,17,170,1,P004619   ,0.0,0.0,TTK,13,"AGVA, MAHIR",04:28,0,0,1,0,0,0,0,0,0,0,0,0,0,0,0,0,0,-1,1.0
2024,RS,17,170,1,P008259   ,1.0,0.0,TTK,19,"BRUHNKE, KAY PATRICK",11:33,3,0,1,1,3,0,0,0,0,0,0,0,0,0,0,3,0,-3,-2.0
2024,RS,17,170,1,P013300   ,1.0,1.0,TTK,20,"BESS, JAVON",11:55,0,0,0,0,1,0,0,1,0,1,0,0,0,0,0,1,0,-1,-1.0
2024,RS,17,170,1,P006598   ,0.0,0.0,TTK,21,"HANLAN, OLIVIER",22:01,16,5,9,1,1,3,4,1,3,4,6,1,1,0,0,2,5,24,6.0
2024,RS,17,170,1,P010587   ,1.0,0.0,TTK,44,"SMITH, KENNETH",17:20,7,2,4,1,4,0,0,0,3,3,2,0,0,0,1,1,2,7,-6.0
2024,RS,17,170,1,P011935   ,0.0,1.0,TTK,55,"MAKOUNDOU, YOAN",21:20,6,2,6,0,0,2,2,2,2,4,0,1,1,1,1,3,1,4,12.0
2024,RS,17,170,1,Team,0.0,0.0,TTK,,Team,,0,0,0,0,0,0,0,1,3,4,0,0,0,0,0,0,0,4,
2024,RS,17,170,1,Total,,,TTK,,Total,200:00,84,17,38,7,27,29,32,12,21,33,13,6,6,2,3,21,24,88,
2024,RS,17,170,0,P003759   ,0.0,1.0,VNC,0,"TESSITORI, AMEDEO",09:03,5,2,2,0,0,1,2,1,1,2,1,1,0,0,0,4,2,6,-8.0
2024,RS,17,170,0,P012800   ,0.0,1.0,VNC,2,"McGRUDER, RODNEY",16:58,5,1,2,1,2,0,0,0,1,1,1,0,1,0,0,1,0,3,-13.0
2024,RS,17,170,0,P006571   ,0.0,0.0,VNC,4,"LEVER, ALESSANDRO",03:11,2,1,1,0,0,0,0,0,0,0,0,0,0,0,0,0,0,2,-4.0
2024,RS,17,170,0,P007759   ,0.0,0.0,VNC,5,"MUNFORD, XAVIER",13:49,3,0,2,1,3,0,0,0,1,1,1,0,0,0,1,3,0,-3,-9.0
2024,RS,17,170,0,P009400   ,0.0,0.0,VNC,7,"CASARIN, DAVIDE",16:58,11,2,5,2,2,1,2,0,2,2,3,1,2,0,0,2,3,12,-11.0
2024,RS,17,170,0,P005177   ,0.0,0.0,VNC,8,"FERNANDEZ, JUAN",DNP,0,0,0,0,0,0,0,0,0,0,0,0,0,0,0,0,0,0,0.0
2024,RS,17,170,0,P008858   ,1.0,1.0,VNC,11,"ENNIS, TYLER",26:11,12,0,4,1,4,9,9,0,2,2,4,0,2,0,0,1,5,13,6.0
2024,RS,17,170,0,P012796   ,1.0,0.0,VNC,21,"KABENGELE, MFIONDU",27:39,20,5,7,0,1,10,11,6,12,18,1,1,5,1,0,5,6,33,12.0
2024,RS,17,170,0,P011909   ,1.0,0.0,VNC,22,"PARKS, JORDAN",23:28,3,1,5,0,1,1,2,4,4,8,1,0,1,1,0,5,2,3,13.0
2024,RS,17,170,0,P013305   ,1.0,1.0,VNC,24,"WHEATLE, CARL",23:08,10,2,3,2,4,0,0,0,0,0,0,0,1,0,0,0,0,6,2.0
2024,RS,17,170,0,P011928   ,0.0,0.0,VNC,25,"SIMMS, AAMIR",16:07,1,0,2,0,1,1,2,0,1,1,1,0,3,0,0,2,2,-4,-10.0
2024,RS,17,170,0,P008052   ,1.0,1.0,VNC,33,"WILTJER, KYLE",23:28,9,3,7,1,4,0,0,1,5,6,0,0,0,1,1,1,1,8,7.0
2024,RS,17,170,0,Team,0.0,0.0,VNC,,Team,,0,0,0,0,0,0,0,3,1,4,0,0,1,0,0,0,0,3,
2024,RS,17,170,0,Total,,,VNC,,Total,200:00,81,17,40,8,22,23,28,15,30,45,13,3,16,3,2,24,21,82,
2024,RS,18,171,1,P013292   ,0.0,0.0,TSO,0,"JANKOWSKI, BARTOSZ",DNP,0,0,0,0,0,0,0,0,0,0,0,0,0,0,0,0,0,0,0.0
2024,RS,18,171,1,P012019   ,1.0,0.0,TSO,3,"BEST, AARON",31:44,13,3,7,2,5,1,2,1,3,4,3,1,3,0,0,3,2,9,4.0
2024,RS,18,171,1,P013504   ,0.0,1.0,TSO,4,"ALLEYNE, NAHIEM",23:01,8,1,3,2,5,0,0,0,1,1,2,3,2,0,0,0,1,8,-2.0
2024,RS,18,171,1,P013294   ,0.0,0.0,TSO,9,"JASZCZERSKI, WIKTOR",DNP,0,0,0,0,0,0,0,0,0,0,0,0,0,0,0,0,0,0,0.0
2024,RS,18,171,1,P008790   ,1.0,0.0,TSO,12,"WITLINSKI, MIKOLAJ",13:58,0,0,4,0,0,0,0,1,1,2,1,0,0,0,1,3,0,-5,1.0
2024,RS,18,171,1,P007426   ,1.0,1.0,TSO,13,"JOHNSON, NICK",33:10,11,3,6,0,5,5,6,1,12,13,5,3,7,0,2,4,8,18,-2.0
2024,RS,18,171,1,P013295   ,1.0,1.0,TSO,15,"ZYSKOWSKI, JAROSLAW",28:13,8,3,4,0,4,2,2,3,5,8,1,0,0,0,0,1,3,14,3.0
2024,RS,18,171,1,P013296   ,0.0,1.0,TSO,32,"GROSELLE, GEOFFREY",22:11,14,6,9,0,0,2,4,1,3,4,1,0,0,1,1,2,3,15,0.0
2024,RS,18,171,1,P013516   ,1.0,1.0,TSO,34,"MOTEN, DARIOUS",22:17,5,1,2,1,4,0,0,2,3,5,0,0,0,0,0,3,0,3,0.0
2024,RS,18,171,1,P013297   ,0.0,0.0,TSO,50,"WEATHERS, MARCUS",12:26,4,2,4,0,0,0,0,1,2,3,1,0,2,0,1,0,2,5,-14.0
2024,RS,18,171,1,P013298   ,0.0,0.0,TSO,55,"SCHENK, JAKUB",13:00,10,2,5,2,2,0,0,0,1,1,1,1,0,0,0,5,0,5,-5.0
2024,RS,18,171,1,Team,0.0,0.0,TSO,,Team,,0,0,0,0,0,0,0,4,0,4,0,0,0,0,0,0,0,4,
2024,RS,18,171,1,Total,,,TSO,,Total,200:00,73,21,44,7,25,10,14,14,31,45,15,8,14,1,5,21,19,76,
2024,RS,18,171,0,P007560   ,1.0,1.0,CAN,3,"KLJAJIC, JOVAN",22:41,10,2,2,2,4,0,0,0,1,1,1,1,4,1,0,1,1,8,-3.0
2024,RS,18,171,0,P012016   ,0.0,1.0,CAN,4,"CONDITT IV, GEORGE",20:05,12,4,6,0,0,4,4,0,6,6,1,0,1,3,0,1,7,25,12.0
2024,RS,18,171,0,P011251   ,0.0,0.0,CAN,5,"HOMESLEY, CALEB",14:33,3,1,2,0,2,1,3,0,1,1,4,0,1,0,0,1,2,3,1.0
2024,RS,18,171,0,P003425   ,1.0,1.0,CAN,6,"ALBICY, ANDREW",25:50,12,1,1,2,7,4,4,0,1,1,2,3,1,0,0,3,4,13,-1.0
2024,RS,18,171,0,P008121   ,1.0,1.0,CAN,9,"BRUSSINO, NICOLAS",25:09,12,3,5,2,5,0,0,1,8,9,7,4,2,0,1,1,0,23,10.0
2024,RS,18,171,0,P005005   ,0.0,0.0,CAN,10,"SALVO, MIQUEL",24:54,3,1,2,0,3,1,2,0,1,1,2,0,2,1,0,2,2,0,3.0
2024,RS,18,171,0,P010452   ,0.0,1.0,CAN,13,"PELOS, PIERRE",24:20,10,2,3,2,7,0,0,1,4,5,0,0,1,0,0,3,1,6,-7.0
2024,RS,18,171,0,P006588   ,1.0,0.0,CAN,14,"SHURNA, JOHN",08:23,2,1,2,0,1,0,0,1,0,1,1,0,0,0,0,1,1,2,5.0
2024,RS,18,171,0,P008966   ,1.0,0.0,CAN,18,"TOBEY, MIKE",14:19,4,2,4,0,1,0,0,0,0,0,1,0,0,0,0,1,1,2,-14.0
2024,RS,18,171,0,P009556   ,0.0,0.0,CAN,21,"NGOUAMA, MEHDY",14:10,2,0,2,0,1,2,2,3,2,5,1,0,1,0,0,3,2,3,4.0
2024,RS,18,171,0,P012095   ,0.0,0.0,CAN,32,"THOMASSON, JOE",DNP,0,0,0,0,0,0,0,0,0,0,0,0,0,0,0,0,0,0,0.0
2024,RS,18,171,0,P012165   ,0.0,0.0,CAN,35,"DIOP, MASSAMBA",05:36,6,3,4,0,0,0,0,0,1,1,0,0,0,0,0,2,0,4,5.0
2024,RS,18,171,0,Team,0.0,0.0,CAN,,Team,,0,0,0,0,0,0,0,1,3,4,0,0,0,0,0,0,0,4,
2024,RS,18,171,0,Total,,,CAN,,Total,200:00,76,20,33,8,31,12,15,7,28,35,20,8,13,5,1,19,21,93,
2024,RS,18,172,1,P011924   ,1.0,1.0,BES,0,"ALLMAN, KYLE",25:01,12,4,7,0,1,4,8,2,3,5,3,2,1,0,1,2,7,17,10.0
2024,RS,18,172,1,P011936   ,1.0,0.0,BES,2,"MATHEWS, JONAH",24:25,9,1,4,1,4,4,4,0,4,4,5,0,4,0,0,2,4,10,6.0
2024,RS,18,172,1,P006240   ,0.0,0.0,BES,3,"PLAVSIC, UROS",11:09,9,3,7,0,0,3,4,2,2,4,1,1,0,0,1,0,3,12,7.0
2024,RS,18,172,1,P008945   ,0.0,1.0,BES,5,"NEEDHAM, DEREK",29:08,17,0,2,4,10,5,6,0,3,3,1,3,2,0,0,1,3,15,-2.0
2024,RS,18,172,1,P003783   ,0.0,1.0,BES,6,"UGURLU, BERK",21:56,4,1,1,0,2,2,2,2,2,4,2,1,3,0,0,4,1,3,0.0
2024,RS,18,172,1,P007914   ,1.0,1.0,BES,7,"ARSLAN, YIGIT",17:32,5,1,2,1,4,0,0,2,1,3,1,1,2,0,0,3,1,2,-6.0
2024,RS,18,172,1,P009680   ,0.0,0.0,BES,9,"MORGAN, CONOR",12:45,6,1,2,1,2,1,2,1,5,6,0,0,0,0,1,4,1,5,1.0
2024,RS,18,172,1,P012233   ,0.0,0.0,BES,10,"AKSU, YAGIZ",DNP,0,0,0,0,0,0,0,0,0,0,0,0,0,0,0,0,0,0,0.0
2024,RS,18,172,1,P011927   ,1.0,1.0,BES,14,"SLEVA, DUSTIN",23:45,12,6,9,0,2,0,0,1,0,1,1,3,1,0,1,3,3,10,2.0
2024,RS,18,172,1,P011379   ,0.0,0.0,BES,20,"KONAN, KEREM",12:30,0,0,0,0,1,0,0,0,0,0,0,0,0,0,0,1,0,-2,2.0
2024,RS,18,172,1,P012624   ,0.0,0.0,BES,22,"OZBEK, ATA",DNP,0,0,0,0,0,0,0,0,0,0,0,0,0,0,0,0,0,0,0.0
2024,RS,18,172,1,P010652   ,1.0,0.0,BES,33,"TERRY, EMANUEL",21:49,5,2,4,0,0,1,2,1,5,6,0,0,0,1,0,1,2,10,0.0
2024,RS,18,172,1,Team,0.0,0.0,BES,,Team,,0,0,0,0,0,0,0,4,0,4,0,0,1,0,0,0,0,3,
2024,RS,18,172,1,Total,,,BES,,Total,200:00,79,19,38,7,26,20,28,15,25,40,14,11,14,1,4,21,25,85,
2024,RS,18,172,0,P012593   ,0.0,1.0,TRN,1,"ELLIS, QUINN",24:24,8,4,7,0,2,0,0,1,2,3,4,0,3,0,0,4,1,4,-1.0
2024,RS,18,172,0,P013269   ,1.0,1.0,TRN,3,"CALE, MYLES",21:51,10,3,4,0,3,4,4,1,1,2,1,4,1,0,0,3,5,14,-4.0
2024,RS,18,172,0,P013270   ,0.0,1.0,TRN,5,"FORD, JORDAN",23:01,21,3,6,3,7,6,6,1,3,4,2,0,0,0,0,1,6,25,2.0
2024,RS,18,172,0,P005438   ,1.0,0.0,TRN,6,"PECCHIA, ANDREA",13:03,0,0,2,0,0,0,0,0,1,1,1,1,2,0,1,2,1,-3,-8.0
2024,RS,18,172,0,P012687   ,1.0,0.0,TRN,7,"NIANG, SALIOU",22:03,3,1,4,0,1,1,2,0,7,7,2,1,3,1,0,1,1,6,-5.0
2024,RS,18,172,0,P006382   ,0.0,0.0,TRN,10,"FORRAY, TOTO",11:35,0,0,1,0,3,0,0,0,1,1,0,1,1,0,0,3,0,-6,-5.0
2024,RS,18,172,0,P013523   ,0.0,0.0,TRN,14,"TRIGGIANI, VITTORIO",DNP,0,0,0,0,0,0,0,0,0,0,0,0,0,0,0,0,0,0,0.0
2024,RS,18,172,0,P013271   ,1.0,0.0,TRN,21,"MAWUGBE, SELOM",22:29,8,4,4,0,0,0,0,2,4,6,0,1,1,2,0,2,2,16,-3.0
2024,RS,18,172,0,P013272   ,1.0,1.0,TRN,22,"LAMB, ANTHONY",21:39,13,4,8,1,8,2,2,1,3,4,1,0,5,0,0,3,3,2,5.0
2024,RS,18,172,0,P006724   ,0.0,0.0,TRN,26,"BAYEHE, JORDAN",23:55,5,2,2,0,2,1,1,1,1,2,0,1,0,1,0,4,1,4,-1.0
2024,RS,18,172,0,P012114   ,0.0,1.0,TRN,27,"BADALAU, DENIS",16:00,7,1,2,1,3,2,2,2,1,3,0,1,1,0,0,2,1,6,0.0
2024,RS,18,172,0,Team,0.0,0.0,TRN,,Team,,0,0,0,0,0,0,0,6,1,7,0,0,0,0,0,0,0,7,
2024,RS,18,172,0,Total,,,TRN,,Total,200:00,75,22,40,5,29,16,17,15,25,40,11,10,17,4,1,25,21,75,
2024,RS,18,173,1,P012003   ,1.0,1.0,WOL,1,"COWAN JR, ANTHONY",36:07,13,3,5,0,6,7,9,0,1,1,6,2,1,0,0,2,9,18,6.0
2024,RS,18,173,1,P012789   ,0.0,1.0,WOL,4,"BROOKS, GARRISON",19:17,6,3,4,0,0,0,0,3,3,6,0,0,0,0,0,0,0,11,2.0
2024,RS,18,173,1,P003212   ,0.0,0.0,WOL,8,"KARINIAUSKAS, VAIDAS",DNP,0,0,0,0,0,0,0,0,0,0,0,0,0,0,0,0,0,0,0.0
2024,RS,18,173,1,P004645   ,0.0,0.0,WOL,10,"MINIOTAS, REGIMANTAS",04:30,2,1,1,0,0,0,0,0,0,0,0,0,0,0,0,1,0,1,-5.0
2024,RS,18,173,1,P006897   ,0.0,0.0,WOL,11,"MARCINKEVICIUS, JUSTINAS",DNP,0,0,0,0,0,0,0,0,0,0,0,0,0,0,0,0,0,0,0.0
2024,RS,18,173,1,P011248   ,0.0,1.0,WOL,12,"ANDREWS, ANDREW",20:49,10,0,2,2,4,4,4,0,3,3,1,0,4,0,0,3,4,7,-14.0
2024,RS,18,173,1,P005516   ,0.0,0.0,WOL,13,"ZEMAITIS, KRISTUPAS",09:36,2,1,3,0,0,0,0,1,2,3,0,0,1,0,0,2,1,1,-8.0
2024,RS,18,173,1,P012577   ,0.0,0.0,WOL,15,"THURMAN, TRE'SHAWN",17:05,10,2,3,1,2,3,3,2,3,5,2,0,0,0,0,4,1,12,6.0
2024,RS,18,173,1,P008186   ,1.0,0.0,WOL,22,"BLAZEVIC, MAREK",20:43,10,5,5,0,0,0,1,1,4,5,3,0,2,2,0,3,3,17,7.0
2024,RS,18,173,1,P006853   ,1.0,1.0,WOL,23,"JOGELA, MATAS",24:53,20,1,4,6,7,0,0,0,5,5,4,1,2,0,1,1,0,22,15.0
2024,RS,18,173,1,P006546   ,1.0,1.0,WOL,44,"TAYLOR, JEFFERY",31:57,15,3,7,3,5,0,0,1,1,2,4,0,0,0,1,4,1,11,23.0
2024,RS,18,173,1,P006180   ,1.0,0.0,WOL,98,"KULBOKA, ARNOLDAS",15:03,3,1,2,0,2,1,2,1,4,5,0,0,0,0,1,0,2,5,13.0
2024,RS,18,173,1,Team,0.0,0.0,WOL,,Team,,0,0,0,0,0,0,0,0,1,1,0,0,0,0,0,0,0,1,
2024,RS,18,173,1,Total,,,WOL,,Total,200:00,91,20,36,12,26,15,19,9,27,36,20,3,10,2,3,20,21,106,
2024,RS,18,173,0,P013256   ,1.0,1.0,BUD,0,"MORGAN, JUWAN",19:29,6,2,3,0,2,2,3,1,1,2,1,0,1,1,0,4,2,3,-5.0
2024,RS,18,173,0,P011150   ,1.0,1.0,BUD,1,"SULAIMON, RASHEED",26:50,14,3,5,1,6,5,5,1,4,5,2,0,2,0,0,2,3,13,-13.0
2024,RS,18,173,0,P006561   ,0.0,0.0,BUD,2,"ILIC, ALEKSA",DNP,0,0,0,0,0,0,0,0,0,0,0,0,0,0,0,0,0,0,0.0
2024,RS,18,173,0,P012630   ,0.0,1.0,BUD,3,"MAGEE, FLETCHER",20:39,8,0,0,2,6,2,2,0,0,0,1,0,0,0,0,1,2,6,7.0
2024,RS,18,173,0,P006566   ,1.0,0.0,BUD,7,"SLAVKOVIC, ANDRIJA",11:14,4,2,2,0,0,0,0,0,0,0,0,0,0,0,0,0,0,4,-9.0
2024,RS,18,173,0,P005637   ,0.0,0.0,BUD,10,"TANASKOVIC, NIKOLA",21:44,5,2,2,0,2,1,2,3,1,4,0,1,2,0,0,5,2,2,-2.0
2024,RS,18,173,0,P011281   ,0.0,1.0,BUD,11,"FERRELL, YOGI",23:27,20,6,8,1,5,5,5,0,0,0,2,0,0,0,0,4,7,19,14.0
2024,RS,18,173,0,P010307   ,0.0,1.0,BUD,13,"JOVANOVIC, DORDIJE",16:58,6,0,0,2,3,0,0,0,2,2,0,1,0,1,0,0,0,9,-3.0
2024,RS,18,173,0,P013258   ,0.0,0.0,BUD,23,"DREZNJAK, MATEO",08:43,0,0,1,0,1,0,0,0,2,2,0,0,0,0,0,2,0,-2,6.0
2024,RS,18,173,0,P004222   ,0.0,0.0,BUD,24,"OMIC, ALEN",19:10,4,2,3,0,1,0,2,0,4,4,1,1,0,0,0,1,1,6,-8.0
2024,RS,18,173,0,P012606   ,1.0,0.0,BUD,25,"WRIGHT IV, MCKINLEY",16:33,6,3,8,0,1,0,0,0,2,2,3,0,2,1,1,2,2,3,-23.0
2024,RS,18,173,0,P008325   ,1.0,0.0,BUD,34,"KAMENJAS, KENAN",15:13,9,3,6,1,1,0,0,1,6,7,0,1,0,0,1,1,1,13,-9.0
2024,RS,18,173,0,Team,0.0,0.0,BUD,,Team,,0,0,0,0,0,0,0,2,1,3,0,0,0,0,0,0,0,3,
2024,RS,18,173,0,Total,,,BUD,,Total,200:00,82,23,38,7,28,15,19,8,23,31,10,4,7,3,2,22,20,79,
2024,RS,18,174,1,P010161   ,1.0,1.0,JOV,1,"KRAAG, YANNICK",21:38,5,1,4,1,2,0,0,1,5,6,1,1,1,0,0,3,0,5,18.0
2024,RS,18,174,1,P013285   ,1.0,1.0,JOV,2,"DOTSON, DEVON DURRELL",19:59,6,3,6,0,2,0,1,2,2,4,0,2,2,0,0,0,5,9,1.0
2024,RS,18,174,1,PJUG      ,0.0,1.0,JOV,4,"RIBAS, PAU",18:47,0,0,1,0,2,0,0,1,3,4,2,0,0,0,1,2,1,1,-17.0
2024,RS,18,174,1,P004834   ,0.0,0.0,JOV,13,"PUSTOVYI, ARTEM",18:32,12,4,7,0,0,4,5,0,2,2,1,0,0,2,0,2,3,14,16.0
2024,RS,18,174,1,P002361   ,0.0,0.0,JOV,16,"VIVES, GUILLEM",09:11,3,0,0,1,1,0,0,0,0,0,1,1,0,0,0,2,0,3,19.0
2024,RS,18,174,1,P009672   ,0.0,0.0,JOV,17,"DEKKER, SAM",19:39,15,2,3,2,5,5,5,0,5,5,5,1,0,0,0,1,2,23,18.0
2024,RS,18,174,1,P012226   ,0.0,1.0,JOV,19,"PLATTEEUW, IAN",07:04,2,1,4,0,0,0,0,1,1,2,1,0,0,0,1,1,0,0,-1.0
2024,RS,18,174,1,P012349   ,1.0,1.0,JOV,23,"RUZIC, MICHAEL",20:21,7,2,4,1,1,0,0,2,1,3,0,0,1,0,1,3,1,4,-5.0
2024,RS,18,174,1,P012079   ,0.0,0.0,JOV,25,"ONI, MIYE",18:22,7,2,2,1,1,0,0,1,2,3,2,1,0,0,0,3,0,10,-5.0
2024,RS,18,174,1,P012740   ,1.0,0.0,JOV,30,"ROBERTSON, KASSIUS",21:13,10,2,4,2,7,0,0,1,1,2,3,1,3,0,1,0,2,7,30.0
2024,RS,18,174,1,P002507   ,1.0,0.0,JOV,44,"TOMIC, ANTE",14:24,2,1,5,0,0,0,0,0,2,2,2,0,0,0,0,2,0,0,-2.0
2024,RS,18,174,1,P005099   ,0.0,0.0,JOV,88,"HANGA, ADAM",10:50,0,0,0,0,3,0,0,0,1,1,1,0,3,0,0,3,0,-7,-7.0
2024,RS,18,174,1,Team,0.0,0.0,JOV,,Team,,0,0,0,0,0,0,0,1,2,3,0,0,1,0,0,0,0,2,
2024,RS,18,174,1,Total,,,JOV,,Total,200:00,69,18,40,8,24,9,11,10,27,37,19,7,11,2,4,22,14,71,
2024,RS,18,174,0,P011192   ,1.0,0.0,BAH,0,"SMITH, JALEEN",31:51,5,0,1,1,5,2,2,1,5,6,1,1,3,0,0,2,2,5,-6.0
2024,RS,18,174,0,P011201   ,1.0,1.0,BAH,2,"HAZER, SEHMUS",20:58,4,2,6,0,1,0,0,0,1,1,0,0,5,0,1,0,1,-5,-15.0
2024,RS,18,174,0,P011821   ,0.0,0.0,BAH,5,"MASSINBURG, CJ",DNP,0,0,0,0,0,0,0,0,0,0,0,0,0,0,0,0,0,0,0.0
2024,RS,18,174,0,P012405   ,0.0,0.0,BAH,7,"HALTALI, FURKAN",09:11,3,1,2,0,0,1,2,2,0,2,1,0,0,0,0,2,3,5,-13.0
2024,RS,18,174,0,PLQV      ,0.0,0.0,BAH,17,"MUTAF, MAXIM",DNP,0,0,0,0,0,0,0,0,0,0,0,0,0,0,0,0,0,0,0.0
2024,RS,18,174,0,P012711   ,0.0,0.0,BAH,19,"SIMONOVIC, MARKO",13:31,0,0,0,0,2,0,0,0,2,2,3,1,0,0,0,1,0,3,-3.0
2024,RS,18,174,0,P011823   ,1.0,1.0,BAH,21,"ODIASE, TAI",30:09,13,4,10,0,0,5,8,3,2,5,2,2,1,1,0,2,4,15,3.0
2024,RS,18,174,0,P005763   ,0.0,0.0,BAH,30,"KORKMAZ, FURKAN",21:34,10,3,6,1,2,1,1,0,1,1,1,1,3,0,1,2,2,5,-5.0
2024,RS,18,174,0,P009601   ,1.0,1.0,BAH,34,"CAVANAUGH, TYLER",27:09,8,1,1,1,4,3,4,1,7,8,1,0,0,1,0,0,5,19,-13.0
2024,RS,18,174,0,P005275   ,0.0,1.0,BAH,55,"SIPAHI, KENAN",20:39,9,1,3,2,6,1,2,0,3,3,7,1,1,0,0,4,4,12,-4.0
2024,RS,18,174,0,P008278   ,0.0,0.0,BAH,57,"BAS, GOKTUG",DNP,0,0,0,0,0,0,0,0,0,0,0,0,0,0,0,0,0,0,0.0
2024,RS,18,174,0,P003840   ,1.0,1.0,BAH,83,"BOUTEILLE, AXEL",24:58,4,2,5,0,4,0,0,2,5,7,1,1,1,2,0,1,0,6,-9.0
2024,RS,18,174,0,Team,0.0,0.0,BAH,,Team,,0,0,0,0,0,0,0,5,2,7,0,0,2,0,0,0,0,5,
2024,RS,18,174,0,Total,,,BAH,,Total,200:00,56,14,34,5,24,13,19,14,28,42,17,7,16,4,2,14,21,70,
2024,RS,18,175,1,P006245   ,0.0,1.0,ULM,0,"WEIDEMANN, NELSON",25:45,7,0,1,1,6,4,4,2,1,3,5,0,4,0,0,4,2,3,-15.0
2024,RS,18,175,1,P013289   ,1.0,0.0,ULM,3,"SANTOS, MARCIO",09:53,7,3,3,0,1,1,1,1,2,3,0,0,1,0,1,5,2,4,10.0
2024,RS,18,175,1,P010726   ,0.0,0.0,ULM,7,"JENSEN, TOBIAS",DNP,0,0,0,0,0,0,0,0,0,0,0,0,0,0,0,0,0,0,0.0
2024,RS,18,175,1,P012077   ,0.0,0.0,ULM,9,"PLUMMER, ALFONSO",16:51,16,1,1,3,4,5,6,0,0,0,0,0,0,0,0,2,2,14,-9.0
2024,RS,18,175,1,P013290   ,1.0,1.0,ULM,10,"JESSUP, JUSTINIAN",37:05,18,3,5,2,6,6,7,0,2,2,0,1,1,0,0,3,4,14,-3.0
2024,RS,18,175,1,P011391   ,1.0,0.0,ULM,12,"ESSENGUE, NOA",26:00,4,2,5,0,2,0,0,0,7,7,2,3,1,0,0,1,3,12,-1.0
2024,RS,18,175,1,P007952   ,0.0,0.0,ULM,13,"BRETZEL, NICOLAS",DNP,0,0,0,0,0,0,0,0,0,0,0,0,0,0,0,0,0,0,0.0
2024,RS,18,175,1,P006997   ,0.0,1.0,ULM,14,"HERKENHOFF, PHILIPP",26:21,9,2,3,0,0,5,7,1,0,1,0,0,0,2,0,4,4,9,-20.0
2024,RS,18,175,1,P012602   ,0.0,0.0,ULM,21,"ANIGBATA, ALEC",DNP,0,0,0,0,0,0,0,0,0,0,0,0,0,0,0,0,0,0,0.0
2024,RS,18,175,1,P005422   ,1.0,1.0,ULM,35,"JALLOW, KARIM",37:29,12,4,6,0,1,4,5,0,3,3,6,1,1,0,1,3,3,16,-4.0
2024,RS,18,175,1,P011437   ,1.0,1.0,ULM,77,"SARAF, BEN",20:36,17,8,13,0,1,1,1,0,1,1,2,0,4,0,0,3,1,8,7.0
2024,RS,18,175,1,Team,0.0,0.0,ULM,,Team,,0,0,0,0,0,0,0,4,2,6,0,0,1,0,0,0,0,5,
2024,RS,18,175,1,Total,,,ULM,,Total,200:00,90,23,37,6,21,26,31,8,18,26,15,5,13,2,2,25,21,85,
2024,RS,18,175,0,P011157   ,1.0,1.0,HTA,0,"MOTLEY, JOHNATHAN",31:00,24,10,15,0,0,4,5,1,3,4,3,1,0,0,1,4,6,27,5.0
2024,RS,18,175,0,P005181   ,0.0,0.0,HTA,1,"RAGLAND, JOE",13:09,9,4,4,0,0,1,1,0,1,1,4,1,2,0,0,1,1,13,-6.0
2024,RS,18,175,0,P013402   ,0.0,0.0,HTA,2,"BLAKENEY, ANTONIO",10:37,0,0,1,0,2,0,0,0,0,0,1,0,0,0,0,0,0,-2,-8.0
2024,RS,18,175,0,P013283   ,0.0,1.0,HTA,9,"PALATIN, GUY",01:13,0,0,0,0,0,0,0,1,0,1,0,0,0,0,0,0,0,1,-2.0
2024,RS,18,175,0,P004846   ,0.0,1.0,HTA,10,"TIMOR, BAR",22:19,10,1,2,2,4,2,2,0,1,1,3,2,1,0,0,4,1,9,18.0
2024,RS,18,175,0,P009877   ,0.0,0.0,HTA,14,"BLAYZER, OZ",07:27,2,0,1,0,0,2,2,0,2,2,0,0,0,1,0,1,2,5,-4.0
2024,RS,18,175,0,P010386   ,1.0,1.0,HTA,17,"FOSTER, MARCUS",33:07,18,2,3,4,7,2,2,2,4,6,3,1,1,0,0,2,3,24,11.0
2024,RS,18,175,0,P013284   ,1.0,1.0,HTA,24,"WAINRIGHT, ISHMAIL CARZELL",29:48,6,3,3,0,2,0,0,1,5,6,4,2,1,0,0,3,0,12,13.0
2024,RS,18,175,0,P011052   ,1.0,0.0,HTA,26,"MADAR, YAM",21:32,18,2,2,2,4,8,8,0,1,1,4,1,4,0,0,2,9,25,12.0
2024,RS,18,175,0,P011386   ,0.0,0.0,HTA,31,"YAACOV, NOAM",DNP,0,0,0,0,0,0,0,0,0,0,0,0,0,0,0,0,0,0,0.0
2024,RS,18,175,0,P010550   ,1.0,0.0,HTA,41,"GINAT, TOMER",18:42,5,1,3,0,1,3,4,1,0,1,0,0,0,0,1,1,3,3,-3.0
2024,RS,18,175,0,P012096   ,0.0,0.0,HTA,51,"CABOCLO, BRUNO",11:06,5,1,4,1,1,0,0,1,4,5,0,0,0,1,0,4,0,4,-1.0
2024,RS,18,175,0,Team,0.0,0.0,HTA,,Team,,0,0,0,0,0,0,0,1,2,3,0,0,3,0,0,0,0,0,
2024,RS,18,175,0,Total,,,HTA,,Total,200:00,97,24,38,9,21,22,24,8,23,31,22,8,12,2,2,22,25,121,
2024,RS,18,176,1,P013276   ,1.0,1.0,JER,0,"SMITH, JUSTIN",25:22,6,3,8,0,0,0,0,0,0,0,1,0,2,1,1,3,1,-2,6.0
2024,RS,18,176,1,P011970   ,1.0,1.0,JER,1,"HARPER, JARED",28:11,21,2,7,2,4,11,12,0,5,5,5,3,2,0,1,2,8,29,6.0
2024,RS,18,176,1,P008912   ,0.0,1.0,JER,3,"CARRINGTON, KHADEEN",28:50,17,2,10,3,6,4,6,3,0,3,2,0,1,0,1,0,4,11,5.0
2024,RS,18,176,1,P013277   ,1.0,1.0,JER,4,"JOHNSON, CHRIS",28:18,13,4,4,1,3,2,3,1,4,5,0,1,0,0,0,4,2,14,8.0
2024,RS,18,176,1,P013278   ,0.0,0.0,JER,5,"WILEY, AUSTIN",14:38,2,1,3,0,0,0,2,1,3,4,0,1,2,0,1,3,1,-2,4.0
2024,RS,18,176,1,P013279   ,0.0,0.0,JER,7,"CHACHASHVILI, GABRIEL",07:29,0,0,0,0,0,0,0,0,1,1,0,0,0,0,0,0,0,1,4.0
2024,RS,18,176,1,P010431   ,0.0,0.0,JER,20,"MORGAN, JEREMY",20:45,3,0,2,0,0,3,3,2,3,5,0,0,1,0,1,2,2,4,13.0
2024,RS,18,176,1,P009649   ,1.0,0.0,JER,22,"PHILLIP, TARIK",17:53,2,1,2,0,2,0,3,0,3,3,3,1,1,0,0,1,4,5,4.0
2024,RS,18,176,1,P013263   ,0.0,0.0,JER,34,"OGBEIDE, DEREK",DNP,0,0,0,0,0,0,0,0,0,0,0,0,0,0,0,0,0,0,0.0
2024,RS,18,176,1,P006625   ,1.0,1.0,JER,50,"ZOOSMAN, YOVEL",27:57,12,2,4,1,5,5,7,0,3,3,2,2,3,0,0,2,5,11,0.0
2024,RS,18,176,1,P010681   ,0.0,0.0,JER,51,"KOULECHOV, EGOR",DNP,0,0,0,0,0,0,0,0,0,0,0,0,0,0,0,0,0,0,0.0
2024,RS,18,176,1,P013281   ,0.0,0.0,JER,80,"CORNELIUS, OR",00:37,0,0,0,0,0,0,0,0,0,0,0,0,0,0,0,0,0,0,0.0
2024,RS,18,176,1,Team,0.0,0.0,JER,,Team,,0,0,0,0,0,0,0,3,6,9,0,0,1,0,0,0,0,8,
2024,RS,18,176,1,Total,,,JER,,Total,200:00,76,15,40,7,20,25,36,10,28,38,13,8,13,1,5,17,27,79,
2024,RS,18,176,0,P007917   ,1.0,0.0,TTK,3,"DURMAZ, BERKAN",15:13,0,0,1,0,1,0,0,0,1,1,1,1,0,0,0,0,0,1,-13.0
2024,RS,18,176,0,P004056   ,0.0,0.0,TTK,5,"AKPINAR, ISMET",04:18,0,0,0,0,1,0,0,0,0,0,0,0,1,0,0,1,1,-2,-9.0
2024,RS,18,176,0,P011973   ,1.0,1.0,TTK,7,"ALEXANDER, KYLE",31:20,3,1,2,0,0,1,1,1,4,5,0,1,0,1,1,3,1,6,-2.0
2024,RS,18,176,0,P009025   ,1.0,1.0,TTK,8,"BROWN, ANTHONY",32:40,19,5,9,2,6,3,3,1,1,2,3,1,3,0,0,2,3,15,1.0
2024,RS,18,176,0,P012415   ,0.0,1.0,TTK,9,"TUNCA, MELIH",09:22,5,1,3,1,3,0,0,0,0,0,1,0,1,0,0,3,0,-2,-19.0
2024,RS,18,176,0,P010465   ,0.0,0.0,TTK,11,"ANGOLA, BRAIAN",05:08,4,2,2,0,1,0,0,0,0,0,0,0,0,0,0,0,0,3,-3.0
2024,RS,18,176,0,P004619   ,0.0,0.0,TTK,13,"AGVA, MAHIR",07:12,0,0,0,0,0,0,0,0,0,0,0,0,1,0,0,1,0,-2,-10.0
2024,RS,18,176,0,P008259   ,0.0,0.0,TTK,19,"BRUHNKE, KAY PATRICK",09:50,0,0,0,0,2,0,0,1,2,3,0,1,1,0,0,3,1,-1,-11.0
2024,RS,18,176,0,P013300   ,1.0,1.0,TTK,20,"BESS, JAVON",24:51,12,0,0,4,6,0,0,0,5,5,2,1,1,0,0,3,1,15,-8.0
2024,RS,18,176,0,P006598   ,0.0,0.0,TTK,21,"HANLAN, OLIVIER",20:32,13,4,5,0,3,5,6,1,7,8,1,0,4,0,0,5,3,11,16.0
2024,RS,18,176,0,P010587   ,1.0,1.0,TTK,44,"SMITH, KENNETH",25:04,5,1,3,0,3,3,3,0,9,9,7,0,2,0,0,2,3,15,5.0
2024,RS,18,176,0,P011935   ,0.0,0.0,TTK,55,"MAKOUNDOU, YOAN",14:30,5,2,5,0,0,1,3,0,3,3,0,1,2,4,0,5,4,5,3.0
2024,RS,18,176,0,Team,0.0,0.0,TTK,,Team,,0,0,0,0,0,0,0,2,1,3,0,0,3,0,0,0,0,0,
2024,RS,18,176,0,Total,,,TTK,,Total,200:00,66,16,30,7,26,13,16,6,33,39,15,6,19,5,1,28,17,64,
2024,RS,18,177,1,P003759   ,0.0,0.0,VNC,0,"TESSITORI, AMEDEO",04:57,0,0,0,0,0,0,0,0,0,0,0,0,1,0,0,1,0,-2,-9.0
2024,RS,18,177,1,P012800   ,0.0,1.0,VNC,2,"McGRUDER, RODNEY",23:55,9,0,0,3,6,0,0,0,1,1,1,1,0,0,0,1,0,8,3.0
2024,RS,18,177,1,P006571   ,0.0,0.0,VNC,4,"LEVER, ALESSANDRO",07:51,3,1,2,0,0,1,1,0,1,1,0,0,1,0,0,3,2,1,3.0
2024,RS,18,177,1,P007759   ,0.0,0.0,VNC,5,"MUNFORD, XAVIER",15:20,3,0,1,1,2,0,0,0,0,0,4,0,1,0,0,2,0,2,-7.0
2024,RS,18,177,1,P009400   ,0.0,0.0,VNC,7,"CASARIN, DAVIDE",07:08,0,0,2,0,2,0,0,0,0,0,0,0,1,0,0,0,0,-5,-12.0
2024,RS,18,177,1,P005404   ,0.0,0.0,VNC,9,"MORETTI, DAVIDE",DNP,0,0,0,0,0,0,0,0,0,0,0,0,0,0,0,0,0,0,0.0
2024,RS,18,177,1,P008858   ,1.0,1.0,VNC,11,"ENNIS, TYLER",34:24,19,3,6,2,3,7,7,1,2,3,7,3,2,0,0,0,7,33,22.0
2024,RS,18,177,1,P012796   ,1.0,1.0,VNC,21,"KABENGELE, MFIONDU",27:12,20,7,8,1,1,3,5,1,4,5,2,1,1,0,0,2,5,27,20.0
2024,RS,18,177,1,P011909   ,1.0,1.0,VNC,22,"PARKS, JORDAN",15:49,6,3,6,0,0,0,0,0,3,3,1,1,3,0,0,4,0,1,9.0
2024,RS,18,177,1,P013305   ,1.0,1.0,VNC,24,"WHEATLE, CARL",24:49,7,3,3,0,0,1,4,0,2,2,8,1,1,1,0,4,5,16,30.0
2024,RS,18,177,1,P011928   ,0.0,0.0,VNC,25,"SIMMS, AAMIR",18:28,3,0,1,1,2,0,0,0,1,1,0,0,0,0,0,0,1,3,-8.0
2024,RS,18,177,1,P008052   ,1.0,0.0,VNC,33,"WILTJER, KYLE",20:07,21,4,6,3,6,4,6,1,1,2,1,1,1,0,1,2,4,18,19.0
2024,RS,18,177,1,Team,0.0,0.0,VNC,,Team,,0,0,0,0,0,0,0,2,10,12,0,0,0,0,0,0,0,12,
2024,RS,18,177,1,Total,,,VNC,,Total,200:00,91,21,35,11,22,16,23,5,25,30,24,8,12,1,1,19,24,114,
2024,RS,18,177,0,P009898   ,1.0,0.0,LKB,2,"BICKAUSKIS, DOVIS",14:28,7,2,3,1,3,0,0,0,0,0,3,0,4,0,0,2,0,1,-4.0
2024,RS,18,177,0,P010181   ,0.0,1.0,LKB,3,"STENIONIS, DOMINYKAS",19:36,5,1,1,1,2,0,0,0,2,2,6,2,2,0,0,4,1,9,-7.0
2024,RS,18,177,0,PLXI      ,1.0,0.0,LKB,10,"LIPKEVICIUS, VYTENIS",22:42,4,0,0,1,3,1,2,0,0,0,4,2,2,0,0,3,1,3,-23.0
2024,RS,18,177,0,P010461   ,0.0,1.0,LKB,12,"MALDUNAS, GABRIELIUS",18:51,6,3,4,0,0,0,2,3,2,5,2,2,0,0,0,3,1,10,-3.0
2024,RS,18,177,0,P005521   ,0.0,1.0,LKB,13,"VARNAS, MARTYNAS",28:28,19,4,5,3,4,2,3,1,4,5,2,0,2,0,0,3,2,20,-5.0
2024,RS,18,177,0,P006586   ,0.0,0.0,LKB,16,"KALAITZAKIS, GEORGIOS",DNP,0,0,0,0,0,0,0,0,0,0,0,0,0,0,0,0,0,0,0.0
2024,RS,18,177,0,P009299   ,1.0,0.0,LKB,17,"RUBSTAVICIUS, MANTAS",29:50,12,3,6,1,7,3,5,0,2,2,2,1,1,0,1,1,8,11,-1.0
2024,RS,18,177,0,P006212   ,0.0,1.0,LKB,18,"VASILIAUSKAS, GRANTAS",24:23,9,3,4,1,2,0,0,0,2,2,0,0,0,0,0,2,0,7,1.0
2024,RS,18,177,0,P004229   ,1.0,0.0,LKB,41,"GAGIC, DJORDJE",20:11,13,6,12,0,0,1,2,2,5,7,1,0,2,0,0,3,3,12,-11.0
2024,RS,18,177,0,P013512   ,1.0,1.0,LKB,77,"DANUSEVICIUS, PAULIUS",21:31,2,1,4,0,2,0,0,1,4,5,0,0,0,1,0,3,2,2,-17.0
2024,RS,18,177,0,Team,0.0,0.0,LKB,,Team,,0,0,0,0,0,0,0,1,2,3,0,0,2,0,0,0,0,1,
2024,RS,18,177,0,Total,,,LKB,,Total,200:00,77,23,39,8,23,7,14,8,23,31,20,7,15,1,1,24,18,76,
2024,RS,18,178,1,P013500   ,1.0,0.0,ARI,0,"COOPER, SHARIFE",22:03,10,3,6,1,5,1,2,0,2,2,6,3,2,0,0,2,1,10,0.0
2024,RS,18,178,1,P004292   ,0.0,1.0,ARI,4,"TOLIOPOULOS, VASSILIS",17:57,2,1,2,0,3,0,1,0,2,2,3,2,1,0,0,3,2,2,-15.0
2024,RS,18,178,1,P013355   ,0.0,0.0,ARI,10,"CHATZIDAKIS, EMMANOUIL",17:14,2,0,2,0,0,2,2,2,2,4,0,1,1,0,1,2,3,4,0.0
2024,RS,18,178,1,P013393   ,0.0,0.0,ARI,11,"LASZEWSKI, NATHAN JAMES",09:17,0,0,1,0,0,0,0,1,1,2,0,0,1,0,0,1,1,0,-17.0
2024,RS,18,178,1,P013356   ,0.0,1.0,ARI,12,"GKIOUZELIS, GEORGIOS",13:56,3,0,0,1,5,0,0,1,0,1,0,0,0,0,1,1,1,-1,-10.0
2024,RS,18,178,1,P003240   ,0.0,0.0,ARI,13,"BOCHORIDIS, ELEFTHERIOS",17:59,9,2,2,1,3,2,4,1,4,5,0,0,2,0,0,3,4,9,-9.0
2024,RS,18,178,1,P010397   ,1.0,1.0,ARI,21,"WILLIS, DARRAL",20:17,5,0,2,1,1,2,2,0,2,2,2,0,3,0,0,3,1,2,6.0
2024,RS,18,178,1,P013251   ,0.0,1.0,ARI,22,"WOODBURY, TREY",17:57,11,4,6,1,5,0,0,2,2,4,1,0,1,0,1,0,0,8,-17.0
2024,RS,18,178,1,P013252   ,1.0,0.0,ARI,23,"ROBERTS, JOSHUA",19:16,12,4,6,0,0,4,4,4,2,6,1,0,0,1,0,3,4,19,-9.0
2024,RS,18,178,1,P012616   ,0.0,1.0,ARI,25,"FILLIOS, GEORGIOS",09:27,6,0,0,2,2,0,0,0,0,0,0,1,0,0,0,1,0,6,-5.0
2024,RS,18,178,1,P012603   ,1.0,0.0,ARI,30,"FIGUEROA, LJ",20:47,13,6,7,0,1,1,2,0,1,1,0,1,1,1,0,2,4,14,-2.0
2024,RS,18,178,1,P013253   ,1.0,0.0,ARI,55,"HODGE, D MOI",13:50,1,0,1,0,4,1,2,1,1,2,1,0,0,0,0,2,1,-3,3.0
2024,RS,18,178,1,Team,0.0,0.0,ARI,,Team,,0,0,0,0,0,0,0,3,3,6,0,0,1,0,0,0,0,5,
2024,RS,18,178,1,Total,,,ARI,,Total,200:00,74,20,35,7,29,13,19,15,22,37,14,8,13,2,3,23,22,75,
2024,RS,18,178,0,P011797   ,1.0,0.0,CLU,0,"GUZMAN, KAREL",27:44,10,3,5,0,1,4,5,1,5,6,1,2,1,1,0,5,5,15,8.0
2024,RS,18,178,0,P013301   ,0.0,0.0,CLU,2,"SOMACESCU, TUDOR",09:06,2,1,2,0,1,0,0,0,0,0,1,0,0,0,0,1,0,0,14.0
2024,RS,18,178,0,P013302   ,1.0,1.0,CLU,3,"SIMPSON, ZAVIER",31:35,13,4,10,1,3,2,4,3,4,7,10,1,4,0,1,3,2,15,1.0
2024,RS,18,178,0,P005714   ,0.0,0.0,CLU,5,"MEJERIS, MAREKS",15:55,3,1,1,0,0,1,3,1,0,1,3,1,3,0,0,4,2,1,18.0
2024,RS,18,178,0,P002820   ,0.0,1.0,CLU,9,"SALIN, SASU",19:25,18,1,1,5,10,1,1,0,2,2,1,0,1,0,0,3,1,13,15.0
2024,RS,18,178,0,P013304   ,1.0,1.0,CLU,10,"HANKINS, ZACH",21:32,7,2,5,0,0,3,5,4,7,11,0,0,1,0,0,1,3,14,-13.0
2024,RS,18,178,0,P004862   ,1.0,1.0,CLU,11,"SEELEY, DENNIS",32:10,22,1,6,6,9,2,2,3,2,5,0,1,2,0,0,2,2,18,7.0
2024,RS,18,178,0,P002012   ,1.0,1.0,CLU,17,"ORELIK, GEDIMINAS",24:05,2,0,2,0,7,2,2,2,1,3,1,1,0,0,1,3,4,-2,-3.0
2024,RS,18,178,0,P006618   ,0.0,0.0,CLU,23,"STEPHENS, DE'SHAWN",18:28,12,5,5,0,0,2,2,3,2,5,3,1,0,2,0,0,4,27,28.0
2024,RS,18,178,0,P012620   ,0.0,0.0,CLU,25,"MACIUCA, MIHAI",DNP,0,0,0,0,0,0,0,0,0,0,0,0,0,0,0,0,0,0,0.0
2024,RS,18,178,0,P011801   ,0.0,0.0,CLU,35,"RICHARD, PATRICK",DNP,0,0,0,0,0,0,0,0,0,0,0,0,0,0,0,0,0,0,0.0
2024,RS,18,178,0,Team,0.0,0.0,CLU,,Team,,0,0,0,0,0,0,0,2,3,5,0,0,0,0,0,0,0,5,
2024,RS,18,178,0,Total,,,CLU,,Total,200:00,89,18,37,12,31,17,24,19,26,45,20,7,12,3,2,22,23,106,
2024,RS,18,179,1,P013308   ,1.0,1.0,HAM,1,"IVEY, BRAE",28:10,9,3,5,1,8,0,0,3,3,6,9,3,2,0,1,2,4,17,10.0
2024,RS,18,179,1,P011256   ,1.0,0.0,HAM,3,"RICH, OSARO",16:37,8,2,4,1,2,1,2,0,1,1,1,0,0,0,0,3,1,4,-3.0
2024,RS,18,179,1,P013309   ,0.0,1.0,HAM,4,"LOTTIE, JAIZEC",21:24,17,5,8,1,3,4,5,0,2,2,1,0,3,0,0,4,7,14,19.0
2024,RS,18,179,1,P010070   ,0.0,1.0,HAM,6,"MOELLER, LEIF",08:40,5,1,2,1,1,0,0,2,0,2,0,0,0,0,0,1,0,5,5.0
2024,RS,18,179,1,P012690   ,0.0,1.0,HAM,15,"TANGERMANN, MIKA",01:09,0,0,1,0,0,0,0,1,0,1,0,0,0,0,0,0,0,0,-1.0
2024,RS,18,179,1,P005478   ,0.0,0.0,HAM,17,"WIMBERG, NIKLAS",18:07,3,0,0,1,2,0,0,0,3,3,0,1,3,0,0,3,1,1,11.0
2024,RS,18,179,1,P013517   ,0.0,0.0,HAM,20,"GIESSMANN, FABIAN",14:13,7,1,1,0,0,5,6,2,5,7,0,1,2,1,0,1,3,15,3.0
2024,RS,18,179,1,P013312   ,1.0,1.0,HAM,21,"BARNETT, JORDAN",21:53,6,0,1,2,2,0,0,1,3,4,1,0,0,0,0,4,0,6,7.0
2024,RS,18,179,1,P013503   ,0.0,0.0,HAM,22,"STOVE, JOHNATHAN",27:49,13,4,8,1,5,2,2,0,2,2,2,2,3,0,2,3,4,7,13.0
2024,RS,18,179,1,P013313   ,1.0,0.0,HAM,23,"KUATH, KUR",24:38,10,5,7,0,0,0,0,2,8,10,1,1,2,0,1,3,1,15,16.0
2024,RS,18,179,1,P003242   ,1.0,0.0,HAM,25,"OGBE, KENNETH",17:20,2,1,2,0,0,0,0,0,2,2,0,1,3,0,0,5,1,-3,10.0
2024,RS,18,179,1,Team,0.0,0.0,HAM,,Team,,0,0,0,0,0,0,0,1,4,5,0,0,0,0,0,0,0,5,
2024,RS,18,179,1,Total,,,HAM,,Total,200:00,80,22,39,8,23,12,15,12,33,45,15,9,18,1,4,29,22,86,
2024,RS,18,179,0,P012700   ,1.0,0.0,LJU,0,"STEWART, DJ",21:46,8,3,6,0,3,2,4,0,0,0,1,3,1,1,0,3,2,3,-2.0
2024,RS,18,179,0,P012042   ,1.0,0.0,LJU,1,"ROBINSON, DEVIN",23:41,6,2,7,0,0,2,2,0,2,2,1,1,5,0,0,1,3,2,-11.0
2024,RS,18,179,0,P013260   ,0.0,1.0,LJU,2,"JONES, DEVANTE",17:19,0,0,3,0,1,0,0,1,0,1,1,0,1,0,0,1,1,-3,-15.0
2024,RS,18,179,0,P009392   ,0.0,0.0,LJU,3,"RADOVIC, ROK",02:01,0,0,0,0,0,0,0,0,0,0,0,0,0,0,0,0,0,0,-4.0
2024,RS,18,179,0,P003703   ,1.0,0.0,LJU,5,"NIKOLIC, ALEKSEJ",22:41,14,0,3,3,5,5,6,1,0,1,2,2,3,0,0,3,5,12,-3.0
2024,RS,18,179,0,P011261   ,0.0,1.0,LJU,7,"GLAS, GREGOR",19:35,12,0,1,3,5,3,4,0,0,0,1,1,1,0,0,4,2,7,-16.0
2024,RS,18,179,0,P013261   ,1.0,0.0,LJU,9,"LEMAR, BRYNTON",26:39,11,2,5,0,4,7,7,2,5,7,1,1,0,0,0,1,6,18,-8.0
2024,RS,18,179,0,P003452   ,0.0,1.0,LJU,11,"BLAZIC, JAKA",11:26,0,0,1,0,2,0,0,0,4,4,0,0,1,0,0,1,0,-1,-8.0
2024,RS,18,179,0,P012996   ,1.0,1.0,LJU,20,"BERINGER, JOAN",18:33,6,3,5,0,0,0,1,2,4,6,0,0,0,3,0,2,1,11,-6.0
2024,RS,18,179,0,P005113   ,0.0,0.0,LJU,31,"STIPANOVIC, ANDRIJA",13:39,1,0,2,0,0,1,2,1,1,2,0,1,2,0,0,5,2,-4,-6.0
2024,RS,18,179,0,P013518   ,0.0,1.0,LJU,33,"TASIC, DANILO",17:49,4,1,4,0,3,2,4,3,4,7,3,0,0,0,1,1,5,9,-8.0
2024,RS,18,179,0,P013262   ,0.0,0.0,LJU,34,"PREPELIC, BINE",04:51,0,0,0,0,0,0,0,0,1,1,0,0,0,0,0,1,0,0,-3.0
2024,RS,18,179,0,Team,0.0,0.0,LJU,,Team,,0,0,0,0,0,0,0,3,1,4,0,0,1,0,0,0,0,3,
2024,RS,18,179,0,Total,,,LJU,,Total,200:00,62,11,37,6,23,22,30,13,22,35,10,9,15,4,1,23,27,57,
2024,RS,18,180,1,P007527   ,1.0,1.0,PAM,0,"BADIO, BRANCOU",24:31,12,3,4,2,8,0,0,3,2,5,3,0,2,0,1,2,1,9,10.0
2024,RS,18,180,1,P006643   ,0.0,0.0,PAM,2,"PUERTO, JOSEP",17:09,7,1,3,1,3,2,2,0,3,3,1,0,0,0,0,0,1,8,-4.0
2024,RS,18,180,1,P012738   ,1.0,0.0,PAM,3,"REUVERS, NATHAN",20:13,12,6,6,0,2,0,0,0,5,5,0,0,2,3,0,5,1,12,2.0
2024,RS,18,180,1,P010750   ,1.0,0.0,PAM,5,"DE LARREA, SERGIO",14:45,2,1,3,0,1,0,0,2,1,3,3,0,4,0,1,1,4,3,-4.0
2024,RS,18,180,1,P005356   ,1.0,1.0,PAM,6,"LOPEZ-AROSTEGUI, XABI",22:51,15,3,5,1,5,6,9,0,5,5,1,0,2,1,0,3,7,15,6.0
2024,RS,18,180,1,P010568   ,0.0,1.0,PAM,7,"JONES, CHRIS",21:40,17,4,5,2,3,3,3,0,0,0,4,3,2,0,0,2,2,20,-9.0
2024,RS,18,180,1,P011369   ,0.0,0.0,PAM,10,"CAROT, JORGE",15:22,6,3,4,0,0,0,0,1,1,2,1,0,1,0,0,1,1,7,4.0
2024,RS,18,180,1,P004863   ,0.0,1.0,PAM,16,"JOVIC, STEFAN",19:44,10,1,2,2,2,2,2,0,5,5,8,2,2,0,0,2,3,23,6.0
2024,RS,18,180,1,P010754   ,0.0,0.0,PAM,23,"MARI, LUCAS",DNP,0,0,0,0,0,0,0,0,0,0,0,0,0,0,0,0,0,0,0.0
2024,RS,18,180,1,P010444   ,0.0,0.0,PAM,24,"COSTELLO, MATTHEW",02:30,0,0,0,0,0,0,0,0,1,1,0,0,0,0,0,2,0,-1,-5.0
2024,RS,18,180,1,P011982   ,0.0,1.0,PAM,37,"OJELEYE, SEMI",21:13,5,1,2,1,2,0,0,0,2,2,1,0,1,1,0,1,0,5,-2.0
2024,RS,18,180,1,P011980   ,1.0,0.0,PAM,77,"SESTINA, NATHAN",20:02,14,1,1,4,7,0,0,1,2,3,1,0,2,0,0,2,0,11,6.0
2024,RS,18,180,1,Team,0.0,0.0,PAM,,Team,,0,0,0,0,0,0,0,3,4,7,0,0,0,0,0,0,0,7,
2024,RS,18,180,1,Total,,,PAM,,Total,200:00,100,24,35,13,33,13,16,10,31,41,23,5,18,5,2,21,20,119,
2024,RS,18,180,0,P004525   ,1.0,1.0,BOU,3,"SALASH, MAKSIM",30:09,18,5,8,2,3,2,2,1,8,9,2,1,0,0,1,1,3,27,8.0
2024,RS,18,180,0,P013264   ,0.0,0.0,BOU,4,"NELSON, ADRIAN",09:51,2,1,1,0,2,0,0,1,2,3,0,0,1,0,0,1,0,1,-10.0
2024,RS,18,180,0,P010449   ,0.0,0.0,BOU,5,"BENITEZ, HUGO",18:59,10,5,8,0,0,0,1,1,0,1,8,1,1,0,1,0,2,16,-11.0
2024,RS,18,180,0,P010450   ,0.0,0.0,BOU,7,"COURBY, MAXIME",DNP,0,0,0,0,0,0,0,0,0,0,0,0,0,0,0,0,0,0,0.0
2024,RS,18,180,0,P013265   ,1.0,1.0,BOU,8,"USHER, JORDAN",25:48,15,5,8,1,4,2,7,1,2,3,2,1,0,0,0,2,4,12,12.0
2024,RS,18,180,0,P006904   ,1.0,1.0,BOU,11,"AYAYI, JOEL",21:42,15,4,5,2,2,1,1,2,3,5,2,4,3,0,0,2,1,21,5.0
2024,RS,18,180,0,P013266   ,1.0,1.0,BOU,13,"CASTANEDA, XAVIER",25:36,11,3,10,0,5,5,5,1,2,3,5,2,3,0,1,4,5,6,8.0
2024,RS,18,180,0,P011550   ,0.0,0.0,BOU,16,"JACQUES, WILSON",DNP,0,0,0,0,0,0,0,0,0,0,0,0,0,0,0,0,0,0,0.0
2024,RS,18,180,0,P009552   ,0.0,0.0,BOU,27,"PANSA, JEAN-MARC",21:32,12,5,7,0,0,2,2,1,2,3,0,1,0,1,0,2,1,14,-7.0
2024,RS,18,180,0,P007288   ,0.0,1.0,BOU,30,"JEFFERSON, BRANDON",14:45,3,0,1,1,3,0,0,0,1,1,0,0,0,0,0,2,1,0,-9.0
2024,RS,18,180,0,P004945   ,0.0,0.0,BOU,33,"PAUL, BRANDON",14:12,6,0,1,2,6,0,0,0,1,1,1,0,0,0,1,1,0,1,-14.0
2024,RS,18,180,0,P011837   ,1.0,0.0,BOU,34,"KOKILA, KEVIN",17:26,6,3,6,0,0,0,0,2,0,2,1,0,2,1,1,5,4,3,8.0
2024,RS,18,180,0,Team,0.0,0.0,BOU,,Team,,0,0,0,0,0,0,0,4,2,6,0,0,0,0,0,0,0,6,
2024,RS,18,180,0,Total,,,BOU,,Total,200:00,98,31,55,8,25,12,18,14,23,37,21,10,10,2,5,20,21,107,
2024,8F,19,181,1,P007560   ,0.0,0.0,CAN,3,"KLJAJIC, JOVAN",DNP,0,0,0,0,0,0,0,0,0,0,0,0,0,0,0,0,0,0,0.0
2024,8F,19,181,1,P012016   ,0.0,0.0,CAN,4,"CONDITT IV, GEORGE",12:30,2,1,2,0,0,0,0,2,1,3,4,1,2,1,0,3,1,6,9.0
2024,8F,19,181,1,P011251   ,0.0,0.0,CAN,5,"HOMESLEY, CALEB",15:48,5,1,3,1,4,0,0,0,0,0,0,0,0,0,0,2,0,-2,2.0
2024,8F,19,181,1,P003425   ,1.0,1.0,CAN,6,"ALBICY, ANDREW",23:56,4,0,1,0,3,4,4,0,2,2,5,1,5,0,0,2,5,6,-1.0
2024,8F,19,181,1,P008121   ,1.0,1.0,CAN,9,"BRUSSINO, NICOLAS",25:00,12,1,3,2,5,4,4,0,1,1,1,3,1,1,0,2,3,13,8.0
2024,8F,19,181,1,P005005   ,0.0,0.0,CAN,10,"SALVO, MIQUEL",15:00,3,0,0,1,2,0,0,0,3,3,0,1,1,0,0,1,2,6,-4.0
2024,8F,19,181,1,P010452   ,0.0,1.0,CAN,13,"PELOS, PIERRE",22:30,9,0,1,3,3,0,0,2,3,5,2,1,0,0,0,3,0,13,11.0
2024,8F,19,181,1,P006588   ,1.0,0.0,CAN,14,"SHURNA, JOHN",17:29,5,0,2,1,3,2,3,0,3,3,0,1,0,0,0,0,2,6,-7.0
2024,8F,19,181,1,P008966   ,1.0,1.0,CAN,18,"TOBEY, MIKE",27:30,14,5,8,1,3,1,2,1,6,7,1,0,0,0,0,3,1,14,-5.0
2024,8F,19,181,1,P009556   ,0.0,0.0,CAN,21,"NGOUAMA, MEHDY",16:04,18,5,6,2,4,2,2,0,1,1,2,1,0,0,0,0,2,21,5.0
2024,8F,19,181,1,P012095   ,1.0,1.0,CAN,32,"THOMASSON, JOE",24:13,12,4,10,1,3,1,2,1,4,5,1,0,0,0,1,2,1,7,2.0
2024,8F,19,181,1,P012165   ,0.0,0.0,CAN,35,"DIOP, MASSAMBA",DNP,0,0,0,0,0,0,0,0,0,0,0,0,0,0,0,0,0,0,0.0
2024,8F,19,181,1,Team,0.0,0.0,CAN,,Team,,0,0,0,0,0,0,0,4,1,5,0,0,0,0,0,0,0,5,
2024,8F,19,181,1,Total,,,CAN,,Total,200:00,84,17,36,12,30,14,17,10,25,35,16,9,9,2,1,18,17,95,
2024,8F,19,181,0,P003759   ,0.0,0.0,VNC,0,"TESSITORI, AMEDEO",13:42,5,2,3,0,1,1,2,3,1,4,1,0,3,0,0,0,2,6,-1.0
2024,8F,19,181,0,P012800   ,0.0,0.0,VNC,2,"McGRUDER, RODNEY",17:36,2,1,2,0,2,0,0,0,3,3,1,0,1,0,0,1,1,2,-8.0
2024,8F,19,181,0,P006571   ,0.0,0.0,VNC,4,"LEVER, ALESSANDRO",DNP,0,0,0,0,0,0,0,0,0,0,0,0,0,0,0,0,0,0,0.0
2024,8F,19,181,0,P007759   ,0.0,1.0,VNC,5,"MUNFORD, XAVIER",15:29,5,0,0,1,2,2,2,0,1,1,1,1,1,0,0,2,2,6,-11.0
2024,8F,19,181,0,P009400   ,0.0,0.0,VNC,7,"CASARIN, DAVIDE",13:23,5,2,3,0,1,1,1,1,2,3,3,2,3,0,0,3,2,7,2.0
2024,8F,19,181,0,P005404   ,0.0,0.0,VNC,9,"MORETTI, DAVIDE",08:43,3,0,4,1,1,0,0,0,0,0,0,0,1,0,1,2,0,-5,2.0
2024,8F,19,181,0,P008858   ,1.0,1.0,VNC,11,"ENNIS, TYLER",26:40,15,3,5,3,4,0,0,2,2,4,5,1,0,0,0,2,3,23,-2.0
2024,8F,19,181,0,P012796   ,1.0,1.0,VNC,21,"KABENGELE, MFIONDU",26:18,8,3,9,0,2,2,4,3,9,12,2,1,0,1,0,2,5,17,-3.0
2024,8F,19,181,0,P011909   ,1.0,1.0,VNC,22,"PARKS, JORDAN",24:06,15,4,10,2,2,1,1,2,3,5,0,0,4,0,1,1,1,9,4.0
2024,8F,19,181,0,P013305   ,1.0,0.0,VNC,24,"WHEATLE, CARL",14:03,2,1,1,0,1,0,0,0,1,1,3,0,1,0,0,2,0,2,1.0
2024,8F,19,181,0,P011928   ,0.0,0.0,VNC,25,"SIMMS, AAMIR",19:46,15,3,5,3,4,0,1,0,2,2,0,0,0,0,0,2,2,13,-9.0
2024,8F,19,181,0,P008052   ,1.0,1.0,VNC,33,"WILTJER, KYLE",20:14,5,1,2,1,4,0,0,1,1,2,2,0,1,0,0,0,0,4,5.0
2024,8F,19,181,0,Team,0.0,0.0,VNC,,Team,,0,0,0,0,0,0,0,2,3,5,0,0,0,0,0,0,0,5,
2024,8F,19,181,0,Total,,,VNC,,Total,200:00,80,20,44,11,24,7,11,14,28,42,18,5,15,1,2,17,18,89,
2024,8F,19,182,1,P012700   ,1.0,0.0,LJU,0,"STEWART, DJ",20:16,13,5,8,1,2,0,0,1,2,3,0,1,0,0,0,5,2,10,4.0
2024,8F,19,182,1,P012042   ,1.0,1.0,LJU,1,"ROBINSON, DEVIN",32:53,21,9,15,0,2,3,3,3,9,12,3,2,1,0,0,2,3,30,14.0
2024,8F,19,182,1,P013260   ,0.0,1.0,LJU,2,"JONES, DEVANTE",22:10,14,3,9,1,1,5,6,2,4,6,5,2,3,0,0,0,4,21,8.0
2024,8F,19,182,1,P009392   ,0.0,0.0,LJU,3,"RADOVIC, ROK",11:25,0,0,0,0,0,0,0,0,2,2,0,0,1,0,0,4,1,-2,-6.0
2024,8F,19,182,1,P003703   ,1.0,1.0,LJU,5,"NIKOLIC, ALEKSEJ",28:42,12,2,2,2,5,2,3,0,1,1,4,2,2,0,0,3,4,14,13.0
2024,8F,19,182,1,P011261   ,0.0,0.0,LJU,7,"GLAS, GREGOR",DNP,0,0,0,0,0,0,0,0,0,0,0,0,0,0,0,0,0,0,0.0
2024,8F,19,182,1,P013261   ,1.0,1.0,LJU,9,"LEMAR, BRYNTON",26:20,20,2,5,1,2,13,13,0,2,2,1,1,3,0,1,2,8,22,5.0
2024,8F,19,182,1,P003452   ,0.0,0.0,LJU,11,"BLAZIC, JAKA",12:54,4,1,2,0,1,2,2,1,2,3,0,0,0,0,0,2,3,6,9.0
2024,8F,19,182,1,P012996   ,1.0,1.0,LJU,20,"BERINGER, JOAN",29:57,12,4,5,0,0,4,6,2,3,5,0,0,0,1,0,2,5,18,6.0
2024,8F,19,182,1,P005113   ,0.0,0.0,LJU,31,"STIPANOVIC, ANDRIJA",10:03,0,0,1,0,0,0,0,1,0,1,1,0,1,0,0,5,0,-5,4.0
2024,8F,19,182,1,P013518   ,0.0,0.0,LJU,33,"TASIC, DANILO",05:20,0,0,1,0,1,0,2,0,0,0,0,0,0,1,0,0,1,-2,-7.0
2024,8F,19,182,1,P009431   ,0.0,0.0,LJU,41,"DANEU, ZIGA",DNP,0,0,0,0,0,0,0,0,0,0,0,0,0,0,0,0,0,0,0.0
2024,8F,19,182,1,Team,0.0,0.0,LJU,,Team,,0,0,0,0,0,0,0,2,2,4,0,0,3,0,0,0,0,1,
2024,8F,19,182,1,Total,,,LJU,,Total,200:00,96,26,48,5,14,29,35,12,27,39,14,8,14,2,1,25,31,113,
2024,8F,19,182,0,P011924   ,0.0,0.0,BES,0,"ALLMAN, KYLE",27:11,13,3,7,0,1,7,10,1,0,1,14,1,2,1,1,5,10,24,-8.0
2024,8F,19,182,0,P011936   ,1.0,0.0,BES,2,"MATHEWS, JONAH",33:23,18,5,13,2,7,2,3,2,2,4,2,2,3,0,0,3,4,10,-4.0
2024,8F,19,182,0,P006240   ,1.0,1.0,BES,3,"PLAVSIC, UROS",24:23,11,5,8,0,1,1,1,2,6,8,0,0,2,0,0,2,3,14,3.0
2024,8F,19,182,0,P008945   ,1.0,0.0,BES,5,"NEEDHAM, DEREK",14:17,2,1,1,0,2,0,0,0,0,0,2,0,1,0,0,5,0,-4,-5.0
2024,8F,19,182,0,P003783   ,1.0,1.0,BES,6,"UGURLU, BERK",21:40,6,3,4,0,0,0,0,0,3,3,1,2,1,0,0,2,0,8,-4.0
2024,8F,19,182,0,P007914   ,0.0,1.0,BES,7,"ARSLAN, YIGIT",23:23,14,2,2,3,6,1,1,2,1,3,1,0,0,0,0,3,0,12,-6.0
2024,8F,19,182,0,P009680   ,0.0,1.0,BES,9,"MORGAN, CONOR",17:46,3,0,1,1,1,0,0,0,2,2,0,1,2,0,0,4,0,-1,-8.0
2024,8F,19,182,0,P011927   ,1.0,0.0,BES,14,"SLEVA, DUSTIN",22:14,12,4,6,1,3,1,1,1,1,2,2,2,1,0,0,5,3,11,-2.0
2024,8F,19,182,0,P011379   ,0.0,0.0,BES,20,"KONAN, KEREM",DNP,0,0,0,0,0,0,0,0,0,0,0,0,0,0,0,0,0,0,0.0
2024,8F,19,182,0,P012624   ,0.0,1.0,BES,22,"OZBEK, ATA",00:15,0,0,0,0,0,0,0,0,0,0,0,0,0,0,0,0,0,0,-1.0
2024,8F,19,182,0,P010652   ,0.0,0.0,BES,33,"TERRY, EMANUEL",15:28,7,2,3,0,0,3,6,0,3,3,1,0,1,0,1,2,4,7,-15.0
2024,8F,19,182,0,Team,0.0,0.0,BES,,Team,,0,0,0,0,0,0,0,1,3,4,0,0,0,0,0,0,0,4,
2024,8F,19,182,0,Total,,,BES,,Total,200:00,86,25,45,7,21,15,22,9,21,30,23,8,13,1,2,31,24,85,
2024,8F,19,183,1,P007917   ,0.0,1.0,TTK,3,"DURMAZ, BERKAN",10:43,0,0,0,0,1,0,0,0,1,1,1,2,0,0,0,4,1,0,20.0
2024,8F,19,183,1,P004056   ,0.0,0.0,TTK,5,"AKPINAR, ISMET",DNP,0,0,0,0,0,0,0,0,0,0,0,0,0,0,0,0,0,0,0.0
2024,8F,19,183,1,P011973   ,1.0,1.0,TTK,7,"ALEXANDER, KYLE",31:00,17,8,8,0,0,1,3,2,4,6,0,1,0,2,0,2,2,24,3.0
2024,8F,19,183,1,P009025   ,1.0,0.0,TTK,8,"BROWN, ANTHONY",27:16,20,3,6,3,6,5,6,0,3,3,3,0,0,0,0,3,5,21,13.0
2024,8F,19,183,1,P012415   ,0.0,1.0,TTK,9,"TUNCA, MELIH",03:34,2,1,1,0,0,0,0,0,0,0,1,0,1,0,0,1,0,1,1.0
2024,8F,19,183,1,P010465   ,0.0,0.0,TTK,11,"ANGOLA, BRAIAN",20:47,11,1,1,3,5,0,0,0,3,3,4,4,0,1,0,4,0,17,15.0
2024,8F,19,183,1,P004619   ,0.0,0.0,TTK,13,"AGVA, MAHIR",01:44,0,0,0,0,0,0,0,0,0,0,0,0,0,0,0,2,1,-1,0.0
2024,8F,19,183,1,P008259   ,0.0,1.0,TTK,19,"BRUHNKE, KAY PATRICK",05:27,3,0,0,1,1,0,0,0,0,0,0,0,1,0,0,0,0,2,-3.0
2024,8F,19,183,1,P013300   ,0.0,0.0,TTK,20,"BESS, JAVON",22:11,13,1,2,3,5,2,2,0,3,3,1,0,2,0,0,2,2,12,18.0
2024,8F,19,183,1,P006598   ,1.0,0.0,TTK,21,"HANLAN, OLIVIER",27:27,6,2,2,0,3,2,2,0,3,3,7,1,2,0,0,1,0,11,19.0
2024,8F,19,183,1,P010587   ,1.0,1.0,TTK,44,"SMITH, KENNETH",24:03,5,1,2,1,2,0,0,0,4,4,8,0,1,0,1,3,0,10,-3.0
2024,8F,19,183,1,P011935   ,1.0,0.0,TTK,55,"MAKOUNDOU, YOAN",25:48,16,4,7,1,5,5,6,0,5,5,1,0,3,3,0,0,3,17,17.0
2024,8F,19,183,1,Team,0.0,0.0,TTK,,Team,,0,0,0,0,0,0,0,1,1,2,0,0,1,0,0,0,0,1,
2024,8F,19,183,1,Total,,,TTK,,Total,200:00,93,21,29,12,28,15,19,3,27,30,26,8,11,6,1,22,14,115,
2024,8F,19,183,0,P013256   ,0.0,0.0,BUD,0,"MORGAN, JUWAN",15:31,6,1,2,0,3,4,8,1,1,2,2,2,1,0,0,3,6,6,-4.0
2024,8F,19,183,0,P011150   ,1.0,1.0,BUD,1,"SULAIMON, RASHEED",30:59,9,3,5,0,9,3,4,1,4,5,4,2,0,0,0,1,3,10,-19.0
2024,8F,19,183,0,P006561   ,0.0,0.0,BUD,2,"ILIC, ALEKSA",DNP,0,0,0,0,0,0,0,0,0,0,0,0,0,0,0,0,0,0,0.0
2024,8F,19,183,0,P012630   ,0.0,1.0,BUD,3,"MAGEE, FLETCHER",21:11,16,1,2,4,7,2,3,0,0,0,0,0,1,0,1,2,1,8,-3.0
2024,8F,19,183,0,P005637   ,1.0,1.0,BUD,10,"TANASKOVIC, NIKOLA",24:14,6,3,7,0,1,0,0,2,1,3,1,1,1,0,1,0,3,7,-16.0
2024,8F,19,183,0,P010307   ,0.0,1.0,BUD,13,"JOVANOVIC, DORDIJE",13:24,3,0,0,1,2,0,0,2,1,3,0,1,1,0,0,1,0,4,-3.0
2024,8F,19,183,0,P013258   ,1.0,0.0,BUD,23,"DREZNJAK, MATEO",21:13,3,0,5,1,1,0,0,3,0,3,1,0,3,0,1,0,2,0,-13.0
2024,8F,19,183,0,P004222   ,0.0,0.0,BUD,24,"OMIC, ALEN",14:07,7,3,3,0,0,1,2,4,1,5,1,0,1,0,0,2,2,11,2.0
2024,8F,19,183,0,P012606   ,1.0,0.0,BUD,25,"WRIGHT IV, MCKINLEY",33:36,11,4,10,1,3,0,2,1,6,7,6,0,3,1,1,5,4,10,-22.0
2024,8F,19,183,0,P013259   ,0.0,0.0,BUD,27,"AZUBUIKE, UDOKA",DNP,0,0,0,0,0,0,0,0,0,0,0,0,0,0,0,0,0,0,0.0
2024,8F,19,183,0,P008325   ,1.0,1.0,BUD,34,"KAMENJAS, KENAN",25:45,12,6,10,0,0,0,0,3,4,7,2,0,1,0,2,1,1,14,-22.0
2024,8F,19,183,0,Team,0.0,0.0,BUD,,Team,,0,0,0,0,0,0,0,2,4,6,0,0,1,0,0,0,0,5,
2024,8F,19,183,0,Total,,,BUD,,Total,200:00,73,21,44,7,26,10,19,19,22,41,17,6,13,1,6,15,22,75,
2024,8F,19,184,1,P012003   ,1.0,1.0,WOL,1,"COWAN JR, ANTHONY",46:35,23,4,9,3,9,6,6,2,5,7,12,0,7,0,1,4,8,27,6.0
2024,8F,19,184,1,P012789   ,1.0,1.0,WOL,4,"BROOKS, GARRISON",38:50,13,6,8,0,0,1,2,2,8,10,1,0,0,1,0,1,3,24,9.0
2024,8F,19,184,1,P003212   ,0.0,0.0,WOL,8,"KARINIAUSKAS, VAIDAS",03:28,0,0,1,0,0,0,0,0,0,0,0,0,0,0,1,1,0,-3,-7.0
2024,8F,19,184,1,P004645   ,0.0,0.0,WOL,10,"MINIOTAS, REGIMANTAS",12:08,6,3,4,0,0,0,0,0,3,3,0,0,1,0,0,2,0,5,-8.0
2024,8F,19,184,1,P006897   ,0.0,0.0,WOL,11,"MARCINKEVICIUS, JUSTINAS",00:06,0,0,0,0,0,0,0,0,0,0,0,0,0,0,0,0,0,0,0.0
2024,8F,19,184,1,P011248   ,0.0,1.0,WOL,12,"ANDREWS, ANDREW",33:18,15,2,3,2,8,5,6,0,2,2,6,0,0,0,0,4,4,15,-16.0
2024,8F,19,184,1,P005516   ,1.0,0.0,WOL,13,"ZEMAITIS, KRISTUPAS",25:51,10,3,4,1,3,1,1,0,1,1,1,0,1,0,0,3,2,7,8.0
2024,8F,19,184,1,P012577   ,0.0,0.0,WOL,15,"THURMAN, TRE'SHAWN",19:24,8,1,2,2,5,0,0,1,1,2,1,0,1,1,0,1,1,7,-8.0
2024,8F,19,184,1,P006546   ,1.0,1.0,WOL,44,"TAYLOR, JEFFERY",40:41,12,3,5,1,3,3,4,1,5,6,3,1,2,0,0,0,5,20,6.0
2024,8F,19,184,1,P006180   ,1.0,1.0,WOL,98,"KULBOKA, ARNOLDAS",29:39,12,1,2,3,6,1,1,1,6,7,1,1,2,0,0,0,2,17,5.0
2024,8F,19,184,1,Team,0.0,0.0,WOL,,Team,,0,0,0,0,0,0,0,1,3,4,0,0,3,0,0,0,0,1,
2024,8F,19,184,1,Total,,,WOL,,Total,250:00,99,23,38,12,34,17,20,8,34,42,25,2,17,2,2,16,25,120,
2024,8F,19,184,0,P011797   ,1.0,0.0,CLU,0,"GUZMAN, KAREL",38:41,15,5,8,1,5,2,2,3,1,4,0,0,0,1,0,5,1,9,-7.0
2024,8F,19,184,0,P013301   ,0.0,0.0,CLU,2,"SOMACESCU, TUDOR",DNP,0,0,0,0,0,0,0,0,0,0,0,0,0,0,0,0,0,0,0.0
2024,8F,19,184,0,P013302   ,1.0,1.0,CLU,3,"SIMPSON, ZAVIER",38:07,26,5,14,4,9,4,5,2,3,5,14,1,2,0,1,3,3,28,1.0
2024,8F,19,184,0,P005714   ,0.0,0.0,CLU,5,"MEJERIS, MAREKS",14:15,2,1,4,0,1,0,0,3,1,4,0,1,0,0,0,1,0,2,3.0
2024,8F,19,184,0,P002820   ,0.0,1.0,CLU,9,"SALIN, SASU",33:48,8,1,1,1,4,3,3,0,2,2,4,2,0,0,0,2,2,13,9.0
2024,8F,19,184,0,P013304   ,1.0,1.0,CLU,10,"HANKINS, ZACH",18:36,15,6,11,0,0,3,3,2,3,5,1,1,1,0,1,3,2,14,-8.0
2024,8F,19,184,0,P004862   ,1.0,0.0,CLU,11,"SEELEY, DENNIS",17:53,3,0,2,1,2,0,0,0,0,0,1,0,1,0,0,1,0,-1,-7.0
2024,8F,19,184,0,P002012   ,1.0,0.0,CLU,17,"ORELIK, GEDIMINAS",16:24,0,0,1,0,2,0,0,2,3,5,0,1,1,0,0,2,1,1,-9.0
2024,8F,19,184,0,P006618   ,0.0,0.0,CLU,23,"STEPHENS, DE'SHAWN",30:53,17,8,11,0,0,1,3,3,7,10,2,1,2,1,0,4,4,24,7.0
2024,8F,19,184,0,P012620   ,0.0,0.0,CLU,25,"MACIUCA, MIHAI",DNP,0,0,0,0,0,0,0,0,0,0,0,0,0,0,0,0,0,0,0.0
2024,8F,19,184,0,P011801   ,0.0,1.0,CLU,35,"RICHARD, PATRICK",24:54,7,2,2,1,3,0,0,0,6,6,0,1,0,0,0,1,1,12,13.0
2024,8F,19,184,0,P012698   ,0.0,1.0,CLU,95,"MOKOKA, ADAM",16:29,7,2,6,1,3,0,0,0,1,1,1,0,0,0,0,3,2,2,3.0
2024,8F,19,184,0,Team,0.0,0.0,CLU,,Team,,0,0,0,0,0,0,0,1,1,2,0,0,1,0,0,0,0,1,
2024,8F,19,184,0,Total,,,CLU,,Total,250:00,100,30,60,9,29,13,16,16,28,44,23,8,8,2,2,25,16,105,
2024,4F,20,185,1,P011192   ,1.0,0.0,BAH,0,"SMITH, JALEEN",22:32,9,2,4,1,2,2,2,0,3,3,7,0,3,0,1,5,3,10,14.0
2024,4F,20,185,1,P011201   ,0.0,1.0,BAH,2,"HAZER, SEHMUS",13:09,2,0,1,0,0,2,2,0,0,0,0,0,1,0,0,1,2,1,-20.0
2024,4F,20,185,1,P011821   ,1.0,1.0,BAH,5,"MASSINBURG, CJ",23:32,6,0,1,2,3,0,0,1,3,4,1,1,1,0,0,2,4,11,13.0
2024,4F,20,185,1,P012405   ,0.0,0.0,BAH,7,"HALTALI, FURKAN",DNP,0,0,0,0,0,0,0,0,0,0,0,0,0,0,0,0,0,0,0.0
2024,4F,20,185,1,P012711   ,0.0,0.0,BAH,19,"SIMONOVIC, MARKO",22:30,20,4,6,1,1,9,10,3,1,4,1,3,1,0,0,3,6,27,26.0
2024,4F,20,185,1,P004172   ,0.0,1.0,BAH,20,"PONITKA, MATEUSZ",13:53,4,1,1,0,0,2,6,1,5,6,1,0,4,0,0,2,6,7,-7.0
2024,4F,20,185,1,P011823   ,1.0,0.0,BAH,21,"ODIASE, TAI",16:06,5,1,3,0,0,3,4,1,3,4,0,0,2,0,0,3,2,3,-15.0
2024,4F,20,185,1,P005763   ,0.0,0.0,BAH,30,"KORKMAZ, FURKAN",20:53,10,3,5,0,3,4,5,1,1,2,0,1,1,0,0,0,3,9,4.0
2024,4F,20,185,1,P009601   ,1.0,1.0,BAH,34,"CAVANAUGH, TYLER",31:41,14,3,7,1,3,5,5,0,6,6,2,0,0,0,1,4,2,13,15.0
2024,4F,20,185,1,P005275   ,0.0,1.0,BAH,55,"SIPAHI, KENAN",17:28,6,2,4,0,1,2,3,0,1,1,0,0,2,0,0,3,1,-1,-10.0
2024,4F,20,185,1,P008278   ,0.0,0.0,BAH,57,"BAS, GOKTUG",DNP,0,0,0,0,0,0,0,0,0,0,0,0,0,0,0,0,0,0,0.0
2024,4F,20,185,1,P003840   ,1.0,0.0,BAH,83,"BOUTEILLE, AXEL",18:16,9,2,2,1,2,2,2,0,0,0,0,1,1,0,0,1,1,8,0.0
2024,4F,20,185,1,Team,0.0,0.0,BAH,,Team,,0,0,0,0,0,0,0,2,2,4,0,0,0,0,0,0,0,4,
2024,4F,20,185,1,Total,,,BAH,,Total,200:00,85,18,34,6,15,31,39,9,25,34,12,6,16,0,2,24,30,92,
2024,4F,20,185,0,P012700   ,1.0,1.0,LJU,0,"STEWART, DJ",27:59,11,4,8,1,2,0,0,0,3,3,2,3,2,0,0,2,1,11,10.0
2024,4F,20,185,0,P012042   ,1.0,1.0,LJU,1,"ROBINSON, DEVIN",22:30,11,2,5,0,1,7,7,0,5,5,1,0,1,1,0,4,5,14,-1.0
2024,4F,20,185,0,P013260   ,0.0,1.0,LJU,2,"JONES, DEVANTE",21:52,12,4,6,0,0,4,5,0,1,1,0,2,2,0,0,3,3,10,-5.0
2024,4F,20,185,0,P009392   ,0.0,0.0,LJU,3,"RADOVIC, ROK",23:32,5,1,2,1,1,0,0,2,1,3,0,1,1,0,0,3,0,4,-11.0
2024,4F,20,185,0,P003703   ,1.0,1.0,LJU,5,"NIKOLIC, ALEKSEJ",29:42,10,3,4,1,4,1,1,0,1,1,5,1,3,0,0,4,4,10,-8.0
2024,4F,20,185,0,P011261   ,0.0,0.0,LJU,7,"GLAS, GREGOR",11:57,6,0,0,2,4,0,2,1,1,2,0,0,1,0,0,2,2,3,11.0
2024,4F,20,185,0,P013261   ,1.0,0.0,LJU,9,"LEMAR, BRYNTON",17:04,5,1,2,0,5,3,4,1,1,2,1,1,3,0,0,2,2,-1,-8.0
2024,4F,20,185,0,P007641   ,0.0,0.0,LJU,19,"GNJIDIC, LOVRO",DNP,0,0,0,0,0,0,0,0,0,0,0,0,0,0,0,0,0,0,0.0
2024,4F,20,185,0,P012996   ,0.0,1.0,LJU,20,"BERINGER, JOAN",08:59,0,0,0,0,0,0,0,0,1,1,0,1,0,0,0,1,0,1,-5.0
2024,4F,20,185,0,P005113   ,1.0,0.0,LJU,31,"STIPANOVIC, ANDRIJA",20:54,7,3,6,0,0,1,2,2,0,2,5,0,0,0,0,4,4,10,-4.0
2024,4F,20,185,0,P013518   ,0.0,0.0,LJU,33,"TASIC, DANILO",15:31,14,4,4,1,4,3,4,0,4,4,0,0,0,1,0,5,3,13,1.0
2024,4F,20,185,0,P009431   ,0.0,0.0,LJU,41,"DANEU, ZIGA",DNP,0,0,0,0,0,0,0,0,0,0,0,0,0,0,0,0,0,0,0.0
2024,4F,20,185,0,Team,0.0,0.0,LJU,,Team,,0,0,0,0,0,0,0,1,2,3,0,0,0,0,0,0,0,3,
2024,4F,20,185,0,Total,,,LJU,,Total,200:00,81,22,37,6,21,19,25,7,20,27,14,9,13,2,0,30,24,78,
2024,4F,20,186,1,P013276   ,1.0,1.0,JER,0,"SMITH, JUSTIN",29:34,10,5,9,0,0,0,0,1,2,3,4,4,3,3,0,4,0,13,5.0
2024,4F,20,186,1,P011970   ,1.0,1.0,JER,1,"HARPER, JARED",35:37,24,1,4,3,7,13,15,0,1,1,5,1,2,0,0,2,11,29,4.0
2024,4F,20,186,1,P008912   ,0.0,1.0,JER,3,"CARRINGTON, KHADEEN",23:40,20,3,5,3,4,5,6,2,3,5,1,0,3,0,0,2,4,21,-1.0
2024,4F,20,186,1,P013277   ,1.0,0.0,JER,4,"JOHNSON, CHRIS",21:31,8,3,4,0,1,2,2,1,4,5,3,2,0,0,0,5,2,13,-1.0
2024,4F,20,186,1,P013278   ,0.0,0.0,JER,5,"WILEY, AUSTIN",20:26,4,1,2,0,0,2,2,0,1,1,2,0,1,0,0,3,1,3,-12.0
2024,4F,20,186,1,P009879   ,0.0,0.0,JER,8,"DOVRAT, NOAM",DNP,0,0,0,0,0,0,0,0,0,0,0,0,0,0,0,0,0,0,0.0
2024,4F,20,186,1,P010431   ,0.0,0.0,JER,20,"MORGAN, JEREMY",19:21,10,0,1,2,2,4,4,0,2,2,2,0,0,0,0,5,3,11,9.0
2024,4F,20,186,1,P009649   ,1.0,0.0,JER,22,"PHILLIP, TARIK",14:57,0,0,1,0,2,0,0,0,1,1,1,0,1,0,0,3,1,-4,-13.0
2024,4F,20,186,1,P013263   ,0.0,0.0,JER,34,"OGBEIDE, DEREK",DNP,0,0,0,0,0,0,0,0,0,0,0,0,0,0,0,0,0,0,0.0
2024,4F,20,186,1,P006625   ,1.0,1.0,JER,50,"ZOOSMAN, YOVEL",31:47,13,1,4,3,4,2,2,0,2,2,4,1,0,0,0,0,2,18,-4.0
2024,4F,20,186,1,P010681   ,0.0,1.0,JER,51,"KOULECHOV, EGOR",03:07,0,0,0,0,1,0,0,0,1,1,0,0,1,0,0,0,0,-1,-5.0
2024,4F,20,186,1,P013281   ,0.0,0.0,JER,80,"CORNELIUS, OR",DNP,0,0,0,0,0,0,0,0,0,0,0,0,0,0,0,0,0,0,0.0
2024,4F,20,186,1,Team,0.0,0.0,JER,,Team,,0,0,0,0,0,0,0,0,0,0,0,0,0,0,0,0,0,0,
2024,4F,20,186,1,Total,,,JER,,Total,200:00,89,14,30,11,21,28,31,4,17,21,22,8,11,3,0,24,24,103,
2024,4F,20,186,0,P007560   ,0.0,0.0,CAN,3,"KLJAJIC, JOVAN",01:19,0,0,0,0,0,0,0,0,0,0,0,0,0,0,0,1,0,-1,-6.0
2024,4F,20,186,0,P012016   ,0.0,0.0,CAN,4,"CONDITT IV, GEORGE",17:14,6,1,3,0,0,4,4,2,3,5,3,1,3,0,0,4,2,8,-3.0
2024,4F,20,186,0,P011251   ,0.0,1.0,CAN,5,"HOMESLEY, CALEB",17:10,21,6,8,1,7,6,7,0,4,4,3,0,2,0,0,2,8,23,8.0
2024,4F,20,186,0,P003425   ,1.0,1.0,CAN,6,"ALBICY, ANDREW",28:32,8,1,2,2,8,0,0,2,1,3,4,1,4,0,0,0,2,7,0.0
2024,4F,20,186,0,P008121   ,1.0,1.0,CAN,9,"BRUSSINO, NICOLAS",31:01,10,1,2,2,3,2,3,2,1,3,4,0,1,0,1,2,1,11,3.0
2024,4F,20,186,0,P005005   ,0.0,0.0,CAN,10,"SALVO, MIQUEL",11:17,3,1,1,0,0,1,2,0,0,0,0,1,0,0,0,2,1,2,0.0
2024,4F,20,186,0,P010452   ,0.0,0.0,CAN,13,"PELOS, PIERRE",18:13,2,1,3,0,0,0,0,1,2,3,2,0,1,0,0,2,0,2,7.0
2024,4F,20,186,0,P006588   ,1.0,0.0,CAN,14,"SHURNA, JOHN",21:41,5,0,0,1,3,2,2,0,3,3,1,0,0,0,0,3,1,5,-4.0
2024,4F,20,186,0,P008966   ,1.0,1.0,CAN,18,"TOBEY, MIKE",22:46,14,3,4,1,2,5,6,3,5,8,1,0,1,0,1,2,5,21,6.0
2024,4F,20,186,0,P009556   ,0.0,1.0,CAN,21,"NGOUAMA, MEHDY",11:34,8,1,1,2,3,0,0,0,0,0,2,0,2,0,0,3,1,5,3.0
2024,4F,20,186,0,P012095   ,1.0,0.0,CAN,32,"THOMASSON, JOE",19:13,15,2,3,3,4,2,2,0,1,1,3,0,1,0,1,3,3,15,1.0
2024,4F,20,186,0,P012165   ,0.0,0.0,CAN,35,"DIOP, MASSAMBA",DNP,0,0,0,0,0,0,0,0,0,0,0,0,0,0,0,0,0,0,0.0
2024,4F,20,186,0,Team,0.0,0.0,CAN,,Team,,0,0,0,0,0,0,0,1,2,3,0,0,0,0,0,0,0,3,
2024,4F,20,186,0,Total,,,CAN,,Total,200:00,92,17,27,12,30,22,26,11,22,33,23,3,15,0,3,24,24,101,
2024,4F,20,187,1,P007527   ,1.0,0.0,PAM,0,"BADIO, BRANCOU",19:05,6,0,1,2,5,0,0,0,2,2,5,0,4,0,1,3,2,3,4.0
2024,4F,20,187,1,P006643   ,0.0,1.0,PAM,2,"PUERTO, JOSEP",16:55,6,1,1,1,5,1,2,2,2,4,0,1,1,0,0,1,1,5,19.0
2024,4F,20,187,1,P012738   ,0.0,1.0,PAM,3,"REUVERS, NATHAN",19:48,8,2,2,1,4,1,2,1,1,2,0,1,1,1,0,3,2,6,-7.0
2024,4F,20,187,1,P010393   ,1.0,0.0,PAM,4,"PRADILLA, JAIME",18:43,9,1,1,2,2,1,2,1,6,7,1,0,1,0,0,2,1,14,7.0
2024,4F,20,187,1,P005356   ,0.0,1.0,PAM,6,"LOPEZ-AROSTEGUI, XABI",17:35,10,2,4,1,2,3,4,0,2,2,3,1,1,0,1,1,2,11,17.0
2024,4F,20,187,1,P010568   ,1.0,0.0,PAM,7,"JONES, CHRIS",19:44,14,5,9,1,4,1,1,1,0,1,9,3,4,2,1,1,2,18,15.0
2024,4F,20,187,1,P010042   ,0.0,1.0,PAM,8,"MONTERO, JEAN",14:48,12,2,3,2,4,2,3,1,1,2,3,0,3,1,0,1,2,12,5.0
2024,4F,20,187,1,P004863   ,0.0,0.0,PAM,16,"JOVIC, STEFAN",08:51,2,1,1,0,0,0,0,0,2,2,5,2,0,0,0,1,1,11,7.0
2024,4F,20,187,1,P010444   ,1.0,0.0,PAM,24,"COSTELLO, MATTHEW",20:09,10,2,3,2,3,0,0,1,6,7,0,2,0,0,0,3,1,15,31.0
2024,4F,20,187,1,P012075   ,0.0,0.0,PAM,35,"BRIMAH, AMIDA",DNP,0,0,0,0,0,0,0,0,0,0,0,0,0,0,0,0,0,0,0.0
2024,4F,20,187,1,P011982   ,1.0,0.0,PAM,37,"OJELEYE, SEMI",23:05,13,1,2,3,7,2,4,2,2,4,1,2,1,1,1,1,3,14,5.0
2024,4F,20,187,1,P011980   ,0.0,1.0,PAM,77,"SESTINA, NATHAN",21:17,8,1,1,2,6,0,0,1,5,6,3,0,0,0,0,0,1,14,17.0
2024,4F,20,187,1,Team,0.0,0.0,PAM,,Team,,0,0,0,0,0,0,0,2,2,4,0,0,1,0,0,0,0,3,
2024,4F,20,187,1,Total,,,PAM,,Total,200:00,98,18,28,17,42,11,18,12,31,43,30,12,17,5,4,17,18,126,
2024,4F,20,187,0,P011797   ,1.0,1.0,CLU,0,"GUZMAN, KAREL",22:30,11,4,7,1,2,0,2,1,2,3,0,0,0,1,0,1,2,10,-29.0
2024,4F,20,187,0,P013302   ,1.0,0.0,CLU,3,"SIMPSON, ZAVIER",37:42,12,5,13,0,4,2,2,0,2,2,10,1,2,0,2,3,6,12,-16.0
2024,4F,20,187,0,P005714   ,0.0,0.0,CLU,5,"MEJERIS, MAREKS",10:34,0,0,2,0,1,0,0,0,1,1,1,0,0,0,1,0,1,-1,-7.0
2024,4F,20,187,0,P002820   ,1.0,1.0,CLU,9,"SALIN, SASU",21:25,5,1,1,1,4,0,0,2,1,3,5,0,1,0,0,3,0,6,-5.0
2024,4F,20,187,0,P013304   ,1.0,1.0,CLU,10,"HANKINS, ZACH",26:12,12,6,10,0,0,0,0,4,9,13,1,2,3,2,1,2,3,23,-13.0
2024,4F,20,187,0,P004862   ,1.0,1.0,CLU,11,"SEELEY, DENNIS",26:04,9,0,1,3,8,0,0,0,2,2,3,2,3,1,0,2,1,7,-16.0
2024,4F,20,187,0,P002012   ,0.0,0.0,CLU,17,"ORELIK, GEDIMINAS",21:49,11,0,0,3,8,2,2,1,3,4,0,0,2,0,0,2,2,8,-4.0
2024,4F,20,187,0,P012620   ,0.0,0.0,CLU,25,"MACIUCA, MIHAI",DNP,0,0,0,0,0,0,0,0,0,0,0,0,0,0,0,0,0,0,0.0
2024,4F,20,187,0,P011801   ,0.0,0.0,CLU,35,"RICHARD, PATRICK",05:12,2,1,1,0,1,0,0,0,0,0,0,0,3,0,0,1,0,-3,-12.0
2024,4F,20,187,0,P012698   ,0.0,1.0,CLU,95,"MOKOKA, ADAM",28:32,12,1,3,3,5,1,2,1,4,5,1,2,4,0,1,4,2,8,-18.0
2024,4F,20,187,0,Team,0.0,0.0,CLU,,Team,,0,0,0,0,0,0,0,3,1,4,0,0,0,0,0,0,0,4,
2024,4F,20,187,0,Total,,,CLU,,Total,200:00,74,18,38,11,33,5,8,12,25,37,21,7,18,4,5,18,17,74,
2024,4F,20,188,1,P011157   ,1.0,1.0,HTA,0,"MOTLEY, JOHNATHAN",27:56,8,4,6,0,0,0,3,2,3,5,1,0,4,1,0,3,6,9,2.0
2024,4F,20,188,1,P005181   ,0.0,0.0,HTA,1,"RAGLAND, JOE",19:01,8,4,6,0,4,0,0,0,4,4,1,1,0,0,2,2,0,4,7.0
2024,4F,20,188,1,P013402   ,0.0,0.0,HTA,2,"BLAKENEY, ANTONIO",03:39,0,0,2,0,2,0,0,0,0,0,0,0,0,0,1,0,1,-4,-5.0
2024,4F,20,188,1,P013506   ,0.0,0.0,HTA,4,"BINGHAM, MARCUS",05:44,4,2,2,0,1,0,0,1,2,3,0,1,1,0,0,0,0,6,2.0
2024,4F,20,188,1,P013283   ,0.0,1.0,HTA,9,"PALATIN, GUY",04:43,0,0,0,0,1,0,0,0,0,0,0,0,0,0,0,0,0,-1,2.0
2024,4F,20,188,1,P004846   ,0.0,0.0,HTA,10,"TIMOR, BAR",16:59,2,1,4,0,1,0,0,0,2,2,0,0,1,0,2,1,1,-3,1.0
2024,4F,20,188,1,P009877   ,0.0,1.0,HTA,14,"BLAYZER, OZ",17:10,2,0,0,0,2,2,2,1,1,2,2,0,0,0,1,3,2,2,10.0
2024,4F,20,188,1,P010386   ,1.0,1.0,HTA,17,"FOSTER, MARCUS",33:11,21,4,10,4,8,1,2,1,7,8,2,0,3,0,2,2,2,15,12.0
2024,4F,20,188,1,P013284   ,1.0,0.0,HTA,24,"WAINRIGHT, ISHMAIL CARZELL",18:00,5,1,2,1,3,0,0,1,3,4,3,1,0,0,0,5,0,5,1.0
2024,4F,20,188,1,P011052   ,1.0,1.0,HTA,26,"MADAR, YAM",28:37,12,1,8,0,3,10,12,2,2,4,4,1,1,0,1,1,7,13,-2.0
2024,4F,20,188,1,P010550   ,1.0,0.0,HTA,41,"GINAT, TOMER",13:35,0,0,1,0,1,0,0,0,2,2,0,0,0,0,0,3,1,-2,3.0
2024,4F,20,188,1,P012096   ,0.0,0.0,HTA,51,"CABOCLO, BRUNO",11:25,5,2,3,0,0,1,2,1,5,6,0,0,0,0,0,1,1,9,-3.0
2024,4F,20,188,1,Team,0.0,0.0,HTA,,Team,,0,0,0,0,0,0,0,9,0,9,0,0,2,0,0,0,0,7,
2024,4F,20,188,1,Total,,,HTA,,Total,200:00,67,19,44,5,26,14,21,18,31,49,13,4,12,1,9,21,21,60,
2024,4F,20,188,0,P007917   ,0.0,0.0,TTK,3,"DURMAZ, BERKAN",05:22,0,0,0,0,0,0,0,0,0,0,0,1,0,0,0,1,0,0,0.0
2024,4F,20,188,0,P004056   ,0.0,1.0,TTK,5,"AKPINAR, ISMET",03:38,0,0,0,0,1,0,0,0,0,0,0,0,0,0,0,2,0,-3,-11.0
2024,4F,20,188,0,P011973   ,1.0,0.0,TTK,7,"ALEXANDER, KYLE",32:42,10,3,3,0,0,4,5,0,3,3,0,2,1,4,0,3,5,19,-2.0
2024,4F,20,188,0,P009025   ,1.0,1.0,TTK,8,"BROWN, ANTHONY",31:34,5,0,5,1,5,2,4,0,7,7,3,1,2,1,0,2,4,6,-11.0
2024,4F,20,188,0,P012415   ,0.0,0.0,TTK,9,"TUNCA, MELIH",DNP,0,0,0,0,0,0,0,0,0,0,0,0,0,0,0,0,0,0,0.0
2024,4F,20,188,0,P010465   ,1.0,1.0,TTK,11,"ANGOLA, BRAIAN",34:12,15,2,5,2,9,5,5,0,4,4,3,1,2,1,1,2,3,12,-5.0
2024,4F,20,188,0,P004619   ,0.0,0.0,TTK,13,"AGVA, MAHIR",DNP,0,0,0,0,0,0,0,0,0,0,0,0,0,0,0,0,0,0,0.0
2024,4F,20,188,0,P008259   ,0.0,0.0,TTK,19,"BRUHNKE, KAY PATRICK",DNP,0,0,0,0,0,0,0,0,0,0,0,0,0,0,0,0,0,0,0.0
2024,4F,20,188,0,P013300   ,1.0,0.0,TTK,20,"BESS, JAVON",27:01,3,0,1,1,4,0,0,0,7,7,1,0,3,1,0,2,0,3,5.0
2024,4F,20,188,0,P006598   ,0.0,1.0,TTK,21,"HANLAN, OLIVIER",24:22,17,2,5,2,3,7,8,1,5,6,2,0,2,0,0,2,6,22,4.0
2024,4F,20,188,0,P010587   ,1.0,1.0,TTK,44,"SMITH, KENNETH",25:16,7,0,0,2,5,1,2,0,1,1,1,1,1,0,0,2,1,4,-9.0
2024,4F,20,188,0,P011935   ,0.0,0.0,TTK,55,"MAKOUNDOU, YOAN",15:53,4,1,2,0,3,2,2,0,3,3,2,0,1,2,0,5,2,3,-1.0
2024,4F,20,188,0,Team,0.0,0.0,TTK,,Team,,0,0,0,0,0,0,0,2,2,4,0,0,2,0,0,0,0,2,
2024,4F,20,188,0,Total,,,TTK,,Total,200:00,61,8,21,8,30,21,26,3,32,35,12,6,14,9,1,21,21,68,
2024,2F,21,189,1,P011192   ,0.0,0.0,BAH,0,"SMITH, JALEEN",19:19,5,1,4,1,3,0,1,1,0,1,6,1,1,0,0,0,2,8,9.0
2024,2F,21,189,1,P011201   ,0.0,0.0,BAH,2,"HAZER, SEHMUS",19:40,9,2,4,1,3,2,4,1,1,2,3,1,2,0,1,0,4,10,7.0
2024,2F,21,189,1,P011821   ,1.0,1.0,BAH,5,"MASSINBURG, CJ",20:20,3,0,1,1,3,0,0,1,3,4,3,2,1,0,0,2,1,7,1.0
2024,2F,21,189,1,P012405   ,0.0,0.0,BAH,7,"HALTALI, FURKAN",DNP,0,0,0,0,0,0,0,0,0,0,0,0,0,0,0,0,0,0,0.0
2024,2F,21,189,1,P012711   ,0.0,1.0,BAH,19,"SIMONOVIC, MARKO",27:37,20,7,10,0,2,6,6,6,2,8,3,3,2,0,1,1,4,29,19.0
2024,2F,21,189,1,P004172   ,0.0,0.0,BAH,20,"PONITKA, MATEUSZ",06:54,0,0,0,0,0,0,0,0,1,1,0,0,1,0,0,4,0,-4,6.0
2024,2F,21,189,1,P011823   ,1.0,0.0,BAH,21,"ODIASE, TAI",12:23,6,2,5,0,0,2,2,5,1,6,0,0,4,0,1,2,1,3,-11.0
2024,2F,21,189,1,P005763   ,0.0,0.0,BAH,30,"KORKMAZ, FURKAN",17:29,8,1,1,1,3,3,4,0,2,2,0,0,0,0,0,2,2,7,-2.0
2024,2F,21,189,1,P009601   ,1.0,1.0,BAH,34,"CAVANAUGH, TYLER",33:06,8,1,3,2,4,0,0,1,7,8,1,0,0,1,0,3,0,11,2.0
2024,2F,21,189,1,P005275   ,1.0,1.0,BAH,55,"SIPAHI, KENAN",20:41,0,0,2,0,3,0,0,2,1,3,6,0,1,0,0,2,0,1,-1.0
2024,2F,21,189,1,P008278   ,0.0,0.0,BAH,57,"BAS, GOKTUG",DNP,0,0,0,0,0,0,0,0,0,0,0,0,0,0,0,0,0,0,0.0
2024,2F,21,189,1,P003840   ,1.0,1.0,BAH,83,"BOUTEILLE, AXEL",22:31,15,5,9,1,2,2,4,1,2,3,1,1,0,0,0,4,3,12,10.0
2024,2F,21,189,1,Team,0.0,0.0,BAH,,Team,,0,0,0,0,0,0,0,2,2,4,0,0,0,0,0,0,0,4,
2024,2F,21,189,1,Total,,,BAH,,Total,200:00,74,19,39,7,23,15,21,20,22,42,23,8,12,1,3,20,17,88,
2024,2F,21,189,0,P007560   ,0.0,0.0,CAN,3,"KLJAJIC, JOVAN",DNP,0,0,0,0,0,0,0,0,0,0,0,0,0,0,0,0,0,0,0.0
2024,2F,21,189,0,P012016   ,0.0,0.0,CAN,4,"CONDITT IV, GEORGE",14:26,5,2,3,0,0,1,3,3,3,6,2,1,2,1,1,1,3,11,-4.0
2024,2F,21,189,0,P011251   ,0.0,0.0,CAN,5,"HOMESLEY, CALEB",21:36,9,2,4,0,4,5,6,0,2,2,3,1,5,0,0,3,6,6,-5.0
2024,2F,21,189,0,P003425   ,1.0,0.0,CAN,6,"ALBICY, ANDREW",24:44,0,0,1,0,1,0,0,1,1,2,4,1,1,0,0,1,1,4,-10.0
2024,2F,21,189,0,P008121   ,1.0,1.0,CAN,9,"BRUSSINO, NICOLAS",30:56,8,1,2,2,5,0,0,0,2,2,1,1,1,0,0,1,2,8,-7.0
2024,2F,21,189,0,P005005   ,0.0,0.0,CAN,10,"SALVO, MIQUEL",05:02,0,0,0,0,1,0,0,0,0,0,1,0,0,0,0,0,0,0,-5.0
2024,2F,21,189,0,P010452   ,0.0,1.0,CAN,13,"PELOS, PIERRE",17:05,2,1,2,0,0,0,0,0,2,2,0,1,0,0,0,2,0,2,1.0
2024,2F,21,189,0,P006588   ,1.0,0.0,CAN,14,"SHURNA, JOHN",22:55,9,0,0,2,3,3,3,2,0,2,1,0,1,0,0,0,1,11,-9.0
2024,2F,21,189,0,P008966   ,1.0,1.0,CAN,18,"TOBEY, MIKE",25:34,14,5,8,1,1,1,2,2,3,5,1,0,0,2,0,3,3,18,-4.0
2024,2F,21,189,0,P009556   ,0.0,1.0,CAN,21,"NGOUAMA, MEHDY",15:16,7,2,7,1,3,0,0,0,1,1,0,0,1,0,0,3,2,-1,2.0
2024,2F,21,189,0,P012095   ,1.0,1.0,CAN,32,"THOMASSON, JOE",22:26,12,4,5,1,3,1,2,0,2,2,2,1,2,0,0,3,2,10,1.0
2024,2F,21,189,0,P012165   ,0.0,0.0,CAN,35,"DIOP, MASSAMBA",DNP,0,0,0,0,0,0,0,0,0,0,0,0,0,0,0,0,0,0,0.0
2024,2F,21,189,0,Team,0.0,0.0,CAN,,Team,,0,0,0,0,0,0,0,1,2,3,0,0,1,0,0,0,0,2,
2024,2F,21,189,0,Total,,,CAN,,Total,200:00,66,17,32,7,21,11,16,9,18,27,15,6,14,3,1,17,20,71,
2024,2F,21,190,1,P007527   ,0.0,1.0,PAM,0,"BADIO, BRANCOU",16:42,9,2,6,0,0,5,5,2,2,4,0,1,0,0,3,2,3,8,-8.0
2024,2F,21,190,1,P006643   ,1.0,0.0,PAM,2,"PUERTO, JOSEP",13:11,0,0,0,0,3,0,0,0,1,1,0,0,0,0,2,2,1,-5,7.0
2024,2F,21,190,1,P012738   ,0.0,1.0,PAM,3,"REUVERS, NATHAN",14:21,12,5,7,0,4,2,2,0,1,1,0,0,1,0,0,4,2,4,-8.0
2024,2F,21,190,1,P010393   ,0.0,1.0,PAM,4,"PRADILLA, JAIME",17:48,9,4,5,0,0,1,2,3,3,6,1,0,0,1,0,2,1,14,-1.0
2024,2F,21,190,1,P005356   ,0.0,1.0,PAM,6,"LOPEZ-AROSTEGUI, XABI",14:55,6,2,3,0,1,2,2,2,1,3,1,1,0,0,0,1,3,11,6.0
2024,2F,21,190,1,P010568   ,1.0,0.0,PAM,7,"JONES, CHRIS",21:53,13,4,5,1,4,2,4,2,1,3,6,1,0,0,0,2,4,19,8.0
2024,2F,21,190,1,P010042   ,1.0,0.0,PAM,8,"MONTERO, JEAN",27:35,24,6,9,2,5,6,6,1,2,3,3,3,4,0,0,4,7,26,21.0
2024,2F,21,190,1,P004863   ,0.0,1.0,PAM,16,"JOVIC, STEFAN",18:51,5,2,3,0,1,1,2,0,4,4,5,0,2,0,0,3,3,9,-1.0
2024,2F,21,190,1,P010444   ,1.0,0.0,PAM,24,"COSTELLO, MATTHEW",24:17,13,5,7,1,4,0,0,2,6,8,1,0,1,3,0,2,1,18,21.0
2024,2F,21,190,1,P012075   ,0.0,0.0,PAM,35,"BRIMAH, AMIDA",01:22,0,0,1,0,0,0,0,0,0,0,0,0,0,1,0,1,0,-1,-4.0
2024,2F,21,190,1,P011982   ,0.0,0.0,PAM,37,"OJELEYE, SEMI",06:53,0,0,1,0,0,0,0,0,0,0,0,0,0,0,0,0,0,-1,-6.0
2024,2F,21,190,1,P011980   ,1.0,0.0,PAM,77,"SESTINA, NATHAN",22:12,0,0,1,0,2,0,0,1,3,4,1,0,1,1,0,3,2,1,10.0
2024,2F,21,190,1,Team,0.0,0.0,PAM,,Team,,0,0,0,0,0,0,0,3,2,5,0,0,0,0,0,0,0,5,
2024,2F,21,190,1,Total,,,PAM,,Total,200:00,91,30,48,4,24,19,23,16,26,42,18,6,9,6,5,26,27,108,
2024,2F,21,190,0,P011157   ,1.0,1.0,HTA,0,"MOTLEY, JOHNATHAN",26:37,12,3,7,1,1,3,3,0,2,2,2,0,2,0,2,4,8,12,0.0
2024,2F,21,190,0,P013402   ,1.0,0.0,HTA,2,"BLAKENEY, ANTONIO",21:38,10,2,2,2,6,0,0,0,1,1,0,0,3,1,0,1,1,5,4.0
2024,2F,21,190,0,P013506   ,0.0,0.0,HTA,4,"BINGHAM, MARCUS",13:23,5,1,4,0,1,3,4,0,1,1,0,0,0,3,1,2,2,3,-9.0
2024,2F,21,190,0,P013282   ,0.0,0.0,HTA,7,"RUINA, MIRON",DNP,0,0,0,0,0,0,0,0,0,0,0,0,0,0,0,0,0,0,0.0
2024,2F,21,190,0,P013283   ,0.0,1.0,HTA,9,"PALATIN, GUY",06:25,0,0,0,0,1,0,0,0,0,0,0,0,0,0,0,0,1,0,-6.0
2024,2F,21,190,0,P004846   ,0.0,1.0,HTA,10,"TIMOR, BAR",14:13,6,0,0,1,1,3,4,0,1,1,1,2,1,0,0,3,1,6,3.0
2024,2F,21,190,0,P009877   ,0.0,0.0,HTA,14,"BLAYZER, OZ",03:29,0,0,0,0,0,0,0,0,1,1,0,0,0,0,0,1,0,0,-3.0
2024,2F,21,190,0,P010386   ,0.0,0.0,HTA,17,"FOSTER, MARCUS",20:10,20,5,9,3,4,1,4,1,0,1,0,0,2,1,0,5,2,9,-11.0
2024,2F,21,190,0,P013284   ,1.0,1.0,HTA,24,"WAINRIGHT, ISHMAIL CARZELL",28:28,2,1,3,0,2,0,0,0,6,6,2,1,1,0,1,3,3,5,4.0
2024,2F,21,190,0,P011052   ,1.0,0.0,HTA,26,"MADAR, YAM",28:11,20,6,6,2,4,2,2,3,5,8,4,0,5,0,0,5,4,24,-6.0
2024,2F,21,190,0,P011386   ,0.0,1.0,HTA,31,"YAACOV, NOAM",09:50,0,0,2,0,1,0,0,0,0,0,4,0,0,0,1,1,3,2,3.0
2024,2F,21,190,0,P010550   ,1.0,0.0,HTA,41,"GINAT, TOMER",27:36,7,2,3,1,4,0,0,0,3,3,2,0,2,0,1,2,1,4,-24.0
2024,2F,21,190,0,Team,0.0,0.0,HTA,,Team,,0,0,0,0,0,0,0,3,4,7,0,0,0,0,0,0,0,7,
2024,2F,21,190,0,Total,,,HTA,,Total,200:00,82,20,36,10,25,12,17,7,24,31,15,3,16,5,6,27,26,77,
2024,2F,22,191,1,P007560   ,0.0,0.0,CAN,3,"KLJAJIC, JOVAN",06:56,2,1,1,0,0,0,0,0,2,2,0,0,0,0,0,2,0,2,1.0
2024,2F,22,191,1,P012016   ,0.0,0.0,CAN,4,"CONDITT IV, GEORGE",15:42,5,2,2,0,0,1,1,1,3,4,1,1,3,0,0,2,1,7,-5.0
2024,2F,22,191,1,P011251   ,0.0,0.0,CAN,5,"HOMESLEY, CALEB",12:39,6,1,1,0,3,4,4,0,0,0,0,0,0,0,0,3,3,3,-10.0
2024,2F,22,191,1,P003425   ,1.0,1.0,CAN,6,"ALBICY, ANDREW",27:13,7,2,3,1,5,0,0,0,1,1,4,0,1,0,0,1,1,6,5.0
2024,2F,22,191,1,P008121   ,1.0,1.0,CAN,9,"BRUSSINO, NICOLAS",22:46,18,4,6,2,7,4,5,0,4,4,1,0,1,1,1,4,5,15,11.0
2024,2F,22,191,1,P005005   ,0.0,0.0,CAN,10,"SALVO, MIQUEL",16:01,4,0,1,1,1,1,2,0,0,0,3,0,1,0,0,2,1,3,-11.0
2024,2F,22,191,1,P010452   ,0.0,0.0,CAN,13,"PELOS, PIERRE",15:24,8,2,2,1,3,1,2,0,2,2,1,1,2,0,0,4,1,4,-6.0
2024,2F,22,191,1,P006588   ,1.0,1.0,CAN,14,"SHURNA, JOHN",24:36,0,0,1,0,1,0,0,4,2,6,1,2,1,0,0,1,0,5,7.0
2024,2F,22,191,1,P008966   ,1.0,0.0,CAN,18,"TOBEY, MIKE",24:17,11,5,8,0,1,1,1,2,6,8,1,0,0,0,0,0,4,20,6.0
2024,2F,22,191,1,P009556   ,0.0,1.0,CAN,21,"NGOUAMA, MEHDY",14:01,3,1,4,0,3,1,2,1,1,2,1,0,1,0,0,1,2,-1,-3.0
2024,2F,22,191,1,P012095   ,1.0,1.0,CAN,32,"THOMASSON, JOE",20:25,5,2,3,0,2,1,2,0,1,1,2,0,0,0,0,2,4,6,10.0
2024,2F,22,191,1,P012165   ,0.0,0.0,CAN,35,"DIOP, MASSAMBA",DNP,0,0,0,0,0,0,0,0,0,0,0,0,0,0,0,0,0,0,0.0
2024,2F,22,191,1,Team,0.0,0.0,CAN,,Team,,0,0,0,0,0,0,0,0,3,3,0,0,0,0,0,0,0,3,
2024,2F,22,191,1,Total,,,CAN,,Total,200:00,69,20,32,5,26,14,19,8,25,33,15,4,10,1,1,22,22,73,
2024,2F,22,191,0,P011192   ,0.0,1.0,BAH,0,"SMITH, JALEEN",18:28,4,1,2,0,2,2,2,1,3,4,5,0,1,0,0,3,1,7,0.0
2024,2F,22,191,0,P011201   ,0.0,1.0,BAH,2,"HAZER, SEHMUS",20:36,6,1,2,0,0,4,4,1,0,1,0,1,0,0,0,0,2,9,3.0
2024,2F,22,191,0,P011821   ,1.0,1.0,BAH,5,"MASSINBURG, CJ",19:50,5,0,1,1,3,2,2,0,1,1,1,0,1,0,0,3,2,2,-4.0
2024,2F,22,191,0,P012405   ,0.0,0.0,BAH,7,"HALTALI, FURKAN",DNP,0,0,0,0,0,0,0,0,0,0,0,0,0,0,0,0,0,0,0.0
2024,2F,22,191,0,P012711   ,0.0,0.0,BAH,19,"SIMONOVIC, MARKO",16:33,10,4,5,0,0,2,2,2,2,4,1,0,4,0,0,3,2,9,-1.0
2024,2F,22,191,0,P004172   ,0.0,1.0,BAH,20,"PONITKA, MATEUSZ",27:10,10,1,2,2,3,2,2,0,5,5,0,2,3,0,0,2,4,14,3.0
2024,2F,22,191,0,P011823   ,1.0,0.0,BAH,21,"ODIASE, TAI",23:26,2,1,2,0,0,0,0,1,1,2,0,0,1,1,0,2,2,3,0.0
2024,2F,22,191,0,P005763   ,0.0,1.0,BAH,30,"KORKMAZ, FURKAN",23:37,12,1,4,3,8,1,1,0,4,4,1,0,1,0,0,3,2,7,8.0
2024,2F,22,191,0,P009601   ,1.0,0.0,BAH,34,"CAVANAUGH, TYLER",17:36,7,3,4,0,2,1,1,0,0,0,1,0,1,0,0,2,1,3,-4.0
2024,2F,22,191,0,P005275   ,1.0,0.0,BAH,55,"SIPAHI, KENAN",16:21,7,0,4,1,3,4,6,0,4,4,1,1,0,0,0,3,5,7,-1.0
2024,2F,22,191,0,P008278   ,0.0,0.0,BAH,57,"BAS, GOKTUG",DNP,0,0,0,0,0,0,0,0,0,0,0,0,0,0,0,0,0,0,0.0
2024,2F,22,191,0,P003840   ,1.0,0.0,BAH,83,"BOUTEILLE, AXEL",16:23,5,1,4,1,3,0,0,0,2,2,2,0,0,0,1,1,0,2,-9.0
2024,2F,22,191,0,Team,0.0,0.0,BAH,,Team,,0,0,0,0,0,0,0,2,3,5,0,0,0,0,0,0,0,5,
2024,2F,22,191,0,Total,,,BAH,,Total,200:00,68,13,30,8,24,18,20,7,25,32,12,4,12,1,1,22,21,68,
2024,2F,22,192,1,P011157   ,1.0,1.0,HTA,0,"MOTLEY, JOHNATHAN",34:18,26,9,12,1,1,5,7,3,5,8,3,0,3,1,1,4,7,32,17.0
2024,2F,22,192,1,P013402   ,1.0,1.0,HTA,2,"BLAKENEY, ANTONIO",23:14,22,2,4,3,7,9,10,0,2,2,2,0,1,0,0,4,6,20,17.0
2024,2F,22,192,1,P013506   ,0.0,0.0,HTA,4,"BINGHAM, MARCUS",05:42,0,0,0,0,1,0,0,0,0,0,1,0,0,1,0,1,0,0,-12.0
2024,2F,22,192,1,P013283   ,0.0,0.0,HTA,9,"PALATIN, GUY",02:19,0,0,0,0,0,0,0,0,0,0,0,0,0,0,0,0,0,0,-5.0
2024,2F,22,192,1,P004846   ,0.0,1.0,HTA,10,"TIMOR, BAR",22:37,6,1,2,1,3,1,2,0,0,0,4,0,1,0,0,3,3,5,-12.0
2024,2F,22,192,1,P009877   ,0.0,0.0,HTA,14,"BLAYZER, OZ",DNP,0,0,0,0,0,0,0,0,0,0,0,0,0,0,0,0,0,0,0.0
2024,2F,22,192,1,P010386   ,0.0,0.0,HTA,17,"FOSTER, MARCUS",20:09,7,2,3,0,4,3,4,1,2,3,3,0,1,0,0,1,2,7,-5.0
2024,2F,22,192,1,P013284   ,1.0,0.0,HTA,24,"WAINRIGHT, ISHMAIL CARZELL",21:36,2,1,1,0,1,0,0,0,1,1,1,0,0,0,0,2,0,1,7.0
2024,2F,22,192,1,P011052   ,1.0,1.0,HTA,26,"MADAR, YAM",32:49,21,3,7,4,5,3,3,0,2,2,9,4,3,0,0,4,4,28,17.0
2024,2F,22,192,1,P011386   ,0.0,0.0,HTA,31,"YAACOV, NOAM",DNP,0,0,0,0,0,0,0,0,0,0,0,0,0,0,0,0,0,0,0.0
2024,2F,22,192,1,P010550   ,1.0,1.0,HTA,41,"GINAT, TOMER",32:38,12,2,2,2,4,2,2,0,8,8,0,1,2,0,0,1,2,18,-1.0
2024,2F,22,192,1,P012096   ,0.0,0.0,HTA,51,"CABOCLO, BRUNO",04:38,0,0,0,0,1,0,0,0,0,0,0,0,0,0,0,1,0,-2,2.0
2024,2F,22,192,1,Team,0.0,0.0,HTA,,Team,,0,0,0,0,0,0,0,1,2,3,0,0,1,0,0,0,0,2,
2024,2F,22,192,1,Total,,,HTA,,Total,200:00,96,20,31,11,27,23,28,5,22,27,23,5,12,2,1,21,24,111,
2024,2F,22,192,0,P007527   ,1.0,1.0,PAM,0,"BADIO, BRANCOU",11:30,2,1,1,0,1,0,0,1,0,1,1,1,1,0,0,3,0,0,1.0
2024,2F,22,192,0,P006643   ,1.0,0.0,PAM,2,"PUERTO, JOSEP",22:33,5,2,2,0,2,1,1,0,2,2,0,2,0,0,0,2,1,6,3.0
2024,2F,22,192,0,P012738   ,0.0,0.0,PAM,3,"REUVERS, NATHAN",16:55,13,4,5,1,1,2,4,1,3,4,0,0,1,1,1,3,3,13,-1.0
2024,2F,22,192,0,P010393   ,1.0,1.0,PAM,4,"PRADILLA, JAIME",21:02,9,3,3,1,1,0,0,0,5,5,1,0,2,0,0,3,1,11,3.0
2024,2F,22,192,0,P005356   ,0.0,0.0,PAM,6,"LOPEZ-AROSTEGUI, XABI",14:20,6,1,2,1,1,1,1,2,0,2,0,0,0,0,0,1,3,9,-9.0
2024,2F,22,192,0,P010568   ,0.0,1.0,PAM,7,"JONES, CHRIS",21:18,8,3,8,0,6,2,3,0,3,3,4,0,2,0,0,1,4,4,1.0
2024,2F,22,192,0,P010042   ,1.0,1.0,PAM,8,"MONTERO, JEAN",29:38,10,3,9,0,4,4,4,3,1,4,9,1,3,0,1,2,4,12,-12.0
2024,2F,22,192,0,P004863   ,0.0,0.0,PAM,16,"JOVIC, STEFAN",18:01,11,2,2,2,3,1,1,0,2,2,5,1,3,0,0,3,3,15,9.0
2024,2F,22,192,0,P010444   ,1.0,1.0,PAM,24,"COSTELLO, MATTHEW",23:02,21,5,6,3,5,2,2,1,3,4,2,1,0,0,0,3,2,24,-4.0
2024,2F,22,192,0,P012075   ,0.0,0.0,PAM,35,"BRIMAH, AMIDA",DNP,0,0,0,0,0,0,0,0,0,0,0,0,0,0,0,0,0,0,0.0
2024,2F,22,192,0,P011982   ,0.0,0.0,PAM,37,"OJELEYE, SEMI",02:43,0,0,0,0,0,0,0,0,0,0,0,0,1,0,0,0,0,-1,-8.0
2024,2F,22,192,0,P011980   ,0.0,0.0,PAM,77,"SESTINA, NATHAN",18:58,6,0,0,2,5,0,0,1,3,4,0,0,1,0,0,3,0,3,-8.0
2024,2F,22,192,0,Team,0.0,0.0,PAM,,Team,,0,0,0,0,0,0,0,2,2,4,0,0,0,0,0,0,0,4,
2024,2F,22,192,0,Total,,,PAM,,Total,200:00,91,24,38,10,29,13,16,11,24,35,22,6,14,1,2,24,21,100,
2024,2F,23,193,1,P011192   ,1.0,1.0,BAH,0,"SMITH, JALEEN",28:40,22,5,10,3,7,3,3,0,3,3,4,2,1,0,0,4,1,18,2.0
2024,2F,23,193,1,P011201   ,1.0,1.0,BAH,2,"HAZER, SEHMUS",27:52,13,2,4,1,4,6,8,1,2,3,6,2,1,0,0,4,5,17,-1.0
2024,2F,23,193,1,P011821   ,0.0,0.0,BAH,5,"MASSINBURG, CJ",12:10,2,1,1,0,0,0,0,0,3,3,1,0,1,0,0,1,0,4,-3.0
2024,2F,23,193,1,P012405   ,0.0,0.0,BAH,7,"HALTALI, FURKAN",DNP,0,0,0,0,0,0,0,0,0,0,0,0,0,0,0,0,0,0,0.0
2024,2F,23,193,1,P012711   ,0.0,0.0,BAH,19,"SIMONOVIC, MARKO",12:18,1,0,1,0,1,1,2,0,3,3,1,1,0,0,0,1,1,3,-1.0
2024,2F,23,193,1,P004172   ,0.0,0.0,BAH,20,"PONITKA, MATEUSZ",21:29,4,1,4,0,1,2,4,3,1,4,1,1,2,1,0,1,5,7,-5.0
2024,2F,23,193,1,P011823   ,1.0,1.0,BAH,21,"ODIASE, TAI",27:42,11,3,4,0,0,5,7,1,3,4,4,0,0,0,0,0,5,21,-3.0
2024,2F,23,193,1,P005763   ,0.0,0.0,BAH,30,"KORKMAZ, FURKAN",12:08,3,0,0,1,3,0,0,0,0,0,0,0,5,0,0,1,0,-5,-14.0
2024,2F,23,193,1,P009601   ,1.0,1.0,BAH,34,"CAVANAUGH, TYLER",25:50,6,2,3,0,1,2,2,0,3,3,2,0,2,0,0,2,2,7,5.0
2024,2F,23,193,1,P005275   ,0.0,0.0,BAH,55,"SIPAHI, KENAN",11:20,5,1,2,1,1,0,0,0,1,1,2,0,0,0,0,2,4,9,-6.0
2024,2F,23,193,1,P008278   ,0.0,0.0,BAH,57,"BAS, GOKTUG",DNP,0,0,0,0,0,0,0,0,0,0,0,0,0,0,0,0,0,0,0.0
2024,2F,23,193,1,P003840   ,1.0,1.0,BAH,83,"BOUTEILLE, AXEL",20:31,5,1,2,1,2,0,0,0,1,1,0,0,0,0,0,4,0,0,6.0
2024,2F,23,193,1,Team,0.0,0.0,BAH,,Team,,0,0,0,0,0,0,0,3,2,5,0,0,0,0,0,0,0,5,
2024,2F,23,193,1,Total,,,BAH,,Total,200:00,72,16,31,7,20,19,26,8,22,30,21,6,12,1,0,20,23,86,
2024,2F,23,193,0,P007560   ,0.0,0.0,CAN,3,"KLJAJIC, JOVAN",DNP,0,0,0,0,0,0,0,0,0,0,0,0,0,0,0,0,0,0,0.0
2024,2F,23,193,0,P012016   ,0.0,0.0,CAN,4,"CONDITT IV, GEORGE",12:42,6,3,5,0,0,0,0,1,2,3,2,0,1,0,1,1,1,7,6.0
2024,2F,23,193,0,P011251   ,0.0,1.0,CAN,5,"HOMESLEY, CALEB",22:02,19,3,6,3,9,4,5,1,1,2,4,1,3,0,0,4,6,15,-1.0
2024,2F,23,193,0,P003425   ,1.0,1.0,CAN,6,"ALBICY, ANDREW",28:49,7,0,1,2,6,1,2,0,2,2,4,1,2,0,0,1,2,7,2.0
2024,2F,23,193,0,P008121   ,1.0,1.0,CAN,9,"BRUSSINO, NICOLAS",32:01,10,1,2,2,6,2,2,0,4,4,3,0,1,0,0,2,5,14,-2.0
2024,2F,23,193,0,P005005   ,0.0,0.0,CAN,10,"SALVO, MIQUEL",08:52,3,0,0,1,1,0,0,0,0,0,1,0,0,0,0,1,0,3,3.0
2024,2F,23,193,0,P010452   ,0.0,1.0,CAN,13,"PELOS, PIERRE",21:10,8,1,1,2,3,0,0,1,1,2,1,1,0,0,0,2,1,10,11.0
2024,2F,23,193,0,P006588   ,1.0,0.0,CAN,14,"SHURNA, JOHN",18:50,5,1,2,1,2,0,0,0,1,1,1,1,0,0,0,2,0,4,-7.0
2024,2F,23,193,0,P008966   ,1.0,1.0,CAN,18,"TOBEY, MIKE",27:18,11,5,6,0,0,1,1,0,3,3,2,2,2,0,0,3,4,16,-2.0
2024,2F,23,193,0,P009556   ,0.0,0.0,CAN,21,"NGOUAMA, MEHDY",11:16,0,0,2,0,0,0,0,0,2,2,0,0,1,0,0,2,0,-3,2.0
2024,2F,23,193,0,P012095   ,1.0,0.0,CAN,32,"THOMASSON, JOE",17:00,7,2,3,1,2,0,0,1,0,1,2,0,2,0,0,5,1,2,8.0
2024,2F,23,193,0,P012165   ,0.0,0.0,CAN,35,"DIOP, MASSAMBA",DNP,0,0,0,0,0,0,0,0,0,0,0,0,0,0,0,0,0,0,0.0
2024,2F,23,193,0,Team,0.0,0.0,CAN,,Team,,0,0,0,0,0,0,0,2,5,7,0,0,1,0,0,0,0,6,
2024,2F,23,193,0,Total,,,CAN,,Total,200:00,76,16,28,12,29,8,10,6,21,27,20,6,13,0,1,23,20,81,
2024,2F,23,194,1,P007527   ,1.0,1.0,PAM,0,"BADIO, BRANCOU",26:55,20,7,7,2,5,0,0,1,3,4,4,0,1,0,0,1,0,23,-1.0
2024,2F,23,194,1,P006643   ,0.0,0.0,PAM,2,"PUERTO, JOSEP",13:54,5,2,3,0,2,1,1,1,2,3,0,0,0,0,0,2,2,5,2.0
2024,2F,23,194,1,P012738   ,0.0,0.0,PAM,3,"REUVERS, NATHAN",11:46,10,4,6,0,1,2,4,0,0,0,0,0,0,1,1,4,3,4,1.0
2024,2F,23,194,1,P010393   ,1.0,0.0,PAM,4,"PRADILLA, JAIME",28:15,8,4,6,0,0,0,0,1,5,6,2,0,2,0,1,1,2,12,-9.0
2024,2F,23,194,1,P010750   ,0.0,0.0,PAM,5,"DE LARREA, SERGIO",05:40,5,0,1,1,1,2,2,1,0,1,0,0,1,0,0,1,1,4,4.0
2024,2F,23,194,1,P005356   ,0.0,0.0,PAM,6,"LOPEZ-AROSTEGUI, XABI",15:13,2,0,1,0,1,2,2,1,4,5,0,1,0,0,0,1,1,6,-7.0
2024,2F,23,194,1,P010042   ,1.0,1.0,PAM,8,"MONTERO, JEAN",21:36,17,2,5,2,3,7,8,0,2,2,7,0,2,0,0,4,7,22,14.0
2024,2F,23,194,1,P004863   ,0.0,1.0,PAM,16,"JOVIC, STEFAN",18:15,7,2,2,0,5,3,4,0,0,0,2,1,0,0,0,2,2,4,-13.0
2024,2F,23,194,1,P010444   ,1.0,1.0,PAM,24,"COSTELLO, MATTHEW",28:14,8,1,4,2,5,0,0,1,2,3,1,3,1,1,0,2,2,9,-3.0
2024,2F,23,194,1,P012075   ,0.0,0.0,PAM,35,"BRIMAH, AMIDA",DNP,0,0,0,0,0,0,0,0,0,0,0,0,0,0,0,0,0,0,0.0
2024,2F,23,194,1,P011982   ,1.0,0.0,PAM,37,"OJELEYE, SEMI",18:27,7,0,3,2,5,1,1,0,5,5,1,0,0,0,0,1,0,6,-5.0
2024,2F,23,194,1,P011980   ,0.0,1.0,PAM,77,"SESTINA, NATHAN",11:45,3,0,0,1,2,0,0,0,3,3,0,0,0,1,0,2,0,4,7.0
2024,2F,23,194,1,Team,0.0,0.0,PAM,,Team,,0,0,0,0,0,0,0,2,1,3,0,0,0,0,0,0,0,3,
2024,2F,23,194,1,Total,,,PAM,,Total,200:00,92,22,38,10,30,18,22,8,27,35,17,5,7,3,2,21,20,102,
2024,2F,23,194,0,P011157   ,1.0,1.0,HTA,0,"MOTLEY, JOHNATHAN",19:09,8,4,8,0,0,0,1,1,4,5,3,0,0,1,0,4,4,12,2.0
2024,2F,23,194,0,P013402   ,1.0,1.0,HTA,2,"BLAKENEY, ANTONIO",35:43,32,6,7,6,13,2,2,2,7,9,0,1,3,0,1,2,2,30,2.0
2024,2F,23,194,0,P013506   ,0.0,0.0,HTA,4,"BINGHAM, MARCUS",03:22,0,0,1,0,0,0,0,0,0,0,0,0,0,0,0,0,0,-1,-8.0
2024,2F,23,194,0,P013283   ,0.0,0.0,HTA,9,"PALATIN, GUY",DNP,0,0,0,0,0,0,0,0,0,0,0,0,0,0,0,0,0,0,0.0
2024,2F,23,194,0,P004846   ,0.0,0.0,HTA,10,"TIMOR, BAR",05:03,0,0,0,0,1,0,0,0,0,0,0,0,0,0,0,0,1,0,-14.0
2024,2F,23,194,0,P009877   ,0.0,0.0,HTA,14,"BLAYZER, OZ",DNP,0,0,0,0,0,0,0,0,0,0,0,0,0,0,0,0,0,0,0.0
2024,2F,23,194,0,P010386   ,0.0,0.0,HTA,17,"FOSTER, MARCUS",31:01,22,7,9,2,7,2,3,1,1,2,2,0,4,0,1,1,3,15,10.0
2024,2F,23,194,0,P013284   ,1.0,1.0,HTA,24,"WAINRIGHT, ISHMAIL CARZELL",11:45,6,3,3,0,1,0,0,1,0,1,1,1,0,0,0,2,0,6,-1.0
2024,2F,23,194,0,P011052   ,1.0,0.0,HTA,26,"MADAR, YAM",29:07,8,1,2,2,5,0,0,0,3,3,3,1,1,0,0,1,1,10,4.0
2024,2F,23,194,0,P011386   ,0.0,0.0,HTA,31,"YAACOV, NOAM",08:13,3,1,1,0,0,1,2,0,2,2,2,1,0,0,0,4,2,5,9.0
2024,2F,23,194,0,P010550   ,1.0,1.0,HTA,41,"GINAT, TOMER",35:01,11,4,5,0,2,3,4,2,5,7,2,2,0,0,1,3,3,17,5.0
2024,2F,23,194,0,P012096   ,0.0,1.0,HTA,51,"CABOCLO, BRUNO",21:36,4,0,0,1,4,1,2,0,3,3,0,0,1,1,0,4,4,3,1.0
2024,2F,23,194,0,Team,0.0,0.0,HTA,,Team,,0,0,0,0,0,0,0,1,3,4,0,0,1,0,0,0,0,3,
2024,2F,23,194,0,Total,,,HTA,,Total,200:00,94,26,36,11,33,9,14,8,28,36,13,6,10,2,3,21,20,100,
2024,Final,24,195,1,P011157   ,1.0,1.0,HTA,0,"MOTLEY, JOHNATHAN",34:58,18,7,14,0,0,4,5,0,4,4,3,1,2,1,1,1,4,19,14.0
2024,Final,24,195,1,P013402   ,1.0,1.0,HTA,2,"BLAKENEY, ANTONIO",32:18,17,5,5,2,9,1,2,0,5,5,1,2,2,0,0,3,4,16,17.0
2024,Final,24,195,1,P013506   ,0.0,0.0,HTA,4,"BINGHAM, MARCUS",00:23,0,0,0,0,0,0,0,0,0,0,0,1,0,0,0,0,0,1,0.0
2024,Final,24,195,1,P013283   ,0.0,0.0,HTA,9,"PALATIN, GUY",00:23,0,0,0,0,0,0,0,0,0,0,0,0,0,0,0,0,0,0,0.0
2024,Final,24,195,1,P004846   ,0.0,0.0,HTA,10,"TIMOR, BAR",10:18,0,0,0,0,1,0,0,0,2,2,1,0,1,0,0,2,0,-1,-6.0
2024,Final,24,195,1,P009877   ,0.0,0.0,HTA,14,"BLAYZER, OZ",00:39,0,0,1,0,0,0,0,0,0,0,0,0,0,0,0,1,0,-2,0.0
2024,Final,24,195,1,P010386   ,0.0,1.0,HTA,17,"FOSTER, MARCUS",21:14,10,2,6,2,6,0,0,2,1,3,1,0,2,0,1,3,4,4,-7.0
2024,Final,24,195,1,P013284   ,1.0,0.0,HTA,24,"WAINRIGHT, ISHMAIL CARZELL",26:23,7,0,0,1,3,4,4,0,4,4,4,1,1,0,0,4,4,13,7.0
2024,Final,24,195,1,P011052   ,1.0,1.0,HTA,26,"MADAR, YAM",30:46,10,1,4,2,4,2,2,1,1,2,5,0,0,0,0,3,3,12,18.0
2024,Final,24,195,1,P011386   ,0.0,0.0,HTA,31,"YAACOV, NOAM",DNP,0,0,0,0,0,0,0,0,0,0,0,0,0,0,0,0,0,0,0.0
2024,Final,24,195,1,P010550   ,1.0,0.0,HTA,41,"GINAT, TOMER",20:58,4,2,4,0,0,0,0,3,5,8,2,1,0,0,0,2,0,11,3.0
2024,Final,24,195,1,P012096   ,0.0,1.0,HTA,51,"CABOCLO, BRUNO",21:40,8,1,1,2,2,0,0,1,5,6,0,1,1,1,0,3,0,12,-1.0
2024,Final,24,195,1,Team,0.0,0.0,HTA,,Team,,0,0,0,0,0,0,0,0,1,1,0,0,0,0,0,0,0,1,
2024,Final,24,195,1,Total,,,HTA,,Total,200:00,74,18,35,9,25,11,13,7,28,35,17,7,9,2,2,22,19,86,
2024,Final,24,195,0,P007560   ,0.0,0.0,CAN,3,"KLJAJIC, JOVAN",DNP,0,0,0,0,0,0,0,0,0,0,0,0,0,0,0,0,0,0,0.0
2024,Final,24,195,0,P012016   ,0.0,1.0,CAN,4,"CONDITT IV, GEORGE",24:46,12,6,10,0,0,0,0,3,5,8,0,0,0,1,0,3,2,16,-1.0
2024,Final,24,195,0,P011251   ,0.0,0.0,CAN,5,"HOMESLEY, CALEB",23:51,11,3,5,0,2,5,6,0,1,1,6,0,1,0,0,2,7,17,4.0
2024,Final,24,195,0,P003425   ,1.0,0.0,CAN,6,"ALBICY, ANDREW",27:09,10,3,3,1,6,1,1,0,0,0,2,1,3,0,0,1,2,6,-16.0
2024,Final,24,195,0,P008121   ,1.0,0.0,CAN,9,"BRUSSINO, NICOLAS",25:35,6,0,1,2,3,0,0,0,2,2,0,0,0,0,0,2,2,6,-9.0
2024,Final,24,195,0,P005005   ,0.0,1.0,CAN,10,"SALVO, MIQUEL",09:50,2,1,2,0,1,0,2,0,3,3,0,0,1,1,0,1,2,2,4.0
2024,Final,24,195,0,P010452   ,0.0,0.0,CAN,13,"PELOS, PIERRE",16:55,4,1,2,0,0,2,2,0,4,4,0,1,0,0,0,3,1,6,1.0
2024,Final,24,195,0,P006588   ,1.0,1.0,CAN,14,"SHURNA, JOHN",23:05,10,3,4,0,3,4,4,3,3,6,2,0,1,0,0,0,3,16,-10.0
2024,Final,24,195,0,P008966   ,1.0,0.0,CAN,18,"TOBEY, MIKE",15:14,2,1,4,0,0,0,0,1,4,5,0,0,1,0,2,4,0,-3,-8.0
2024,Final,24,195,0,P009556   ,0.0,1.0,CAN,21,"NGOUAMA, MEHDY",12:51,1,0,2,0,3,1,2,0,2,2,1,1,1,0,0,2,2,-2,7.0
2024,Final,24,195,0,P012095   ,1.0,1.0,CAN,32,"THOMASSON, JOE",20:44,7,2,5,1,3,0,0,1,1,2,2,0,3,0,0,1,0,2,-17.0
2024,Final,24,195,0,P012165   ,0.0,0.0,CAN,35,"DIOP, MASSAMBA",DNP,0,0,0,0,0,0,0,0,0,0,0,0,0,0,0,0,0,0,0.0
2024,Final,24,195,0,Team,0.0,0.0,CAN,,Team,,0,0,0,0,0,0,0,1,2,3,0,0,0,0,0,0,0,3,
2024,Final,24,195,0,Total,,,CAN,,Total,200:00,65,20,38,4,21,13,17,9,27,36,13,3,11,2,2,19,21,69,
2024,Final,25,196,1,P007560   ,0.0,1.0,CAN,3,"KLJAJIC, JOVAN",04:21,0,0,0,0,1,0,0,1,0,1,0,0,0,0,0,0,0,0,10.0
2024,Final,25,196,1,P012016   ,0.0,0.0,CAN,4,"CONDITT IV, GEORGE",16:12,18,6,7,0,0,6,6,4,0,4,0,0,1,0,0,3,4,21,-23.0
2024,Final,25,196,1,P011251   ,0.0,0.0,CAN,5,"HOMESLEY, CALEB",13:28,4,1,3,0,4,2,3,1,1,2,3,0,1,1,1,3,1,-1,-10.0
2024,Final,25,196,1,P003425   ,1.0,0.0,CAN,6,"ALBICY, ANDREW",27:33,10,0,0,1,5,7,8,1,2,3,4,1,2,0,0,1,4,14,-11.0
2024,Final,25,196,1,P008121   ,1.0,0.0,CAN,9,"BRUSSINO, NICOLAS",32:44,11,3,3,1,5,2,3,0,7,7,3,0,2,3,0,4,5,18,-6.0
2024,Final,25,196,1,P005005   ,0.0,0.0,CAN,10,"SALVO, MIQUEL",03:39,2,0,1,0,0,2,2,0,0,0,0,0,0,0,0,1,1,1,-2.0
2024,Final,25,196,1,P010452   ,0.0,0.0,CAN,13,"PELOS, PIERRE",13:26,2,1,2,0,1,0,0,1,2,3,1,0,0,1,0,1,0,4,-7.0
2024,Final,25,196,1,P006588   ,1.0,1.0,CAN,14,"SHURNA, JOHN",26:27,14,1,1,4,5,0,0,1,1,2,2,0,2,0,0,3,1,13,-2.0
2024,Final,25,196,1,P008966   ,1.0,0.0,CAN,18,"TOBEY, MIKE",22:57,8,4,5,0,1,0,0,0,4,4,1,0,1,0,0,5,0,5,14.0
2024,Final,25,196,1,P009556   ,0.0,1.0,CAN,21,"NGOUAMA, MEHDY",12:34,11,1,2,3,6,0,0,0,0,0,0,0,1,0,1,2,2,5,2.0
2024,Final,25,196,1,P012095   ,1.0,1.0,CAN,32,"THOMASSON, JOE",25:48,14,4,8,2,2,0,0,0,2,2,4,1,2,0,0,3,2,14,-10.0
2024,Final,25,196,1,P012165   ,0.0,1.0,CAN,35,"DIOP, MASSAMBA",00:51,0,0,0,0,0,0,0,0,0,0,0,0,0,0,0,0,0,0,0.0
2024,Final,25,196,1,Team,0.0,0.0,CAN,,Team,,0,0,0,0,0,0,0,3,1,4,0,0,1,0,0,0,0,3,
2024,Final,25,196,1,Total,,,CAN,,Total,200:00,94,21,32,11,30,19,22,12,20,32,18,2,13,5,2,26,20,97,
2024,Final,25,196,0,P011157   ,1.0,1.0,HTA,0,"MOTLEY, JOHNATHAN",31:05,26,7,12,0,0,12,16,1,2,3,2,1,2,0,1,2,10,28,1.0
2024,Final,25,196,0,P013402   ,1.0,1.0,HTA,2,"BLAKENEY, ANTONIO",31:59,27,4,7,5,10,4,4,0,6,6,4,1,1,0,2,2,6,31,5.0
2024,Final,25,196,0,P013506   ,0.0,0.0,HTA,4,"BINGHAM, MARCUS",08:48,4,2,3,0,0,0,0,2,1,3,0,0,0,1,0,0,1,8,8.0
2024,Final,25,196,0,P013283   ,0.0,0.0,HTA,9,"PALATIN, GUY",00:58,0,0,0,0,1,0,0,0,0,0,0,0,0,0,0,0,1,0,0.0
2024,Final,25,196,0,P004846   ,0.0,0.0,HTA,10,"TIMOR, BAR",07:29,0,0,0,0,1,0,0,0,1,1,1,0,0,0,0,1,0,0,-2.0
2024,Final,25,196,0,P009877   ,0.0,0.0,HTA,14,"BLAYZER, OZ",DNP,0,0,0,0,0,0,0,0,0,0,0,0,0,0,0,0,0,0,0.0
2024,Final,25,196,0,P010386   ,0.0,1.0,HTA,17,"FOSTER, MARCUS",21:28,8,1,4,2,2,0,2,0,2,2,1,1,3,0,1,4,2,1,10.0
2024,Final,25,196,0,P013284   ,1.0,0.0,HTA,24,"WAINRIGHT, ISHMAIL CARZELL",18:29,2,0,1,0,1,2,2,1,1,2,2,2,0,0,0,3,1,4,1.0
2024,Final,25,196,0,P011052   ,1.0,1.0,HTA,26,"MADAR, YAM",33:53,16,2,3,4,4,0,0,0,0,0,6,1,2,0,0,3,0,17,3.0
2024,Final,25,196,0,P011386   ,0.0,0.0,HTA,31,"YAACOV, NOAM",05:51,3,0,2,1,2,0,0,0,0,0,1,0,0,0,1,1,1,0,10.0
2024,Final,25,196,0,P010550   ,1.0,1.0,HTA,41,"GINAT, TOMER",20:23,10,2,3,2,2,0,0,0,2,2,1,0,0,0,0,2,3,13,-1.0
2024,Final,25,196,0,P012096   ,0.0,0.0,HTA,51,"CABOCLO, BRUNO",19:37,7,2,2,1,3,0,0,1,2,3,0,0,1,1,0,2,0,6,10.0
2024,Final,25,196,0,Team,0.0,0.0,HTA,,Team,,0,0,0,0,0,0,0,4,2,6,0,0,0,0,0,0,0,6,
2024,Final,25,196,0,Total,,,HTA,,Total,200:00,103,20,37,15,26,18,24,9,19,28,18,6,9,2,5,20,25,114,
