playerRanking,games_played,gamesStarted,minutes,points,twoPointersMade,twoPointersAttempted,twoPointersPercentage,threePointersMade,threePointersAttempted,threePointersPercentage,freeThrowsMade,freeThrowsAttempted,freeThrowsPercentage,offensiveRebounds,defensiveRebounds,rebounds,assists,steals,turnovers,blocks,blocksAgainst,personal_fouls,foulsDrawn,pir,player.code,player_name,player.age,player.imageUrl,team,player.team.tvCodes,team_name,player.team.imageUrl
1,70.0,4.0,6.75547619047619,1.0,0.1,0.4,14.3%,0.2,0.8,28.1%,0.2,0.3,63.6%,0.2,0.2,0.4,0.7,0.1,0.4,0.0,0.0,1.2,0.3,-0.1,007265,"KURUCS, ARTURS",22,https://media-cdn.incrowdsports.com/b98c88da-6556-46e0-981a-106d466b7a22.png,BAS,TDS,Baskonia Vitoria-Gasteiz,https://media-cdn.incrowdsports.com/e324a6af-2a72-443e-9813-8bf2d364ddab.png
2,48.0,18.0,11.868402777777776,1.4,0.3,0.7,44.1%,0.2,0.6,32.3%,0.2,0.4,42.9%,0.1,0.8,0.9,0.5,0.3,0.6,0.0,0.0,1.9,0.6,0.1,AWH,"ABI, MUSTAFA",29,,ULK;IST,ULK;EFS,Fenerbahce Beko Istanbul;Anadolu Efes Istanbul,https://media-cdn.cortextech.io/3b7f020e-5b39-49a1-b4b2-efea918edab7.png;https://media-cdn.cortextech.io/9a463aa2-ceb2-481c-9a95-1cddee0a248e.png
3,51.0,7.0,10.283006535947711,2.0,0.5,0.9,48.9%,0.3,1.2,26.7%,0.1,0.4,30%,0.4,0.6,1.0,0.5,0.2,0.5,0.0,0.2,1.3,0.5,0.6,BOG,"KING, ALEX",35,https://media-cdn.incrowdsports.com/0870abba-08a6-4ce4-a78b-bb6863e108fd.png,FRA;BER;MUN,FRA;ALB;BAY,Skyliners Frankfurt;ALBA Berlin;FC Bayern Munich,https://media-cdn.incrowdsports.com/75c69af8-9cf4-498d-932e-0b28be2444df.png;https://media-cdn.incrowdsports.com/ccc34858-22b0-47dc-904c-9940b0a16ff3.png;https://media-cdn.incrowdsports.com/817b0e58-d595-4b09-ab0b-1e7cc26249ff.png
4,82.0,17.0,11.647764227642277,2.6,0.2,0.6,36%,0.6,1.8,33.3%,0.3,0.4,78.1%,0.3,0.8,1.1,0.9,0.6,0.8,0.1,0.1,2.7,0.8,0.9,JJY,"BOZIC, PETAR",33,,PAR,PAR,Partizan Mozzart Bet Belgrade,https://media-cdn.incrowdsports.com/2681304e-77dd-4331-88b1-683078c0fb49.png
5,48.0,25.0,12.159722222222221,1.8,0.7,1.8,41.2%,0.0,0.2,16.7%,0.2,0.4,42.1%,0.4,1.0,1.5,0.5,0.4,0.4,0.0,0.2,1.7,0.6,0.9,001209,"SZCZOTKA, PIOTR",31,,SOP,PRO,Arka Gdynia,https://media-cdn.incrowdsports.com/210fa2fa-3529-400d-8d3f-9174a22ad1a8.png
6,33.0,3.0,10.664141414141415,3.7,0.7,1.7,42.9%,0.6,1.6,40.4%,0.3,0.6,50%,0.5,0.8,1.4,0.5,0.3,0.8,0.0,0.1,2.4,0.7,1.1,AQX,"SCHULTZE, SVEN",34,,MIL;BER,MIL;BER,EA7 Emporio Armani Milan;ALBA Berlin,https://media-cdn.cortextech.io/9512ee73-a0f1-4647-a01e-3c2938aba6b8.png;https://media-cdn.incrowdsports.com/ccc34858-22b0-47dc-904c-9940b0a16ff3.png
7,28.0,8.0,12.281547619047618,3.1,0.6,1.5,38.1%,0.4,1.6,23.9%,0.8,1.3,56.8%,0.2,1.1,1.4,0.7,0.6,1.4,0.0,0.2,1.7,1.5,1.2,001235,"KLOBUCAR, JAKA",23,https://media-cdn.incrowdsports.com/b1af6065-2555-4faf-a207-4bcaca7d3a77.png,LJU;PAR,LJU;PAR,KK Cedevita Olimpija;Partizan Mozzart Bet Belgrade,https://media-cdn.incrowdsports.com/73b33d13-570e-4e49-a9cb-fe806831eaa7.png;https://media-cdn.incrowdsports.com/2681304e-77dd-4331-88b1-683078c0fb49.png
8,25.0,8.0,8.770666666666667,1.8,0.4,0.5,76.9%,0.2,0.9,26.1%,0.3,0.4,70%,0.1,0.5,0.6,0.6,0.2,0.6,0.0,0.0,0.9,0.6,1.2,000092,"PRINC, VEDRAN",27,,CIB,CIB,KK Cibona,https://media-cdn.incrowdsports.com/2bc7884a-4fe7-4362-9d4f-ba2ad8a0239d.png
9,36.0,2.0,8.447685185185186,1.4,0.3,0.7,41.7%,0.2,0.6,30.4%,0.2,0.4,60%,0.2,0.6,0.9,0.4,0.2,0.3,0.1,0.1,1.0,0.6,1.3,KLS,"GUBANOV, PETR",32,https://media-cdn.incrowdsports.com/81a50da6-f1f9-4c3a-8b9d-716228de3b92.png,UNK;KHI,UNK;KHI,UNICS Kazan;BC Khimki,https://media-cdn.incrowdsports.com/70b00b96-e98a-42ba-9997-39d70a895157.png;https://media-cdn.incrowdsports.com/04bd9ac1-e8ed-4b35-8878-272596e5c7d6.png
10,67.0,13.0,12.70049751243781,2.8,0.3,0.6,51.2%,0.6,1.8,34.7%,0.3,0.5,59.4%,0.6,0.9,1.5,0.4,0.3,0.3,0.1,0.2,2.1,0.6,1.3,004170,"BATUK, BIRKAN",28,https://media-cdn.incrowdsports.com/a0a94e47-8163-45c3-8ec7-3a147df45609.png,DAR;IST,DDI;EFS,Darussafaka Basketbol;Anadolu Efes Istanbul,https://media-cdn.incrowdsports.com/9ceb124a-7ee1-4db5-8d8c-7d485980b989.png;https://media-cdn.cortextech.io/9a463aa2-ceb2-481c-9a95-1cddee0a248e.png
11,32.0,0.0,5.997395833333333,1.7,0.6,1.1,58.8%,0.1,0.3,22.2%,0.3,0.4,64.3%,0.6,0.6,1.2,0.3,0.2,0.3,0.1,0.1,1.3,0.5,1.3,THY,"MILOSEVIC, STRAHINJA",24,,PAR,PAR,Partizan Mozzart Bet Belgrade,https://media-cdn.incrowdsports.com/2681304e-77dd-4331-88b1-683078c0fb49.png
12,75.0,16.0,7.233333333333333,2.1,0.5,0.9,60.3%,0.2,0.7,30.9%,0.3,0.4,65.6%,0.3,0.6,0.9,0.3,0.3,0.3,0.0,0.1,1.1,0.6,1.6,011209,"KALAITZAKIS, PANAGIOTIS",26,https://media-cdn.incrowdsports.com/59c8e70a-6d80-4d8c-9382-162194e226d0.png,PAN,PAO,Panathinaikos AKTOR Athens,https://media-cdn.incrowdsports.com/e3dff28a-9ec6-4faf-9d96-ecbc68f75780.png
13,41.0,1.0,9.401219512195121,1.8,0.3,0.6,44%,0.3,0.9,36.8%,0.3,0.4,68.8%,0.1,0.9,1.0,0.5,0.3,0.3,0.0,0.1,1.0,0.5,1.6,000118,"TADDA, KARSTEN",27,,BAM,BRO,Bamberger Basketball GmbH,https://media-cdn.incrowdsports.com/85cdd43a-2bbd-4f73-b8f7-76288a5193cb.png
14,28.0,2.0,7.526785714285714,1.6,0.5,1.5,36.6%,0.0,0.1,0%,0.5,0.6,83.3%,0.6,0.8,1.3,0.2,0.1,0.4,0.3,0.0,0.9,0.5,1.6,BDM,"SILINSKIS, DARIUS",22,,ZAL,ZAL,Zalgiris Kaunas,https://media-cdn.incrowdsports.com/0aa09358-3847-4c4e-b228-3582ee4e536d.png
15,156.0,27.0,13.277029914529916,2.8,0.2,0.6,40.6%,0.7,2.0,33.4%,0.2,0.3,87.8%,0.3,0.7,0.9,0.7,0.4,0.4,0.0,0.1,1.7,0.9,1.7,007025,"MATTISSECK, JONAS",24,https://media-cdn.incrowdsports.com/f233c467-32fb-41af-807b-07660af5fa2c.png,BER,BER,ALBA Berlin,https://media-cdn.incrowdsports.com/ccc34858-22b0-47dc-904c-9940b0a16ff3.png
16,74.0,25.0,12.743918918918919,2.2,0.7,1.2,57.1%,0.2,0.5,34.2%,0.3,0.4,84.6%,0.7,1.1,1.8,0.4,0.3,0.2,0.0,0.1,2.2,0.6,1.9,004720,"LAZAREVIC, STEFAN",27,https://media-cdn.incrowdsports.com/ae23bbbe-9a8b-44dc-8ac6-dc99ce56be59.png,RED,CZV,Crvena Zvezda Meridianbet Belgrade,https://media-cdn.incrowdsports.com/d2eef4a8-62df-4fdd-9076-276004268515.png
17,35.0,2.0,12.228571428571428,2.5,0.5,1.6,32.1%,0.3,1.0,28.6%,0.6,0.9,67.7%,0.2,0.9,1.1,1.5,0.6,1.3,0.0,0.1,1.4,1.1,2.0,DIN,"D'ALMEIDA, XANE",23,,PAU,PAU,Elan Bearnais Pau-Lacq-Orthez,https://media-cdn.incrowdsports.com/4550b11c-3680-44b2-a512-f0b4ff304b59.png
18,59.0,10.0,12.824293785310735,2.9,0.7,1.5,42.9%,0.2,0.8,22.4%,1.0,1.2,85.9%,0.2,0.9,1.1,1.0,0.5,0.7,0.0,0.1,2.2,1.3,2.1,KXO,"GIACHETTI, JACOPO",29,,ROM;MIL,ROM;EAM,Pallacanestro Virtus Roma;EA7 Emporio Armani Milan,https://media-cdn.incrowdsports.com/e5836b62-9939-4063-b5e5-cc2f5804c142.png;https://media-cdn.cortextech.io/9512ee73-a0f1-4647-a01e-3c2938aba6b8.png
19,150.0,40.0,10.245555555555555,2.6,0.6,1.2,50.6%,0.4,1.1,35.7%,0.3,0.4,67.2%,0.6,0.9,1.4,0.4,0.3,0.3,0.3,0.1,1.6,0.5,2.1,004941,"ANTONOV, SEMEN",32,https://media-cdn.incrowdsports.com/5fd80688-4e9c-434c-b051-1471ccdcb625.png,NOV;CSK,NIZ;CSK,BC Nizhny Novgorod;CSKA Moscow,https://media-cdn.incrowdsports.com/dddcfb2d-29ff-4588-a297-654b4cd72c68.png;https://media-cdn.incrowdsports.com/b6a59212-7feb-4f8c-86c2-5e8f07625e3e.png
20,82.0,12.0,12.64471544715447,2.9,0.6,1.7,35.5%,0.4,1.4,30.2%,0.4,0.6,66%,0.4,1.0,1.3,1.6,0.5,1.0,0.1,0.1,2.4,1.5,2.1,003240,"BOCHORIDIS, ELEFTHERIOS",28,https://media-cdn.incrowdsports.com/e6713ba7-ff50-491b-925f-0097774e28ad.png,PAN,PAO,Panathinaikos AKTOR Athens,https://media-cdn.incrowdsports.com/e3dff28a-9ec6-4faf-9d96-ecbc68f75780.png
21,166.0,29.0,9.504317269076305,1.7,0.5,1.1,48.6%,0.2,0.5,34.8%,0.1,0.2,50%,0.5,0.7,1.2,1.0,0.6,0.4,0.1,0.1,1.4,0.5,2.2,003521,"BALBAY, DOGUS",33,https://media-cdn.incrowdsports.com/0a0748cc-b881-47d6-a8ff-19a51b692cb0.png,IST,EFS,Anadolu Efes Istanbul,https://media-cdn.cortextech.io/9a463aa2-ceb2-481c-9a95-1cddee0a248e.png
22,55.0,8.0,11.075757575757574,3.4,0.5,1.1,44.3%,0.7,1.6,46.1%,0.2,0.2,83.3%,0.1,0.7,0.8,0.4,0.3,0.4,0.0,0.0,1.3,0.4,2.2,LMK,"CARRARETTO, MARCO",35,,SIE,MPS,Montepaschi Siena,https://media-cdn.incrowdsports.com/1d94a55f-b8c7-459c-951e-8177f5f3eebe.png
23,59.0,11.0,12.254802259887006,2.6,0.5,1.2,43.7%,0.3,1.4,25%,0.5,0.7,74.4%,0.2,0.5,0.6,2.0,0.3,1.1,0.0,0.0,1.8,1.5,2.2,LKY,"KHVOSTOV, DMITRY",31,https://media-cdn.incrowdsports.com/409460e8-d94e-4f85-887d-9e72dbeb03bc.png,DYN;KHI;NOV;DYR,DYN;KHI;NIZ;ZEN,Dynamo Moscow;BC Khimki;BC Nizhny Novgorod;Zenit St Petersburg,https://media-cdn.incrowdsports.com/22ab0314-9deb-407c-97aa-4032f4017564.png;https://media-cdn.incrowdsports.com/04bd9ac1-e8ed-4b35-8878-272596e5c7d6.png;https://media-cdn.incrowdsports.com/dddcfb2d-29ff-4588-a297-654b4cd72c68.png;https://media-cdn.incrowdsports.com/4c571fd6-52f1-428c-94a5-9143fbbb4fe3.png
24,229.0,134.0,17.543231441048036,3.3,0.6,1.3,46.1%,0.6,1.6,33.8%,0.4,0.6,78.7%,0.5,1.0,1.5,0.6,0.7,0.5,0.1,0.1,2.6,1.1,2.2,LUO,"LAZIC, BRANKO",35,https://media-cdn.incrowdsports.com/6dcc04d5-821e-4113-a665-029a43d76425.png,RED,CZV,Crvena Zvezda Meridianbet Belgrade,https://media-cdn.incrowdsports.com/d2eef4a8-62df-4fdd-9076-276004268515.png
25,78.0,20.0,15.077564102564102,3.9,1.0,2.2,43.9%,0.5,1.6,28.9%,0.6,0.8,73%,0.3,1.0,1.4,0.8,0.6,1.0,0.1,0.1,2.2,1.4,2.2,001389,"VORONOV, EVGENY",34,https://media-cdn.incrowdsports.com/5ea13ad3-ab46-462b-87e3-5155aec20269.png,CSK;TIV;UNK;DYR;KHI,CSK;LOK;UNK;ZEN;KHI,CSKA Moscow;Lokomotiv Kuban;UNICS Kazan;Zenit St Petersburg;BC Khimki,https://media-cdn.incrowdsports.com/b6a59212-7feb-4f8c-86c2-5e8f07625e3e.png;https://media-cdn.incrowdsports.com/10d99d78-4206-411d-83d2-db7abc63c6ae.png;https://media-cdn.incrowdsports.com/70b00b96-e98a-42ba-9997-39d70a895157.png;https://media-cdn.incrowdsports.com/4c571fd6-52f1-428c-94a5-9143fbbb4fe3.png;https://media-cdn.incrowdsports.com/04bd9ac1-e8ed-4b35-8878-272596e5c7d6.png
26,55.0,8.0,14.552727272727273,4.9,0.8,2.0,40.5%,0.8,2.1,36.8%,0.9,1.1,84.7%,0.5,1.3,1.9,0.2,0.4,0.8,0.3,0.2,2.7,1.1,2.3,AON,"KRASIC, BARISA",29,,CIB,CIB,KK Cibona,https://media-cdn.incrowdsports.com/2bc7884a-4fe7-4362-9d4f-ba2ad8a0239d.png
27,27.0,9.0,15.937037037037037,5.4,2.2,4.9,45%,0.1,0.6,12.5%,0.8,1.3,61.8%,1.0,2.0,3.0,0.3,0.4,1.6,0.4,0.3,2.9,1.3,2.3,LNY,"SAMNICK, VICTOR",32,,ASV;NAN,ASV;SLU,LDLC ASVEL Villeurbanne;Stade Lorrain Universite Club Nancy Basket,https://media-cdn.incrowdsports.com/e33c6d1a-95ca-4dbc-b8cb-0201812104cc.png;https://media-cdn.incrowdsports.com/c14fdcc4-5076-49e3-85e9-32d2eaa2c67b.png
28,36.0,18.0,21.397222222222222,5.4,1.2,2.9,40.6%,0.8,2.8,28.3%,0.7,1.1,66.7%,0.8,1.9,2.7,0.6,0.8,1.0,0.0,0.2,2.8,1.0,2.4,ARB,"GARRIS, STEFANO",24,,BER,BER,ALBA Berlin,https://media-cdn.incrowdsports.com/ccc34858-22b0-47dc-904c-9940b0a16ff3.png
29,57.0,12.0,11.276315789473685,3.5,0.9,1.9,48.6%,0.3,1.7,19.4%,0.6,0.9,67.3%,0.8,1.6,2.5,0.3,0.4,0.4,0.2,0.2,2.2,1.0,2.4,004429,"AGRAVANIS, DIMITRIS",28,https://media-cdn.incrowdsports.com/3d98a249-0b03-46bf-a720-f3a83467c405.png,OLY;PAN,OLY;PAO,Olympiacos Piraeus;Panathinaikos AKTOR Athens,https://media-cdn.incrowdsports.com/789423ac-3cdf-4b89-b11c-b458aa5f59a6.png;https://media-cdn.incrowdsports.com/e3dff28a-9ec6-4faf-9d96-ecbc68f75780.png
30,73.0,6.0,9.65,3.7,0.1,0.4,34.6%,1.1,2.8,40.6%,0.1,0.2,72.7%,0.2,0.7,0.9,0.4,0.2,0.2,0.0,0.0,0.9,0.3,2.4,002506,"STAIGER, LUCCA",29,https://media-cdn.cortextech.io/cd656e6b-919e-42ee-8988-892b52b73938.png,MUN;BAM,BAY;BRO,FC Bayern Munich;Bamberger Basketball GmbH,https://media-cdn.incrowdsports.com/817b0e58-d595-4b09-ab0b-1e7cc26249ff.png;https://media-cdn.incrowdsports.com/85cdd43a-2bbd-4f73-b8f7-76288a5193cb.png
31,183.0,34.0,11.312568306010927,4.4,0.6,1.2,49.5%,1.0,2.5,39.3%,0.3,0.3,90.9%,0.1,0.5,0.6,0.4,0.2,0.2,0.0,0.1,1.1,0.4,2.4,002969,"MAHMUTOGLU, MELIH",35,https://media-cdn.incrowdsports.com/a148a3b5-02f1-4122-90ba-04714df78433.png,ULK,FNB,Fenerbahce Beko Istanbul,https://media-cdn.cortextech.io/3b7f020e-5b39-49a1-b4b2-efea918edab7.png
32,115.0,27.0,11.62623188405797,2.7,0.5,0.8,62.6%,0.5,1.4,36.6%,0.2,0.2,69.2%,0.6,1.5,2.1,0.3,0.4,0.3,0.2,0.0,2.0,0.3,2.4,001518,"RICCI, GIAMPAOLO",33,https://media-cdn.incrowdsports.com/dc523b20-4e9c-4806-afa9-3993cbfb9d2f.png,MIL,EA7,EA7 Emporio Armani Milan,https://media-cdn.cortextech.io/9512ee73-a0f1-4647-a01e-3c2938aba6b8.png
33,84.0,19.0,12.106349206349206,3.5,0.5,1.0,45.9%,0.7,1.7,42.6%,0.4,0.5,78.6%,0.2,0.8,1.0,0.9,0.3,0.6,0.0,0.1,1.8,0.9,2.5,BGV,"VIALTSEV, EGOR",35,https://media-cdn.incrowdsports.com/8dad02e7-acdc-41cf-a7ac-9837fdb70c27.png,CSK;KHI,CSK;KHI,CSKA Moscow;BC Khimki,https://media-cdn.incrowdsports.com/b6a59212-7feb-4f8c-86c2-5e8f07625e3e.png;https://media-cdn.incrowdsports.com/04bd9ac1-e8ed-4b35-8878-272596e5c7d6.png
34,24.0,11.0,15.508333333333333,4.5,0.9,1.3,67.7%,0.8,2.4,31.6%,0.5,0.7,76.5%,0.2,0.9,1.1,0.9,0.1,1.3,0.0,0.1,1.6,1.0,2.5,000109,"CETIN, SERHAT",29,https://media-cdn.cortextech.io/01c357be-2e7c-4c96-9930-03a870bdb56b.png,BES;ULK;DAR,BJK;FBU;DDI,Besiktas Istanbul;Fenerbahce Beko Istanbul;Darussafaka Basketbol,https://media-cdn.cortextech.io/7d37b2d0-2a4a-4a86-bf2c-266bd8da7cac.png;https://media-cdn.cortextech.io/3b7f020e-5b39-49a1-b4b2-efea918edab7.png;https://media-cdn.incrowdsports.com/9ceb124a-7ee1-4db5-8d8c-7d485980b989.png
35,26.0,9.0,16.04102564102564,4.0,1.4,3.0,47.4%,0.2,1.2,20%,0.4,0.5,78.6%,1.3,1.3,2.6,0.7,0.4,0.8,0.1,0.2,2.5,0.8,2.5,002504,"DELAS, MARIO",24,,CIB;ZAL;CED,CIB;ZAL;CED,KK Cibona;Zalgiris Kaunas;KK Cedevita Zagreb,https://media-cdn.incrowdsports.com/2bc7884a-4fe7-4362-9d4f-ba2ad8a0239d.png;https://media-cdn.incrowdsports.com/0aa09358-3847-4c4e-b228-3582ee4e536d.png;https://media-cdn.incrowdsports.com/ba95084a-224c-4d4a-a306-37a386772f64.png
36,27.0,14.0,13.677777777777779,3.9,0.8,1.4,53.8%,0.4,1.4,26.3%,1.3,1.6,79.1%,0.4,0.4,0.8,0.6,0.7,0.6,0.0,0.4,1.9,1.3,2.5,AEU,"BAKIC, BOJAN",24,,BUD;LJU,BUD;LJU,KK Buducnost;KK Cedevita Olimpija,https://media-cdn.incrowdsports.com/47161285-94b3-4266-9d23-b722e8600945.png;https://media-cdn.incrowdsports.com/73b33d13-570e-4e49-a9cb-fe806831eaa7.png
37,50.0,20.0,14.375666666666666,2.8,0.3,0.7,39.4%,0.6,1.5,37.7%,0.5,0.7,79.4%,0.6,1.5,2.1,0.4,0.7,0.5,0.3,0.0,2.8,1.0,2.5,CCI,"TONOLLI, ALESSANDRO",36,,ROM,ROM,Pallacanestro Virtus Roma,https://media-cdn.incrowdsports.com/e5836b62-9939-4063-b5e5-cc2f5804c142.png
38,167.0,46.0,9.827145708582835,2.9,0.8,1.5,52.4%,0.3,0.9,37.3%,0.4,0.5,80.5%,0.5,0.9,1.5,0.7,0.3,0.5,0.0,0.1,1.5,0.7,2.6,005145,"COHEN, JAKE",34,https://media-cdn.incrowdsports.com/e8d3f0dc-cce9-4329-9d5b-03c76519199d.png,TEL,MTA,Maccabi Rapyd Tel Aviv,https://media-cdn.incrowdsports.com/5c55ef14-29df-4328-bd52-a7a64c432350.png
39,40.0,8.0,17.785833333333333,5.0,0.6,1.7,35.3%,1.0,2.7,37%,0.8,1.1,72.1%,0.7,1.5,2.2,0.4,0.6,0.9,0.0,0.2,2.7,1.4,2.6,BUV,"BABRAUSKAS, STEPONAS",29,,LIE,LRY,Rytas Vilnius,https://media-cdn.incrowdsports.com/894a55c9-4a15-40b0-a1b0-b0aec2ce3592.png
40,53.0,1.0,14.627672955974843,2.4,0.3,0.5,50%,0.5,1.8,29.2%,0.3,0.4,63.6%,0.4,1.3,1.7,1.2,0.8,0.6,0.1,0.0,1.8,0.6,2.7,ARS,"YILMAZ, ALPER",30,,IST,EFS,Anadolu Efes Istanbul,https://media-cdn.cortextech.io/9a463aa2-ceb2-481c-9a95-1cddee0a248e.png
41,52.0,15.0,10.093910256410256,3.4,1.3,2.4,53.2%,0.0,0.1,0%,0.9,1.1,76.3%,0.6,1.3,1.9,0.4,0.2,0.8,0.2,0.2,2.0,1.0,2.7,JNL,"BOROVNJAK, DEJAN",29,https://media-cdn.cortextech.io/f9f69bf5-7510-498e-8978-a6478ee41ea1.png,PAR;LIE;GSS,PAR;LIE;ZGA,Partizan Mozzart Bet Belgrade;Rytas Vilnius;GSS Akcyjna,https://media-cdn.incrowdsports.com/2681304e-77dd-4331-88b1-683078c0fb49.png;https://media-cdn.incrowdsports.com/894a55c9-4a15-40b0-a1b0-b0aec2ce3592.png;https://media-cdn.incrowdsports.com/abebfbc3-2dcd-4cc5-91f3-37dae527f363.png
42,45.0,28.0,10.766666666666667,3.9,1.3,2.3,57.3%,0.0,0.0,0%,1.3,1.5,85.1%,0.6,1.2,1.8,0.2,0.3,1.0,0.3,0.2,2.8,1.5,2.7,BVP,"GLYNIADAKIS, ANDREAS",32,,AEK;OLY;LIE,AEK;OLY;LRY,AEK Athens;Olympiacos Piraeus;Rytas Vilnius,https://media-cdn.incrowdsports.com/b51b0af8-ac03-4093-8858-9b4d71830fe7.png;https://media-cdn.incrowdsports.com/789423ac-3cdf-4b89-b11c-b458aa5f59a6.png;https://media-cdn.incrowdsports.com/894a55c9-4a15-40b0-a1b0-b0aec2ce3592.png
43,78.0,16.0,13.239102564102565,3.2,0.7,1.9,38.4%,0.4,1.5,27.5%,0.5,0.8,58.7%,0.3,1.2,1.5,1.4,0.4,1.1,0.1,0.1,1.3,1.2,2.7,JAN,"PONKRASHOV, ANTON",34,https://media-cdn.incrowdsports.com/3cb4b2de-ae45-42ab-b9dd-7e51e1c54867.png,CSK;TIV;UNK;DYR;KHI,CSK;LOK;UNK;ZEN;KHI,CSKA Moscow;Lokomotiv Kuban;UNICS Kazan;Zenit St Petersburg;BC Khimki,https://media-cdn.incrowdsports.com/b6a59212-7feb-4f8c-86c2-5e8f07625e3e.png;https://media-cdn.incrowdsports.com/10d99d78-4206-411d-83d2-db7abc63c6ae.png;https://media-cdn.incrowdsports.com/70b00b96-e98a-42ba-9997-39d70a895157.png;https://media-cdn.incrowdsports.com/4c571fd6-52f1-428c-94a5-9143fbbb4fe3.png;https://media-cdn.incrowdsports.com/04bd9ac1-e8ed-4b35-8878-272596e5c7d6.png
44,48.0,10.0,12.444791666666667,2.2,0.8,2.0,42.1%,0.0,0.0,0%,0.5,1.2,43.1%,0.8,2.3,3.1,0.1,0.1,1.1,1.4,0.2,1.9,0.9,2.8,BGJ,"VRANES, SLAVKO",26,,BUD;PAR,BUD;PAR,KK Buducnost;Partizan Mozzart Bet Belgrade,https://media-cdn.incrowdsports.com/47161285-94b3-4266-9d23-b722e8600945.png;https://media-cdn.incrowdsports.com/2681304e-77dd-4331-88b1-683078c0fb49.png
45,154.0,32.0,14.028030303030302,3.8,0.8,1.6,50.4%,0.6,2.1,29.7%,0.3,0.5,60.2%,0.7,1.4,2.1,0.4,0.3,0.5,0.1,0.1,1.5,0.7,2.8,006251,"SCHNEIDER, TIM",27,https://media-cdn.incrowdsports.com/3c4d48d7-a0e1-4375-9246-2d9fc7bf969a.png,BER,BER,ALBA Berlin,https://media-cdn.incrowdsports.com/ccc34858-22b0-47dc-904c-9940b0a16ff3.png
46,43.0,6.0,12.590697674418605,3.0,1.0,2.1,44.6%,0.2,0.7,28.6%,0.5,1.0,53.7%,0.3,1.2,1.4,1.2,0.7,1.0,0.0,0.1,1.9,1.7,2.9,KOS,"BYKOV, SERGEY",32,https://media-cdn.cortextech.io/93d3eb34-f9cf-4c64-be47-9ff49dfe0158.png,DYN;CSK;UNK;TIV,DYN;CSK;UNK;LOK,Dynamo Moscow;CSKA Moscow;UNICS Kazan;Lokomotiv Kuban,https://media-cdn.incrowdsports.com/22ab0314-9deb-407c-97aa-4032f4017564.png;https://media-cdn.incrowdsports.com/b6a59212-7feb-4f8c-86c2-5e8f07625e3e.png;https://media-cdn.incrowdsports.com/70b00b96-e98a-42ba-9997-39d70a895157.png;https://media-cdn.incrowdsports.com/10d99d78-4206-411d-83d2-db7abc63c6ae.png
47,110.0,63.0,12.911818181818182,4.2,0.8,1.5,52.1%,0.8,2.0,38.5%,0.3,0.3,75.7%,0.6,0.9,1.5,0.2,0.3,0.3,0.0,0.1,1.2,0.3,2.9,004197,"OUATTARA, YAKUBA",32,https://media-cdn.incrowdsports.com/3b0339f7-a2f5-4094-bb9c-2095f50d8194.png,CHL;MCO;PRS,ELA;ASM;PBB,Elan Sportif Chalonnais;AS Monaco;Paris Basketball,https://media-cdn.incrowdsports.com/ce981523-5c54-4fab-8a3d-90c527eb9627.png;https://media-cdn.incrowdsports.com/89ed276a-2ba3-413f-8ea2-b3be209ca129.png;https://media-cdn.incrowdsports.com/a033e5b3-0de7-48a3-98d9-d9a4b9df1f39.png
48,31.0,19.0,16.713978494623657,5.2,0.9,2.0,45.9%,1.0,2.9,35.2%,0.3,0.4,76.9%,0.6,2.1,2.7,0.5,0.9,1.2,0.2,0.3,3.0,0.8,2.9,JKN,"GABINI, ROBERTO",33,,BAS;ROM,BKN;ROM,Baskonia Vitoria-Gasteiz;Pallacanestro Virtus Roma,https://media-cdn.incrowdsports.com/e324a6af-2a72-443e-9813-8bf2d364ddab.png;https://media-cdn.incrowdsports.com/e5836b62-9939-4063-b5e5-cc2f5804c142.png
49,36.0,20.0,14.011111111111111,3.3,0.9,1.8,50%,0.3,1.4,24.5%,0.6,0.8,71.4%,0.2,0.8,0.9,1.8,0.7,0.7,0.0,0.1,1.9,1.1,3.0,005275,"SIPAHI, KENAN",25,https://media-cdn.incrowdsports.com/413b04b3-0204-4f7f-a3e6-aaf36bf26252.png,KSK;ULK,KSK;FNB,Karsiyaka Spor Kulubu;Fenerbahce Beko Istanbul,https://media-cdn.incrowdsports.com/d4b8a6ca-e46f-4fc2-acc2-5cc7368f7a88.png;https://media-cdn.cortextech.io/3b7f020e-5b39-49a1-b4b2-efea918edab7.png
50,32.0,16.0,12.619270833333333,2.6,0.7,1.4,48.9%,0.2,0.5,35.3%,0.7,0.9,78.6%,0.6,1.2,1.8,0.7,0.4,0.9,0.0,0.0,1.7,1.4,3.1,LXI,"LIPKEVICIUS, VYTENIS",26,https://media-cdn.incrowdsports.com/f2d4935b-49b7-4e79-a103-97ffdcbc008c.png,ZAL,ZAL,Zalgiris Kaunas,https://media-cdn.incrowdsports.com/0aa09358-3847-4c4e-b228-3582ee4e536d.png
51,66.0,7.0,13.071212121212122,3.2,0.6,1.2,51.9%,0.4,1.5,26%,0.8,1.1,69.3%,0.1,0.8,0.9,1.5,0.7,1.0,0.0,0.0,1.7,1.5,3.1,AWM,"ACIK, TUTKU",32,,ULK;GAL;BES,ULK;GSL;BJK,Fenerbahce Beko Istanbul;Galatasaray Spor Kulubu;Besiktas Istanbul,https://media-cdn.cortextech.io/3b7f020e-5b39-49a1-b4b2-efea918edab7.png;https://media-cdn.cortextech.io/95056dbe-7949-4b65-921d-ed9b59c0791c.png;https://media-cdn.cortextech.io/7d37b2d0-2a4a-4a86-bf2c-266bd8da7cac.png
52,141.0,41.0,14.14420803782506,3.8,1.0,1.8,52.7%,0.5,1.6,31.4%,0.4,0.5,76.5%,0.7,1.2,1.9,1.2,0.6,0.9,0.1,0.2,2.0,0.8,3.2,008211,"DELOW, MALTE",23,https://media-cdn.incrowdsports.com/4402c134-97e3-485e-ac5d-ea9bdb7bba28.png,BER,BER,ALBA Berlin,https://media-cdn.incrowdsports.com/ccc34858-22b0-47dc-904c-9940b0a16ff3.png
53,46.0,13.0,13.527898550724638,4.1,0.8,1.4,54.7%,0.8,2.1,36.8%,0.3,0.6,55.6%,0.5,1.2,1.7,0.5,0.5,0.5,0.0,0.1,1.3,0.6,3.3,BAO,"SERAPINAS, SIMONAS",25,,ZAL;ARI,ZAL;ARI,Zalgiris Kaunas;Aris Thessaloniki,https://media-cdn.incrowdsports.com/0aa09358-3847-4c4e-b228-3582ee4e536d.png;https://media-cdn.cortextech.io/28be84d9-ad7e-43b3-8d8c-822bb76b8a9e.png
54,55.0,16.0,15.063636363636364,4.3,0.7,1.6,46.5%,0.7,1.9,36.9%,0.8,1.1,73.8%,0.2,1.1,1.3,1.1,0.9,0.9,0.0,0.2,2.3,1.2,3.3,ACJ,"PAPAMAKARIOS, MANOLIS",27,,PER;OLY,PER;OLY,Peristeri BC;Olympiacos Piraeus,https://media-cdn.incrowdsports.com/743fd646-dc10-4a04-a90f-952e33a143a4.png;https://media-cdn.incrowdsports.com/789423ac-3cdf-4b89-b11c-b458aa5f59a6.png
55,151.0,22.0,10.351324503311258,3.3,1.0,1.9,54.6%,0.1,0.4,28.6%,0.9,1.2,75.5%,0.8,1.3,2.1,0.4,0.2,0.7,0.4,0.1,2.2,1.3,3.4,003540,"DIOP, ILIMANE",25,https://media-cdn.incrowdsports.com/06ba4860-2029-41d9-af38-d7c646068cfc.png,BAS,TDS,Baskonia Vitoria-Gasteiz,https://media-cdn.incrowdsports.com/e324a6af-2a72-443e-9813-8bf2d364ddab.png
56,37.0,21.0,11.417117117117117,3.2,0.4,0.8,41.9%,0.7,1.9,34.7%,0.5,0.6,82.6%,0.4,1.4,1.8,0.3,0.5,0.4,0.1,0.0,1.1,0.8,3.4,LGR,"BASAK, RASIM",29,,ULK,FBU,Fenerbahce Beko Istanbul,https://media-cdn.cortextech.io/3b7f020e-5b39-49a1-b4b2-efea918edab7.png
57,72.0,33.0,14.554166666666667,4.3,0.7,1.3,53.1%,0.8,2.2,33.8%,0.6,0.7,91.5%,0.4,1.3,1.7,0.7,0.6,0.6,0.1,0.0,2.1,1.0,3.5,004302,"KARASEV, SERGEY",28,https://media-cdn.incrowdsports.com/b452b831-b1fa-4891-ab9a-447261a6e7a4.png,KHI;DYR,KHI;ZEN,BC Khimki;Zenit St Petersburg,https://media-cdn.incrowdsports.com/04bd9ac1-e8ed-4b35-8878-272596e5c7d6.png;https://media-cdn.incrowdsports.com/4c571fd6-52f1-428c-94a5-9143fbbb4fe3.png
58,49.0,1.0,10.72517006802721,3.1,1.3,2.3,56.6%,0.0,0.1,0%,0.5,0.9,60.5%,0.9,1.5,2.4,0.5,0.3,0.8,0.5,0.2,2.0,1.0,3.6,001612,"TODOROVIC, MARKO",25,,BAR;KHI,FCB;KHI,FC Barcelona;BC Khimki,https://media-cdn.incrowdsports.com/35dfa503-e417-481f-963a-bdf6f013763e.png;https://media-cdn.incrowdsports.com/04bd9ac1-e8ed-4b35-8878-272596e5c7d6.png
59,98.0,37.0,12.064115646258504,2.9,0.9,1.7,51.5%,0.2,0.6,29%,0.6,0.7,75.3%,0.3,1.2,1.6,1.4,0.7,0.8,0.3,0.2,1.9,1.1,3.6,001792,"ZAITCEV, VIACHESLAV",32,https://media-cdn.incrowdsports.com/f2d00aa9-7127-4377-88a2-d7fc5705eeb4.png,KHI;UNK,KHI;UNK,BC Khimki;UNICS Kazan,https://media-cdn.incrowdsports.com/04bd9ac1-e8ed-4b35-8878-272596e5c7d6.png;https://media-cdn.incrowdsports.com/70b00b96-e98a-42ba-9997-39d70a895157.png
60,53.0,11.0,15.365094339622642,4.6,0.7,1.8,39.4%,0.8,2.2,37.4%,0.8,1.1,67.8%,0.3,1.3,1.6,0.5,0.7,0.6,0.1,0.1,1.8,1.3,3.6,BXK,"AKYOL, CENK",26,,IST;GAL,EFS;GSL,Anadolu Efes Istanbul;Galatasaray Spor Kulubu,https://media-cdn.cortextech.io/9a463aa2-ceb2-481c-9a95-1cddee0a248e.png;https://media-cdn.cortextech.io/95056dbe-7949-4b65-921d-ed9b59c0791c.png
61,69.0,32.0,14.899999999999999,4.2,1.6,3.9,40.6%,0.0,0.0,0%,1.0,1.5,65.7%,1.3,2.2,3.6,0.5,0.2,0.9,0.2,0.4,2.3,1.5,3.6,001210,"HRYCANIUK, ADAM",31,https://media-cdn.cortextech.io/398df41e-c89e-40a6-a26a-19b95224c62b.png,SOP;GSS,PRO;ZGA,Arka Gdynia;GSS Akcyjna,https://media-cdn.incrowdsports.com/210fa2fa-3529-400d-8d3f-9174a22ad1a8.png;https://media-cdn.incrowdsports.com/abebfbc3-2dcd-4cc5-91f3-37dae527f363.png
62,100.0,22.0,13.719000000000001,4.6,1.0,2.1,46.2%,0.6,2.0,31.2%,0.9,1.1,76.8%,0.4,0.8,1.2,1.4,0.4,0.9,0.1,0.1,1.8,1.6,3.6,004058,"JARAMAZ, OGNJEN",29,https://media-cdn.incrowdsports.com/f0031d55-9883-419a-ae1d-775c39ad4af8.png,MUN;PAR;BAS,BAY;PAR;BKN,FC Bayern Munich;Partizan Mozzart Bet Belgrade;Baskonia Vitoria-Gasteiz,https://media-cdn.incrowdsports.com/817b0e58-d595-4b09-ab0b-1e7cc26249ff.png;https://media-cdn.incrowdsports.com/2681304e-77dd-4331-88b1-683078c0fb49.png;https://media-cdn.incrowdsports.com/e324a6af-2a72-443e-9813-8bf2d364ddab.png
63,77.0,33.0,22.134415584415585,8.8,1.3,3.3,40.2%,1.7,4.8,34.7%,1.2,1.4,83.3%,0.3,1.2,1.6,1.2,0.8,1.6,0.0,0.3,3.1,1.6,3.7,BFB,"TRIPKOVIC, UROS",26,,PAR;MAL;ULK,PAR;UNI;FBU,Partizan Mozzart Bet Belgrade;Unicaja Malaga;Fenerbahce Beko Istanbul,https://media-cdn.incrowdsports.com/2681304e-77dd-4331-88b1-683078c0fb49.png;https://media-cdn.incrowdsports.com/6342214b-684b-421f-8960-5d20354458da.png;https://media-cdn.cortextech.io/3b7f020e-5b39-49a1-b4b2-efea918edab7.png
64,33.0,15.0,17.57979797979798,5.0,1.0,2.0,50%,0.7,2.5,26.5%,1.0,1.1,91.9%,0.6,1.0,1.6,1.4,0.7,0.8,0.1,0.2,2.7,1.6,3.7,LGQ,"LELOUP, JEREMY",28,https://media-cdn.cortextech.io/f4240b54-2f0f-4d29-a915-2dbcd9bcd6db.png,LEM;STR,LMS;SIG,Le Mans Sarthe Basket;Strasbourg Illkirch-Graffenstaden Basket,https://media-cdn.incrowdsports.com/25203b2d-cb6c-4614-926a-e55109f98238.png;https://media-cdn.incrowdsports.com/554f980e-fded-4943-ab5b-541f1f36f6a9.png
65,38.0,3.0,14.019736842105264,4.6,1.5,2.9,50.5%,0.2,0.8,26.7%,1.0,1.5,69.6%,0.7,1.4,2.1,0.2,0.5,0.7,0.3,0.2,1.8,1.2,3.7,ARA,"OZTURK, TEOMAN",36,,BER,BER,ALBA Berlin,https://media-cdn.incrowdsports.com/ccc34858-22b0-47dc-904c-9940b0a16ff3.png
66,35.0,8.0,14.252857142857144,4.2,1.4,2.8,51%,0.1,0.3,25%,1.1,1.8,61.3%,0.9,1.2,2.1,0.3,0.4,1.1,0.3,0.2,2.0,2.0,3.7,JIX,"AGADAKOS, LAZAROS",27,,OLY;ARI,OLY;ARI,Olympiacos Piraeus;Aris Thessaloniki,https://media-cdn.incrowdsports.com/789423ac-3cdf-4b89-b11c-b458aa5f59a6.png;https://media-cdn.cortextech.io/28be84d9-ad7e-43b3-8d8c-822bb76b8a9e.png
67,84.0,46.0,16.99920634920635,5.1,1.1,2.4,44.1%,0.7,1.9,38.5%,0.8,1.1,75.3%,0.5,1.9,2.5,0.8,0.5,0.9,0.1,0.3,2.4,1.2,3.7,005942,"DANGUBIC, NEMANJA",25,https://media-cdn.incrowdsports.com/8ff582e1-54c7-4fe9-9d1f-35f0e355fa92.png,RED;MUN,CZV;BAY,Crvena Zvezda Meridianbet Belgrade;FC Bayern Munich,https://media-cdn.incrowdsports.com/d2eef4a8-62df-4fdd-9076-276004268515.png;https://media-cdn.incrowdsports.com/817b0e58-d595-4b09-ab0b-1e7cc26249ff.png
68,135.0,24.0,14.747654320987655,4.6,0.7,1.7,42.2%,0.8,2.1,36.9%,0.9,1.1,83.3%,0.2,0.6,0.8,1.7,0.3,1.0,0.0,0.1,1.6,1.6,3.7,008099,"STRAZEL, MATTHEW",22,https://media-cdn.incrowdsports.com/15bebd90-1b9f-42b9-99fb-ced9102c9aad.png,ASV;MCO,ASV;ASM,LDLC ASVEL Villeurbanne;AS Monaco,https://media-cdn.incrowdsports.com/e33c6d1a-95ca-4dbc-b8cb-0201812104cc.png;https://media-cdn.incrowdsports.com/89ed276a-2ba3-413f-8ea2-b3be209ca129.png
69,34.0,7.0,11.730882352941178,4.3,1.9,3.6,53.3%,0.0,0.0,0%,0.5,0.8,65.4%,1.0,1.6,2.6,0.3,0.1,0.7,0.3,0.3,1.9,1.1,3.8,BRS,"IDBIHI, YASSIN",33,https://media-cdn.cortextech.io/c0ed81d2-4f99-41cd-8be3-cbaac5ad2244.png,BER;MUN;BAM,ALB;BAY;BRO,ALBA Berlin;FC Bayern Munich;Bamberger Basketball GmbH,https://media-cdn.incrowdsports.com/ccc34858-22b0-47dc-904c-9940b0a16ff3.png;https://media-cdn.incrowdsports.com/817b0e58-d595-4b09-ab0b-1e7cc26249ff.png;https://media-cdn.incrowdsports.com/85cdd43a-2bbd-4f73-b8f7-76288a5193cb.png
70,70.0,23.0,15.66095238095238,3.6,0.7,1.5,47.1%,0.4,1.0,42.3%,0.9,1.2,76.8%,0.4,1.4,1.9,1.2,0.9,0.9,0.1,0.0,2.5,1.3,3.8,API,"KALAITZIS, GEORGIOS",45,,ARI;PAN,ARI;PAO,Aris Thessaloniki;Panathinaikos AKTOR Athens,https://media-cdn.cortextech.io/28be84d9-ad7e-43b3-8d8c-822bb76b8a9e.png;https://media-cdn.incrowdsports.com/e3dff28a-9ec6-4faf-9d96-ecbc68f75780.png
71,161.0,87.0,17.380331262939958,4.8,1.1,1.9,57%,0.7,1.9,37.3%,0.6,0.9,73.7%,0.7,1.0,1.7,1.0,0.4,0.7,0.1,0.2,2.0,0.9,3.9,006546,"TAYLOR, JEFFERY",32,https://media-cdn.incrowdsports.com/10410890-e74a-4866-9d92-997cd1821ed9.png,MAD,RMB,Real Madrid,https://media-cdn.incrowdsports.com/1a3e1404-4f6f-4ede-9d8b-30eee7cb51b4.png
72,64.0,23.0,16.520572916666666,5.5,1.0,2.1,48.1%,0.9,2.7,33.9%,0.7,1.0,70.3%,0.4,1.2,1.5,1.5,0.5,0.9,0.1,0.1,2.6,1.5,3.9,BCM,"HARISSIS, CHRISTOS",31,,BAS;OLY;SOP,BKN;OLY;PRO,Baskonia Vitoria-Gasteiz;Olympiacos Piraeus;Arka Gdynia,https://media-cdn.incrowdsports.com/e324a6af-2a72-443e-9813-8bf2d364ddab.png;https://media-cdn.incrowdsports.com/789423ac-3cdf-4b89-b11c-b458aa5f59a6.png;https://media-cdn.incrowdsports.com/210fa2fa-3529-400d-8d3f-9174a22ad1a8.png
73,62.0,11.0,9.307795698924732,3.5,1.2,2.3,53.1%,0.0,0.0,0%,1.1,1.7,64.4%,0.7,1.4,2.1,0.3,0.3,0.5,0.4,0.2,1.8,1.4,3.9,JGM,"GREEN, YANIV",30,,TEL,MAC,Maccabi Rapyd Tel Aviv,https://media-cdn.incrowdsports.com/5c55ef14-29df-4328-bd52-a7a64c432350.png
74,91.0,28.0,11.9003663003663,3.2,0.5,0.9,55.8%,0.6,1.5,42.5%,0.3,0.3,74.2%,0.5,1.5,2.0,0.5,0.3,0.3,0.0,0.1,0.9,0.5,3.9,003198,"DIEZ, DANIEL",30,https://media-cdn.incrowdsports.com/dd893939-b4ad-4ada-8173-0a55122c7248.png,MAD;MAL;BAS,RMD;UNI;BKN,Real Madrid;Unicaja Malaga;Baskonia Vitoria-Gasteiz,https://media-cdn.incrowdsports.com/1a3e1404-4f6f-4ede-9d8b-30eee7cb51b4.png;https://media-cdn.incrowdsports.com/6342214b-684b-421f-8960-5d20354458da.png;https://media-cdn.incrowdsports.com/e324a6af-2a72-443e-9813-8bf2d364ddab.png
75,122.0,64.0,9.943989071038253,3.3,1.4,2.1,67.3%,0.0,0.0,0%,0.5,1.0,49.6%,1.0,1.3,2.3,0.5,0.4,0.6,0.3,0.2,1.8,1.0,3.9,006399,"DUVERIOGLU, AHMET",28,https://media-cdn.incrowdsports.com/409afc2e-19a2-4764-badd-a4c751aec011.png,IST;ULK,EFS;FNB,Anadolu Efes Istanbul;Fenerbahce Beko Istanbul,https://media-cdn.cortextech.io/9a463aa2-ceb2-481c-9a95-1cddee0a248e.png;https://media-cdn.cortextech.io/3b7f020e-5b39-49a1-b4b2-efea918edab7.png
76,129.0,83.0,19.358010335917314,4.1,0.4,1.0,42.2%,0.9,2.8,32.2%,0.5,0.8,70%,0.4,1.8,2.2,1.9,0.7,0.8,0.0,0.1,2.4,1.1,4.0,003537,"MANTZARIS, VANGELIS",28,https://media-cdn.incrowdsports.com/88fe2d94-9e8f-437a-9a2d-7d2affe2c0ec.png,OLY,OLY,Olympiacos Piraeus,https://media-cdn.incrowdsports.com/789423ac-3cdf-4b89-b11c-b458aa5f59a6.png
77,74.0,4.0,14.867342342342344,3.9,1.4,2.8,49.5%,0.2,0.8,26.2%,0.5,0.6,75%,0.6,1.6,2.2,1.5,0.8,1.4,0.2,0.1,2.2,1.1,4.0,001261,"LACOMBE, PAUL",32,https://media-cdn.incrowdsports.com/fa3fbfb5-06c4-447a-8936-ec3730ad9593.png,STR;ASV,SIG;ASV,Strasbourg Illkirch-Graffenstaden Basket;LDLC ASVEL Villeurbanne,https://media-cdn.incrowdsports.com/554f980e-fded-4943-ab5b-541f1f36f6a9.png;https://media-cdn.incrowdsports.com/e33c6d1a-95ca-4dbc-b8cb-0201812104cc.png
78,53.0,6.0,15.25314465408805,4.1,1.4,2.8,51%,0.3,1.2,25.8%,0.4,0.7,54.1%,1.0,2.0,3.0,0.5,0.3,1.0,0.5,0.2,1.5,1.0,4.0,BDK,"KLIMAVICIUS, TADAS",31,,ZAL,ZAL,Zalgiris Kaunas,https://media-cdn.incrowdsports.com/0aa09358-3847-4c4e-b228-3582ee4e536d.png
79,47.0,18.0,15.548581560283687,4.7,1.1,2.2,50%,0.7,1.8,38.6%,0.5,0.6,78.6%,0.5,1.7,2.1,0.5,0.4,0.6,0.3,0.1,1.7,0.7,4.0,003482,"NICHOLS, DEMETRIS",32,https://media-cdn.cortextech.io/2a58f71e-9669-4efd-a620-984851fc50b4.png,CSK;PAN,CSK;PAO,CSKA Moscow;Panathinaikos AKTOR Athens,https://media-cdn.incrowdsports.com/b6a59212-7feb-4f8c-86c2-5e8f07625e3e.png;https://media-cdn.incrowdsports.com/e3dff28a-9ec6-4faf-9d96-ecbc68f75780.png
80,32.0,8.0,16.205208333333335,5.1,1.2,2.6,47.6%,0.4,1.6,25.5%,1.4,1.9,72.6%,0.7,1.4,2.1,0.9,0.5,1.4,0.1,0.3,1.7,1.8,4.1,AZG,"GADOU, THIERRY",36,,BAS;ASV;PAU,BKN;ASV;PAU,Baskonia Vitoria-Gasteiz;LDLC ASVEL Villeurbanne;Elan Bearnais Pau-Lacq-Orthez,https://media-cdn.incrowdsports.com/e324a6af-2a72-443e-9813-8bf2d364ddab.png;https://media-cdn.incrowdsports.com/e33c6d1a-95ca-4dbc-b8cb-0201812104cc.png;https://media-cdn.incrowdsports.com/4550b11c-3680-44b2-a512-f0b4ff304b59.png
81,73.0,11.0,13.011415525114156,4.0,1.0,2.1,49.7%,0.5,1.3,37.2%,0.5,0.9,58.8%,0.5,1.5,1.9,0.9,0.8,0.7,0.1,0.1,1.6,1.0,4.1,AYU,"PASHUTIN, ZAKHAR",37,,CSK;UNK,CSK;UNK,CSKA Moscow;UNICS Kazan,https://media-cdn.incrowdsports.com/b6a59212-7feb-4f8c-86c2-5e8f07625e3e.png;https://media-cdn.incrowdsports.com/70b00b96-e98a-42ba-9997-39d70a895157.png
82,99.0,41.0,14.742760942760942,3.9,1.1,2.4,47.4%,0.3,0.9,34.4%,0.7,1.1,68.2%,0.4,1.5,1.9,1.7,0.5,0.9,0.0,0.1,1.8,1.1,4.1,KIW,"CINCIARINI, ANDREA",34,https://media-cdn.incrowdsports.com/aad5221a-652d-49a6-b2c6-1b61031221e2.png,PES;ROM;CTU;MIL,PES;ROM;CTU;EA7,Scavolini Pesaro;Pallacanestro Virtus Roma;Pallacanestro Cantu;EA7 Emporio Armani Milan,https://media-cdn.incrowdsports.com/4ea03b00-c6e0-455c-88a6-cf86640a8dd8.png;https://media-cdn.incrowdsports.com/e5836b62-9939-4063-b5e5-cc2f5804c142.png;https://media-cdn.incrowdsports.com/17abff29-6978-4f75-9bbe-2e6171bb856f.png;https://media-cdn.cortextech.io/9512ee73-a0f1-4647-a01e-3c2938aba6b8.png
83,46.0,20.0,15.873913043478263,4.5,1.0,1.8,55.4%,0.6,2.2,28%,0.7,0.9,72.1%,0.4,1.4,1.8,0.8,0.9,1.0,0.2,0.1,1.6,1.2,4.2,LEV,"RABASEDA, XAVIER",29,https://media-cdn.incrowdsports.com/0a997cb7-644a-4042-b708-92a360579710.png,BAR;CAN,FCB;HGC,FC Barcelona;Club Baloncesto Gran Canaria,https://media-cdn.incrowdsports.com/35dfa503-e417-481f-963a-bdf6f013763e.png;https://media-cdn.incrowdsports.com/a074edc1-e180-4515-a876-447884b570b1.png
84,56.0,28.0,17.270833333333332,4.6,0.6,1.5,42.9%,1.0,3.4,28.4%,0.4,0.6,78.1%,0.4,1.4,1.8,1.1,0.7,0.8,0.1,0.0,1.8,2.1,4.2,002820,"SALIN, SASU",26,https://media-cdn.incrowdsports.com/032f8e78-4120-4166-9d3d-96ef557e5859.png,LJU;MAL,UOL;UNI,KK Cedevita Olimpija;Unicaja Malaga,https://media-cdn.incrowdsports.com/73b33d13-570e-4e49-a9cb-fe806831eaa7.png;https://media-cdn.incrowdsports.com/6342214b-684b-421f-8960-5d20354458da.png
85,69.0,25.0,18.05024154589372,5.1,1.4,3.2,43.7%,0.3,1.4,25.5%,1.2,1.6,78.2%,0.7,2.2,2.9,0.5,1.0,1.0,0.1,0.3,2.3,1.5,4.2,JJV,"ROZIC, MARIN",27,,CIB,CIB,KK Cibona,https://media-cdn.incrowdsports.com/2bc7884a-4fe7-4362-9d4f-ba2ad8a0239d.png
86,38.0,22.0,16.825877192982457,3.7,1.7,3.5,47.7%,0.0,0.0,0%,0.3,0.7,50%,1.5,2.2,3.7,0.4,0.7,1.2,0.9,0.1,2.7,1.1,4.2,JYE,"RIZVIC, HASAN",23,,LJU,LJU,KK Cedevita Olimpija,https://media-cdn.incrowdsports.com/73b33d13-570e-4e49-a9cb-fe806831eaa7.png
87,71.0,9.0,15.27323943661972,4.9,0.3,0.6,44.4%,1.1,2.8,39.3%,1.1,1.3,83.9%,0.2,0.9,1.1,1.7,0.4,1.2,0.0,0.1,1.7,1.4,4.2,AZB,"FAUTHOUX, FREDERIC",49,,PAU;ASV,PAU;ASV,Elan Bearnais Pau-Lacq-Orthez;LDLC ASVEL Villeurbanne,https://media-cdn.incrowdsports.com/4550b11c-3680-44b2-a512-f0b4ff304b59.png;https://media-cdn.incrowdsports.com/e33c6d1a-95ca-4dbc-b8cb-0201812104cc.png
88,120.0,61.0,20.081805555555555,6.8,1.6,3.0,51.8%,0.9,2.5,35.4%,1.0,1.6,61.9%,0.2,1.0,1.2,0.7,0.8,0.8,0.0,0.3,2.3,1.7,4.2,ARO,"ONAN, OMER",35,,IST;ULK,EFS;ULK,Anadolu Efes Istanbul;Fenerbahce Beko Istanbul,https://media-cdn.cortextech.io/9a463aa2-ceb2-481c-9a95-1cddee0a248e.png;https://media-cdn.cortextech.io/3b7f020e-5b39-49a1-b4b2-efea918edab7.png
89,54.0,29.0,13.658024691358024,4.8,2.0,3.9,51.9%,0.0,0.1,0%,0.7,1.3,54.2%,1.2,2.0,3.1,0.3,0.4,0.9,0.3,0.2,2.6,1.7,4.2,BBH,"POLJAK, JOSKO",27,,CSK;CIB;LJU,CSK;CIB;LJU,CSKA Moscow;KK Cibona;KK Cedevita Olimpija,https://media-cdn.incrowdsports.com/b6a59212-7feb-4f8c-86c2-5e8f07625e3e.png;https://media-cdn.incrowdsports.com/2bc7884a-4fe7-4362-9d4f-ba2ad8a0239d.png;https://media-cdn.incrowdsports.com/73b33d13-570e-4e49-a9cb-fe806831eaa7.png
90,129.0,3.0,13.155038759689923,5.4,0.6,1.4,43.7%,1.1,3.2,34.8%,0.9,1.2,77.9%,0.2,1.3,1.5,1.4,0.5,1.0,0.0,0.1,1.9,1.5,4.3,010392,"LARENTZAKIS, GIANNOULIS",31,https://media-cdn.incrowdsports.com/f051ba29-7b39-4681-b3c7-3de17ce25734.png,OLY,OLY,Olympiacos Piraeus,https://media-cdn.incrowdsports.com/789423ac-3cdf-4b89-b11c-b458aa5f59a6.png
91,88.0,14.0,14.475378787878787,4.5,0.6,1.1,55.6%,0.9,2.4,38.5%,0.6,0.8,69.4%,0.3,1.3,1.6,1.1,0.4,0.6,0.0,0.0,1.4,0.8,4.3,LKX,"PNINI, GUY",42,https://media-cdn.incrowdsports.com/555f6f68-6bd3-4239-9091-25cdb99cfbd7.png,TEL,MTA,Maccabi Rapyd Tel Aviv,https://media-cdn.incrowdsports.com/5c55ef14-29df-4328-bd52-a7a64c432350.png
92,126.0,26.0,15.01600529100529,4.4,1.1,2.1,53.2%,0.5,1.6,34.2%,0.6,0.9,64.2%,0.6,1.7,2.3,0.8,0.4,0.7,0.1,0.1,1.7,1.2,4.3,003573,"ZUBKOV, ANDREY",30,https://media-cdn.incrowdsports.com/08fac229-0cd6-4d04-8929-93b0fbedcde9.png,TIV;KHI;DYR,LOK;KHI;ZEN,Lokomotiv Kuban;BC Khimki;Zenit St Petersburg,https://media-cdn.incrowdsports.com/10d99d78-4206-411d-83d2-db7abc63c6ae.png;https://media-cdn.incrowdsports.com/04bd9ac1-e8ed-4b35-8878-272596e5c7d6.png;https://media-cdn.incrowdsports.com/4c571fd6-52f1-428c-94a5-9143fbbb4fe3.png
93,181.0,53.0,16.25,4.6,0.6,1.4,45.5%,1.0,2.5,40.3%,0.3,0.4,75%,0.6,1.8,2.4,1.0,0.6,0.8,0.4,0.1,2.1,0.6,4.3,BFX,"MONIA, SERGEY",37,https://media-cdn.incrowdsports.com/d3e66f80-1885-4da3-bf68-0282f1611f82.png,CSK;DYN;KHI,CSK;DYN;KHI,CSKA Moscow;Dynamo Moscow;BC Khimki,https://media-cdn.incrowdsports.com/b6a59212-7feb-4f8c-86c2-5e8f07625e3e.png;https://media-cdn.incrowdsports.com/22ab0314-9deb-407c-97aa-4032f4017564.png;https://media-cdn.incrowdsports.com/04bd9ac1-e8ed-4b35-8878-272596e5c7d6.png
94,30.0,10.0,19.74888888888889,7.0,1.0,2.3,42.6%,1.4,4.0,35.8%,0.8,1.0,80%,0.5,2.1,2.6,0.7,0.5,0.9,0.3,0.2,2.7,1.1,4.3,003458,"BERTANS, DAVIS",23,,LJU;PAR;BAS,UOL;PAR;LBO,KK Cedevita Olimpija;Partizan Mozzart Bet Belgrade;Baskonia Vitoria-Gasteiz,https://media-cdn.incrowdsports.com/73b33d13-570e-4e49-a9cb-fe806831eaa7.png;https://media-cdn.incrowdsports.com/2681304e-77dd-4331-88b1-683078c0fb49.png;https://media-cdn.incrowdsports.com/e324a6af-2a72-443e-9813-8bf2d364ddab.png
95,77.0,9.0,14.49069264069264,2.6,0.8,1.4,53.6%,0.2,0.9,22.1%,0.5,0.7,68.4%,0.5,1.5,2.0,1.8,0.6,0.9,0.1,0.1,1.2,1.1,4.3,BGO,"SADA, VICTOR",40,,BAR,FCB,FC Barcelona,https://media-cdn.incrowdsports.com/35dfa503-e417-481f-963a-bdf6f013763e.png
96,64.0,24.0,14.7015625,5.4,1.2,2.4,50%,0.6,1.7,35.5%,1.2,1.6,73.1%,0.5,1.4,1.9,0.5,0.4,0.8,0.1,0.2,1.6,1.3,4.4,002582,"TOUPANE, AXEL",26,https://media-cdn.incrowdsports.com/06aa4aa3-1b9d-4479-8c92-3e27679196c2.png,STR;ZAL;OLY,SIG;ZAL;OLY,Strasbourg Illkirch-Graffenstaden Basket;Zalgiris Kaunas;Olympiacos Piraeus,https://media-cdn.incrowdsports.com/554f980e-fded-4943-ab5b-541f1f36f6a9.png;https://media-cdn.incrowdsports.com/0aa09358-3847-4c4e-b228-3582ee4e536d.png;https://media-cdn.incrowdsports.com/789423ac-3cdf-4b89-b11c-b458aa5f59a6.png
97,39.0,18.0,19.300427350427352,6.6,1.1,2.3,46.1%,1.3,3.7,33.6%,0.7,1.1,70.7%,0.4,1.3,1.7,1.1,0.4,1.1,0.1,0.2,1.7,1.5,4.4,LPY,"ZAMOJSKI, PRZEMYSLAW",29,https://media-cdn.cortextech.io/29c91288-fed0-409f-ba7a-ccdf77fc6073.png,SOP;GSS,PRO;ZGA,Arka Gdynia;GSS Akcyjna,https://media-cdn.incrowdsports.com/210fa2fa-3529-400d-8d3f-9174a22ad1a8.png;https://media-cdn.incrowdsports.com/abebfbc3-2dcd-4cc5-91f3-37dae527f363.png
98,70.0,25.0,18.985,5.1,1.1,2.2,50.7%,0.7,1.9,35.3%,0.8,1.1,71.8%,0.6,1.8,2.4,0.7,1.2,1.0,0.4,0.1,2.8,1.3,4.4,ACK,"PELEKANOS, MICHALIS",30,,PER;AEK;MAD;MAR;OLY,PER;AEK;RMD;MAR;OLY,Peristeri BC;AEK Athens;Real Madrid;Maroussi BC;Olympiacos Piraeus,https://media-cdn.incrowdsports.com/743fd646-dc10-4a04-a90f-952e33a143a4.png;https://media-cdn.incrowdsports.com/b51b0af8-ac03-4093-8858-9b4d71830fe7.png;https://media-cdn.incrowdsports.com/1a3e1404-4f6f-4ede-9d8b-30eee7cb51b4.png;https://media-cdn.incrowdsports.com/a819629b-f7c5-4888-b24c-6ed64ef28270.png;https://media-cdn.incrowdsports.com/789423ac-3cdf-4b89-b11c-b458aa5f59a6.png
99,44.0,6.0,12.023484848484848,3.9,1.2,2.1,55.4%,0.1,0.2,27.3%,1.4,1.8,77.5%,0.6,1.0,1.6,0.9,0.5,0.7,0.1,0.1,1.9,1.7,4.5,AOX,"SHELEF, GUR",30,,TEL,MAC,Maccabi Rapyd Tel Aviv,https://media-cdn.incrowdsports.com/5c55ef14-29df-4328-bd52-a7a64c432350.png
100,101.0,15.0,13.498184818481848,3.9,0.9,1.9,49.2%,0.5,1.4,37.2%,0.5,0.7,70.4%,0.7,1.7,2.4,0.4,0.5,0.4,0.5,0.0,1.5,0.9,4.5,JHL,"RESS, TOMAS",33,,PES;FOR;SIE,PES;FOR;MPS,Scavolini Pesaro;Fortitudo Pallacanestro Bologna 103;Montepaschi Siena,https://media-cdn.incrowdsports.com/4ea03b00-c6e0-455c-88a6-cf86640a8dd8.png;https://media-cdn.incrowdsports.com/0a746cc0-eb26-481a-bab5-457cfc51eae5.png;https://media-cdn.incrowdsports.com/1d94a55f-b8c7-459c-951e-8177f5f3eebe.png
101,82.0,38.0,13.777235772357724,3.3,1.5,2.8,52.6%,0.0,0.0,0%,0.4,0.9,45.7%,1.6,2.1,3.8,0.4,0.5,0.9,0.7,0.3,2.5,1.3,4.5,011941,"GILLESPIE, FREDDIE",27,https://media-cdn.incrowdsports.com/8ea99782-0bb1-42b5-b330-d9b629c19654.png,MUN;RED;MIL,BAY;CZV;EA7,FC Bayern Munich;Crvena Zvezda Meridianbet Belgrade;EA7 Emporio Armani Milan,https://media-cdn.incrowdsports.com/817b0e58-d595-4b09-ab0b-1e7cc26249ff.png;https://media-cdn.incrowdsports.com/d2eef4a8-62df-4fdd-9076-276004268515.png;https://media-cdn.cortextech.io/9512ee73-a0f1-4647-a01e-3c2938aba6b8.png
102,137.0,36.0,13.424817518248176,5.5,1.0,2.1,46.4%,0.8,2.1,38.5%,1.2,1.4,85.5%,0.5,1.1,1.5,1.1,0.5,0.8,0.1,0.2,1.9,1.3,4.6,LLH,"FRIDZON, VITALY",35,https://media-cdn.incrowdsports.com/b1db3410-c6e2-41a6-9483-2eb7580ebdfb.png,KHI;CSK;DYR,KHI;CSK;ZEN,BC Khimki;CSKA Moscow;Zenit St Petersburg,https://media-cdn.incrowdsports.com/04bd9ac1-e8ed-4b35-8878-272596e5c7d6.png;https://media-cdn.incrowdsports.com/b6a59212-7feb-4f8c-86c2-5e8f07625e3e.png;https://media-cdn.incrowdsports.com/4c571fd6-52f1-428c-94a5-9143fbbb4fe3.png
103,103.0,13.0,13.166181229773462,5.7,0.8,1.8,45%,0.9,2.3,37.6%,1.5,1.7,88.2%,0.2,0.9,1.0,0.9,0.3,1.0,0.1,0.1,1.3,1.6,4.6,000956,"ANDJUSIC, DANILO",32,https://media-cdn.incrowdsports.com/09afdf60-b0bf-4e1a-808e-5c9387634da5.png,UNK;MCO;PAR,UNK;ASM;PAR,UNICS Kazan;AS Monaco;Partizan Mozzart Bet Belgrade,https://media-cdn.incrowdsports.com/70b00b96-e98a-42ba-9997-39d70a895157.png;https://media-cdn.incrowdsports.com/89ed276a-2ba3-413f-8ea2-b3be209ca129.png;https://media-cdn.incrowdsports.com/2681304e-77dd-4331-88b1-683078c0fb49.png
104,119.0,35.0,17.04593837535014,6.1,0.6,1.5,41.4%,1.3,3.0,44%,0.9,1.0,86.1%,0.3,0.6,0.9,1.1,0.4,0.6,0.0,0.2,1.9,1.4,4.6,000436,"BERTANS, DAIRIS",31,https://media-cdn.incrowdsports.com/cd515747-e45e-4ce4-97e6-933e25a07e55.png,PAR;DAR;MIL;KHI,PAR;DDI;AXM;KHI,Partizan Mozzart Bet Belgrade;Darussafaka Basketbol;EA7 Emporio Armani Milan;BC Khimki,https://media-cdn.incrowdsports.com/2681304e-77dd-4331-88b1-683078c0fb49.png;https://media-cdn.incrowdsports.com/9ceb124a-7ee1-4db5-8d8c-7d485980b989.png;https://media-cdn.cortextech.io/9512ee73-a0f1-4647-a01e-3c2938aba6b8.png;https://media-cdn.incrowdsports.com/04bd9ac1-e8ed-4b35-8878-272596e5c7d6.png
105,145.0,33.0,17.307471264367816,5.5,0.8,2.0,41.4%,0.8,2.8,30.1%,1.2,1.7,71.6%,0.1,0.9,1.1,1.9,0.7,1.2,0.0,0.1,1.6,2.0,4.6,ARN,"ARSLAN, ENDER",33,https://media-cdn.cortextech.io/4277b9f8-0e9a-436d-9f72-2ab81293fd46.png,BAS;LJU;IST;GAL;DAR,BKN;LJU;EFS;GSL;DDI,Baskonia Vitoria-Gasteiz;KK Cedevita Olimpija;Anadolu Efes Istanbul;Galatasaray Spor Kulubu;Darussafaka Basketbol,https://media-cdn.incrowdsports.com/e324a6af-2a72-443e-9813-8bf2d364ddab.png;https://media-cdn.incrowdsports.com/73b33d13-570e-4e49-a9cb-fe806831eaa7.png;https://media-cdn.cortextech.io/9a463aa2-ceb2-481c-9a95-1cddee0a248e.png;https://media-cdn.cortextech.io/95056dbe-7949-4b65-921d-ed9b59c0791c.png;https://media-cdn.incrowdsports.com/9ceb124a-7ee1-4db5-8d8c-7d485980b989.png
106,28.0,9.0,17.13154761904762,6.7,0.4,1.3,30.6%,1.6,3.6,45.5%,1.0,1.3,73%,0.0,1.2,1.2,1.1,0.4,1.1,0.0,0.0,2.2,1.6,4.6,KAX,"BLUMS, JANIS",32,,BIL;LIE;PAN,BIL;LIE;PAO,Bilbao Basket;Rytas Vilnius;Panathinaikos AKTOR Athens,https://media-cdn.incrowdsports.com/eedb87e1-f3d1-46d4-bbf8-bbb25b932d6d.png;https://media-cdn.incrowdsports.com/894a55c9-4a15-40b0-a1b0-b0aec2ce3592.png;https://media-cdn.incrowdsports.com/e3dff28a-9ec6-4faf-9d96-ecbc68f75780.png
107,34.0,8.0,14.725980392156863,5.9,0.7,1.7,40.7%,1.0,2.8,34.7%,1.6,1.9,80.3%,0.3,0.9,1.2,1.5,0.5,1.1,0.0,0.1,1.7,1.7,4.7,BUW,"DELININKAITIS, TOMAS",29,,LIE;ZAL,LIE;ZAL,Rytas Vilnius;Zalgiris Kaunas,https://media-cdn.incrowdsports.com/894a55c9-4a15-40b0-a1b0-b0aec2ce3592.png;https://media-cdn.incrowdsports.com/0aa09358-3847-4c4e-b228-3582ee4e536d.png
108,93.0,36.0,16.61272401433692,5.5,1.4,2.5,54%,0.8,2.2,33.5%,0.5,0.7,71%,0.6,2.0,2.6,0.6,0.3,0.7,0.4,0.2,1.7,0.8,4.7,006068,"NOUA, AMINE",26,https://media-cdn.incrowdsports.com/8e06b767-0829-4e1a-aa77-000a04e29a22.png,ASV;ULK,ASV;FBB,LDLC ASVEL Villeurbanne;Fenerbahce Beko Istanbul,https://media-cdn.incrowdsports.com/e33c6d1a-95ca-4dbc-b8cb-0201812104cc.png;https://media-cdn.cortextech.io/3b7f020e-5b39-49a1-b4b2-efea918edab7.png
109,107.0,31.0,15.51526479750779,5.1,0.8,1.8,42.9%,0.8,2.7,29.6%,1.2,1.7,72.9%,0.9,2.3,3.1,0.7,0.4,0.7,0.2,0.1,2.3,1.6,4.7,BAE,"ANTIC, PERO",35,https://media-cdn.cortextech.io/befa3ab5-c9cc-40dd-9515-01d508639ff0.png,AEK;OLY;ULK;RED,AEK;OLY;FNB;CZV,AEK Athens;Olympiacos Piraeus;Fenerbahce Beko Istanbul;Crvena Zvezda Meridianbet Belgrade,https://media-cdn.incrowdsports.com/b51b0af8-ac03-4093-8858-9b4d71830fe7.png;https://media-cdn.incrowdsports.com/789423ac-3cdf-4b89-b11c-b458aa5f59a6.png;https://media-cdn.cortextech.io/3b7f020e-5b39-49a1-b4b2-efea918edab7.png;https://media-cdn.incrowdsports.com/d2eef4a8-62df-4fdd-9076-276004268515.png
110,51.0,13.0,14.497058823529413,4.5,1.7,3.0,58.9%,0.1,0.5,25.9%,0.6,1.3,48.5%,1.4,1.6,3.0,0.1,0.5,0.6,0.2,0.1,1.9,1.2,4.7,AFB,"SEKULIC, BLAGOTA",31,,BUD;PAR;AEK;MAD;BER;ULK,BUD;PAR;AEK;RMD;BER;FBU,KK Buducnost;Partizan Mozzart Bet Belgrade;AEK Athens;Real Madrid;ALBA Berlin;Fenerbahce Beko Istanbul,https://media-cdn.incrowdsports.com/47161285-94b3-4266-9d23-b722e8600945.png;https://media-cdn.incrowdsports.com/2681304e-77dd-4331-88b1-683078c0fb49.png;https://media-cdn.incrowdsports.com/b51b0af8-ac03-4093-8858-9b4d71830fe7.png;https://media-cdn.incrowdsports.com/1a3e1404-4f6f-4ede-9d8b-30eee7cb51b4.png;https://media-cdn.incrowdsports.com/ccc34858-22b0-47dc-904c-9940b0a16ff3.png;https://media-cdn.cortextech.io/3b7f020e-5b39-49a1-b4b2-efea918edab7.png
111,126.0,48.0,17.02777777777778,4.5,0.6,1.3,44.6%,0.9,2.4,38.6%,0.6,0.7,78.9%,0.2,1.2,1.4,2.4,0.7,1.4,0.0,0.1,1.8,1.3,4.7,TFK,"DIOT, ANTOINE",33,https://media-cdn.incrowdsports.com/ace3da8c-eebb-4a9b-9747-e6523d1b581e.png,LEM;STR;PAM;ASV,LMS;SIG;VBC;ASV,Le Mans Sarthe Basket;Strasbourg Illkirch-Graffenstaden Basket;Valencia Basket;LDLC ASVEL Villeurbanne,https://media-cdn.incrowdsports.com/25203b2d-cb6c-4614-926a-e55109f98238.png;https://media-cdn.incrowdsports.com/554f980e-fded-4943-ab5b-541f1f36f6a9.png;https://media-cdn.cortextech.io/d88f3c71-1519-4b19-8cfb-99e26a4c008e.png;https://media-cdn.incrowdsports.com/e33c6d1a-95ca-4dbc-b8cb-0201812104cc.png
112,72.0,44.0,18.36435185185185,4.7,0.8,1.5,54.1%,0.8,2.4,32.6%,0.6,0.7,86.5%,0.3,1.2,1.5,2.6,0.8,1.1,0.1,0.2,2.7,1.5,4.7,002361,"VIVES, GUILLEM",27,https://media-cdn.incrowdsports.com/a8d169b3-dcd3-42f0-825d-ffc1ec94ac0d.png,PAM,VBC,Valencia Basket,https://media-cdn.cortextech.io/d88f3c71-1519-4b19-8cfb-99e26a4c008e.png
113,210.0,23.0,13.832301587301588,4.8,0.4,1.0,42.5%,1.0,2.7,38.1%,0.8,0.9,90.9%,0.5,1.1,1.5,1.1,0.7,0.4,0.0,0.1,1.9,1.4,4.7,007990,"DIBARTOLOMEO, JOHN",34,https://media-cdn.incrowdsports.com/d849757d-0a4d-47b8-82aa-ddca5eb1f7bc.png,TEL,MTA,Maccabi Rapyd Tel Aviv,https://media-cdn.incrowdsports.com/5c55ef14-29df-4328-bd52-a7a64c432350.png
114,38.0,17.0,17.248684210526317,5.4,1.2,2.4,48.9%,0.4,1.6,28.3%,1.7,2.2,77.6%,0.3,1.3,1.6,1.2,0.9,1.4,0.0,0.3,2.6,2.6,4.7,BZQ,"KALAMPOKIS, GIANNIS",47,,AEK;NIO;OLY,AEK;PNI;OLY,AEK Athens;Panionios BC;Olympiacos Piraeus,https://media-cdn.incrowdsports.com/b51b0af8-ac03-4093-8858-9b4d71830fe7.png;https://media-cdn.cortextech.io/72d40b5d-e5bc-4ae4-b60e-50891c25e847.png;https://media-cdn.incrowdsports.com/789423ac-3cdf-4b89-b11c-b458aa5f59a6.png
115,38.0,9.0,14.415789473684208,5.1,1.2,2.6,46.4%,0.7,1.8,41.2%,0.5,0.9,57.6%,0.8,1.7,2.4,0.6,0.6,1.0,0.6,0.0,1.9,1.2,4.7,BAP,"TOURE, HERVE",28,,ASV;MIL;ROM,ASV;MIL;ROM,LDLC ASVEL Villeurbanne;EA7 Emporio Armani Milan;Pallacanestro Virtus Roma,https://media-cdn.incrowdsports.com/e33c6d1a-95ca-4dbc-b8cb-0201812104cc.png;https://media-cdn.cortextech.io/9512ee73-a0f1-4647-a01e-3c2938aba6b8.png;https://media-cdn.incrowdsports.com/e5836b62-9939-4063-b5e5-cc2f5804c142.png
116,60.0,21.0,15.381944444444445,4.9,1.0,1.7,57.4%,0.8,2.5,33.6%,0.4,0.6,68.4%,0.8,2.1,2.9,0.4,0.4,0.4,0.4,0.0,2.0,0.7,4.8,005881,"GABRIEL, KENNY",28,https://media-cdn.incrowdsports.com/f8f87632-571c-444e-955a-72949427c44f.png,KSK;PAN,KSK;PAO,Karsiyaka Spor Kulubu;Panathinaikos AKTOR Athens,https://media-cdn.incrowdsports.com/d4b8a6ca-e46f-4fc2-acc2-5cc7368f7a88.png;https://media-cdn.incrowdsports.com/e3dff28a-9ec6-4faf-9d96-ecbc68f75780.png
117,152.0,63.0,18.986184210526318,5.3,1.1,2.3,47.2%,0.8,2.2,33.3%,0.8,1.0,84%,0.6,1.9,2.5,0.7,0.4,0.7,0.1,0.2,1.9,1.4,4.8,KIR,"KAHUDI, CHARLES",38,https://media-cdn.incrowdsports.com/09c42084-be1d-4b65-b880-9544effea93a.png,ASV,ASV,LDLC ASVEL Villeurbanne,https://media-cdn.incrowdsports.com/e33c6d1a-95ca-4dbc-b8cb-0201812104cc.png
118,62.0,10.0,16.53790322580645,4.3,0.8,1.8,45.1%,0.6,1.8,34.8%,0.8,0.9,82.5%,0.2,1.1,1.3,2.2,1.1,1.0,0.1,0.2,2.0,1.2,4.8,002946,"DRAPER, DONTAYE",32,https://media-cdn.cortextech.io/bb168d12-c742-4d10-8197-dda3fb323d63.png,IST;TIV;MAD,EFS;LOK;RMD,Anadolu Efes Istanbul;Lokomotiv Kuban;Real Madrid,https://media-cdn.cortextech.io/9a463aa2-ceb2-481c-9a95-1cddee0a248e.png;https://media-cdn.incrowdsports.com/10d99d78-4206-411d-83d2-db7abc63c6ae.png;https://media-cdn.incrowdsports.com/1a3e1404-4f6f-4ede-9d8b-30eee7cb51b4.png
119,29.0,16.0,21.605747126436782,3.8,0.5,1.0,48.3%,0.9,2.5,34.2%,0.2,0.4,53.8%,0.2,1.8,2.0,3.0,0.9,1.2,0.0,0.0,2.5,1.2,4.8,000499,"GOLDSBERRY, JOHN",31,,BAM,BRO,Bamberger Basketball GmbH,https://media-cdn.incrowdsports.com/85cdd43a-2bbd-4f73-b8f7-76288a5193cb.png
120,63.0,16.0,12.964814814814813,5.0,1.4,2.5,53.8%,0.4,1.0,36.5%,1.1,2.0,56.7%,0.7,1.4,2.0,0.7,0.5,0.5,0.1,0.2,1.8,1.6,4.8,AGZ,"PAPANIKOLAOU, DIMITRIOS",29,,OLY;PAN,OLY;PAO,Olympiacos Piraeus;Panathinaikos AKTOR Athens,https://media-cdn.incrowdsports.com/789423ac-3cdf-4b89-b11c-b458aa5f59a6.png;https://media-cdn.incrowdsports.com/e3dff28a-9ec6-4faf-9d96-ecbc68f75780.png
121,27.0,5.0,14.94814814814815,6.9,2.6,5.4,47.3%,0.0,0.0,0%,1.7,2.6,68.1%,1.2,1.1,2.3,0.4,0.4,1.2,0.3,0.3,2.9,2.7,4.9,JQH,"KATIC, RASKO",33,,PAR;RED,PAR;CZT,Partizan Mozzart Bet Belgrade;Crvena Zvezda Meridianbet Belgrade,https://media-cdn.incrowdsports.com/2681304e-77dd-4331-88b1-683078c0fb49.png;https://media-cdn.incrowdsports.com/d2eef4a8-62df-4fdd-9076-276004268515.png
122,30.0,14.0,13.288333333333332,4.5,1.6,2.5,65.3%,0.0,0.0,0%,1.3,2.4,52.8%,1.0,1.9,2.9,0.2,0.3,1.1,0.5,0.2,2.4,2.1,4.9,LTF,"SOKOLOV, DMITRY",32,,CSK;UNK;KHI,CSK;UNK;KHI,CSKA Moscow;UNICS Kazan;BC Khimki,https://media-cdn.incrowdsports.com/b6a59212-7feb-4f8c-86c2-5e8f07625e3e.png;https://media-cdn.incrowdsports.com/70b00b96-e98a-42ba-9997-39d70a895157.png;https://media-cdn.incrowdsports.com/04bd9ac1-e8ed-4b35-8878-272596e5c7d6.png
123,76.0,43.0,19.44934210526316,6.8,1.5,3.5,42.5%,0.9,2.7,34.8%,1.0,1.2,80%,0.5,1.4,1.9,1.2,0.9,1.1,0.1,0.2,2.7,1.9,4.9,BED,"MARKOISHVILI, MANUCHAR",39,,TRE;LJU;CTU;GAL;CSK;DAR;MCO,TRE;LJU;CTU;GSL;CSK;DDI;ASM,Benetton Basket Treviso;KK Cedevita Olimpija;Pallacanestro Cantu;Galatasaray Spor Kulubu;CSKA Moscow;Darussafaka Basketbol;AS Monaco,https://media-cdn.incrowdsports.com/0636c1b0-de3e-4ca9-bd2c-e30a4f485114.png;https://media-cdn.incrowdsports.com/73b33d13-570e-4e49-a9cb-fe806831eaa7.png;https://media-cdn.incrowdsports.com/17abff29-6978-4f75-9bbe-2e6171bb856f.png;https://media-cdn.cortextech.io/95056dbe-7949-4b65-921d-ed9b59c0791c.png;https://media-cdn.incrowdsports.com/b6a59212-7feb-4f8c-86c2-5e8f07625e3e.png;https://media-cdn.incrowdsports.com/9ceb124a-7ee1-4db5-8d8c-7d485980b989.png;https://media-cdn.incrowdsports.com/89ed276a-2ba3-413f-8ea2-b3be209ca129.png
124,49.0,9.0,17.54863945578231,5.6,1.3,2.8,44.6%,0.7,1.9,39.1%,0.9,1.2,68.9%,0.7,2.6,3.3,1.0,0.7,1.4,0.5,0.3,2.8,1.3,4.9,JRF,"VASILOPOULOS, PANAGIOTIS",27,,OLY,OLY,Olympiacos Piraeus,https://media-cdn.incrowdsports.com/789423ac-3cdf-4b89-b11c-b458aa5f59a6.png
125,114.0,54.0,17.078508771929826,5.4,1.6,3.1,50.3%,0.6,2.0,30.6%,0.5,0.7,69.3%,0.4,1.5,1.9,2.3,0.8,1.2,0.2,0.2,1.8,0.8,4.9,000494,"GULER, SINAN",35,https://media-cdn.incrowdsports.com/13228a0e-d24b-49d5-8869-38d94ba14339.png,IST;GAL;ULK,EFS;GSO;FNB,Anadolu Efes Istanbul;Galatasaray Spor Kulubu;Fenerbahce Beko Istanbul,https://media-cdn.cortextech.io/9a463aa2-ceb2-481c-9a95-1cddee0a248e.png;https://media-cdn.cortextech.io/95056dbe-7949-4b65-921d-ed9b59c0791c.png;https://media-cdn.cortextech.io/3b7f020e-5b39-49a1-b4b2-efea918edab7.png
126,57.0,7.0,15.578070175438597,6.8,1.5,3.2,47.5%,0.9,2.5,37.6%,0.9,1.4,65.4%,0.4,1.4,1.7,0.6,0.3,0.6,0.0,0.4,1.3,1.6,4.9,004160,"LANDESBERG, SYLVEN",26,https://media-cdn.incrowdsports.com/98d143f1-b3c9-4f93-b205-1a0572cfd58c.png,TEL,MTA,Maccabi Rapyd Tel Aviv,https://media-cdn.incrowdsports.com/5c55ef14-29df-4328-bd52-a7a64c432350.png
127,53.0,19.0,13.278616352201258,4.3,1.7,3.1,55.8%,0.1,0.2,37.5%,0.7,1.5,49.4%,1.3,2.0,3.3,0.5,0.4,0.8,0.5,0.3,2.3,1.6,5.0,001098,"LIMA, AUGUSTO",25,https://media-cdn.cortextech.io/b9087c83-5313-413d-b840-993f8324c5a4.png,MAL;MAD;ZAL,UNI;RMB;ZAL,Unicaja Malaga;Real Madrid;Zalgiris Kaunas,https://media-cdn.incrowdsports.com/6342214b-684b-421f-8960-5d20354458da.png;https://media-cdn.incrowdsports.com/1a3e1404-4f6f-4ede-9d8b-30eee7cb51b4.png;https://media-cdn.incrowdsports.com/0aa09358-3847-4c4e-b228-3582ee4e536d.png
128,24.0,3.0,19.884027777777778,7.2,0.9,2.2,41.5%,1.2,2.7,43.1%,1.9,2.3,83.6%,0.2,1.1,1.3,1.6,0.7,2.1,0.0,0.1,2.8,2.3,5.0,BHF,"VITALI, LUCA",24,,VIR;SIE;MIL;ROM,VIR;MPS;MIL;ROM,Virtus Bologna;Montepaschi Siena;EA7 Emporio Armani Milan;Pallacanestro Virtus Roma,https://media-cdn.cortextech.io/1362801d-dd09-4fd0-932d-ead56063ab77.png;https://media-cdn.incrowdsports.com/1d94a55f-b8c7-459c-951e-8177f5f3eebe.png;https://media-cdn.cortextech.io/9512ee73-a0f1-4647-a01e-3c2938aba6b8.png;https://media-cdn.incrowdsports.com/e5836b62-9939-4063-b5e5-cc2f5804c142.png
129,28.0,20.0,21.167857142857144,5.9,1.5,2.3,65.6%,0.7,2.1,34.5%,0.8,1.0,72.4%,0.9,2.3,3.2,0.6,0.6,1.0,0.1,0.2,2.9,1.2,5.1,TFD,"VUKUSIC, VEDRAN",27,,CIB,CIB,KK Cibona,https://media-cdn.incrowdsports.com/2bc7884a-4fe7-4362-9d4f-ba2ad8a0239d.png
130,137.0,43.0,17.181386861313868,4.9,1.1,2.2,49.8%,0.7,1.8,36.8%,0.7,0.9,79.5%,0.6,1.7,2.4,1.3,0.8,0.9,0.1,0.2,1.9,1.1,5.1,006625,"ZOOSMAN, YOVEL",24,https://media-cdn.incrowdsports.com/db31839e-5e4a-4af1-bdfa-5dd0188962ee.png,TEL;BER,MTA;BER,Maccabi Rapyd Tel Aviv;ALBA Berlin,https://media-cdn.incrowdsports.com/5c55ef14-29df-4328-bd52-a7a64c432350.png;https://media-cdn.incrowdsports.com/ccc34858-22b0-47dc-904c-9940b0a16ff3.png
131,108.0,35.0,17.637345679012345,7.8,0.5,1.0,44.2%,2.1,5.3,40.6%,0.4,0.5,81.8%,0.2,1.2,1.4,1.0,0.4,0.8,0.0,0.2,1.6,0.9,5.1,004508,"OBST, ANDREAS",29,https://media-cdn.incrowdsports.com/0c5a2349-762c-406c-9bb0-c7ef1a0dbe47.png,BAM;MUN,BRO;BAY,Bamberger Basketball GmbH;FC Bayern Munich,https://media-cdn.incrowdsports.com/85cdd43a-2bbd-4f73-b8f7-76288a5193cb.png;https://media-cdn.incrowdsports.com/817b0e58-d595-4b09-ab0b-1e7cc26249ff.png
132,29.0,7.0,16.933333333333334,4.7,0.9,2.1,45%,0.7,2.1,32.3%,0.7,1.1,65.6%,1.0,2.6,3.6,0.8,0.7,0.6,0.1,0.2,2.6,1.7,5.1,001326,"WALLACE, C.J.",31,,BAR;MIL,FCB;EA7,FC Barcelona;EA7 Emporio Armani Milan,https://media-cdn.incrowdsports.com/35dfa503-e417-481f-963a-bdf6f013763e.png;https://media-cdn.cortextech.io/9512ee73-a0f1-4647-a01e-3c2938aba6b8.png
133,42.0,17.0,19.298809523809524,5.0,1.8,3.1,58%,0.2,0.9,22.2%,0.9,1.3,64.3%,1.1,2.0,3.1,0.9,0.7,1.0,0.3,0.1,2.5,1.2,5.1,ATF,"DROBNJAK, DRAGISA",31,,MES;LJU;BER,MES;LJU;BER,KK Krka Novo Mesto;KK Cedevita Olimpija;ALBA Berlin,https://media-cdn.incrowdsports.com/8838f790-f665-472a-8cea-527f9e4a2458.png;https://media-cdn.incrowdsports.com/73b33d13-570e-4e49-a9cb-fe806831eaa7.png;https://media-cdn.incrowdsports.com/ccc34858-22b0-47dc-904c-9940b0a16ff3.png
134,216.0,64.0,20.56558641975309,7.1,0.6,1.2,51.4%,1.7,4.1,42.6%,0.6,0.8,83.2%,0.3,1.1,1.4,0.8,0.5,0.6,0.1,0.1,1.9,1.0,5.1,KPD,"MILAKNIS, ARTURAS",35,https://media-cdn.incrowdsports.com/b2c240e5-4df1-4ddc-8314-94c8429f1e40.png,ZAL,ZAL,Zalgiris Kaunas,https://media-cdn.incrowdsports.com/0aa09358-3847-4c4e-b228-3582ee4e536d.png
135,115.0,67.0,18.18782608695652,7.4,1.3,2.4,55.4%,1.3,3.8,33.4%,0.9,1.0,85.2%,0.6,1.1,1.7,0.9,1.0,0.9,0.2,0.2,2.1,0.9,5.1,009917,"HOLLINS, AUSTIN",32,https://media-cdn.incrowdsports.com/bd70a21a-cdb9-4e9a-bcc8-6e2c585d75f5.png,DYR;RED;TEL;ZAL,ZEN;CZV;MTA;ZAL,Zenit St Petersburg;Crvena Zvezda Meridianbet Belgrade;Maccabi Rapyd Tel Aviv;Zalgiris Kaunas,https://media-cdn.incrowdsports.com/4c571fd6-52f1-428c-94a5-9143fbbb4fe3.png;https://media-cdn.incrowdsports.com/d2eef4a8-62df-4fdd-9076-276004268515.png;https://media-cdn.incrowdsports.com/5c55ef14-29df-4328-bd52-a7a64c432350.png;https://media-cdn.incrowdsports.com/0aa09358-3847-4c4e-b228-3582ee4e536d.png
136,155.0,76.0,19.016774193548386,7.5,1.1,2.3,51%,1.5,3.9,37.2%,0.9,1.1,78.7%,0.4,1.2,1.5,0.9,0.4,0.7,0.0,0.3,1.8,1.2,5.1,004761,"MARINKOVIC, VANJA",28,https://media-cdn.incrowdsports.com/fd848082-f689-47f0-a578-a53d63a6fd1b.png,PAM;BAS;PAR,VBC;BKN;PAR,Valencia Basket;Baskonia Vitoria-Gasteiz;Partizan Mozzart Bet Belgrade,https://media-cdn.cortextech.io/d88f3c71-1519-4b19-8cfb-99e26a4c008e.png;https://media-cdn.incrowdsports.com/e324a6af-2a72-443e-9813-8bf2d364ddab.png;https://media-cdn.incrowdsports.com/2681304e-77dd-4331-88b1-683078c0fb49.png
137,36.0,4.0,14.130555555555555,6.0,1.7,2.9,59%,0.5,1.7,30.6%,1.0,1.4,69.2%,0.9,1.9,2.7,0.3,0.6,0.9,0.3,0.1,2.4,1.5,5.1,CCH,"SZEWCZYK, SZYMON",33,https://media-cdn.cortextech.io/04894200-7f3d-4202-a265-cb3dd9f9df3c.png,BER;LJU;GSS,BER;LJU;ZGA,ALBA Berlin;KK Cedevita Olimpija;GSS Akcyjna,https://media-cdn.incrowdsports.com/ccc34858-22b0-47dc-904c-9940b0a16ff3.png;https://media-cdn.incrowdsports.com/73b33d13-570e-4e49-a9cb-fe806831eaa7.png;https://media-cdn.incrowdsports.com/abebfbc3-2dcd-4cc5-91f3-37dae527f363.png
138,176.0,104.0,21.269602272727273,5.8,1.3,2.8,46.8%,0.8,2.1,41.3%,0.7,0.8,81%,0.4,1.4,1.8,1.6,1.2,0.8,0.1,0.3,2.5,1.1,5.2,005014,"JENKINS, CHARLES",31,https://media-cdn.incrowdsports.com/8c066c12-d0a2-4efd-b648-66abbf812216.png,MIL;KHI;RED;OLY,EA7;KHI;CZV;OLY,EA7 Emporio Armani Milan;BC Khimki;Crvena Zvezda Meridianbet Belgrade;Olympiacos Piraeus,https://media-cdn.cortextech.io/9512ee73-a0f1-4647-a01e-3c2938aba6b8.png;https://media-cdn.incrowdsports.com/04bd9ac1-e8ed-4b35-8878-272596e5c7d6.png;https://media-cdn.incrowdsports.com/d2eef4a8-62df-4fdd-9076-276004268515.png;https://media-cdn.incrowdsports.com/789423ac-3cdf-4b89-b11c-b458aa5f59a6.png
139,31.0,12.0,15.924193548387096,4.9,1.4,3.0,47.3%,0.4,1.2,31.6%,0.9,1.3,70%,1.2,2.5,3.7,0.6,0.4,0.8,0.2,0.3,2.3,1.5,5.2,000664,"KATELYNAS, MINDAUGAS",29,,MIL;LIE,MIL;LIE,EA7 Emporio Armani Milan;Rytas Vilnius,https://media-cdn.cortextech.io/9512ee73-a0f1-4647-a01e-3c2938aba6b8.png;https://media-cdn.incrowdsports.com/894a55c9-4a15-40b0-a1b0-b0aec2ce3592.png
140,38.0,2.0,15.544298245614034,6.2,1.1,2.1,52.5%,0.8,2.3,35.2%,1.5,1.6,91.9%,0.2,0.7,0.9,1.3,0.3,0.7,0.0,0.1,2.0,1.9,5.2,BAF,"PETROV, SIMON",27,,ASV;LJU,ASV;LJU,LDLC ASVEL Villeurbanne;KK Cedevita Olimpija,https://media-cdn.incrowdsports.com/e33c6d1a-95ca-4dbc-b8cb-0201812104cc.png;https://media-cdn.incrowdsports.com/73b33d13-570e-4e49-a9cb-fe806831eaa7.png
141,108.0,17.0,10.114043209876543,4.6,1.8,2.9,61.3%,0.0,0.0,0%,1.1,1.6,69.8%,0.7,1.1,1.9,0.6,0.2,0.7,0.3,0.1,1.7,1.7,5.2,TFX,"VOUGIOUKAS, IAN",35,https://media-cdn.incrowdsports.com/2efb3a08-d196-451e-910f-081f34ad7ad9.png,OLY;GAL;ZAL;PAN,OLY;GSL;ZAL;PAO,Olympiacos Piraeus;Galatasaray Spor Kulubu;Zalgiris Kaunas;Panathinaikos AKTOR Athens,https://media-cdn.incrowdsports.com/789423ac-3cdf-4b89-b11c-b458aa5f59a6.png;https://media-cdn.cortextech.io/95056dbe-7949-4b65-921d-ed9b59c0791c.png;https://media-cdn.incrowdsports.com/0aa09358-3847-4c4e-b228-3582ee4e536d.png;https://media-cdn.incrowdsports.com/e3dff28a-9ec6-4faf-9d96-ecbc68f75780.png
142,64.0,26.0,17.413541666666667,6.1,1.8,3.4,52.8%,0.5,1.3,41.5%,0.9,1.2,77.6%,0.6,1.4,2.0,0.7,0.6,1.0,0.0,0.2,1.6,1.2,5.2,AOP,"MANCE, MARIJAN",29,,LJU;CIB,LJU;CIB,KK Cedevita Olimpija;KK Cibona,https://media-cdn.incrowdsports.com/73b33d13-570e-4e49-a9cb-fe806831eaa7.png;https://media-cdn.incrowdsports.com/2bc7884a-4fe7-4362-9d4f-ba2ad8a0239d.png
143,61.0,18.0,17.49043715846995,7.1,1.3,2.7,47%,1.0,2.8,34.1%,1.7,2.3,76.1%,0.4,1.1,1.6,1.3,0.2,1.4,0.1,0.3,1.6,2.1,5.2,001878,"POCIUS, MARTYNAS",29,https://media-cdn.cortextech.io/f532dca0-474c-4d86-9d0c-143b26b8ba44.png,MAD;GAL;ZAL,RMD;GSL;ZAL,Real Madrid;Galatasaray Spor Kulubu;Zalgiris Kaunas,https://media-cdn.incrowdsports.com/1a3e1404-4f6f-4ede-9d8b-30eee7cb51b4.png;https://media-cdn.cortextech.io/95056dbe-7949-4b65-921d-ed9b59c0791c.png;https://media-cdn.incrowdsports.com/0aa09358-3847-4c4e-b228-3582ee4e536d.png
144,36.0,7.0,19.729166666666668,6.5,1.0,2.0,51.4%,1.2,3.6,33.6%,0.8,1.0,73%,0.2,1.4,1.7,1.6,0.6,0.9,0.1,0.1,1.6,1.1,5.3,BEC,"NEMETH, ISTVAN",26,,TRE;SOP,TRE;PRO,Benetton Basket Treviso;Arka Gdynia,https://media-cdn.incrowdsports.com/0636c1b0-de3e-4ca9-bd2c-e30a4f485114.png;https://media-cdn.incrowdsports.com/210fa2fa-3529-400d-8d3f-9174a22ad1a8.png
145,185.0,64.0,16.88261261261261,6.2,0.7,1.4,49.6%,1.4,3.2,43.9%,0.6,0.7,85.9%,0.6,1.3,1.9,0.6,0.6,0.4,0.2,0.1,2.1,1.1,5.3,003478,"ABRINES, ALEX",31,https://media-cdn.incrowdsports.com/47795ee0-c812-487a-be8a-67900a5ab8d5.png,MAL;BAR,UNI;FCB,Unicaja Malaga;FC Barcelona,https://media-cdn.incrowdsports.com/6342214b-684b-421f-8960-5d20354458da.png;https://media-cdn.incrowdsports.com/35dfa503-e417-481f-963a-bdf6f013763e.png
146,68.0,24.0,20.057598039215687,5.0,0.7,1.3,53.8%,0.8,2.2,36.7%,1.1,1.7,66.4%,0.2,1.1,1.3,1.7,1.3,1.4,0.0,0.1,2.2,2.2,5.3,ACQ,"GINEVICIUS, VIDAS",31,,ZAL;LIE,ZAL;LIE,Zalgiris Kaunas;Rytas Vilnius,https://media-cdn.incrowdsports.com/0aa09358-3847-4c4e-b228-3582ee4e536d.png;https://media-cdn.incrowdsports.com/894a55c9-4a15-40b0-a1b0-b0aec2ce3592.png
147,80.0,16.0,15.943958333333333,4.5,1.0,1.8,56.8%,0.7,1.5,45.5%,0.3,0.5,64.3%,0.4,1.6,1.9,1.1,0.5,0.4,0.0,0.2,1.2,0.8,5.3,006509,"TONUT, STEFANO",31,https://media-cdn.incrowdsports.com/4fccbbc2-857f-4da1-9dab-fc44b47fe75f.png,MIL,EA7,EA7 Emporio Armani Milan,https://media-cdn.cortextech.io/9512ee73-a0f1-4647-a01e-3c2938aba6b8.png
148,72.0,33.0,18.949074074074073,6.5,1.8,3.8,46.7%,0.5,1.5,34.3%,1.4,1.7,83.3%,0.5,1.6,2.0,1.5,0.6,1.3,0.1,0.4,2.0,1.6,5.3,KNO,"SEIBUTIS, RENALDAS",40,https://media-cdn.cortextech.io/ca5622c0-7e46-493d-a9a0-e8f61e62cbd2.png,OLY;LIE;ZAL,OLY;LRY;ZAL,Olympiacos Piraeus;Rytas Vilnius;Zalgiris Kaunas,https://media-cdn.incrowdsports.com/789423ac-3cdf-4b89-b11c-b458aa5f59a6.png;https://media-cdn.incrowdsports.com/894a55c9-4a15-40b0-a1b0-b0aec2ce3592.png;https://media-cdn.incrowdsports.com/0aa09358-3847-4c4e-b228-3582ee4e536d.png
149,55.0,34.0,22.222424242424243,6.9,1.9,4.5,42.5%,0.8,2.6,29.2%,0.7,1.0,75.9%,0.3,1.4,1.7,3.3,0.8,2.0,0.0,0.3,2.3,1.9,5.3,000531,"GORDIC, NEMANJA",30,https://media-cdn.incrowdsports.com/f544f96b-552c-44a6-a028-12916d5085f5.png,ROM;PAR;CED;BUD,ROM;PAR;CED;BUD,Pallacanestro Virtus Roma;Partizan Mozzart Bet Belgrade;KK Cedevita Zagreb;KK Buducnost,https://media-cdn.incrowdsports.com/e5836b62-9939-4063-b5e5-cc2f5804c142.png;https://media-cdn.incrowdsports.com/2681304e-77dd-4331-88b1-683078c0fb49.png;https://media-cdn.incrowdsports.com/ba95084a-224c-4d4a-a306-37a386772f64.png;https://media-cdn.incrowdsports.com/47161285-94b3-4266-9d23-b722e8600945.png
150,76.0,11.0,12.285964912280702,5.5,2.2,3.5,62.3%,0.0,0.0,0%,1.2,1.4,81.8%,1.1,1.5,2.5,0.8,0.3,1.0,0.2,0.3,2.5,1.5,5.3,000399,"KAVALIAUSKAS, ANTANAS",34,https://media-cdn.incrowdsports.com/0601e164-0493-4ef9-a9c6-18c02a26fda6.png,ZAL,ZAL,Zalgiris Kaunas,https://media-cdn.incrowdsports.com/0aa09358-3847-4c4e-b228-3582ee4e536d.png
151,79.0,35.0,15.716666666666665,6.2,2.3,3.8,59.5%,0.2,0.6,29.5%,1.2,1.9,61.5%,1.3,2.1,3.4,0.5,0.7,1.4,0.4,0.3,3.4,1.9,5.3,JDQ,"ANDRIC, LUKSA",27,,CIB;GAL;CED,CIB;GSL;CED,KK Cibona;Galatasaray Spor Kulubu;KK Cedevita Zagreb,https://media-cdn.incrowdsports.com/2bc7884a-4fe7-4362-9d4f-ba2ad8a0239d.png;https://media-cdn.cortextech.io/95056dbe-7949-4b65-921d-ed9b59c0791c.png;https://media-cdn.incrowdsports.com/ba95084a-224c-4d4a-a306-37a386772f64.png
152,171.0,80.0,13.99337231968811,6.3,1.9,3.1,61.2%,0.5,1.6,32%,1.0,1.2,78.4%,0.9,1.6,2.5,0.7,0.3,0.7,0.4,0.2,2.4,1.1,5.3,002968,"SANLI, SERTAC",33,https://media-cdn.incrowdsports.com/253a34da-7f58-4354-a9a5-cc06507200c6.png,GAL;IST;BAR;ULK,GSL;EFS;BAR;FBB,Galatasaray Spor Kulubu;Anadolu Efes Istanbul;FC Barcelona;Fenerbahce Beko Istanbul,https://media-cdn.cortextech.io/95056dbe-7949-4b65-921d-ed9b59c0791c.png;https://media-cdn.cortextech.io/9a463aa2-ceb2-481c-9a95-1cddee0a248e.png;https://media-cdn.incrowdsports.com/35dfa503-e417-481f-963a-bdf6f013763e.png;https://media-cdn.cortextech.io/3b7f020e-5b39-49a1-b4b2-efea918edab7.png
153,125.0,32.0,19.71346666666667,4.0,0.5,1.3,42%,0.7,2.4,30.5%,0.7,1.0,76%,0.4,1.6,2.0,3.3,0.7,1.2,0.0,0.1,2.2,1.4,5.4,LME,"MARKOVIC, STEFAN",34,https://media-cdn.incrowdsports.com/b00db9c1-d63e-4645-a1a9-df3963fe533f.png,MAL;KHI;RED,UNI;KHI;CZV,Unicaja Malaga;BC Khimki;Crvena Zvezda Meridianbet Belgrade,https://media-cdn.incrowdsports.com/6342214b-684b-421f-8960-5d20354458da.png;https://media-cdn.incrowdsports.com/04bd9ac1-e8ed-4b35-8878-272596e5c7d6.png;https://media-cdn.incrowdsports.com/d2eef4a8-62df-4fdd-9076-276004268515.png
154,40.0,33.0,23.180833333333332,6.3,1.2,2.1,60.2%,1.0,3.1,31.5%,0.9,1.2,71.4%,0.5,1.5,2.0,2.1,0.8,1.4,0.2,0.1,2.6,1.4,5.4,AWP,"YILDIRIM, HALUK",39,,ULK;GAL,ULK;GSL,Fenerbahce Beko Istanbul;Galatasaray Spor Kulubu,https://media-cdn.cortextech.io/3b7f020e-5b39-49a1-b4b2-efea918edab7.png;https://media-cdn.cortextech.io/95056dbe-7949-4b65-921d-ed9b59c0791c.png
155,114.0,11.0,18.50877192982456,6.5,0.8,1.5,54.1%,1.2,2.8,44.3%,1.2,1.3,90.1%,0.3,1.0,1.3,1.1,1.0,0.7,0.0,0.1,2.6,1.4,5.4,AOU,"SHARP, DERRICK",39,,TEL,MAC,Maccabi Rapyd Tel Aviv,https://media-cdn.incrowdsports.com/5c55ef14-29df-4328-bd52-a7a64c432350.png
156,30.0,18.0,26.3,7.4,0.8,2.4,35.2%,1.4,4.6,30.9%,1.5,2.0,74.6%,0.8,1.6,2.4,1.3,0.7,0.9,0.2,0.3,2.1,1.9,5.5,001910,"CARTER, JOSH",29,,OLD;SIE;KSK,EWE;MPS;KSK,Baskets Oldenburg;Montepaschi Siena;Karsiyaka Spor Kulubu,https://media-cdn.incrowdsports.com/0d6914cd-717b-477d-b286-69213c7de3b0.png;https://media-cdn.incrowdsports.com/1d94a55f-b8c7-459c-951e-8177f5f3eebe.png;https://media-cdn.incrowdsports.com/d4b8a6ca-e46f-4fc2-acc2-5cc7368f7a88.png
157,29.0,14.0,21.46206896551724,7.6,1.3,3.1,40.7%,1.4,3.7,37.4%,0.9,1.2,73.5%,0.3,1.2,1.4,1.8,0.4,1.4,0.1,0.3,1.8,2.1,5.5,003601,"HAYNES, MARQUEZ",29,https://media-cdn.cortextech.io/a3359b02-fcdc-4b5f-abff-e64dee73786e.png,MIL;TEL;SAS;PAN,EA7;MAC;DSS;PAO,EA7 Emporio Armani Milan;Maccabi Rapyd Tel Aviv;Polisportiva Dinamo;Panathinaikos AKTOR Athens,https://media-cdn.cortextech.io/9512ee73-a0f1-4647-a01e-3c2938aba6b8.png;https://media-cdn.incrowdsports.com/5c55ef14-29df-4328-bd52-a7a64c432350.png;https://media-cdn.incrowdsports.com/f2916aea-9c1a-46ff-aa3a-04765cb2a60e.png;https://media-cdn.incrowdsports.com/e3dff28a-9ec6-4faf-9d96-ecbc68f75780.png
158,112.0,37.0,15.108482142857143,5.8,1.4,2.9,48.9%,0.6,1.7,36.9%,1.2,1.6,73.6%,0.9,1.8,2.8,0.7,0.5,0.9,0.1,0.1,1.8,1.4,5.5,009818,"BENTIL, BENJAMIN",29,https://media-cdn.incrowdsports.com/c6dfea8c-0154-4bd7-8488-cdb777d90d31.png,PAN;MIL;RED;ASV,PAO;AXM;CZV;ASV,Panathinaikos AKTOR Athens;EA7 Emporio Armani Milan;Crvena Zvezda Meridianbet Belgrade;LDLC ASVEL Villeurbanne,https://media-cdn.incrowdsports.com/e3dff28a-9ec6-4faf-9d96-ecbc68f75780.png;https://media-cdn.cortextech.io/9512ee73-a0f1-4647-a01e-3c2938aba6b8.png;https://media-cdn.incrowdsports.com/d2eef4a8-62df-4fdd-9076-276004268515.png;https://media-cdn.incrowdsports.com/e33c6d1a-95ca-4dbc-b8cb-0201812104cc.png
159,38.0,11.0,17.446052631578947,6.1,1.2,2.4,49.5%,0.9,3.0,31%,0.9,1.2,76.6%,1.3,2.5,3.8,0.5,0.5,1.0,0.5,0.1,2.4,1.1,5.5,000592,"JAGLA, JAN",33,,JOV;SOP;MUN,CJB;PRO;BAY,Club Joventut Badalona;Arka Gdynia;FC Bayern Munich,https://media-cdn.incrowdsports.com/4867b9ca-abc6-48fd-a47f-011904a74bf8.png;https://media-cdn.incrowdsports.com/210fa2fa-3529-400d-8d3f-9174a22ad1a8.png;https://media-cdn.incrowdsports.com/817b0e58-d595-4b09-ab0b-1e7cc26249ff.png
160,119.0,54.0,19.134453781512605,6.6,1.4,2.9,48.7%,0.9,2.8,33.5%,1.0,1.2,85.6%,0.4,1.3,1.7,1.4,0.5,1.1,0.0,0.2,1.6,1.8,5.5,000229,"JACKSON, EDWIN",36,https://media-cdn.incrowdsports.com/5985ad3d-5864-4d4b-82a1-c95c14ed8b85.png,MAL;BAR;BUD;ASV,UNI;FCB;BUD;ASV,Unicaja Malaga;FC Barcelona;KK Buducnost;LDLC ASVEL Villeurbanne,https://media-cdn.incrowdsports.com/6342214b-684b-421f-8960-5d20354458da.png;https://media-cdn.incrowdsports.com/35dfa503-e417-481f-963a-bdf6f013763e.png;https://media-cdn.incrowdsports.com/47161285-94b3-4266-9d23-b722e8600945.png;https://media-cdn.incrowdsports.com/e33c6d1a-95ca-4dbc-b8cb-0201812104cc.png
161,47.0,11.0,14.039007092198583,4.5,1.0,1.8,57.8%,0.3,1.0,31.1%,1.5,2.1,74.2%,0.3,1.1,1.4,1.6,0.9,1.3,0.0,0.1,1.5,2.0,5.5,ABK,"PANTELIADIS, SPYRIDON",30,,FRA;AEK;ARI,FRA;AEK;ARI,Skyliners Frankfurt;AEK Athens;Aris Thessaloniki,https://media-cdn.incrowdsports.com/75c69af8-9cf4-498d-932e-0b28be2444df.png;https://media-cdn.incrowdsports.com/b51b0af8-ac03-4093-8858-9b4d71830fe7.png;https://media-cdn.cortextech.io/28be84d9-ad7e-43b3-8d8c-822bb76b8a9e.png
162,206.0,62.0,16.70881877022654,6.8,1.4,2.7,52.5%,1.1,2.9,36.3%,0.7,1.0,76.8%,0.5,1.3,1.8,0.8,0.6,0.8,0.1,0.1,1.4,1.2,5.6,004007,"DOBRIC, OGNJEN",30,https://media-cdn.incrowdsports.com/a22ad126-7b94-446e-87f2-6ec6b8709388.png,VIR;RED,VIR;CZV,Virtus Bologna;Crvena Zvezda Meridianbet Belgrade,https://media-cdn.cortextech.io/1362801d-dd09-4fd0-932d-ead56063ab77.png;https://media-cdn.incrowdsports.com/d2eef4a8-62df-4fdd-9076-276004268515.png
163,203.0,121.0,16.575862068965517,5.6,2.2,4.2,52.5%,0.1,0.3,29.4%,0.9,1.4,69.6%,0.9,1.8,2.7,0.7,0.4,1.0,0.3,0.2,1.7,1.6,5.7,LEM,"RADOSEVIC, LEON",31,https://media-cdn.incrowdsports.com/f2672ef8-4d0b-4018-b5a3-3ef671903ef7.png,CIB;MIL;LIE;BER;BAM;MUN,CIB;EA7;LIE;ALB;BRO;BAY,KK Cibona;EA7 Emporio Armani Milan;Rytas Vilnius;ALBA Berlin;Bamberger Basketball GmbH;FC Bayern Munich,https://media-cdn.incrowdsports.com/2bc7884a-4fe7-4362-9d4f-ba2ad8a0239d.png;https://media-cdn.cortextech.io/9512ee73-a0f1-4647-a01e-3c2938aba6b8.png;https://media-cdn.incrowdsports.com/894a55c9-4a15-40b0-a1b0-b0aec2ce3592.png;https://media-cdn.incrowdsports.com/ccc34858-22b0-47dc-904c-9940b0a16ff3.png;https://media-cdn.incrowdsports.com/85cdd43a-2bbd-4f73-b8f7-76288a5193cb.png;https://media-cdn.incrowdsports.com/817b0e58-d595-4b09-ab0b-1e7cc26249ff.png
164,49.0,29.0,17.598299319727893,6.7,0.9,1.9,48.9%,1.1,3.0,37.2%,1.5,1.9,81.5%,0.3,1.0,1.3,1.2,0.5,1.1,0.0,0.3,1.8,2.2,5.7,001351,"MARTINEZ, RAFA",43,https://media-cdn.cortextech.io/7a27232e-c6d4-47af-8616-5b19578e9770.png,PAM;BAR,VBC;BAR,Valencia Basket;FC Barcelona,https://media-cdn.cortextech.io/d88f3c71-1519-4b19-8cfb-99e26a4c008e.png;https://media-cdn.incrowdsports.com/35dfa503-e417-481f-963a-bdf6f013763e.png
165,170.0,45.0,17.426666666666666,6.4,1.4,2.7,51.9%,0.9,2.1,43%,0.8,1.0,82.4%,0.7,1.5,2.3,0.9,0.6,0.8,0.2,0.2,2.1,1.2,5.7,001557,"GIFFEY, NIELS",34,https://media-cdn.incrowdsports.com/17f631c2-05c2-452f-9a39-3cb9533a0537.png,BER;ZAL;MUN,BER;ZAL;BAY,ALBA Berlin;Zalgiris Kaunas;FC Bayern Munich,https://media-cdn.incrowdsports.com/ccc34858-22b0-47dc-904c-9940b0a16ff3.png;https://media-cdn.incrowdsports.com/0aa09358-3847-4c4e-b228-3582ee4e536d.png;https://media-cdn.incrowdsports.com/817b0e58-d595-4b09-ab0b-1e7cc26249ff.png
166,27.0,3.0,17.28148148148148,6.6,0.8,1.5,51.2%,1.3,2.3,55.6%,1.2,1.5,80%,0.9,1.3,2.1,0.9,0.2,1.1,0.0,0.0,2.4,1.6,5.7,000326,"KANGUR, KRISTJAN",33,,ASV;SIE;MIL;BAS,ASV;MPS;EA7;LBO,LDLC ASVEL Villeurbanne;Montepaschi Siena;EA7 Emporio Armani Milan;Baskonia Vitoria-Gasteiz,https://media-cdn.incrowdsports.com/e33c6d1a-95ca-4dbc-b8cb-0201812104cc.png;https://media-cdn.incrowdsports.com/1d94a55f-b8c7-459c-951e-8177f5f3eebe.png;https://media-cdn.cortextech.io/9512ee73-a0f1-4647-a01e-3c2938aba6b8.png;https://media-cdn.incrowdsports.com/e324a6af-2a72-443e-9813-8bf2d364ddab.png
167,66.0,28.0,21.104040404040404,6.4,1.4,3.2,44.3%,0.8,2.5,33.7%,1.1,1.5,72.9%,0.6,2.1,2.7,1.8,0.7,1.6,0.0,0.1,2.1,1.7,5.7,LGH,"TEPIC, MILENKO",26,,PAN;LIE;PAR,PAO;LRY;PAR,Panathinaikos AKTOR Athens;Rytas Vilnius;Partizan Mozzart Bet Belgrade,https://media-cdn.incrowdsports.com/e3dff28a-9ec6-4faf-9d96-ecbc68f75780.png;https://media-cdn.incrowdsports.com/894a55c9-4a15-40b0-a1b0-b0aec2ce3592.png;https://media-cdn.incrowdsports.com/2681304e-77dd-4331-88b1-683078c0fb49.png
168,91.0,28.0,19.1021978021978,4.2,0.7,1.4,48.8%,0.7,2.1,34.4%,0.6,0.8,75.7%,0.3,1.6,2.0,3.2,1.1,1.0,0.1,0.2,2.5,1.3,5.7,006739,"PAJOLA, ALESSANDRO",25,https://media-cdn.incrowdsports.com/6541f280-b115-4758-b184-13631cba587a.png,VIR,VIR,Virtus Bologna,https://media-cdn.cortextech.io/1362801d-dd09-4fd0-932d-ead56063ab77.png
169,65.0,38.0,20.030512820512822,5.8,1.0,1.8,54.2%,1.0,2.1,45.7%,0.9,1.1,80.3%,0.8,1.4,2.2,1.3,1.2,1.0,0.1,0.0,2.8,1.4,5.8,AGS,"ZUKAUSKAS, MINDAUGAS",30,,LJU;SIE,;MPS,KK Cedevita Olimpija;Montepaschi Siena,https://media-cdn.incrowdsports.com/73b33d13-570e-4e49-a9cb-fe806831eaa7.png;https://media-cdn.incrowdsports.com/1d94a55f-b8c7-459c-951e-8177f5f3eebe.png
170,95.0,16.0,16.172280701754385,5.8,1.7,2.9,59.5%,0.4,1.4,27.7%,1.2,1.5,81.4%,0.4,1.9,2.3,1.0,0.8,1.1,0.1,0.2,2.2,1.7,5.8,BKE,"GRIMAU, ROGER",45,,BIL;BAR,BIL;FCB,Bilbao Basket;FC Barcelona,https://media-cdn.incrowdsports.com/eedb87e1-f3d1-46d4-bbf8-bbb25b932d6d.png;https://media-cdn.incrowdsports.com/35dfa503-e417-481f-963a-bdf6f013763e.png
171,48.0,16.0,21.98229166666667,7.5,1.0,2.3,43.1%,1.2,4.1,30.5%,1.8,2.2,78.5%,0.2,1.4,1.6,1.7,0.7,0.8,0.0,0.1,2.2,2.0,5.8,AHD,"TOMIC, MILAN",51,,OLY;RED;MIL,OLY;CZV;EA7,Olympiacos Piraeus;Crvena Zvezda Meridianbet Belgrade;EA7 Emporio Armani Milan,https://media-cdn.incrowdsports.com/789423ac-3cdf-4b89-b11c-b458aa5f59a6.png;https://media-cdn.incrowdsports.com/d2eef4a8-62df-4fdd-9076-276004268515.png;https://media-cdn.cortextech.io/9512ee73-a0f1-4647-a01e-3c2938aba6b8.png
172,42.0,11.0,16.738888888888887,3.7,0.7,1.4,50%,0.5,1.5,31.1%,1.0,1.3,73.2%,0.3,1.6,1.9,2.2,1.0,1.0,0.0,0.1,1.6,1.8,5.8,ADK,"RODRIGUEZ, NACHO",33,,BAR,FCB,FC Barcelona,https://media-cdn.incrowdsports.com/35dfa503-e417-481f-963a-bdf6f013763e.png
173,102.0,12.0,16.808496732026143,7.1,1.6,3.2,49.4%,0.7,2.3,30.8%,1.8,2.3,80.5%,0.3,1.1,1.4,1.1,0.6,1.0,0.0,0.3,1.9,2.3,5.8,000464,"PAPPAS, NIKOS",32,https://media-cdn.incrowdsports.com/ca89f2d7-b576-43b0-bc36-67eb5c83f1dd.png,PAN,PAO,Panathinaikos AKTOR Athens,https://media-cdn.incrowdsports.com/e3dff28a-9ec6-4faf-9d96-ecbc68f75780.png
174,71.0,41.0,22.746713615023474,7.0,1.2,2.8,44.7%,1.0,2.9,33.8%,1.6,2.0,78.2%,0.4,1.5,1.9,1.5,1.1,1.5,0.1,0.3,2.3,2.2,5.8,AQA,"OZBOLT, SASO",30,,LJU;ZAG,UOL;ZAG,KK Cedevita Olimpija;KK Zagreb,https://media-cdn.incrowdsports.com/73b33d13-570e-4e49-a9cb-fe806831eaa7.png;https://media-cdn.incrowdsports.com/766470c6-ddb5-438a-a1b0-89c2f0f9406a.png
175,31.0,8.0,16.011827956989247,7.4,3.1,5.9,51.9%,0.0,0.0,0%,1.3,1.8,70.9%,1.0,1.4,2.5,0.9,0.3,1.3,0.2,0.3,2.5,2.1,5.8,LML,"BATISTA, J.P.",33,,LIE;LEM;LMG,LIE;LMS;LIM,Rytas Vilnius;Le Mans Sarthe Basket;Limoges Cercle Saint-Pierre,https://media-cdn.incrowdsports.com/894a55c9-4a15-40b0-a1b0-b0aec2ce3592.png;https://media-cdn.incrowdsports.com/25203b2d-cb6c-4614-926a-e55109f98238.png;https://media-cdn.incrowdsports.com/bb6b25c9-7720-4603-96c8-f5f6205e8a19.png
176,43.0,12.0,16.663178294573644,5.3,2.2,3.8,57.9%,0.0,0.0,0%,0.9,1.7,55.6%,1.2,2.5,3.7,0.4,0.7,1.4,0.9,0.3,2.6,1.6,5.9,TGO,"CROSARIOL, ANDREA",40,,AVE;ROM;VIR,AVE;ROM;VIR,SS Felice Scandone;Pallacanestro Virtus Roma;Virtus Bologna,https://media-cdn.incrowdsports.com/042b3fb1-ef40-409b-940b-8a789f4eae85.png;https://media-cdn.incrowdsports.com/e5836b62-9939-4063-b5e5-cc2f5804c142.png;https://media-cdn.cortextech.io/1362801d-dd09-4fd0-932d-ead56063ab77.png
177,61.0,24.0,23.043169398907107,7.3,0.6,1.4,40.2%,1.7,3.4,48.1%,1.2,1.3,88.9%,0.2,1.2,1.4,1.4,0.9,1.5,0.1,0.2,2.7,2.0,5.9,ABR,"MRAZEK, HAROLD",31,https://media-cdn.incrowdsports.com/6a61912c-212a-46e0-88d9-0adc89d9a4c8.png,LUG;ASV,LUG;ASV,FN Lugano;LDLC ASVEL Villeurbanne,https://media-cdn.incrowdsports.com/d598de0b-7e4d-47e1-a32e-f59849c3ab3f.png;https://media-cdn.incrowdsports.com/e33c6d1a-95ca-4dbc-b8cb-0201812104cc.png
178,66.0,61.0,15.39318181818182,5.6,2.3,4.1,56.7%,0.0,0.0,0%,0.9,2.2,42.8%,1.7,2.0,3.7,0.4,0.6,1.4,0.4,0.3,2.8,2.7,5.9,TFI,"VIDMAR, GASPER",26,,LJU;BES;ULK,LJU;BJK;FBU,KK Cedevita Olimpija;Besiktas Istanbul;Fenerbahce Beko Istanbul,https://media-cdn.incrowdsports.com/73b33d13-570e-4e49-a9cb-fe806831eaa7.png;https://media-cdn.cortextech.io/7d37b2d0-2a4a-4a86-bf2c-266bd8da7cac.png;https://media-cdn.cortextech.io/3b7f020e-5b39-49a1-b4b2-efea918edab7.png
178,33.0,4.0,17.15909090909091,6.1,1.2,2.9,42.1%,0.8,2.5,33.7%,1.1,1.4,78.7%,0.9,2.5,3.4,0.7,0.6,1.0,0.1,0.2,1.5,1.3,5.9,LJP,"ZUBCIC, TOMISLAV",25,https://media-cdn.incrowdsports.com/4e31eee6-2e74-4281-adc4-5f8c96051513.png,CIB;CED,CIB;CED,KK Cibona;KK Cedevita Zagreb,https://media-cdn.incrowdsports.com/2bc7884a-4fe7-4362-9d4f-ba2ad8a0239d.png;https://media-cdn.incrowdsports.com/ba95084a-224c-4d4a-a306-37a386772f64.png
180,28.0,9.0,20.821428571428573,6.6,1.0,2.5,39.4%,1.3,3.4,37.5%,0.8,1.0,81.5%,0.4,1.4,1.8,2.2,0.5,1.5,0.0,0.1,1.8,2.1,5.9,DGX,"STIPCEVIC, ROK",29,https://media-cdn.cortextech.io/f2e9ac6c-99a3-4105-83dd-12f7952bfc8d.png,CIB;MIL;SAS,CIB;EAM;DSS,KK Cibona;EA7 Emporio Armani Milan;Polisportiva Dinamo,https://media-cdn.incrowdsports.com/2bc7884a-4fe7-4362-9d4f-ba2ad8a0239d.png;https://media-cdn.cortextech.io/9512ee73-a0f1-4647-a01e-3c2938aba6b8.png;https://media-cdn.incrowdsports.com/f2916aea-9c1a-46ff-aa3a-04765cb2a60e.png
181,117.0,35.0,15.474643874643874,5.2,1.9,3.0,61.2%,0.3,0.9,27.8%,0.7,1.0,68.7%,1.2,1.8,3.0,0.5,0.6,0.6,0.3,0.3,1.7,1.1,5.9,011244,"DA SILVA, OSCAR",27,https://media-cdn.incrowdsports.com/415f34c0-6698-4640-b7cf-59edcf39a4bc.png,BER;BAR;MUN,BER;BAR;BAY,ALBA Berlin;FC Barcelona;FC Bayern Munich,https://media-cdn.incrowdsports.com/ccc34858-22b0-47dc-904c-9940b0a16ff3.png;https://media-cdn.incrowdsports.com/35dfa503-e417-481f-963a-bdf6f013763e.png;https://media-cdn.incrowdsports.com/817b0e58-d595-4b09-ab0b-1e7cc26249ff.png
182,121.0,44.0,18.075757575757574,4.2,0.9,2.0,46.6%,0.4,1.4,30.1%,1.2,1.6,75.8%,0.5,1.7,2.2,1.4,0.9,0.8,0.0,0.1,1.2,1.7,5.9,AJK,"VIDAL, SERGI",32,,BAS;MAD;MAL,BKN;RMD;UNI,Baskonia Vitoria-Gasteiz;Real Madrid;Unicaja Malaga,https://media-cdn.incrowdsports.com/e324a6af-2a72-443e-9813-8bf2d364ddab.png;https://media-cdn.incrowdsports.com/1a3e1404-4f6f-4ede-9d8b-30eee7cb51b4.png;https://media-cdn.incrowdsports.com/6342214b-684b-421f-8960-5d20354458da.png
183,229.0,167.0,17.332678311499272,4.7,1.0,1.8,55.2%,0.6,1.4,40.3%,1.0,1.2,82.7%,0.9,2.1,3.0,0.9,0.5,0.8,0.3,0.2,1.9,1.2,5.9,JLX,"KURBANOV, NIKITA",35,https://media-cdn.incrowdsports.com/cf7bb2be-da56-4f87-ac38-d91749bb9e17.png,CSK,CSK,CSKA Moscow,https://media-cdn.incrowdsports.com/b6a59212-7feb-4f8c-86c2-5e8f07625e3e.png
184,50.0,12.0,14.482000000000001,5.2,1.6,3.2,50.3%,0.0,0.0,0%,2.0,2.7,72.6%,1.2,2.1,3.4,0.5,0.6,1.0,0.2,0.2,2.7,2.4,6.0,AGU,"DE MIGUEL, IGNACIO ",36,,OLY;MAL;MAD,OLY;UNI;RMD,Olympiacos Piraeus;Unicaja Malaga;Real Madrid,https://media-cdn.incrowdsports.com/789423ac-3cdf-4b89-b11c-b458aa5f59a6.png;https://media-cdn.incrowdsports.com/6342214b-684b-421f-8960-5d20354458da.png;https://media-cdn.incrowdsports.com/1a3e1404-4f6f-4ede-9d8b-30eee7cb51b4.png
185,38.0,18.0,20.028070175438597,7.1,2.3,4.7,49.7%,0.4,1.6,27.9%,1.1,1.6,67.7%,0.8,1.8,2.6,2.2,0.7,1.7,0.1,0.6,2.2,1.8,6.0,002829,"NELSON, DEMARCUS",34,https://media-cdn.incrowdsports.com/c8cf0146-4c6a-4cc5-a65d-369dfea86abf.png,CHO;RED;PAN;MAL;MUN,CHO;CZT;PAO;UNI;BAY,Cholet Basket;Crvena Zvezda Meridianbet Belgrade;Panathinaikos AKTOR Athens;Unicaja Malaga;FC Bayern Munich,https://media-cdn.incrowdsports.com/8e983039-ccb0-4813-bb92-73a05e4dc02d.png;https://media-cdn.incrowdsports.com/d2eef4a8-62df-4fdd-9076-276004268515.png;https://media-cdn.incrowdsports.com/e3dff28a-9ec6-4faf-9d96-ecbc68f75780.png;https://media-cdn.incrowdsports.com/6342214b-684b-421f-8960-5d20354458da.png;https://media-cdn.incrowdsports.com/817b0e58-d595-4b09-ab0b-1e7cc26249ff.png
186,92.0,65.0,21.56376811594203,7.5,0.9,1.7,54.5%,1.7,4.4,38.1%,0.5,0.8,69.6%,0.6,1.6,2.2,1.3,0.9,1.1,0.2,0.2,2.1,1.1,6.0,005718,"TIMMA, JANIS",29,https://media-cdn.incrowdsports.com/1e863222-e916-4e67-9352-d6c81cf7b292.png,BAS;OLY;KHI;UNK,BKN;OLY;KHI;UNK,Baskonia Vitoria-Gasteiz;Olympiacos Piraeus;BC Khimki;UNICS Kazan,https://media-cdn.incrowdsports.com/e324a6af-2a72-443e-9813-8bf2d364ddab.png;https://media-cdn.incrowdsports.com/789423ac-3cdf-4b89-b11c-b458aa5f59a6.png;https://media-cdn.incrowdsports.com/04bd9ac1-e8ed-4b35-8878-272596e5c7d6.png;https://media-cdn.incrowdsports.com/70b00b96-e98a-42ba-9997-39d70a895157.png
187,36.0,13.0,19.42824074074074,6.6,1.1,2.3,47.6%,1.2,2.8,43.1%,0.8,1.1,69.2%,0.6,2.2,2.8,0.9,0.9,1.2,0.1,0.1,2.3,1.6,6.0,AIS,"ITURBE, IKER",31,,EST;MAD,EST;RMD,Club Baloncesto Estudiantes;Real Madrid,https://media-cdn.incrowdsports.com/3bc65205-b393-457a-a4d6-af993c60ee70.png;https://media-cdn.incrowdsports.com/1a3e1404-4f6f-4ede-9d8b-30eee7cb51b4.png
188,102.0,25.0,17.34640522875817,7.1,1.6,3.6,45.5%,0.8,2.1,35.8%,1.5,2.0,74%,0.9,2.0,2.8,0.8,0.5,1.0,0.1,0.5,1.8,1.9,6.0,003452,"BLAZIC, JAKA",28,https://media-cdn.incrowdsports.com/9ef061f7-37f1-418a-abcd-c2859609b6ee.png,LJU;RED;BAS;BAR,UOL;CZT;LBO;FCB,KK Cedevita Olimpija;Crvena Zvezda Meridianbet Belgrade;Baskonia Vitoria-Gasteiz;FC Barcelona,https://media-cdn.incrowdsports.com/73b33d13-570e-4e49-a9cb-fe806831eaa7.png;https://media-cdn.incrowdsports.com/d2eef4a8-62df-4fdd-9076-276004268515.png;https://media-cdn.incrowdsports.com/e324a6af-2a72-443e-9813-8bf2d364ddab.png;https://media-cdn.incrowdsports.com/35dfa503-e417-481f-963a-bdf6f013763e.png
189,46.0,9.0,14.737318840579709,5.2,1.4,2.5,53.8%,0.3,1.1,32%,1.5,2.3,62.6%,0.9,2.0,2.9,0.5,0.6,0.6,0.3,0.2,1.6,1.7,6.0,BWY,"SLOKAR, UROS",26,,TRE;SIE;LJU,TRE;MPS;LJU,Benetton Basket Treviso;Montepaschi Siena;KK Cedevita Olimpija,https://media-cdn.incrowdsports.com/0636c1b0-de3e-4ca9-bd2c-e30a4f485114.png;https://media-cdn.incrowdsports.com/1d94a55f-b8c7-459c-951e-8177f5f3eebe.png;https://media-cdn.incrowdsports.com/73b33d13-570e-4e49-a9cb-fe806831eaa7.png
190,74.0,30.0,16.270945945945947,8.1,3.2,5.7,55.9%,0.2,0.6,40.5%,1.1,1.5,69%,1.1,2.0,3.0,0.8,0.4,1.3,0.1,0.1,3.1,1.4,6.1,BKM,"KUQO, ERMAL",32,,IST,EFS,Anadolu Efes Istanbul,https://media-cdn.cortextech.io/9a463aa2-ceb2-481c-9a95-1cddee0a248e.png
191,41.0,26.0,23.670325203252034,8.9,2.5,5.7,43.8%,0.7,3.1,23.3%,1.6,2.4,67%,0.4,1.9,2.3,3.2,0.5,1.9,0.1,0.7,2.0,2.1,6.1,002834,"PARGO, JEREMY",32,https://media-cdn.incrowdsports.com/9e0daced-e5f3-46b4-990a-582c87a6721d.png,CSK;TEL,CSK;MTA,CSKA Moscow;Maccabi Rapyd Tel Aviv,https://media-cdn.incrowdsports.com/b6a59212-7feb-4f8c-86c2-5e8f07625e3e.png;https://media-cdn.incrowdsports.com/5c55ef14-29df-4328-bd52-a7a64c432350.png
192,39.0,21.0,22.294444444444444,10.1,2.1,4.0,51.3%,1.5,4.5,32.4%,1.6,2.4,64.2%,0.2,1.0,1.3,1.8,0.6,1.6,0.2,0.2,2.6,2.5,6.1,AFR,"SESAR, JOSIP",26,,CIB,CIB,KK Cibona,https://media-cdn.incrowdsports.com/2bc7884a-4fe7-4362-9d4f-ba2ad8a0239d.png
193,48.0,43.0,24.744097222222223,5.8,1.6,3.1,51.7%,0.6,2.2,28.8%,0.8,1.0,76.6%,0.4,2.3,2.7,2.2,1.2,1.2,0.1,0.1,2.5,1.2,6.1,CSW,"HAMILTON, JUSTIN",31,,SIE;SOP;CHA,MPS;PRO;CHA,Montepaschi Siena;Arka Gdynia;Spirou Charleroi,https://media-cdn.incrowdsports.com/1d94a55f-b8c7-459c-951e-8177f5f3eebe.png;https://media-cdn.incrowdsports.com/210fa2fa-3529-400d-8d3f-9174a22ad1a8.png;https://media-cdn.incrowdsports.com/fe2c3484-72ab-463e-bda7-587b5e980e37.png
194,144.0,37.0,23.30185185185185,8.6,1.5,3.0,48.5%,1.7,4.5,37.6%,0.5,0.8,69.3%,0.5,1.9,2.4,0.9,0.8,0.7,0.1,0.2,2.2,1.1,6.1,002429,"RIVERS, KC",34,https://media-cdn.incrowdsports.com/3605f61f-bb51-48b0-806a-a50629802f2b.png,KHI;MAD;PAN;ZAL;DYR;MUN,KHI;RMB;PAO;ZAL;ZEN;BAY,BC Khimki;Real Madrid;Panathinaikos AKTOR Athens;Zalgiris Kaunas;Zenit St Petersburg;FC Bayern Munich,https://media-cdn.incrowdsports.com/04bd9ac1-e8ed-4b35-8878-272596e5c7d6.png;https://media-cdn.incrowdsports.com/1a3e1404-4f6f-4ede-9d8b-30eee7cb51b4.png;https://media-cdn.incrowdsports.com/e3dff28a-9ec6-4faf-9d96-ecbc68f75780.png;https://media-cdn.incrowdsports.com/0aa09358-3847-4c4e-b228-3582ee4e536d.png;https://media-cdn.incrowdsports.com/4c571fd6-52f1-428c-94a5-9143fbbb4fe3.png;https://media-cdn.incrowdsports.com/817b0e58-d595-4b09-ab0b-1e7cc26249ff.png
195,124.0,44.0,17.461559139784946,5.6,1.0,2.0,49.6%,1.0,2.7,38.1%,0.6,0.7,82.2%,0.3,1.5,1.8,2.4,0.7,1.0,0.0,0.1,1.7,1.2,6.2,JUG,"RIBAS, PAU",32,https://media-cdn.incrowdsports.com/a401ec84-fd4d-4e12-a2f0-67f8c458f795.png,JOV;BAS;PAM;BAR,CJB;CLA;VBC;FCB,Club Joventut Badalona;Baskonia Vitoria-Gasteiz;Valencia Basket;FC Barcelona,https://media-cdn.incrowdsports.com/4867b9ca-abc6-48fd-a47f-011904a74bf8.png;https://media-cdn.incrowdsports.com/e324a6af-2a72-443e-9813-8bf2d364ddab.png;https://media-cdn.cortextech.io/d88f3c71-1519-4b19-8cfb-99e26a4c008e.png;https://media-cdn.incrowdsports.com/35dfa503-e417-481f-963a-bdf6f013763e.png
196,186.0,92.0,18.024283154121864,5.9,1.2,2.5,48.8%,0.9,2.3,40%,0.8,1.0,78.5%,0.5,2.0,2.5,1.6,0.4,0.8,0.0,0.1,1.6,1.1,6.2,003733,"ABALDE, ALBERTO",30,https://media-cdn.incrowdsports.com/192d6d61-9180-4b9a-91c0-eff940b1f27e.png,PAM;MAD,VBC;RMB,Valencia Basket;Real Madrid,https://media-cdn.cortextech.io/d88f3c71-1519-4b19-8cfb-99e26a4c008e.png;https://media-cdn.incrowdsports.com/1a3e1404-4f6f-4ede-9d8b-30eee7cb51b4.png
197,27.0,14.0,16.74074074074074,5.6,1.4,2.6,54.9%,0.5,2.0,24.1%,1.3,2.0,64.8%,0.4,2.0,2.4,1.3,0.6,0.6,0.0,0.2,1.7,2.1,6.2,000411,"JANKOVIC, VLADIMIR",25,,PAN,PAO,Panathinaikos AKTOR Athens,https://media-cdn.incrowdsports.com/e3dff28a-9ec6-4faf-9d96-ecbc68f75780.png
198,67.0,18.0,20.485323383084577,6.4,0.5,1.1,40.8%,1.6,3.4,47.1%,0.6,0.7,87.8%,0.3,1.3,1.6,1.5,0.5,0.7,0.0,0.1,1.8,1.5,6.2,004997,"DIEBLER, JON",30,https://media-cdn.incrowdsports.com/5c9a373e-3dda-43b7-83a3-188f09c5a4af.png,IST;GAL;DAR,EFS;GSO;DTI,Anadolu Efes Istanbul;Galatasaray Spor Kulubu;Darussafaka Basketbol,https://media-cdn.cortextech.io/9a463aa2-ceb2-481c-9a95-1cddee0a248e.png;https://media-cdn.cortextech.io/95056dbe-7949-4b65-921d-ed9b59c0791c.png;https://media-cdn.incrowdsports.com/9ceb124a-7ee1-4db5-8d8c-7d485980b989.png
199,31.0,14.0,18.911827956989246,5.5,1.5,2.7,53.6%,0.5,1.4,38.6%,0.9,1.5,64.4%,1.5,2.4,3.8,0.5,1.0,1.4,0.6,0.1,2.4,1.4,6.3,KWC,"GIGLI, ANGELO",31,,TRE;ROM;MIL,TRE;ROM;EA7,Benetton Basket Treviso;Pallacanestro Virtus Roma;EA7 Emporio Armani Milan,https://media-cdn.incrowdsports.com/0636c1b0-de3e-4ca9-bd2c-e30a4f485114.png;https://media-cdn.incrowdsports.com/e5836b62-9939-4063-b5e5-cc2f5804c142.png;https://media-cdn.cortextech.io/9512ee73-a0f1-4647-a01e-3c2938aba6b8.png
200,38.0,20.0,24.91535087719298,7.6,2.1,4.2,49.4%,0.6,2.7,23.8%,1.5,2.3,65.9%,0.5,2.3,2.8,1.6,1.1,1.6,0.2,0.2,2.3,2.0,6.3,AXX,"ZIELINSKI, MACIEJ",32,,WRO,WKS,WKS Slask Wroclaw,https://media-cdn.incrowdsports.com/0415061b-5374-4a0d-bc04-8fcbc8ad0bb3.png
201,136.0,34.0,14.451470588235296,5.8,2.1,3.8,54.7%,0.1,0.2,25.9%,1.4,1.9,76.7%,1.1,1.7,2.8,0.7,0.4,0.9,0.3,0.4,1.9,1.8,6.3,JPF,"SAVAS, OGUZ",31,https://media-cdn.incrowdsports.com/c5ae40d4-4126-4433-a0ba-516fb8be7080.png,ULK;DAR,ULK;DTI,Fenerbahce Beko Istanbul;Darussafaka Basketbol,https://media-cdn.cortextech.io/3b7f020e-5b39-49a1-b4b2-efea918edab7.png;https://media-cdn.incrowdsports.com/9ceb124a-7ee1-4db5-8d8c-7d485980b989.png
202,43.0,14.0,14.79263565891473,6.2,2.2,4.2,52.2%,0.1,0.5,19%,1.5,2.0,76.5%,1.2,2.0,3.2,0.6,0.6,1.1,0.3,0.3,2.4,2.0,6.3,BEJ,"LONCAR, KRESIMIR",31,,TRE;KHI;PAM,TRE;KHI;VBC,Benetton Basket Treviso;BC Khimki;Valencia Basket,https://media-cdn.incrowdsports.com/0636c1b0-de3e-4ca9-bd2c-e30a4f485114.png;https://media-cdn.incrowdsports.com/04bd9ac1-e8ed-4b35-8878-272596e5c7d6.png;https://media-cdn.cortextech.io/d88f3c71-1519-4b19-8cfb-99e26a4c008e.png
203,119.0,37.0,12.68921568627451,5.5,2.3,3.5,63.9%,0.0,0.0,0%,1.0,1.5,64.4%,1.1,1.8,2.8,0.4,0.2,0.7,0.4,0.2,1.7,1.4,6.3,005504,"BIRUTIS, LAURYNAS",27,https://media-cdn.incrowdsports.com/b3a77237-9548-4094-8536-a910283e5184.png,ZAL,ZAL,Zalgiris Kaunas,https://media-cdn.incrowdsports.com/0aa09358-3847-4c4e-b228-3582ee4e536d.png
203,28.0,13.0,23.31607142857143,7.3,2.2,5.0,44%,0.4,1.4,28.2%,1.7,2.5,68.6%,0.2,1.5,1.7,2.4,0.8,1.9,0.1,0.4,1.8,2.6,6.3,003431,"LAW, ACIE",28,,PAR;OLY,PAR;OLY,Partizan Mozzart Bet Belgrade;Olympiacos Piraeus,https://media-cdn.incrowdsports.com/2681304e-77dd-4331-88b1-683078c0fb49.png;https://media-cdn.incrowdsports.com/789423ac-3cdf-4b89-b11c-b458aa5f59a6.png
203,77.0,41.0,20.73917748917749,6.6,1.2,2.1,57.5%,1.1,2.9,38.5%,0.8,0.9,83.6%,0.3,1.4,1.7,1.7,0.6,0.8,0.2,0.1,2.0,1.4,6.3,001972,"OLESON, BRAD",33,https://media-cdn.cortextech.io/beed3677-8c49-414f-b342-fc05a60ea411.png,BAS;BAR,CLA;FCB,Baskonia Vitoria-Gasteiz;FC Barcelona,https://media-cdn.incrowdsports.com/e324a6af-2a72-443e-9813-8bf2d364ddab.png;https://media-cdn.incrowdsports.com/35dfa503-e417-481f-963a-bdf6f013763e.png
206,44.0,10.0,21.474242424242423,8.6,0.6,0.9,65.9%,2.2,5.2,43.6%,0.7,0.8,82.9%,0.2,0.9,1.1,1.3,0.5,1.1,0.0,0.0,1.8,1.0,6.3,LGA,"MRSIC, DAMIR",39,,ULK,FBU,Fenerbahce Beko Istanbul,https://media-cdn.cortextech.io/3b7f020e-5b39-49a1-b4b2-efea918edab7.png
207,162.0,92.0,18.872736625514403,6.3,1.1,2.5,43.4%,1.1,2.7,39.4%,0.9,1.1,85.6%,0.3,1.8,2.1,3.2,0.5,1.8,0.0,0.2,2.3,1.6,6.3,002543,"WESTERMANN, LEO",29,https://media-cdn.incrowdsports.com/d16e0a60-9556-4a0b-baaa-53b11e2315a4.png,PAR;LMG;CSK;ZAL;BAR;ULK;MCO,PAR;LIM;CSK;ZAL;FCB;FNB;ASM,Partizan Mozzart Bet Belgrade;Limoges Cercle Saint-Pierre;CSKA Moscow;Zalgiris Kaunas;FC Barcelona;Fenerbahce Beko Istanbul;AS Monaco,https://media-cdn.incrowdsports.com/2681304e-77dd-4331-88b1-683078c0fb49.png;https://media-cdn.incrowdsports.com/bb6b25c9-7720-4603-96c8-f5f6205e8a19.png;https://media-cdn.incrowdsports.com/b6a59212-7feb-4f8c-86c2-5e8f07625e3e.png;https://media-cdn.incrowdsports.com/0aa09358-3847-4c4e-b228-3582ee4e536d.png;https://media-cdn.incrowdsports.com/35dfa503-e417-481f-963a-bdf6f013763e.png;https://media-cdn.cortextech.io/3b7f020e-5b39-49a1-b4b2-efea918edab7.png;https://media-cdn.incrowdsports.com/89ed276a-2ba3-413f-8ea2-b3be209ca129.png
208,104.0,64.0,21.56650641025641,6.7,1.8,3.7,49.2%,0.6,1.9,32.8%,1.2,1.7,71.3%,0.5,2.2,2.7,1.7,0.8,1.2,0.1,0.1,2.6,1.8,6.3,AOY,"BURSTEIN, TAL",37,,TEL,MTA,Maccabi Rapyd Tel Aviv,https://media-cdn.incrowdsports.com/5c55ef14-29df-4328-bd52-a7a64c432350.png
209,140.0,62.0,18.87904761904762,9.5,1.5,3.2,47%,1.7,4.4,37.6%,1.5,1.8,81.9%,0.2,1.0,1.2,1.1,0.6,0.8,0.0,0.2,1.8,1.5,6.3,BCN,"BELINELLI, MARCO",38,https://media-cdn.incrowdsports.com/95f413de-ce11-4fe1-916a-3984551ceba7.png,FOR;VIR,FOR;VIR,Fortitudo Pallacanestro Bologna 103;Virtus Bologna,https://media-cdn.incrowdsports.com/0a746cc0-eb26-481a-bab5-457cfc51eae5.png;https://media-cdn.cortextech.io/1362801d-dd09-4fd0-932d-ead56063ab77.png
210,81.0,46.0,17.94567901234568,7.1,1.3,2.7,47.9%,1.0,2.8,37.3%,1.4,1.9,76%,0.7,2.0,2.7,0.7,0.5,0.7,0.1,0.2,2.0,1.6,6.3,004088,"OSMAN, CEDI",29,https://media-cdn.incrowdsports.com/826c12aa-ce2b-42fc-ae3b-a302611a8fbe.png,IST;PAN,EFS;PAO,Anadolu Efes Istanbul;Panathinaikos AKTOR Athens,https://media-cdn.cortextech.io/9a463aa2-ceb2-481c-9a95-1cddee0a248e.png;https://media-cdn.incrowdsports.com/e3dff28a-9ec6-4faf-9d96-ecbc68f75780.png
211,131.0,28.0,16.505216284987277,5.7,1.8,3.1,59.5%,0.4,0.9,43.4%,1.0,1.5,66.3%,1.2,2.1,3.3,0.7,0.3,0.8,0.2,0.2,2.1,1.3,6.3,005917,"ORIOLA, PIERRE",29,https://media-cdn.incrowdsports.com/53641a93-52ff-4017-8979-0112a48f90a4.png,BAR,FCB,FC Barcelona,https://media-cdn.incrowdsports.com/35dfa503-e417-481f-963a-bdf6f013763e.png
212,85.0,28.0,13.976862745098039,6.3,1.8,2.8,64.5%,0.6,1.4,39%,1.0,1.4,71.3%,1.1,1.3,2.4,0.5,0.5,0.7,0.5,0.2,2.2,1.6,6.3,011051,"SMAILAGIC, ALEN",24,https://media-cdn.incrowdsports.com/4df94e70-a8c3-4448-8474-6f63d77d7517.png,PAR;ZAL,PAR;ZAL,Partizan Mozzart Bet Belgrade;Zalgiris Kaunas,https://media-cdn.incrowdsports.com/2681304e-77dd-4331-88b1-683078c0fb49.png;https://media-cdn.incrowdsports.com/0aa09358-3847-4c4e-b228-3582ee4e536d.png
213,46.0,18.0,15.010144927536233,6.7,2.5,5.1,49.4%,0.1,0.3,26.7%,1.5,1.9,77.9%,1.3,2.4,3.7,0.6,0.4,1.1,0.3,0.3,2.5,1.8,6.3,JRC,"MAVROKEFALIDIS, LOUKAS",30,,ROM;OLY;PAN,ROM;OLY;PAO,Pallacanestro Virtus Roma;Olympiacos Piraeus;Panathinaikos AKTOR Athens,https://media-cdn.incrowdsports.com/e5836b62-9939-4063-b5e5-cc2f5804c142.png;https://media-cdn.incrowdsports.com/789423ac-3cdf-4b89-b11c-b458aa5f59a6.png;https://media-cdn.incrowdsports.com/e3dff28a-9ec6-4faf-9d96-ecbc68f75780.png
214,33.0,22.0,22.48282828282828,7.0,1.5,3.6,41.7%,0.8,2.2,35.6%,1.6,1.8,86.7%,0.4,1.3,1.7,2.2,1.0,1.0,0.0,0.2,2.5,1.9,6.4,BFY,"BLAKNEY, RODERICK",34,,AEK;OLY;MAL,AEK;OLY;UNI,AEK Athens;Olympiacos Piraeus;Unicaja Malaga,https://media-cdn.incrowdsports.com/b51b0af8-ac03-4093-8858-9b4d71830fe7.png;https://media-cdn.incrowdsports.com/789423ac-3cdf-4b89-b11c-b458aa5f59a6.png;https://media-cdn.incrowdsports.com/6342214b-684b-421f-8960-5d20354458da.png
215,48.0,17.0,20.60625,6.4,2.0,4.0,50.8%,0.3,1.4,24.6%,1.4,1.9,71.7%,0.3,1.5,1.8,2.3,1.1,1.6,0.1,0.2,2.1,2.0,6.4,AGP,"UDRIH, BENO",35,https://media-cdn.cortextech.io/c1fda79e-c728-4e1f-9e3e-b5bc4303a99b.png,LJU;TEL;ZAL,LJU;MAC;ZAL,KK Cedevita Olimpija;Maccabi Rapyd Tel Aviv;Zalgiris Kaunas,https://media-cdn.incrowdsports.com/73b33d13-570e-4e49-a9cb-fe806831eaa7.png;https://media-cdn.incrowdsports.com/5c55ef14-29df-4328-bd52-a7a64c432350.png;https://media-cdn.incrowdsports.com/0aa09358-3847-4c4e-b228-3582ee4e536d.png
216,95.0,66.0,24.422105263157892,6.2,1.3,2.9,46.7%,0.9,3.0,30.1%,0.8,1.0,80.8%,0.2,1.4,1.7,3.3,1.1,1.7,0.1,0.1,1.9,1.4,6.4,ARR,"TUNCERI, KEREM",33,,ULK;MAD;IST,ULK;RMD;EFS,Fenerbahce Beko Istanbul;Real Madrid;Anadolu Efes Istanbul,https://media-cdn.cortextech.io/3b7f020e-5b39-49a1-b4b2-efea918edab7.png;https://media-cdn.incrowdsports.com/1a3e1404-4f6f-4ede-9d8b-30eee7cb51b4.png;https://media-cdn.cortextech.io/9a463aa2-ceb2-481c-9a95-1cddee0a248e.png
217,124.0,73.0,20.85241935483871,9.8,1.2,2.7,46.8%,2.0,5.0,40%,1.2,1.5,85.2%,0.3,1.0,1.3,1.2,0.7,1.1,0.1,0.3,2.1,1.5,6.4,010612,"CANAAN, ISAIAH",33,https://media-cdn.incrowdsports.com/fdbe31b3-5c83-4daf-93b7-36ee2ada05d0.png,UNK;OLY;RED,UNK;OLY;CZV,UNICS Kazan;Olympiacos Piraeus;Crvena Zvezda Meridianbet Belgrade,https://media-cdn.incrowdsports.com/70b00b96-e98a-42ba-9997-39d70a895157.png;https://media-cdn.incrowdsports.com/789423ac-3cdf-4b89-b11c-b458aa5f59a6.png;https://media-cdn.incrowdsports.com/d2eef4a8-62df-4fdd-9076-276004268515.png
218,132.0,65.0,17.910227272727273,5.8,1.4,2.5,57.1%,0.7,2.0,33.6%,0.9,1.2,79.1%,1.0,2.1,3.1,0.8,0.5,0.8,0.3,0.3,2.0,1.6,6.4,006919,"OLINDE, LOUIS",26,https://media-cdn.incrowdsports.com/0ca648b2-adaa-4385-94c5-57a9fcf141ce.png,BAM;BER,BRO;BER,Bamberger Basketball GmbH;ALBA Berlin,https://media-cdn.incrowdsports.com/85cdd43a-2bbd-4f73-b8f7-76288a5193cb.png;https://media-cdn.incrowdsports.com/ccc34858-22b0-47dc-904c-9940b0a16ff3.png
219,87.0,49.0,17.399425287356323,8.0,2.4,5.1,47.9%,0.6,2.3,27%,1.3,1.6,81.6%,0.7,2.0,2.7,1.1,0.3,0.9,0.1,0.4,1.6,1.6,6.4,011983,"BRAZDEIKIS, IGNAS",26,https://media-cdn.incrowdsports.com/a42240f4-090a-4427-8daf-ffc7e3006afb.png,OLY;ZAL,OLY;ZAL,Olympiacos Piraeus;Zalgiris Kaunas,https://media-cdn.incrowdsports.com/789423ac-3cdf-4b89-b11c-b458aa5f59a6.png;https://media-cdn.incrowdsports.com/0aa09358-3847-4c4e-b228-3582ee4e536d.png
220,186.0,70.0,16.727867383512542,5.7,1.0,1.9,53.3%,1.0,2.4,42.9%,0.6,0.8,70.1%,0.8,2.1,2.9,0.9,0.4,0.6,0.4,0.1,1.6,0.9,6.4,LHI,"VORONTSEVICH, ANDREY",34,https://media-cdn.incrowdsports.com/a09676f1-c672-4835-92fd-da0b236af387.png,CSK;UNK,CSK;UNK,CSKA Moscow;UNICS Kazan,https://media-cdn.incrowdsports.com/b6a59212-7feb-4f8c-86c2-5e8f07625e3e.png;https://media-cdn.incrowdsports.com/70b00b96-e98a-42ba-9997-39d70a895157.png
221,99.0,46.0,19.823569023569025,6.5,2.0,3.3,61.2%,0.6,2.1,27.1%,0.8,1.3,60.5%,1.1,2.2,3.3,0.3,0.4,0.4,0.2,0.1,2.1,1.6,6.4,011231,"BLOSSOMGAME, JARON",31,https://media-cdn.incrowdsports.com/8e6679e0-e62b-4838-bfa7-11bae0ac5ebb.png,MCO,ASM,AS Monaco,https://media-cdn.incrowdsports.com/89ed276a-2ba3-413f-8ea2-b3be209ca129.png
222,46.0,27.0,23.446014492753623,7.7,1.1,2.8,40.6%,1.2,3.5,32.7%,2.0,2.6,78.8%,0.6,1.8,2.5,1.4,0.9,1.5,0.1,0.2,2.3,2.5,6.5,CPS,"TOMAS, MARKO",29,,MAD;CIB;ULK;CED,RMD;CIB;FBU;CED,Real Madrid;KK Cibona;Fenerbahce Beko Istanbul;KK Cedevita Zagreb,https://media-cdn.incrowdsports.com/1a3e1404-4f6f-4ede-9d8b-30eee7cb51b4.png;https://media-cdn.incrowdsports.com/2bc7884a-4fe7-4362-9d4f-ba2ad8a0239d.png;https://media-cdn.cortextech.io/3b7f020e-5b39-49a1-b4b2-efea918edab7.png;https://media-cdn.incrowdsports.com/ba95084a-224c-4d4a-a306-37a386772f64.png
223,85.0,5.0,13.882941176470588,5.3,1.8,3.0,60.6%,0.0,0.0,0%,1.6,1.8,86.5%,1.2,1.6,2.8,0.4,0.5,0.7,0.8,0.2,2.2,1.3,6.5,004655,"BAKO, ISMAEL",27,https://media-cdn.incrowdsports.com/c188da68-4a88-460f-847d-93a21015e5d7.png,ASV;VIR,ASV;VIR,LDLC ASVEL Villeurbanne;Virtus Bologna,https://media-cdn.incrowdsports.com/e33c6d1a-95ca-4dbc-b8cb-0201812104cc.png;https://media-cdn.cortextech.io/1362801d-dd09-4fd0-932d-ead56063ab77.png
224,150.0,65.0,19.515888888888888,6.4,1.7,3.3,51.4%,0.8,2.4,32.7%,0.7,1.0,72%,0.2,1.8,2.0,2.9,0.6,1.9,0.1,0.2,1.3,1.2,6.5,JBX,"KALNIETIS, MANTAS",37,https://media-cdn.incrowdsports.com/e11f0d6c-da9f-4687-9de4-4eee432a7e67.png,TIV;MIL;ZAL,LOK;EA7;ZAL,Lokomotiv Kuban;EA7 Emporio Armani Milan;Zalgiris Kaunas,https://media-cdn.incrowdsports.com/10d99d78-4206-411d-83d2-db7abc63c6ae.png;https://media-cdn.cortextech.io/9512ee73-a0f1-4647-a01e-3c2938aba6b8.png;https://media-cdn.incrowdsports.com/0aa09358-3847-4c4e-b228-3582ee4e536d.png
225,55.0,19.0,13.768181818181818,4.1,1.6,2.9,55.4%,0.0,0.0,0%,0.9,1.5,61.2%,1.7,2.4,4.1,0.4,0.3,0.6,0.6,0.3,1.6,1.3,6.5,003328,"ALDEMIR, FURKAN",25,https://media-cdn.cortextech.io/935784da-081f-4241-9a07-06a55bfc7d1d.png,GAL;DAR,GSL;DDI,Galatasaray Spor Kulubu;Darussafaka Basketbol,https://media-cdn.cortextech.io/95056dbe-7949-4b65-921d-ed9b59c0791c.png;https://media-cdn.incrowdsports.com/9ceb124a-7ee1-4db5-8d8c-7d485980b989.png
226,76.0,30.0,16.42982456140351,6.1,1.9,3.5,53.2%,0.4,1.5,25.2%,1.2,1.8,65.9%,1.0,2.4,3.4,1.1,0.6,1.2,0.2,0.2,1.8,1.7,6.5,JNN,"VELICKOVIC, NOVICA",27,,PAR;MAD;BAM,PAR;RMD;BRO,Partizan Mozzart Bet Belgrade;Real Madrid;Bamberger Basketball GmbH,https://media-cdn.incrowdsports.com/2681304e-77dd-4331-88b1-683078c0fb49.png;https://media-cdn.incrowdsports.com/1a3e1404-4f6f-4ede-9d8b-30eee7cb51b4.png;https://media-cdn.incrowdsports.com/85cdd43a-2bbd-4f73-b8f7-76288a5193cb.png
227,67.0,18.0,14.178358208955224,5.4,2.2,3.8,58%,0.0,0.1,16.7%,0.9,1.7,53.2%,1.7,1.7,3.4,0.6,0.2,0.8,0.2,0.2,1.8,1.9,6.5,004222,"OMIC, ALEN",26,https://media-cdn.incrowdsports.com/9cd9219a-31f4-4e18-974a-512a9d9f1b47.png,LJU;IST;RED;MIL;BUD,UOL;EFS;CZV;AXM;BUD,KK Cedevita Olimpija;Anadolu Efes Istanbul;Crvena Zvezda Meridianbet Belgrade;EA7 Emporio Armani Milan;KK Buducnost,https://media-cdn.incrowdsports.com/73b33d13-570e-4e49-a9cb-fe806831eaa7.png;https://media-cdn.cortextech.io/9a463aa2-ceb2-481c-9a95-1cddee0a248e.png;https://media-cdn.incrowdsports.com/d2eef4a8-62df-4fdd-9076-276004268515.png;https://media-cdn.cortextech.io/9512ee73-a0f1-4647-a01e-3c2938aba6b8.png;https://media-cdn.incrowdsports.com/47161285-94b3-4266-9d23-b722e8600945.png
228,29.0,17.0,20.545402298850576,6.3,2.6,5.6,47.2%,0.0,0.0,0%,1.1,1.5,72.7%,1.8,3.3,5.2,0.4,0.6,1.7,0.3,0.4,2.8,1.9,6.5,AHJ,"MARAS, ROBERT",26,,FRA,FRA,Skyliners Frankfurt,https://media-cdn.incrowdsports.com/75c69af8-9cf4-498d-932e-0b28be2444df.png
229,101.0,58.0,23.06947194719472,8.1,1.0,2.2,45.6%,1.8,4.9,36.6%,0.7,0.9,82.8%,0.3,1.7,2.0,1.6,0.7,1.0,0.1,0.1,1.9,1.3,6.5,004165,"JANNING, MATT",31,https://media-cdn.incrowdsports.com/35478780-a084-46f9-a36b-8c8a0b433d11.png,SIE;IST;TIV;BAS,MPS;EFS;LOK;KBA,Montepaschi Siena;Anadolu Efes Istanbul;Lokomotiv Kuban;Baskonia Vitoria-Gasteiz,https://media-cdn.incrowdsports.com/1d94a55f-b8c7-459c-951e-8177f5f3eebe.png;https://media-cdn.cortextech.io/9a463aa2-ceb2-481c-9a95-1cddee0a248e.png;https://media-cdn.incrowdsports.com/10d99d78-4206-411d-83d2-db7abc63c6ae.png;https://media-cdn.incrowdsports.com/e324a6af-2a72-443e-9813-8bf2d364ddab.png
230,65.0,11.0,16.74076923076923,5.2,1.5,3.0,49.5%,0.4,1.3,28%,1.1,1.7,65.5%,1.4,2.5,4.0,1.0,0.7,0.9,0.4,0.3,1.8,1.3,6.5,CLQ,"DYLEWICZ, FILIP",34,,SOP;ZGO,PRO;TUR,Arka Gdynia;PGE Turow Zgorzelec,https://media-cdn.incrowdsports.com/210fa2fa-3529-400d-8d3f-9174a22ad1a8.png;https://media-cdn.incrowdsports.com/e7418d03-ac8e-4c67-a440-c49f51a13d3f.png
231,71.0,26.0,20.936854460093898,6.5,1.1,2.4,45.2%,0.8,2.3,36.6%,1.9,2.4,79.2%,0.3,1.2,1.5,2.2,0.7,1.4,0.0,0.2,2.6,3.0,6.5,AUQ,"AVDALOVIC, VULE",31,,PAR;CHO;BER,PAR;CHO;ALB,Partizan Mozzart Bet Belgrade;Cholet Basket;ALBA Berlin,https://media-cdn.incrowdsports.com/2681304e-77dd-4331-88b1-683078c0fb49.png;https://media-cdn.incrowdsports.com/8e983039-ccb0-4813-bb92-73a05e4dc02d.png;https://media-cdn.incrowdsports.com/ccc34858-22b0-47dc-904c-9940b0a16ff3.png
232,273.0,18.0,16.20940170940171,6.8,1.8,3.5,49.9%,0.7,1.8,39%,1.1,1.3,85.2%,0.3,0.9,1.2,2.2,0.4,1.4,0.0,0.2,1.7,2.2,6.5,003210,"LEKAVICIUS, LUKAS",30,https://media-cdn.incrowdsports.com/e03b2138-ce9d-477b-9745-555d0ff9adb0.png,PAN;ZAL,PAO;ZAL,Panathinaikos AKTOR Athens;Zalgiris Kaunas,https://media-cdn.incrowdsports.com/e3dff28a-9ec6-4faf-9d96-ecbc68f75780.png;https://media-cdn.incrowdsports.com/0aa09358-3847-4c4e-b228-3582ee4e536d.png
232,143.0,20.0,16.01923076923077,7.4,2.0,3.7,54.9%,0.8,1.9,42.3%,1.0,1.2,80.2%,0.8,1.6,2.4,0.5,0.3,0.7,0.1,0.3,1.2,1.1,6.5,006599,"MOTUM, BROCK",31,https://media-cdn.incrowdsports.com/9d5dd223-7b8b-4b5e-9a22-20852f26b78f.png,ZAL;IST;PAM;MCO,ZAL;EFS;VBC;ASM,Zalgiris Kaunas;Anadolu Efes Istanbul;Valencia Basket;AS Monaco,https://media-cdn.incrowdsports.com/0aa09358-3847-4c4e-b228-3582ee4e536d.png;https://media-cdn.cortextech.io/9a463aa2-ceb2-481c-9a95-1cddee0a248e.png;https://media-cdn.cortextech.io/d88f3c71-1519-4b19-8cfb-99e26a4c008e.png;https://media-cdn.incrowdsports.com/89ed276a-2ba3-413f-8ea2-b3be209ca129.png
232,26.0,13.0,20.646794871794874,5.8,1.3,2.0,65.4%,0.8,2.8,29.2%,0.7,0.8,86.4%,0.8,3.1,4.0,1.0,0.4,0.7,1.1,0.1,2.9,0.7,6.5,005162,"PETWAY, BRENT",30,https://media-cdn.cortextech.io/c8210e70-ef6b-41ae-b53a-12fd9f8160d3.png,OLY;SAS,OLY;DSS,Olympiacos Piraeus;Polisportiva Dinamo,https://media-cdn.incrowdsports.com/789423ac-3cdf-4b89-b11c-b458aa5f59a6.png;https://media-cdn.incrowdsports.com/f2916aea-9c1a-46ff-aa3a-04765cb2a60e.png
232,78.0,24.0,17.476282051282052,7.9,2.0,3.3,60.5%,0.9,3.4,25%,1.3,1.7,76.9%,0.6,1.3,1.9,0.7,0.9,1.0,0.3,0.2,1.3,1.6,6.5,008384,"PROCIDA, GABRIELE",22,https://media-cdn.incrowdsports.com/7b39212c-57ba-48ee-b313-18b473fcf736.png,BER,BER,ALBA Berlin,https://media-cdn.incrowdsports.com/ccc34858-22b0-47dc-904c-9940b0a16ff3.png
236,26.0,10.0,19.012179487179488,7.7,0.8,2.1,38.9%,1.4,3.5,40.7%,1.8,2.0,88.5%,0.2,0.8,1.0,2.2,0.5,1.5,0.0,0.2,1.3,1.9,6.6,KGH,"RASIC, ALEKSANDAR",28,,PAR;SIE,PAR;MPS,Partizan Mozzart Bet Belgrade;Montepaschi Siena,https://media-cdn.incrowdsports.com/2681304e-77dd-4331-88b1-683078c0fb49.png;https://media-cdn.incrowdsports.com/1d94a55f-b8c7-459c-951e-8177f5f3eebe.png
237,85.0,47.0,16.459999999999997,5.8,1.9,3.8,50.6%,0.4,1.3,27.5%,1.0,1.3,71.7%,0.4,1.6,2.0,2.6,0.8,1.4,0.2,0.2,1.9,1.8,6.6,008985,"BOLMARO, LEANDRO",25,https://media-cdn.incrowdsports.com/ea51e519-2f07-44bf-ae25-3f3f825ba0c8.png,BAR;MUN;MIL,FCB;BAY;EA7,FC Barcelona;FC Bayern Munich;EA7 Emporio Armani Milan,https://media-cdn.incrowdsports.com/35dfa503-e417-481f-963a-bdf6f013763e.png;https://media-cdn.incrowdsports.com/817b0e58-d595-4b09-ab0b-1e7cc26249ff.png;https://media-cdn.cortextech.io/9512ee73-a0f1-4647-a01e-3c2938aba6b8.png
238,75.0,48.0,20.495333333333335,5.6,1.3,3.3,40.8%,0.7,1.9,37.3%,0.8,1.1,69.4%,0.4,1.9,2.3,3.3,1.0,1.5,0.1,0.2,2.0,1.6,6.6,000622,"OHAYON, YOGEV",29,https://media-cdn.cortextech.io/7effca38-388f-41bc-89fc-2578c007745b.png,TEL,MTA,Maccabi Rapyd Tel Aviv,https://media-cdn.incrowdsports.com/5c55ef14-29df-4328-bd52-a7a64c432350.png
239,110.0,65.0,18.728636363636365,7.0,1.5,3.4,45.3%,1.0,2.5,38.7%,1.0,1.3,76.4%,0.4,2.2,2.6,1.1,0.7,1.0,0.1,0.1,1.8,1.7,6.6,KRH,"PERPEROGLOU, STRATOS",35,https://media-cdn.incrowdsports.com/420ce713-fe13-4304-8c8e-88ca5b69528c.png,PAN;OLY;IST;BAR;RED,PAO;OLY;EFS;FCB;CZV,Panathinaikos AKTOR Athens;Olympiacos Piraeus;Anadolu Efes Istanbul;FC Barcelona;Crvena Zvezda Meridianbet Belgrade,https://media-cdn.incrowdsports.com/e3dff28a-9ec6-4faf-9d96-ecbc68f75780.png;https://media-cdn.incrowdsports.com/789423ac-3cdf-4b89-b11c-b458aa5f59a6.png;https://media-cdn.cortextech.io/9a463aa2-ceb2-481c-9a95-1cddee0a248e.png;https://media-cdn.incrowdsports.com/35dfa503-e417-481f-963a-bdf6f013763e.png;https://media-cdn.incrowdsports.com/d2eef4a8-62df-4fdd-9076-276004268515.png
240,33.0,30.0,29.074747474747475,9.8,1.9,3.8,48.8%,1.3,3.8,33.3%,2.2,3.2,70.2%,0.3,1.7,2.0,2.2,0.8,2.0,0.1,0.3,3.0,2.6,6.7,AQY,"PESIC, MARKO",27,,BER,BER,ALBA Berlin,https://media-cdn.incrowdsports.com/ccc34858-22b0-47dc-904c-9940b0a16ff3.png
241,67.0,47.0,23.719402985074627,8.1,2.1,4.1,51.1%,0.9,2.8,31.2%,1.4,1.9,71.7%,1.0,1.9,2.9,1.2,0.7,1.5,0.3,0.3,2.4,2.1,6.7,002822,"MILOSAVLJEVIC, DRAGAN",28,https://media-cdn.incrowdsports.com/da2178b9-a69a-4e55-9fe4-2ad124f36c10.png,PAR;MAL,PAR;UNI,Partizan Mozzart Bet Belgrade;Unicaja Malaga,https://media-cdn.incrowdsports.com/2681304e-77dd-4331-88b1-683078c0fb49.png;https://media-cdn.incrowdsports.com/6342214b-684b-421f-8960-5d20354458da.png
242,99.0,21.0,17.96043771043771,6.7,1.2,2.4,50.6%,1.0,2.4,41.8%,1.3,1.5,82.2%,0.6,2.0,2.6,0.9,0.5,0.8,0.3,0.1,2.0,1.5,6.7,005056,"ZIPSER, PAUL",28,https://media-cdn.incrowdsports.com/b49a4766-4b4e-48d2-acdf-4d2fd232a562.png,MUN,BAY,FC Bayern Munich,https://media-cdn.incrowdsports.com/817b0e58-d595-4b09-ab0b-1e7cc26249ff.png
243,59.0,26.0,21.54237288135593,8.4,1.2,2.8,42.3%,1.7,4.5,37.5%,1.0,1.3,76.3%,0.6,2.4,3.0,1.0,0.7,1.2,0.1,0.1,2.0,1.5,6.7,APY,"HUKIC, JASMIN",29,,SOP;LJU,PRO;LJU,Arka Gdynia;KK Cedevita Olimpija,https://media-cdn.incrowdsports.com/210fa2fa-3529-400d-8d3f-9174a22ad1a8.png;https://media-cdn.incrowdsports.com/73b33d13-570e-4e49-a9cb-fe806831eaa7.png
244,52.0,12.0,17.91698717948718,7.9,0.8,1.8,44.8%,1.6,4.1,39.2%,1.5,1.8,85.7%,0.5,1.4,2.0,1.0,0.6,1.0,0.1,0.2,1.6,1.7,6.7,ALG,"VASILEIADIS, KOSTAS",30,,PAO;OLY;BIL;IST;MAL,PBC;OLY;BIL;EFS;UNI,PAOK BC;Olympiacos Piraeus;Bilbao Basket;Anadolu Efes Istanbul;Unicaja Malaga,https://media-cdn.incrowdsports.com/b74f8a63-709a-469a-8c3e-9431c2b024a7.png;https://media-cdn.incrowdsports.com/789423ac-3cdf-4b89-b11c-b458aa5f59a6.png;https://media-cdn.incrowdsports.com/eedb87e1-f3d1-46d4-bbf8-bbb25b932d6d.png;https://media-cdn.cortextech.io/9a463aa2-ceb2-481c-9a95-1cddee0a248e.png;https://media-cdn.incrowdsports.com/6342214b-684b-421f-8960-5d20354458da.png
245,20.0,6.0,16.684166666666666,7.0,1.5,3.4,44.8%,0.8,2.0,42.5%,1.5,1.6,93.8%,0.6,1.2,1.9,0.7,0.5,0.8,0.1,0.1,1.1,1.6,6.8,001899,"BLANCO, SAUL",26,,MAL,UNI,Unicaja Malaga,https://media-cdn.incrowdsports.com/6342214b-684b-421f-8960-5d20354458da.png
246,25.0,15.0,21.836666666666666,6.7,1.5,3.3,46.3%,1.0,3.7,28.3%,0.6,0.8,70%,0.6,3.2,3.8,1.9,0.8,1.2,0.2,0.2,2.0,1.4,6.8,001761,"BABIC, LUKA",24,https://media-cdn.cortextech.io/e10c0f2b-84b1-450e-9f8b-e0460ff03e69.png,CED,CED,KK Cedevita Zagreb,https://media-cdn.incrowdsports.com/ba95084a-224c-4d4a-a306-37a386772f64.png
247,73.0,25.0,19.334703196347032,8.6,1.3,2.7,48.7%,1.4,3.1,44.3%,1.9,2.3,82%,0.3,1.3,1.6,0.5,0.6,0.8,0.1,0.1,2.3,2.2,6.8,APH,"ALVERTIS, FRAGISKOS",45,,PAN,PAO,Panathinaikos AKTOR Athens,https://media-cdn.incrowdsports.com/e3dff28a-9ec6-4faf-9d96-ecbc68f75780.png
248,181.0,115.0,18.01878453038674,6.5,1.4,2.8,49.2%,1.0,2.6,37.9%,0.8,1.1,76.4%,0.7,2.4,3.1,1.0,0.5,0.6,0.2,0.2,1.5,1.1,6.8,005938,"ANDERSON, JAMES",32,https://media-cdn.incrowdsports.com/30d59b37-be28-4696-9dbe-6f5fa7273fc1.png,ZAL;DAR;KHI;IST,ZAL;DDI;KHI;EFS,Zalgiris Kaunas;Darussafaka Basketbol;BC Khimki;Anadolu Efes Istanbul,https://media-cdn.incrowdsports.com/0aa09358-3847-4c4e-b228-3582ee4e536d.png;https://media-cdn.incrowdsports.com/9ceb124a-7ee1-4db5-8d8c-7d485980b989.png;https://media-cdn.incrowdsports.com/04bd9ac1-e8ed-4b35-8878-272596e5c7d6.png;https://media-cdn.cortextech.io/9a463aa2-ceb2-481c-9a95-1cddee0a248e.png
249,273.0,155.0,18.306105006105007,7.0,1.6,2.9,55.2%,1.0,2.3,40.9%,0.9,1.3,72.2%,0.4,1.4,1.8,1.6,0.5,1.0,0.1,0.2,1.6,1.7,6.8,001392,"CAUSEUR, FABIEN",37,https://media-cdn.incrowdsports.com/c02a4dc6-4b7f-4b9e-89ae-10a8ed78fd34.png,CHO;BAS;BAM;MAD;MIL,CHO;LBO;BRO;RMB;EA7,Cholet Basket;Baskonia Vitoria-Gasteiz;Bamberger Basketball GmbH;Real Madrid;EA7 Emporio Armani Milan,https://media-cdn.incrowdsports.com/8e983039-ccb0-4813-bb92-73a05e4dc02d.png;https://media-cdn.incrowdsports.com/e324a6af-2a72-443e-9813-8bf2d364ddab.png;https://media-cdn.incrowdsports.com/85cdd43a-2bbd-4f73-b8f7-76288a5193cb.png;https://media-cdn.incrowdsports.com/1a3e1404-4f6f-4ede-9d8b-30eee7cb51b4.png;https://media-cdn.cortextech.io/9512ee73-a0f1-4647-a01e-3c2938aba6b8.png
250,135.0,64.0,19.30074074074074,9.3,1.5,3.5,44.2%,1.6,4.2,37.4%,1.5,1.9,81.7%,0.3,2.0,2.3,1.2,0.7,1.2,0.1,0.4,2.1,1.8,6.8,008989,"HILLIARD, DARRUN",29,https://media-cdn.incrowdsports.com/093f8c89-2e15-43c1-9bbf-2f48e5e23468.png,BAS;CSK;MUN;TEL,KBA;CSK;BAY;MTA,Baskonia Vitoria-Gasteiz;CSKA Moscow;FC Bayern Munich;Maccabi Rapyd Tel Aviv,https://media-cdn.incrowdsports.com/e324a6af-2a72-443e-9813-8bf2d364ddab.png;https://media-cdn.incrowdsports.com/b6a59212-7feb-4f8c-86c2-5e8f07625e3e.png;https://media-cdn.incrowdsports.com/817b0e58-d595-4b09-ab0b-1e7cc26249ff.png;https://media-cdn.incrowdsports.com/5c55ef14-29df-4328-bd52-a7a64c432350.png
251,99.0,32.0,21.644781144781145,5.1,1.0,1.7,54.9%,0.7,1.9,35.3%,1.2,1.6,75.2%,0.9,2.6,3.5,1.3,1.0,1.0,0.3,0.2,2.5,1.8,6.8,002676,"BUTKEVICIUS, ARNAS",33,https://media-cdn.incrowdsports.com/b080f644-df17-416a-b647-cb2fae3f3fd1.png,KLA;ZAL,NEP;ZAL,Neptunas Klaipeda;Zalgiris Kaunas,https://media-cdn.cortextech.io/ed0df5cd-c9e4-4387-bcd4-3606270cd255.png;https://media-cdn.incrowdsports.com/0aa09358-3847-4c4e-b228-3582ee4e536d.png
252,179.0,100.0,19.46899441340782,5.5,1.1,2.0,56.1%,0.8,2.1,37.9%,0.9,1.1,82.8%,0.7,2.5,3.2,1.0,0.7,0.9,0.3,0.1,1.8,1.3,6.8,000556,"CLAVER, VICTOR",35,https://media-cdn.incrowdsports.com/980e6d85-289c-47ce-b2b8-e9f25a8ec017.png,TIV;BAR;PAM,LOK;FCB;VBC,Lokomotiv Kuban;FC Barcelona;Valencia Basket,https://media-cdn.incrowdsports.com/10d99d78-4206-411d-83d2-db7abc63c6ae.png;https://media-cdn.incrowdsports.com/35dfa503-e417-481f-963a-bdf6f013763e.png;https://media-cdn.cortextech.io/d88f3c71-1519-4b19-8cfb-99e26a4c008e.png
253,112.0,45.0,19.319196428571427,8.0,2.0,3.8,51.7%,0.8,2.6,29.8%,1.7,2.2,74.9%,0.7,1.3,2.1,1.1,0.7,1.1,0.1,0.4,1.8,2.6,6.8,003514,"DRAGIC, ZORAN",32,https://media-cdn.incrowdsports.com/8aead82c-d9c3-4e12-b834-bfee6ed97988.png,MAL;KHI;MIL;IST;BAS;ZAL,UNI;KHI;EA7;EFS;TDS;ZAL,Unicaja Malaga;BC Khimki;EA7 Emporio Armani Milan;Anadolu Efes Istanbul;Baskonia Vitoria-Gasteiz;Zalgiris Kaunas,https://media-cdn.incrowdsports.com/6342214b-684b-421f-8960-5d20354458da.png;https://media-cdn.incrowdsports.com/04bd9ac1-e8ed-4b35-8878-272596e5c7d6.png;https://media-cdn.cortextech.io/9512ee73-a0f1-4647-a01e-3c2938aba6b8.png;https://media-cdn.cortextech.io/9a463aa2-ceb2-481c-9a95-1cddee0a248e.png;https://media-cdn.incrowdsports.com/e324a6af-2a72-443e-9813-8bf2d364ddab.png;https://media-cdn.incrowdsports.com/0aa09358-3847-4c4e-b228-3582ee4e536d.png
254,80.0,31.0,16.628958333333333,6.6,2.3,3.8,60.9%,0.4,1.2,29.9%,0.8,1.0,87.2%,1.3,1.7,3.1,0.6,0.4,1.1,0.6,0.2,1.7,1.1,6.8,002536,"JEAN-CHARLES, LIVIO",28,https://media-cdn.incrowdsports.com/3f6a90e7-adaf-478e-982f-dcbf6ba11768.png,ASV;OLY,ASV;OLY,LDLC ASVEL Villeurbanne;Olympiacos Piraeus,https://media-cdn.incrowdsports.com/e33c6d1a-95ca-4dbc-b8cb-0201812104cc.png;https://media-cdn.incrowdsports.com/789423ac-3cdf-4b89-b11c-b458aa5f59a6.png
255,48.0,28.0,21.341319444444448,8.5,1.7,3.8,44.8%,1.1,3.0,34.9%,2.0,2.1,92.2%,0.2,1.6,1.9,1.8,0.5,1.3,0.0,0.2,2.3,2.2,6.8,002091,"ROBERTS, BRIAN",32,https://media-cdn.cortextech.io/9a7e7b84-fcbd-4e92-870e-8f2f31f22d72.png,BAM;OLY,BRO;OLY,Bamberger Basketball GmbH;Olympiacos Piraeus,https://media-cdn.incrowdsports.com/85cdd43a-2bbd-4f73-b8f7-76288a5193cb.png;https://media-cdn.incrowdsports.com/789423ac-3cdf-4b89-b11c-b458aa5f59a6.png
256,103.0,67.0,18.870388349514563,6.0,2.4,4.4,55.3%,0.0,0.1,21.4%,1.0,2.2,46.8%,1.6,2.6,4.2,0.6,0.3,1.3,0.7,0.2,2.3,2.2,6.9,BVE,"JAVTOKAS, ROBERTAS",36,https://media-cdn.cortextech.io/6faf23a4-63db-471d-9280-13b5f1c76bed.png,LIE;PAN;KHI;PAM;ZAL,LIE;PAO;KHI;VBC;ZAL,Rytas Vilnius;Panathinaikos AKTOR Athens;BC Khimki;Valencia Basket;Zalgiris Kaunas,https://media-cdn.incrowdsports.com/894a55c9-4a15-40b0-a1b0-b0aec2ce3592.png;https://media-cdn.incrowdsports.com/e3dff28a-9ec6-4faf-9d96-ecbc68f75780.png;https://media-cdn.incrowdsports.com/04bd9ac1-e8ed-4b35-8878-272596e5c7d6.png;https://media-cdn.cortextech.io/d88f3c71-1519-4b19-8cfb-99e26a4c008e.png;https://media-cdn.incrowdsports.com/0aa09358-3847-4c4e-b228-3582ee4e536d.png
257,120.0,57.0,21.638472222222223,7.7,1.3,2.7,50%,1.1,2.9,38.6%,1.7,2.1,80.1%,0.4,1.4,1.8,2.2,0.8,1.5,0.0,0.3,2.4,2.1,6.9,AWS,"RODRIGUEZ, BERNI",31,,MAL,UNI,Unicaja Malaga,https://media-cdn.incrowdsports.com/6342214b-684b-421f-8960-5d20354458da.png
258,167.0,53.0,18.211576846307388,5.6,1.2,2.2,57.3%,0.7,1.9,38.2%,1.0,1.3,77.9%,0.6,2.1,2.7,0.9,0.7,0.6,0.2,0.1,1.8,1.6,6.9,007960,"DAVIDOVAC, DEJAN",29,https://media-cdn.incrowdsports.com/7c9b47c4-d0ca-4827-bb68-3ad4f5d4e2c3.png,RED,CZV,Crvena Zvezda Meridianbet Belgrade,https://media-cdn.incrowdsports.com/d2eef4a8-62df-4fdd-9076-276004268515.png
259,40.0,24.0,23.24625,9.6,2.0,4.4,45.4%,1.1,2.8,39.6%,2.4,3.1,76.6%,0.3,1.2,1.4,2.1,0.9,2.4,0.0,0.4,2.2,2.6,6.9,APL,"MULAOMEROVIC, DAMIR",37,,PAN;MAD;OLY;CIB;ZAG,PAO;RMD;OLY;CIB;ZAG,Panathinaikos AKTOR Athens;Real Madrid;Olympiacos Piraeus;KK Cibona;KK Zagreb,https://media-cdn.incrowdsports.com/e3dff28a-9ec6-4faf-9d96-ecbc68f75780.png;https://media-cdn.incrowdsports.com/1a3e1404-4f6f-4ede-9d8b-30eee7cb51b4.png;https://media-cdn.incrowdsports.com/789423ac-3cdf-4b89-b11c-b458aa5f59a6.png;https://media-cdn.incrowdsports.com/2bc7884a-4fe7-4362-9d4f-ba2ad8a0239d.png;https://media-cdn.incrowdsports.com/766470c6-ddb5-438a-a1b0-89c2f0f9406a.png
260,111.0,43.0,22.3990990990991,7.6,1.4,2.9,46.9%,0.8,2.4,34.6%,2.4,2.8,84.5%,0.3,1.0,1.3,1.8,0.6,1.5,0.1,0.2,1.9,2.6,6.9,AFJ,"KUS, DAVOR",30,,AEK;MAL;CIB,AEK;UNI;CIB,AEK Athens;Unicaja Malaga;KK Cibona,https://media-cdn.incrowdsports.com/b51b0af8-ac03-4093-8858-9b4d71830fe7.png;https://media-cdn.incrowdsports.com/6342214b-684b-421f-8960-5d20354458da.png;https://media-cdn.incrowdsports.com/2bc7884a-4fe7-4362-9d4f-ba2ad8a0239d.png
261,56.0,35.0,25.64166666666667,9.1,1.4,2.9,49.4%,1.7,5.1,33.2%,1.2,1.5,79.1%,0.6,1.8,2.4,1.2,0.9,1.2,0.1,0.2,1.9,1.6,6.9,ATR,"MARCELIC, DAVOR",37,,ZAD;FOR;ASV;PAU;CIB,ZAD;FOR;ASV;PAU;CIB,KK Zadar;Fortitudo Pallacanestro Bologna 103;LDLC ASVEL Villeurbanne;Elan Bearnais Pau-Lacq-Orthez;KK Cibona,https://media-cdn.incrowdsports.com/5bae1d8f-cf6e-4cce-affe-f528f1352cb5.png;https://media-cdn.incrowdsports.com/0a746cc0-eb26-481a-bab5-457cfc51eae5.png;https://media-cdn.incrowdsports.com/e33c6d1a-95ca-4dbc-b8cb-0201812104cc.png;https://media-cdn.incrowdsports.com/4550b11c-3680-44b2-a512-f0b4ff304b59.png;https://media-cdn.incrowdsports.com/2bc7884a-4fe7-4362-9d4f-ba2ad8a0239d.png
262,84.0,38.0,18.13154761904762,6.5,1.7,2.9,56.5%,0.8,2.0,42.4%,0.7,0.9,79.5%,1.2,2.1,3.4,0.9,0.7,0.8,0.2,0.2,2.0,0.9,6.9,002744,"TILLIE, KIM",30,https://media-cdn.incrowdsports.com/a1fc5f51-bfd3-4ecb-b099-eb0d354391af.png,BAS;OLY;CAN,LBO;OLY;HGC,Baskonia Vitoria-Gasteiz;Olympiacos Piraeus;Club Baloncesto Gran Canaria,https://media-cdn.incrowdsports.com/e324a6af-2a72-443e-9813-8bf2d364ddab.png;https://media-cdn.incrowdsports.com/789423ac-3cdf-4b89-b11c-b458aa5f59a6.png;https://media-cdn.incrowdsports.com/a074edc1-e180-4515-a876-447884b570b1.png
263,87.0,21.0,20.855555555555558,7.7,1.2,2.4,50.7%,1.4,3.5,41%,1.0,1.3,78.2%,0.5,2.1,2.6,0.5,0.6,0.6,0.1,0.2,1.6,1.3,7.0,LRU,"SIMONOVIC, MARKO",36,https://media-cdn.incrowdsports.com/ea028536-81e0-4776-968e-491a271b209d.png,RED,CZV,Crvena Zvezda Meridianbet Belgrade,https://media-cdn.incrowdsports.com/d2eef4a8-62df-4fdd-9076-276004268515.png
264,38.0,26.0,19.763157894736842,6.2,2.4,4.9,49.7%,0.0,0.0,0%,1.3,1.6,85%,1.6,2.4,4.0,0.4,0.6,1.2,1.1,0.4,2.4,1.3,7.0,JKS,"RUPERT, THIERRY",29,,PAU,PAU,Elan Bearnais Pau-Lacq-Orthez,https://media-cdn.incrowdsports.com/4550b11c-3680-44b2-a512-f0b4ff304b59.png
265,88.0,60.0,21.514015151515153,8.2,1.7,3.1,54.2%,0.9,2.4,37.1%,2.2,2.8,79.1%,0.3,1.3,1.7,1.1,0.7,0.9,0.1,0.3,2.4,2.3,7.0,BCS,"HATZIVRETTAS, NIKOS",31,,CSK;PAN,CSK;PAO,CSKA Moscow;Panathinaikos AKTOR Athens,https://media-cdn.incrowdsports.com/b6a59212-7feb-4f8c-86c2-5e8f07625e3e.png;https://media-cdn.incrowdsports.com/e3dff28a-9ec6-4faf-9d96-ecbc68f75780.png
266,145.0,109.0,16.0848275862069,5.3,2.0,3.2,62.2%,0.0,0.0,0%,1.3,1.9,68.1%,1.7,2.5,4.1,0.3,0.3,1.0,0.6,0.2,2.7,2.0,7.0,008004,"TARCZEWSKI, KALEB",28,https://media-cdn.incrowdsports.com/f276b900-872b-408d-9474-becf63a21411.png,MIL,AXM,EA7 Emporio Armani Milan,https://media-cdn.cortextech.io/9512ee73-a0f1-4647-a01e-3c2938aba6b8.png
267,173.0,112.0,21.678227360308288,7.6,2.0,4.0,50%,0.8,2.2,38.5%,1.1,1.5,76.6%,0.6,1.7,2.3,1.4,0.7,1.1,0.1,0.2,2.0,1.9,7.0,003526,"LIGHTY, DAVID",37,https://media-cdn.incrowdsports.com/a326204a-16c3-4f08-b1b4-4369f192a50f.png,CTU;NTR;ASV,CTU;NAN;ASV,Pallacanestro Cantu;Nanterre 92;LDLC ASVEL Villeurbanne,https://media-cdn.incrowdsports.com/17abff29-6978-4f75-9bbe-2e6171bb856f.png;https://media-cdn.incrowdsports.com/57ec1c94-38b8-49e6-842b-e7fbbe4b880e.png;https://media-cdn.incrowdsports.com/e33c6d1a-95ca-4dbc-b8cb-0201812104cc.png
268,46.0,12.0,21.91123188405797,7.9,1.4,3.6,38.2%,1.3,4.2,30.4%,1.3,1.8,72.9%,0.6,1.7,2.3,2.6,0.9,1.7,0.0,0.2,2.1,2.8,7.0,002870,"LAFAYETTE, OLIVER",31,https://media-cdn.cortextech.io/6ec9f13b-294c-407b-8df8-fe4d4e635325.png,PAR;IST;SOP;ZAL;OLY;MIL,PAR;EFS;PRO;ZAL;OLY;EA7,Partizan Mozzart Bet Belgrade;Anadolu Efes Istanbul;Arka Gdynia;Zalgiris Kaunas;Olympiacos Piraeus;EA7 Emporio Armani Milan,https://media-cdn.incrowdsports.com/2681304e-77dd-4331-88b1-683078c0fb49.png;https://media-cdn.cortextech.io/9a463aa2-ceb2-481c-9a95-1cddee0a248e.png;https://media-cdn.incrowdsports.com/210fa2fa-3529-400d-8d3f-9174a22ad1a8.png;https://media-cdn.incrowdsports.com/0aa09358-3847-4c4e-b228-3582ee4e536d.png;https://media-cdn.incrowdsports.com/789423ac-3cdf-4b89-b11c-b458aa5f59a6.png;https://media-cdn.cortextech.io/9512ee73-a0f1-4647-a01e-3c2938aba6b8.png
269,73.0,25.0,21.190639269406393,9.5,1.6,3.5,45.9%,1.5,4.0,38.5%,1.6,2.2,75.3%,0.3,1.1,1.5,1.2,0.6,1.0,0.0,0.2,1.9,2.2,7.0,BDQ,"ERDOGAN, SERKAN",29,,ULK;IST;BAS,ULK;EFS;BKN,Fenerbahce Beko Istanbul;Anadolu Efes Istanbul;Baskonia Vitoria-Gasteiz,https://media-cdn.cortextech.io/3b7f020e-5b39-49a1-b4b2-efea918edab7.png;https://media-cdn.cortextech.io/9a463aa2-ceb2-481c-9a95-1cddee0a248e.png;https://media-cdn.incrowdsports.com/e324a6af-2a72-443e-9813-8bf2d364ddab.png
270,238.0,138.0,21.853501400560223,7.4,2.0,3.7,52.4%,0.9,2.7,31.8%,0.9,1.2,70.7%,0.7,2.3,3.0,1.1,0.5,0.9,0.3,0.2,1.7,1.6,7.0,005161,"PAPAPETROU, IOANNIS",30,https://media-cdn.incrowdsports.com/34435fbb-b543-4cdd-84f6-62cf44448c88.png,OLY;PAR;PAN,OLY;PAR;PAO,Olympiacos Piraeus;Partizan Mozzart Bet Belgrade;Panathinaikos AKTOR Athens,https://media-cdn.incrowdsports.com/789423ac-3cdf-4b89-b11c-b458aa5f59a6.png;https://media-cdn.incrowdsports.com/2681304e-77dd-4331-88b1-683078c0fb49.png;https://media-cdn.incrowdsports.com/e3dff28a-9ec6-4faf-9d96-ecbc68f75780.png
271,72.0,53.0,18.204166666666666,6.0,2.4,4.2,56.5%,0.0,0.0,50%,1.1,2.1,53.3%,1.4,2.5,3.9,0.2,0.9,1.2,1.0,0.3,2.3,1.7,7.0,CQO,"EZE, BENJAMIN",31,,KHI;SIE,KHI;MPS,BC Khimki;Montepaschi Siena,https://media-cdn.incrowdsports.com/04bd9ac1-e8ed-4b35-8878-272596e5c7d6.png;https://media-cdn.incrowdsports.com/1d94a55f-b8c7-459c-951e-8177f5f3eebe.png
272,41.0,9.0,18.95772357723577,7.0,1.1,2.0,53.7%,1.1,3.3,32.6%,1.6,2.1,78.8%,0.6,1.8,2.4,1.1,0.9,1.3,0.4,0.0,2.1,2.3,7.0,ADC,"DIGBEU, ALAIN",31,,BAR;MAD;FOR,FCB;RMD;FOR,FC Barcelona;Real Madrid;Fortitudo Pallacanestro Bologna 103,https://media-cdn.incrowdsports.com/35dfa503-e417-481f-963a-bdf6f013763e.png;https://media-cdn.incrowdsports.com/1a3e1404-4f6f-4ede-9d8b-30eee7cb51b4.png;https://media-cdn.incrowdsports.com/0a746cc0-eb26-481a-bab5-457cfc51eae5.png
273,61.0,33.0,21.375956284153006,7.0,2.0,3.7,53.8%,0.8,2.0,40.8%,0.6,1.2,51.4%,0.9,2.0,2.9,1.0,0.8,1.3,0.3,0.1,1.4,1.2,7.0,AZH,"DROZDOV, ARTUR",33,,PAU;NIK,PAU;BUD,Elan Bearnais Pau-Lacq-Orthez;BC Budivelnyk,https://media-cdn.incrowdsports.com/4550b11c-3680-44b2-a512-f0b4ff304b59.png;https://media-cdn.incrowdsports.com/ab78a31f-a024-4877-bb79-54bd09dfa99d.png
274,90.0,56.0,17.96611111111111,6.3,2.4,4.6,51.9%,0.0,0.0,25%,1.5,3.0,50.9%,1.5,2.8,4.3,0.5,0.4,1.5,0.6,0.3,2.4,2.8,7.1,JYB,"ERDEN, SEMIH",30,https://media-cdn.incrowdsports.com/1de27e98-3602-4efc-9d35-b7f180502d9e.png,PAR;IST;ULK;DAR,PAR;EFS;FBU;DDI,Partizan Mozzart Bet Belgrade;Anadolu Efes Istanbul;Fenerbahce Beko Istanbul;Darussafaka Basketbol,https://media-cdn.incrowdsports.com/2681304e-77dd-4331-88b1-683078c0fb49.png;https://media-cdn.cortextech.io/9a463aa2-ceb2-481c-9a95-1cddee0a248e.png;https://media-cdn.cortextech.io/3b7f020e-5b39-49a1-b4b2-efea918edab7.png;https://media-cdn.incrowdsports.com/9ceb124a-7ee1-4db5-8d8c-7d485980b989.png
274,90.0,51.0,20.344814814814814,6.9,2.1,3.6,60.1%,0.6,1.9,31.7%,0.9,1.3,67.2%,0.8,2.0,2.9,1.2,1.1,0.9,0.2,0.2,2.3,1.3,7.1,ANH,"MANCINELLI, STEFANO",28,,FOR;MIL,FOR;MIL,Fortitudo Pallacanestro Bologna 103;EA7 Emporio Armani Milan,https://media-cdn.incrowdsports.com/0a746cc0-eb26-481a-bab5-457cfc51eae5.png;https://media-cdn.cortextech.io/9512ee73-a0f1-4647-a01e-3c2938aba6b8.png
276,69.0,26.0,20.12512077294686,4.9,1.2,2.3,53.1%,0.5,1.7,32.2%,0.8,1.1,75.3%,0.4,2.4,2.8,2.9,1.6,1.9,0.0,0.1,2.0,1.4,7.1,AZU,"SANCHEZ, PEPE",31,,PAN;MAL;BAR;MAD,PAO;UNI;FCB;RMD,Panathinaikos AKTOR Athens;Unicaja Malaga;FC Barcelona;Real Madrid,https://media-cdn.incrowdsports.com/e3dff28a-9ec6-4faf-9d96-ecbc68f75780.png;https://media-cdn.incrowdsports.com/6342214b-684b-421f-8960-5d20354458da.png;https://media-cdn.incrowdsports.com/35dfa503-e417-481f-963a-bdf6f013763e.png;https://media-cdn.incrowdsports.com/1a3e1404-4f6f-4ede-9d8b-30eee7cb51b4.png
277,190.0,82.0,18.229649122807018,7.1,1.9,3.0,62%,0.8,2.2,36.2%,1.0,1.2,83.2%,1.0,2.4,3.4,0.8,0.4,1.0,0.1,0.2,2.2,1.5,7.1,007109,"SMITS, ROLANDS",29,https://media-cdn.incrowdsports.com/861b638a-0350-4068-a843-18d57635236a.png,BAR;ZAL;IST,FCB;ZAL;EFS,FC Barcelona;Zalgiris Kaunas;Anadolu Efes Istanbul,https://media-cdn.incrowdsports.com/35dfa503-e417-481f-963a-bdf6f013763e.png;https://media-cdn.incrowdsports.com/0aa09358-3847-4c4e-b228-3582ee4e536d.png;https://media-cdn.cortextech.io/9a463aa2-ceb2-481c-9a95-1cddee0a248e.png
278,88.0,55.0,19.86439393939394,6.0,1.6,3.0,52.1%,0.6,1.6,40.1%,1.0,1.2,80%,0.4,1.3,1.7,2.7,0.6,1.4,0.0,0.3,1.6,1.9,7.1,003413,"JACKSON, AARON",33,,BIL;CSK;TEL,BIL;CSK;MTA,Bilbao Basket;CSKA Moscow;Maccabi Rapyd Tel Aviv,https://media-cdn.incrowdsports.com/eedb87e1-f3d1-46d4-bbf8-bbb25b932d6d.png;https://media-cdn.incrowdsports.com/b6a59212-7feb-4f8c-86c2-5e8f07625e3e.png;https://media-cdn.incrowdsports.com/5c55ef14-29df-4328-bd52-a7a64c432350.png
279,125.0,40.0,15.293866666666666,7.1,1.8,3.4,53.8%,0.7,1.9,35.4%,1.4,1.7,80.3%,1.0,1.4,2.5,0.6,0.5,0.8,0.1,0.3,1.3,1.8,7.1,002008,"KUZMINSKAS, MINDAUGAS",32,https://media-cdn.incrowdsports.com/377faafb-f9c9-4f7f-b983-f3dcdf68213a.png,ZAL;MAL;MIL;OLY;DYR,ZAL;UNI;AXM;OLY;ZEN,Zalgiris Kaunas;Unicaja Malaga;EA7 Emporio Armani Milan;Olympiacos Piraeus;Zenit St Petersburg,https://media-cdn.incrowdsports.com/0aa09358-3847-4c4e-b228-3582ee4e536d.png;https://media-cdn.incrowdsports.com/6342214b-684b-421f-8960-5d20354458da.png;https://media-cdn.cortextech.io/9512ee73-a0f1-4647-a01e-3c2938aba6b8.png;https://media-cdn.incrowdsports.com/789423ac-3cdf-4b89-b11c-b458aa5f59a6.png;https://media-cdn.incrowdsports.com/4c571fd6-52f1-428c-94a5-9143fbbb4fe3.png
280,34.0,17.0,19.207843137254905,7.9,2.0,4.0,50%,0.9,2.5,37.2%,1.1,1.7,64.4%,0.9,2.1,2.9,0.6,0.3,1.0,0.1,0.3,1.4,2.1,7.1,BRQ,"HERRMANN, WALTER",30,,MAL;BAS,UNI;CLA,Unicaja Malaga;Baskonia Vitoria-Gasteiz,https://media-cdn.incrowdsports.com/6342214b-684b-421f-8960-5d20354458da.png;https://media-cdn.incrowdsports.com/e324a6af-2a72-443e-9813-8bf2d364ddab.png
281,39.0,23.0,22.99102564102564,5.7,1.7,3.2,54.5%,0.3,1.0,33.3%,1.3,1.8,71.4%,0.9,2.6,3.5,1.7,0.9,1.5,0.1,0.2,2.6,2.1,7.1,KNS,"JOMANTAS, ARTURAS",27,,LIE,LIE,Rytas Vilnius,https://media-cdn.incrowdsports.com/894a55c9-4a15-40b0-a1b0-b0aec2ce3592.png
282,45.0,17.0,16.212962962962965,6.4,1.6,2.7,60%,0.9,2.1,45.2%,0.4,0.5,79.2%,1.0,2.4,3.4,0.5,0.3,0.5,0.3,0.1,1.5,0.7,7.1,004902,"HARANGODY, LUKE",28,https://media-cdn.cortextech.io/bfbd8377-8344-4b26-a079-a281e818f4b1.png,PAM;DAR,VBC;DDI,Valencia Basket;Darussafaka Basketbol,https://media-cdn.cortextech.io/d88f3c71-1519-4b19-8cfb-99e26a4c008e.png;https://media-cdn.incrowdsports.com/9ceb124a-7ee1-4db5-8d8c-7d485980b989.png
283,40.0,32.0,22.225,9.5,2.2,4.8,44.3%,1.1,2.7,41.3%,1.8,2.1,84.7%,0.4,1.6,2.0,1.4,0.6,1.8,0.1,0.2,2.0,2.1,7.2,BDA,"RIMAC, SLAVEN",48,,CIB;AEK;MUN,CIB;AEK;BAY,KK Cibona;AEK Athens;FC Bayern Munich,https://media-cdn.incrowdsports.com/2bc7884a-4fe7-4362-9d4f-ba2ad8a0239d.png;https://media-cdn.incrowdsports.com/b51b0af8-ac03-4093-8858-9b4d71830fe7.png;https://media-cdn.incrowdsports.com/817b0e58-d595-4b09-ab0b-1e7cc26249ff.png
284,39.0,27.0,18.092307692307692,8.7,3.4,6.8,50.2%,0.1,0.3,40%,1.5,1.9,77.3%,1.1,2.3,3.4,0.8,0.7,1.7,0.1,0.5,2.8,2.4,7.2,BCP,"SONGAILA, DARIUS",39,,CSK;GAL;LIE;ZAL,CSK;GSL;LRY;ZAL,CSKA Moscow;Galatasaray Spor Kulubu;Rytas Vilnius;Zalgiris Kaunas,https://media-cdn.incrowdsports.com/b6a59212-7feb-4f8c-86c2-5e8f07625e3e.png;https://media-cdn.cortextech.io/95056dbe-7949-4b65-921d-ed9b59c0791c.png;https://media-cdn.incrowdsports.com/894a55c9-4a15-40b0-a1b0-b0aec2ce3592.png;https://media-cdn.incrowdsports.com/0aa09358-3847-4c4e-b228-3582ee4e536d.png
285,99.0,37.0,21.827946127946127,9.1,1.8,3.6,50.4%,1.5,3.6,41.2%,1.0,1.2,84.5%,0.7,2.0,2.7,0.8,0.6,0.9,0.0,0.0,2.1,1.2,7.2,BES,"BLU, DAVID",33,,TRE;FOR;LEM;TEL,TRE;FOR;LMS;MAC,Benetton Basket Treviso;Fortitudo Pallacanestro Bologna 103;Le Mans Sarthe Basket;Maccabi Rapyd Tel Aviv,https://media-cdn.incrowdsports.com/0636c1b0-de3e-4ca9-bd2c-e30a4f485114.png;https://media-cdn.incrowdsports.com/0a746cc0-eb26-481a-bab5-457cfc51eae5.png;https://media-cdn.incrowdsports.com/25203b2d-cb6c-4614-926a-e55109f98238.png;https://media-cdn.incrowdsports.com/5c55ef14-29df-4328-bd52-a7a64c432350.png
286,114.0,60.0,17.53421052631579,5.7,2.4,4.0,60.5%,0.0,0.0,0%,0.9,1.9,45.5%,1.8,2.5,4.3,0.5,0.5,1.0,0.8,0.2,2.4,1.6,7.2,ALR,"SAVRASENKO, ALEKSEY",32,,PER;OLY;CSK;KHI;UNK,PER;OLY;CSK;KHI;UNK,Peristeri BC;Olympiacos Piraeus;CSKA Moscow;BC Khimki;UNICS Kazan,https://media-cdn.incrowdsports.com/743fd646-dc10-4a04-a90f-952e33a143a4.png;https://media-cdn.incrowdsports.com/789423ac-3cdf-4b89-b11c-b458aa5f59a6.png;https://media-cdn.incrowdsports.com/b6a59212-7feb-4f8c-86c2-5e8f07625e3e.png;https://media-cdn.incrowdsports.com/04bd9ac1-e8ed-4b35-8878-272596e5c7d6.png;https://media-cdn.incrowdsports.com/70b00b96-e98a-42ba-9997-39d70a895157.png
287,66.0,21.0,16.60808080808081,5.8,1.5,2.3,63%,0.6,1.5,40.6%,1.1,1.4,82.4%,1.0,2.4,3.5,1.3,1.1,0.9,0.2,0.2,2.8,1.2,7.2,AXF,"PANOV, SERGEY",35,,PEM;CSK,PEM;CSK,PBC Ural Great Perm;CSKA Moscow,https://media-cdn.incrowdsports.com/09641ca8-beb4-404f-b37b-a6019ab2337c.png;https://media-cdn.incrowdsports.com/b6a59212-7feb-4f8c-86c2-5e8f07625e3e.png
288,34.0,31.0,22.840686274509807,7.4,2.3,4.5,51%,0.6,1.6,35.8%,1.1,1.4,80.4%,0.9,2.4,3.3,0.7,0.4,0.9,0.5,0.4,1.7,1.4,7.2,000483,"DARDEN, TREMMELL",33,,MAL;ZAL;MAD;OLY,UNI;ZAL;RMB;OLY,Unicaja Malaga;Zalgiris Kaunas;Real Madrid;Olympiacos Piraeus,https://media-cdn.incrowdsports.com/6342214b-684b-421f-8960-5d20354458da.png;https://media-cdn.incrowdsports.com/0aa09358-3847-4c4e-b228-3582ee4e536d.png;https://media-cdn.incrowdsports.com/1a3e1404-4f6f-4ede-9d8b-30eee7cb51b4.png;https://media-cdn.incrowdsports.com/789423ac-3cdf-4b89-b11c-b458aa5f59a6.png
289,57.0,16.0,23.209941520467837,7.8,1.4,2.8,48.1%,1.3,2.7,48.1%,1.1,1.4,78%,0.5,1.6,2.0,1.5,0.9,1.3,0.0,0.2,2.7,2.4,7.2,BUF,"MORDENTE, MARCO",31,,SIE;TRE;MIL,MPS;TRE;MIL,Montepaschi Siena;Benetton Basket Treviso;EA7 Emporio Armani Milan,https://media-cdn.incrowdsports.com/1d94a55f-b8c7-459c-951e-8177f5f3eebe.png;https://media-cdn.incrowdsports.com/0636c1b0-de3e-4ca9-bd2c-e30a4f485114.png;https://media-cdn.cortextech.io/9512ee73-a0f1-4647-a01e-3c2938aba6b8.png
290,116.0,63.0,21.432614942528737,7.6,1.7,3.5,50%,1.1,2.7,41.6%,0.7,0.8,88.9%,0.4,1.7,2.0,2.1,0.5,0.9,0.1,0.1,1.7,1.0,7.2,004974,"ROLL, MICHAEL",33,https://media-cdn.incrowdsports.com/7e3397bb-278e-4537-9992-cd78ebff142b.png,TEL;MIL,MTA;AXM,Maccabi Rapyd Tel Aviv;EA7 Emporio Armani Milan,https://media-cdn.incrowdsports.com/5c55ef14-29df-4328-bd52-a7a64c432350.png;https://media-cdn.cortextech.io/9512ee73-a0f1-4647-a01e-3c2938aba6b8.png
291,127.0,33.0,19.433333333333334,8.3,1.2,2.6,45.9%,1.7,3.6,45.6%,0.9,1.0,90.3%,0.2,1.3,1.5,1.8,0.4,1.1,0.0,0.2,1.6,1.6,7.2,004178,"KOPONEN, PETTERI",31,https://media-cdn.incrowdsports.com/5c9a31dd-c891-4ca0-89fa-8769213a08f6.png,KHI;BAR;MUN,KHI;FCB;BAY,BC Khimki;FC Barcelona;FC Bayern Munich,https://media-cdn.incrowdsports.com/04bd9ac1-e8ed-4b35-8878-272596e5c7d6.png;https://media-cdn.incrowdsports.com/35dfa503-e417-481f-963a-bdf6f013763e.png;https://media-cdn.incrowdsports.com/817b0e58-d595-4b09-ab0b-1e7cc26249ff.png
292,66.0,20.0,16.34570707070707,5.5,1.8,3.3,56.5%,0.0,0.0,0%,1.8,2.5,73.8%,1.4,2.4,3.7,0.4,0.5,1.3,0.6,0.1,2.3,2.2,7.3,AGW,"FEMERLING, PATRICK",33,,OLY;BAR;PAN;BER,OLY;FCB;PAO;BER,Olympiacos Piraeus;FC Barcelona;Panathinaikos AKTOR Athens;ALBA Berlin,https://media-cdn.incrowdsports.com/789423ac-3cdf-4b89-b11c-b458aa5f59a6.png;https://media-cdn.incrowdsports.com/35dfa503-e417-481f-963a-bdf6f013763e.png;https://media-cdn.incrowdsports.com/e3dff28a-9ec6-4faf-9d96-ecbc68f75780.png;https://media-cdn.incrowdsports.com/ccc34858-22b0-47dc-904c-9940b0a16ff3.png
293,36.0,7.0,14.942592592592591,5.0,1.9,3.2,59.5%,0.0,0.0,0%,1.2,2.0,59.2%,2.1,3.2,5.4,0.6,0.5,1.3,0.5,0.3,2.4,1.5,7.3,003508,"DORSEY, JOEY",33,https://media-cdn.cortextech.io/2275d6dc-40d0-4fc7-a1ea-2a9a2d5a1701.png,BAS;OLY;BAR,CLA;OLY;FCB,Baskonia Vitoria-Gasteiz;Olympiacos Piraeus;FC Barcelona,https://media-cdn.incrowdsports.com/e324a6af-2a72-443e-9813-8bf2d364ddab.png;https://media-cdn.incrowdsports.com/789423ac-3cdf-4b89-b11c-b458aa5f59a6.png;https://media-cdn.incrowdsports.com/35dfa503-e417-481f-963a-bdf6f013763e.png
294,102.0,56.0,21.934477124183005,6.2,1.8,3.3,53.2%,0.5,1.5,34.7%,1.2,1.4,84.4%,0.8,2.4,3.2,1.1,0.8,1.0,0.1,0.2,1.7,1.5,7.3,ADB,"DE LA FUENTE, RODRIGO",33,,BAR;ROM,FCB;ROM,FC Barcelona;Pallacanestro Virtus Roma,https://media-cdn.incrowdsports.com/35dfa503-e417-481f-963a-bdf6f013763e.png;https://media-cdn.incrowdsports.com/e5836b62-9939-4063-b5e5-cc2f5804c142.png
295,66.0,57.0,23.324242424242424,4.6,0.7,1.4,51.6%,0.8,2.3,33.5%,0.8,1.0,77.9%,0.8,4.0,4.8,1.7,1.7,1.5,0.2,0.1,3.5,1.8,7.3,JOC,"STONEROOK, SHAUN",34,,SIE,MPS,Montepaschi Siena,https://media-cdn.incrowdsports.com/1d94a55f-b8c7-459c-951e-8177f5f3eebe.png
295,75.0,23.0,17.450888888888887,7.1,3.0,5.7,52.2%,0.0,0.2,0%,1.1,1.8,62.7%,1.4,2.0,3.4,0.7,0.5,0.8,0.5,0.3,1.9,1.6,7.3,003453,"THOMPSON, DEON",30,https://media-cdn.cortextech.io/c30556f0-9256-4246-9fa6-e5622ff44b05.png,LJU;BER;MUN;RED;GAL;ZAL,UOL;ALB;BAY;CZV;GSO;ZAL,KK Cedevita Olimpija;ALBA Berlin;FC Bayern Munich;Crvena Zvezda Meridianbet Belgrade;Galatasaray Spor Kulubu;Zalgiris Kaunas,https://media-cdn.incrowdsports.com/73b33d13-570e-4e49-a9cb-fe806831eaa7.png;https://media-cdn.incrowdsports.com/ccc34858-22b0-47dc-904c-9940b0a16ff3.png;https://media-cdn.incrowdsports.com/817b0e58-d595-4b09-ab0b-1e7cc26249ff.png;https://media-cdn.incrowdsports.com/d2eef4a8-62df-4fdd-9076-276004268515.png;https://media-cdn.cortextech.io/95056dbe-7949-4b65-921d-ed9b59c0791c.png;https://media-cdn.incrowdsports.com/0aa09358-3847-4c4e-b228-3582ee4e536d.png
295,111.0,25.0,14.903153153153154,6.8,2.1,3.4,63.2%,0.6,1.7,35.8%,0.7,0.9,76%,1.3,2.3,3.6,0.6,0.3,0.7,0.4,0.2,1.9,0.9,7.3,008966,"TOBEY, MIKE",29,https://media-cdn.incrowdsports.com/d7471c9c-c1f2-4ca9-88a6-3c3ddccc597a.png,PAM;BAR;RED,VBC;BAR;CZV,Valencia Basket;FC Barcelona;Crvena Zvezda Meridianbet Belgrade,https://media-cdn.cortextech.io/d88f3c71-1519-4b19-8cfb-99e26a4c008e.png;https://media-cdn.incrowdsports.com/35dfa503-e417-481f-963a-bdf6f013763e.png;https://media-cdn.incrowdsports.com/d2eef4a8-62df-4fdd-9076-276004268515.png
298,122.0,79.0,17.593852459016393,5.3,2.1,3.8,54.1%,0.0,0.0,40%,1.1,1.5,73.8%,1.8,2.3,4.1,0.5,0.7,0.9,0.9,0.3,2.3,1.5,7.3,010390,"HAYES, KEVARRIUS",27,https://media-cdn.incrowdsports.com/6bc5bce4-f522-4167-8419-8c5d2d1694d2.png,ASV;ZAL;PRS,ASV;ZAL;PBB,LDLC ASVEL Villeurbanne;Zalgiris Kaunas;Paris Basketball,https://media-cdn.incrowdsports.com/e33c6d1a-95ca-4dbc-b8cb-0201812104cc.png;https://media-cdn.incrowdsports.com/0aa09358-3847-4c4e-b228-3582ee4e536d.png;https://media-cdn.incrowdsports.com/a033e5b3-0de7-48a3-98d9-d9a4b9df1f39.png
299,93.0,44.0,21.804301075268818,9.0,2.1,4.1,50.1%,1.1,3.1,36.5%,1.5,1.9,79.8%,0.3,1.5,1.8,1.9,1.1,2.1,0.0,0.3,2.4,2.6,7.4,AHU,"BULLERI, MASSIMO",32,,TRE;MIL,TRE;MIL,Benetton Basket Treviso;EA7 Emporio Armani Milan,https://media-cdn.incrowdsports.com/0636c1b0-de3e-4ca9-bd2c-e30a4f485114.png;https://media-cdn.cortextech.io/9512ee73-a0f1-4647-a01e-3c2938aba6b8.png
300,131.0,51.0,15.98613231552163,6.3,2.6,4.5,59%,0.0,0.0,0%,1.0,1.4,69.3%,1.2,2.2,3.4,0.6,0.4,0.7,0.9,0.1,2.4,1.4,7.4,AXC,"VAZQUEZ, FRAN",32,https://media-cdn.cortextech.io/a008c09c-b51e-4763-9eca-3d3f1a1438be.png,BAR;MAL,FCB;UNI,FC Barcelona;Unicaja Malaga,https://media-cdn.incrowdsports.com/35dfa503-e417-481f-963a-bdf6f013763e.png;https://media-cdn.incrowdsports.com/6342214b-684b-421f-8960-5d20354458da.png
301,65.0,26.0,21.396666666666665,8.3,1.4,3.2,45%,1.5,3.6,42%,1.0,1.2,81.8%,0.9,2.5,3.3,0.9,0.6,1.1,0.1,0.1,1.6,1.0,7.4,CHZ,"BOGDANOVIC, LUKA",23,,PAR;LEM;JOV,PAR;LMS;CJB,Partizan Mozzart Bet Belgrade;Le Mans Sarthe Basket;Club Joventut Badalona,https://media-cdn.incrowdsports.com/2681304e-77dd-4331-88b1-683078c0fb49.png;https://media-cdn.incrowdsports.com/25203b2d-cb6c-4614-926a-e55109f98238.png;https://media-cdn.incrowdsports.com/4867b9ca-abc6-48fd-a47f-011904a74bf8.png
302,101.0,39.0,14.492409240924093,6.5,2.5,3.7,67.3%,0.0,0.0,0%,1.6,2.3,68.7%,1.4,1.9,3.2,0.6,0.5,1.2,0.4,0.1,2.6,2.0,7.4,008991,"BLACK, TARIK",33,https://media-cdn.incrowdsports.com/31431122-8f94-41c1-ae56-2c34657c17c3.png,TEL;DYR;OLY;ASV,MTA;ZEN;OLY;ASV,Maccabi Rapyd Tel Aviv;Zenit St Petersburg;Olympiacos Piraeus;LDLC ASVEL Villeurbanne,https://media-cdn.incrowdsports.com/5c55ef14-29df-4328-bd52-a7a64c432350.png;https://media-cdn.incrowdsports.com/4c571fd6-52f1-428c-94a5-9143fbbb4fe3.png;https://media-cdn.incrowdsports.com/789423ac-3cdf-4b89-b11c-b458aa5f59a6.png;https://media-cdn.incrowdsports.com/e33c6d1a-95ca-4dbc-b8cb-0201812104cc.png
303,217.0,95.0,19.79869431643625,8.0,1.6,3.2,49.1%,1.3,3.0,43.7%,1.0,1.1,92.8%,0.7,2.4,3.1,0.9,0.4,0.8,0.2,0.2,2.1,1.3,7.5,CCD,"DATOME, LUIGI",35,https://media-cdn.incrowdsports.com/f8f16c97-c272-49fb-9c73-5688cd7bb6f3.png,SIE;ROM;ULK;MIL,MPS;ROM;FNB;EA7,Montepaschi Siena;Pallacanestro Virtus Roma;Fenerbahce Beko Istanbul;EA7 Emporio Armani Milan,https://media-cdn.incrowdsports.com/1d94a55f-b8c7-459c-951e-8177f5f3eebe.png;https://media-cdn.incrowdsports.com/e5836b62-9939-4063-b5e5-cc2f5804c142.png;https://media-cdn.cortextech.io/3b7f020e-5b39-49a1-b4b2-efea918edab7.png;https://media-cdn.cortextech.io/9512ee73-a0f1-4647-a01e-3c2938aba6b8.png
304,152.0,108.0,21.020614035087718,8.0,1.8,3.4,51.6%,1.0,2.9,35.7%,1.3,1.9,70%,1.0,2.2,3.2,1.0,1.1,1.2,0.1,0.3,2.5,2.0,7.5,JCC,"MACIULIS, JONAS",32,https://media-cdn.cortextech.io/ba7a2ede-2c2c-4cec-9c85-7143c79c2e7a.png,ZAL;MIL;PAN;MAD,ZAL;MIL;PAO;RMB,Zalgiris Kaunas;EA7 Emporio Armani Milan;Panathinaikos AKTOR Athens;Real Madrid,https://media-cdn.incrowdsports.com/0aa09358-3847-4c4e-b228-3582ee4e536d.png;https://media-cdn.cortextech.io/9512ee73-a0f1-4647-a01e-3c2938aba6b8.png;https://media-cdn.incrowdsports.com/e3dff28a-9ec6-4faf-9d96-ecbc68f75780.png;https://media-cdn.incrowdsports.com/1a3e1404-4f6f-4ede-9d8b-30eee7cb51b4.png
305,62.0,14.0,13.22741935483871,6.2,2.0,3.6,56%,0.0,0.1,0%,2.2,2.9,74.2%,1.3,1.8,3.1,0.3,0.2,1.0,0.5,0.3,1.9,2.8,7.5,001386,"SHERMADINI, GIORGI",28,https://media-cdn.cortextech.io/ffa4eb71-a4e2-44fd-b909-2d22bae5bcc5.png,LJU;PAN;CTU;TEL;OLY;MAL,UOL;PAO;CTU;MAC;OLY;UNI,KK Cedevita Olimpija;Panathinaikos AKTOR Athens;Pallacanestro Cantu;Maccabi Rapyd Tel Aviv;Olympiacos Piraeus;Unicaja Malaga,https://media-cdn.incrowdsports.com/73b33d13-570e-4e49-a9cb-fe806831eaa7.png;https://media-cdn.incrowdsports.com/e3dff28a-9ec6-4faf-9d96-ecbc68f75780.png;https://media-cdn.incrowdsports.com/17abff29-6978-4f75-9bbe-2e6171bb856f.png;https://media-cdn.incrowdsports.com/5c55ef14-29df-4328-bd52-a7a64c432350.png;https://media-cdn.incrowdsports.com/789423ac-3cdf-4b89-b11c-b458aa5f59a6.png;https://media-cdn.incrowdsports.com/6342214b-684b-421f-8960-5d20354458da.png
306,41.0,21.0,21.451219512195124,7.3,1.6,3.6,43%,0.8,1.7,45.1%,1.8,2.2,83.1%,1.3,2.5,3.8,1.2,0.6,1.6,0.4,0.3,2.6,2.0,7.5,BDZ,"GIFFA, SACHA",28,,ASV;STR,ASV;SIG,LDLC ASVEL Villeurbanne;Strasbourg Illkirch-Graffenstaden Basket,https://media-cdn.incrowdsports.com/e33c6d1a-95ca-4dbc-b8cb-0201812104cc.png;https://media-cdn.incrowdsports.com/554f980e-fded-4943-ab5b-541f1f36f6a9.png
307,30.0,7.0,15.051666666666668,5.8,2.1,3.2,64.6%,0.0,0.0,0%,1.7,2.7,63%,0.9,2.4,3.3,0.7,0.6,1.3,0.2,0.2,2.0,2.5,7.5,AIH,"GIANNOULIS, YANNIS",32,,PAO;PAN;ARI;NIO,PBC;PAO;ARI;PNI,PAOK BC;Panathinaikos AKTOR Athens;Aris Thessaloniki;Panionios BC,https://media-cdn.incrowdsports.com/b74f8a63-709a-469a-8c3e-9431c2b024a7.png;https://media-cdn.incrowdsports.com/e3dff28a-9ec6-4faf-9d96-ecbc68f75780.png;https://media-cdn.cortextech.io/28be84d9-ad7e-43b3-8d8c-822bb76b8a9e.png;https://media-cdn.cortextech.io/72d40b5d-e5bc-4ae4-b60e-50891c25e847.png
308,31.0,20.0,20.73010752688172,9.3,3.3,6.5,50%,0.6,1.8,35.7%,0.8,1.1,74.3%,1.2,2.6,3.9,0.5,0.5,0.5,0.5,0.2,2.8,1.1,7.5,AYC,"EINIKIS, GINTARAS",35,,WRO;ZAL;MAL,WKS;ZAL;UNI,WKS Slask Wroclaw;Zalgiris Kaunas;Unicaja Malaga,https://media-cdn.incrowdsports.com/0415061b-5374-4a0d-bc04-8fcbc8ad0bb3.png;https://media-cdn.incrowdsports.com/0aa09358-3847-4c4e-b228-3582ee4e536d.png;https://media-cdn.incrowdsports.com/6342214b-684b-421f-8960-5d20354458da.png
309,182.0,27.0,16.700091575091573,9.7,1.9,3.3,56.2%,1.6,3.8,41.6%,1.2,1.3,92.2%,0.4,1.1,1.5,0.7,0.3,0.6,0.1,0.2,1.5,1.5,7.5,001960,"CARROLL, JAYCEE",37,https://media-cdn.incrowdsports.com/4a5fe03a-15f0-460a-b65f-ffeebb39e5a1.png,MAD,RMD,Real Madrid,https://media-cdn.incrowdsports.com/1a3e1404-4f6f-4ede-9d8b-30eee7cb51b4.png
310,40.0,12.0,15.149583333333334,6.4,2.5,4.3,57.2%,0.1,0.3,36.4%,1.2,1.5,77%,1.2,2.4,3.6,0.4,0.6,0.8,1.0,0.4,2.2,1.4,7.6,AMP,"HERNANDEZ-SONSECA, EDU",29,,MAD;JOV;BAS,RMD;CJB;CLA,Real Madrid;Club Joventut Badalona;Baskonia Vitoria-Gasteiz,https://media-cdn.incrowdsports.com/1a3e1404-4f6f-4ede-9d8b-30eee7cb51b4.png;https://media-cdn.incrowdsports.com/4867b9ca-abc6-48fd-a47f-011904a74bf8.png;https://media-cdn.incrowdsports.com/e324a6af-2a72-443e-9813-8bf2d364ddab.png
311,58.0,35.0,22.24425287356322,6.5,1.4,2.9,47.6%,0.8,2.4,34.5%,1.3,1.6,80.2%,0.9,2.7,3.6,1.6,0.8,1.2,0.2,0.2,2.0,1.6,7.6,JUP,"KAIMAKOGLOU, KOSTAS",38,https://media-cdn.cortextech.io/6c6bcb9e-effe-48e8-956f-a62fe77c3fc2.png,MAR;PAN;UNK,MAR;PAO;UNK,Maroussi BC;Panathinaikos AKTOR Athens;UNICS Kazan,https://media-cdn.incrowdsports.com/a819629b-f7c5-4888-b24c-6ed64ef28270.png;https://media-cdn.incrowdsports.com/e3dff28a-9ec6-4faf-9d96-ecbc68f75780.png;https://media-cdn.incrowdsports.com/70b00b96-e98a-42ba-9997-39d70a895157.png
312,49.0,19.0,18.470408163265304,7.5,3.0,5.1,59.1%,0.0,0.1,25%,1.4,2.4,56.3%,1.5,2.4,3.9,0.4,0.6,1.4,0.3,0.1,2.8,2.4,7.6,ABZ,"ANDERSEN, MICHAEL",30,,PER;SOP,PER;PRO,Peristeri BC;Arka Gdynia,https://media-cdn.incrowdsports.com/743fd646-dc10-4a04-a90f-952e33a143a4.png;https://media-cdn.incrowdsports.com/210fa2fa-3529-400d-8d3f-9174a22ad1a8.png
313,90.0,44.0,20.606296296296296,5.5,1.7,3.2,53.7%,0.1,0.5,24.5%,1.7,2.4,71.8%,1.6,2.9,4.5,0.5,1.0,1.5,0.7,0.2,2.6,2.2,7.6,AZK,"PIETRUS, FLORENT",29,,PAU;MAL;PAM;BAS,PAU;UNI;VBC;CLA,Elan Bearnais Pau-Lacq-Orthez;Unicaja Malaga;Valencia Basket;Baskonia Vitoria-Gasteiz,https://media-cdn.incrowdsports.com/4550b11c-3680-44b2-a512-f0b4ff304b59.png;https://media-cdn.incrowdsports.com/6342214b-684b-421f-8960-5d20354458da.png;https://media-cdn.cortextech.io/d88f3c71-1519-4b19-8cfb-99e26a4c008e.png;https://media-cdn.incrowdsports.com/e324a6af-2a72-443e-9813-8bf2d364ddab.png
314,50.0,19.0,16.874000000000002,7.9,3.1,5.8,53.8%,0.0,0.0,0%,1.6,2.3,72.6%,1.3,2.4,3.7,0.5,0.3,1.4,0.6,0.4,2.7,2.3,7.6,BCB,"ZORIC, LUKA",31,https://media-cdn.cortextech.io/f136a7dc-278a-49ec-99c2-7669e53f5a4f.png,LJU;CIB;MAL;ULK;CED,LJU;CIB;UNI;FBU;CED,KK Cedevita Olimpija;KK Cibona;Unicaja Malaga;Fenerbahce Beko Istanbul;KK Cedevita Zagreb,https://media-cdn.incrowdsports.com/73b33d13-570e-4e49-a9cb-fe806831eaa7.png;https://media-cdn.incrowdsports.com/2bc7884a-4fe7-4362-9d4f-ba2ad8a0239d.png;https://media-cdn.incrowdsports.com/6342214b-684b-421f-8960-5d20354458da.png;https://media-cdn.cortextech.io/3b7f020e-5b39-49a1-b4b2-efea918edab7.png;https://media-cdn.incrowdsports.com/ba95084a-224c-4d4a-a306-37a386772f64.png
315,91.0,32.0,18.015201465201468,7.2,3.0,4.8,61.7%,0.0,0.3,12.5%,1.2,1.5,75.2%,1.5,2.1,3.6,0.6,0.5,1.2,0.5,0.3,2.6,1.6,7.6,009960,"POYTHRESS, ALEX",30,https://media-cdn.incrowdsports.com/569f97d4-5c6f-4b4b-90ae-d0f73d1b7b07.png,DYR;TEL;MIL,ZEN;MTA;EA7,Zenit St Petersburg;Maccabi Rapyd Tel Aviv;EA7 Emporio Armani Milan,https://media-cdn.incrowdsports.com/4c571fd6-52f1-428c-94a5-9143fbbb4fe3.png;https://media-cdn.incrowdsports.com/5c55ef14-29df-4328-bd52-a7a64c432350.png;https://media-cdn.cortextech.io/9512ee73-a0f1-4647-a01e-3c2938aba6b8.png
316,59.0,35.0,25.477966101694918,7.7,1.6,3.4,47%,0.8,2.7,30.9%,1.9,2.3,83.9%,0.6,1.7,2.3,2.4,1.0,1.9,0.3,0.1,2.9,2.8,7.6,AWZ,"SONKO, MOUSTAPHA",33,,MAL;MAD,UNI;RMD,Unicaja Malaga;Real Madrid,https://media-cdn.incrowdsports.com/6342214b-684b-421f-8960-5d20354458da.png;https://media-cdn.incrowdsports.com/1a3e1404-4f6f-4ede-9d8b-30eee7cb51b4.png
317,75.0,10.0,16.96311111111111,6.4,2.7,4.0,66%,0.0,0.0,0%,1.0,1.5,69.6%,1.3,2.3,3.6,0.3,0.5,0.8,0.5,0.4,2.2,1.6,7.6,009540,"MARTIN, HASSAN",27,https://media-cdn.incrowdsports.com/194846fe-c304-4296-a153-6221f245307f.png,OLY;RED,OLY;CZV,Olympiacos Piraeus;Crvena Zvezda Meridianbet Belgrade,https://media-cdn.incrowdsports.com/789423ac-3cdf-4b89-b11c-b458aa5f59a6.png;https://media-cdn.incrowdsports.com/d2eef4a8-62df-4fdd-9076-276004268515.png
318,119.0,72.0,17.433473389355743,6.5,2.4,4.8,49.2%,0.0,0.1,28.6%,1.7,3.1,55.9%,1.4,2.9,4.2,0.7,0.9,1.2,0.5,0.3,2.7,2.8,7.6,ARV,"PEKER, KAYA",32,,BAS;IST;ULK,BKN;EFS;FBU,Baskonia Vitoria-Gasteiz;Anadolu Efes Istanbul;Fenerbahce Beko Istanbul,https://media-cdn.incrowdsports.com/e324a6af-2a72-443e-9813-8bf2d364ddab.png;https://media-cdn.cortextech.io/9a463aa2-ceb2-481c-9a95-1cddee0a248e.png;https://media-cdn.cortextech.io/3b7f020e-5b39-49a1-b4b2-efea918edab7.png
319,154.0,124.0,14.927056277056279,5.1,2.1,3.7,56.2%,0.0,0.0,0%,1.0,1.5,64.6%,1.9,2.6,4.5,0.5,0.5,0.7,0.3,0.3,1.5,1.4,7.6,003479,"KUZMIC, OGNJEN",33,https://media-cdn.incrowdsports.com/5b845a58-65c2-419e-922a-32dc3870e9ab.png,MAL;PAN;MAD;RED,UNI;PAO;RMB;CZV,Unicaja Malaga;Panathinaikos AKTOR Athens;Real Madrid;Crvena Zvezda Meridianbet Belgrade,https://media-cdn.incrowdsports.com/6342214b-684b-421f-8960-5d20354458da.png;https://media-cdn.incrowdsports.com/e3dff28a-9ec6-4faf-9d96-ecbc68f75780.png;https://media-cdn.incrowdsports.com/1a3e1404-4f6f-4ede-9d8b-30eee7cb51b4.png;https://media-cdn.incrowdsports.com/d2eef4a8-62df-4fdd-9076-276004268515.png
320,46.0,33.0,16.167391304347827,6.1,2.3,4.1,57.8%,0.0,0.0,0%,1.4,2.4,57.7%,1.1,3.1,4.2,0.7,0.8,1.7,0.7,0.2,2.5,2.3,7.6,AFG,"BAGARIC, DALIBOR",29,,OLY;FOR;CIB,OLY;FOR;CIB,Olympiacos Piraeus;Fortitudo Pallacanestro Bologna 103;KK Cibona,https://media-cdn.incrowdsports.com/789423ac-3cdf-4b89-b11c-b458aa5f59a6.png;https://media-cdn.incrowdsports.com/0a746cc0-eb26-481a-bab5-457cfc51eae5.png;https://media-cdn.incrowdsports.com/2bc7884a-4fe7-4362-9d4f-ba2ad8a0239d.png
321,113.0,76.0,23.020353982300886,5.5,1.3,2.2,57.4%,0.6,1.8,32%,1.2,1.5,82.3%,1.2,2.4,3.6,1.4,0.8,0.6,0.1,0.2,2.1,1.6,7.6,005771,"CALOIARO, ANGELO",32,https://media-cdn.incrowdsports.com/9504e39f-d973-4d5f-ae76-0a6605cffc8e.png,TEL,MTA,Maccabi Rapyd Tel Aviv,https://media-cdn.incrowdsports.com/5c55ef14-29df-4328-bd52-a7a64c432350.png
322,129.0,67.0,20.68217054263566,7.8,2.2,4.6,47.2%,0.7,2.0,35.4%,1.2,1.5,81.7%,0.3,1.7,2.0,3.1,0.7,1.3,0.0,0.2,2.1,1.7,7.7,007982,"WILLIAMS-GOSS, NIGEL",31,https://media-cdn.incrowdsports.com/cbd6634e-86be-46e4-8eef-b00c58be9e52.png,MAD;OLY;ZAL,RMB;OLY;ZAL,Real Madrid;Olympiacos Piraeus;Zalgiris Kaunas,https://media-cdn.incrowdsports.com/1a3e1404-4f6f-4ede-9d8b-30eee7cb51b4.png;https://media-cdn.incrowdsports.com/789423ac-3cdf-4b89-b11c-b458aa5f59a6.png;https://media-cdn.incrowdsports.com/0aa09358-3847-4c4e-b228-3582ee4e536d.png
323,47.0,20.0,22.678368794326243,9.2,2.5,5.1,48.5%,1.2,3.0,38.7%,0.8,1.0,78.7%,0.7,1.8,2.5,1.0,1.0,1.3,0.1,0.3,1.3,1.4,7.7,KNH,"SHUMPERT, PRESTON",32,,MIL;FOR;TRE;IST;GAL,MIL;FOR;TRE;EFS;GSL,EA7 Emporio Armani Milan;Fortitudo Pallacanestro Bologna 103;Benetton Basket Treviso;Anadolu Efes Istanbul;Galatasaray Spor Kulubu,https://media-cdn.cortextech.io/9512ee73-a0f1-4647-a01e-3c2938aba6b8.png;https://media-cdn.incrowdsports.com/0a746cc0-eb26-481a-bab5-457cfc51eae5.png;https://media-cdn.incrowdsports.com/0636c1b0-de3e-4ca9-bd2c-e30a4f485114.png;https://media-cdn.cortextech.io/9a463aa2-ceb2-481c-9a95-1cddee0a248e.png;https://media-cdn.cortextech.io/95056dbe-7949-4b65-921d-ed9b59c0791c.png
324,174.0,33.0,17.159961685823756,6.9,2.1,4.0,52.4%,0.5,1.4,40.4%,1.1,1.3,79%,0.4,1.4,1.9,2.8,0.4,1.6,0.0,0.2,1.4,1.8,7.7,007519,"JOKUBAITIS, ROKAS",24,https://media-cdn.incrowdsports.com/14dcf6c1-2b5d-40fe-98d5-d6a38a8b9ba2.png,ZAL;BAR;TEL,ZAL;BAR;MTA,Zalgiris Kaunas;FC Barcelona;Maccabi Rapyd Tel Aviv,https://media-cdn.incrowdsports.com/0aa09358-3847-4c4e-b228-3582ee4e536d.png;https://media-cdn.incrowdsports.com/35dfa503-e417-481f-963a-bdf6f013763e.png;https://media-cdn.incrowdsports.com/5c55ef14-29df-4328-bd52-a7a64c432350.png
325,89.0,46.0,14.176029962546817,6.5,2.7,4.5,60.8%,0.0,0.0,0%,1.0,1.8,59.6%,1.3,2.4,3.7,0.5,0.4,1.0,0.2,0.2,1.8,1.7,7.7,002581,"JAITEH, MAM",30,https://media-cdn.incrowdsports.com/81504ec9-fd6b-4124-afbf-bed470352312.png,NTR;VIR;MCO,NAN;VIR;ASM,Nanterre 92;Virtus Bologna;AS Monaco,https://media-cdn.incrowdsports.com/57ec1c94-38b8-49e6-842b-e7fbbe4b880e.png;https://media-cdn.cortextech.io/1362801d-dd09-4fd0-932d-ead56063ab77.png;https://media-cdn.incrowdsports.com/89ed276a-2ba3-413f-8ea2-b3be209ca129.png
326,136.0,34.0,18.565686274509805,8.2,1.2,2.4,51.1%,1.6,3.4,46.3%,1.0,1.2,89.8%,0.6,1.3,1.9,0.7,0.6,0.6,0.1,0.1,1.2,1.4,7.7,005789,"KURIC, KYLE",33,https://media-cdn.incrowdsports.com/4cc9aa79-3820-497d-9595-c13f47f2bc55.png,BAR,FCB,FC Barcelona,https://media-cdn.incrowdsports.com/35dfa503-e417-481f-963a-bdf6f013763e.png
327,52.0,31.0,15.065384615384614,7.9,2.7,5.3,51.1%,0.0,0.0,0%,2.5,3.0,81.6%,1.1,2.1,3.2,0.8,0.5,1.8,0.2,0.3,2.5,2.9,7.7,JDU,"RADULJICA, MIROSLAV",34,https://media-cdn.incrowdsports.com/1603d9ff-ae35-4383-b176-5e4c3fbddad2.png,IST;PAR;PAN;MIL;RED,EFS;PAR;PAO;EA7;CZV,Anadolu Efes Istanbul;Partizan Mozzart Bet Belgrade;Panathinaikos AKTOR Athens;EA7 Emporio Armani Milan;Crvena Zvezda Meridianbet Belgrade,https://media-cdn.cortextech.io/9a463aa2-ceb2-481c-9a95-1cddee0a248e.png;https://media-cdn.incrowdsports.com/2681304e-77dd-4331-88b1-683078c0fb49.png;https://media-cdn.incrowdsports.com/e3dff28a-9ec6-4faf-9d96-ecbc68f75780.png;https://media-cdn.cortextech.io/9512ee73-a0f1-4647-a01e-3c2938aba6b8.png;https://media-cdn.incrowdsports.com/d2eef4a8-62df-4fdd-9076-276004268515.png
328,38.0,23.0,22.039473684210527,6.6,1.2,2.3,54.7%,1.1,3.0,35.7%,0.9,1.3,72.9%,0.6,2.1,2.7,1.8,1.4,1.2,0.1,0.1,1.9,1.6,7.7,BUU,"LUKAUSKIS, MINDAUGAS",30,,LIE;ASV,LIE;ASV,Rytas Vilnius;LDLC ASVEL Villeurbanne,https://media-cdn.incrowdsports.com/894a55c9-4a15-40b0-a1b0-b0aec2ce3592.png;https://media-cdn.incrowdsports.com/e33c6d1a-95ca-4dbc-b8cb-0201812104cc.png
329,42.0,20.0,23.813492063492063,9.0,2.2,4.6,49%,1.0,3.4,29.9%,1.5,2.1,70.5%,1.6,2.5,4.1,0.6,0.6,1.2,0.1,0.2,2.0,1.9,7.7,AVJ,"TUSEK, MARKO",33,,PES;ROM;MAL;AVE,PES;ROM;UNI;AVE,Scavolini Pesaro;Pallacanestro Virtus Roma;Unicaja Malaga;SS Felice Scandone,https://media-cdn.incrowdsports.com/4ea03b00-c6e0-455c-88a6-cf86640a8dd8.png;https://media-cdn.incrowdsports.com/e5836b62-9939-4063-b5e5-cc2f5804c142.png;https://media-cdn.incrowdsports.com/6342214b-684b-421f-8960-5d20354458da.png;https://media-cdn.incrowdsports.com/042b3fb1-ef40-409b-940b-8a789f4eae85.png
330,47.0,15.0,17.380496453900708,7.1,1.7,3.4,49.1%,0.7,1.7,38.3%,1.8,2.3,80.2%,0.7,1.8,2.5,1.0,0.4,0.7,0.0,0.3,1.3,2.2,7.7,TEQ,"ARADORI, PIETRO",26,,MIL;SIE;CTU;GAL,MIL;MPS;CTU;GSL,EA7 Emporio Armani Milan;Montepaschi Siena;Pallacanestro Cantu;Galatasaray Spor Kulubu,https://media-cdn.cortextech.io/9512ee73-a0f1-4647-a01e-3c2938aba6b8.png;https://media-cdn.incrowdsports.com/1d94a55f-b8c7-459c-951e-8177f5f3eebe.png;https://media-cdn.incrowdsports.com/17abff29-6978-4f75-9bbe-2e6171bb856f.png;https://media-cdn.cortextech.io/95056dbe-7949-4b65-921d-ed9b59c0791c.png
331,113.0,72.0,25.249262536873154,8.4,1.6,3.4,46.4%,1.2,3.3,35.7%,1.7,2.2,79.4%,0.3,1.3,1.6,2.2,1.4,1.3,0.1,0.3,2.1,2.4,7.8,APS,"ILIEVSKI, VLADO",32,,BAR;ROM;SIE;BAS;LJU;IST;CED,FCB;ROM;MPS;BKN;UOL;EFS;CED,FC Barcelona;Pallacanestro Virtus Roma;Montepaschi Siena;Baskonia Vitoria-Gasteiz;KK Cedevita Olimpija;Anadolu Efes Istanbul;KK Cedevita Zagreb,https://media-cdn.incrowdsports.com/35dfa503-e417-481f-963a-bdf6f013763e.png;https://media-cdn.incrowdsports.com/e5836b62-9939-4063-b5e5-cc2f5804c142.png;https://media-cdn.incrowdsports.com/1d94a55f-b8c7-459c-951e-8177f5f3eebe.png;https://media-cdn.incrowdsports.com/e324a6af-2a72-443e-9813-8bf2d364ddab.png;https://media-cdn.incrowdsports.com/73b33d13-570e-4e49-a9cb-fe806831eaa7.png;https://media-cdn.cortextech.io/9a463aa2-ceb2-481c-9a95-1cddee0a248e.png;https://media-cdn.incrowdsports.com/ba95084a-224c-4d4a-a306-37a386772f64.png
332,248.0,111.0,19.52614247311828,9.0,1.8,3.6,49.8%,1.4,3.6,38.8%,1.2,1.4,81%,0.2,1.4,1.6,2.6,0.6,1.6,0.0,0.5,1.6,2.0,7.8,007032,"LO, MAODO",32,https://media-cdn.incrowdsports.com/9f7f2587-caaf-41fd-a2a2-3294355b7907.png,BAM;MUN;BER;MIL;PRS,BRO;BAY;BER;EA7;PBB,Bamberger Basketball GmbH;FC Bayern Munich;ALBA Berlin;EA7 Emporio Armani Milan;Paris Basketball,https://media-cdn.incrowdsports.com/85cdd43a-2bbd-4f73-b8f7-76288a5193cb.png;https://media-cdn.incrowdsports.com/817b0e58-d595-4b09-ab0b-1e7cc26249ff.png;https://media-cdn.incrowdsports.com/ccc34858-22b0-47dc-904c-9940b0a16ff3.png;https://media-cdn.cortextech.io/9512ee73-a0f1-4647-a01e-3c2938aba6b8.png;https://media-cdn.incrowdsports.com/a033e5b3-0de7-48a3-98d9-d9a4b9df1f39.png
333,86.0,22.0,17.898255813953487,8.5,0.9,1.8,51.6%,1.5,4.2,34.4%,2.2,2.5,88.9%,0.2,1.0,1.1,2.6,0.4,1.3,0.0,0.3,1.9,2.5,7.8,002661,"PREPELIC, KLEMEN",30,https://media-cdn.incrowdsports.com/31332c1b-416b-4a40-ad08-c23b61e0dc0a.png,LJU;MAD;PAM,UOL;RMB;VBC,KK Cedevita Olimpija;Real Madrid;Valencia Basket,https://media-cdn.incrowdsports.com/73b33d13-570e-4e49-a9cb-fe806831eaa7.png;https://media-cdn.incrowdsports.com/1a3e1404-4f6f-4ede-9d8b-30eee7cb51b4.png;https://media-cdn.cortextech.io/d88f3c71-1519-4b19-8cfb-99e26a4c008e.png
334,49.0,25.0,21.639115646258503,7.8,2.9,5.2,55.7%,0.3,0.7,42.4%,1.2,1.6,74%,1.4,2.7,4.1,0.5,0.5,0.9,0.4,0.2,2.9,1.6,7.8,AGC,"RUZIC, TOMISLAV",25,,ZAD;CIB;ASV,ZAD;CIB;ASV,KK Zadar;KK Cibona;LDLC ASVEL Villeurbanne,https://media-cdn.incrowdsports.com/5bae1d8f-cf6e-4cce-affe-f528f1352cb5.png;https://media-cdn.incrowdsports.com/2bc7884a-4fe7-4362-9d4f-ba2ad8a0239d.png;https://media-cdn.incrowdsports.com/e33c6d1a-95ca-4dbc-b8cb-0201812104cc.png
335,124.0,75.0,22.450268817204304,7.8,1.8,3.2,56.3%,0.7,2.2,32.4%,2.0,2.5,79.5%,0.6,1.5,2.1,1.7,0.7,1.6,0.0,0.3,1.7,2.5,7.8,AWX,"CABEZAS, CARLOS",32,,MAL;KHI;BAS,UNI;KHI;CLA,Unicaja Malaga;BC Khimki;Baskonia Vitoria-Gasteiz,https://media-cdn.incrowdsports.com/6342214b-684b-421f-8960-5d20354458da.png;https://media-cdn.incrowdsports.com/04bd9ac1-e8ed-4b35-8878-272596e5c7d6.png;https://media-cdn.incrowdsports.com/e324a6af-2a72-443e-9813-8bf2d364ddab.png
336,84.0,48.0,20.621031746031747,8.9,1.5,3.2,44.9%,1.6,4.5,36.1%,1.1,1.2,87.6%,0.6,1.6,2.2,2.1,0.7,1.3,0.1,0.3,1.7,1.8,7.8,011192,"SMITH, JALEEN",29,https://media-cdn.incrowdsports.com/c1119885-59a1-4514-88da-dfc9b33b3ebc.png,BER;VIR;PAR,BER;VIR;PAR,ALBA Berlin;Virtus Bologna;Partizan Mozzart Bet Belgrade,https://media-cdn.incrowdsports.com/ccc34858-22b0-47dc-904c-9940b0a16ff3.png;https://media-cdn.cortextech.io/1362801d-dd09-4fd0-932d-ead56063ab77.png;https://media-cdn.incrowdsports.com/2681304e-77dd-4331-88b1-683078c0fb49.png
337,208.0,128.0,23.591907051282053,7.2,1.9,4.0,46.6%,0.6,1.9,30.8%,1.7,2.1,78.5%,0.3,1.8,2.2,3.1,0.6,1.3,0.0,0.3,2.2,2.6,7.8,ABN,"ZISIS, NIKOS",34,https://media-cdn.cortextech.io/783445c0-6d6d-4b50-aa4e-97abb296fcec.png,AEK;TRE;CSK;SIE;UNK;ULK;BAM,AEK;TRE;CSK;MPS;UNK;FBU;BRO,AEK Athens;Benetton Basket Treviso;CSKA Moscow;Montepaschi Siena;UNICS Kazan;Fenerbahce Beko Istanbul;Bamberger Basketball GmbH,https://media-cdn.incrowdsports.com/b51b0af8-ac03-4093-8858-9b4d71830fe7.png;https://media-cdn.incrowdsports.com/0636c1b0-de3e-4ca9-bd2c-e30a4f485114.png;https://media-cdn.incrowdsports.com/b6a59212-7feb-4f8c-86c2-5e8f07625e3e.png;https://media-cdn.incrowdsports.com/1d94a55f-b8c7-459c-951e-8177f5f3eebe.png;https://media-cdn.incrowdsports.com/70b00b96-e98a-42ba-9997-39d70a895157.png;https://media-cdn.cortextech.io/3b7f020e-5b39-49a1-b4b2-efea918edab7.png;https://media-cdn.incrowdsports.com/85cdd43a-2bbd-4f73-b8f7-76288a5193cb.png
338,64.0,53.0,24.646875,9.4,2.4,4.8,50.7%,0.9,2.7,31.4%,2.0,3.1,63.6%,1.4,2.5,3.8,0.7,0.8,1.0,0.1,0.3,3.2,3.0,7.8,APT,"BOISA, VLADIMER",29,,SIE;ARI;LJU,MPS;ARI;UOL,Montepaschi Siena;Aris Thessaloniki;KK Cedevita Olimpija,https://media-cdn.incrowdsports.com/1d94a55f-b8c7-459c-951e-8177f5f3eebe.png;https://media-cdn.cortextech.io/28be84d9-ad7e-43b3-8d8c-822bb76b8a9e.png;https://media-cdn.incrowdsports.com/73b33d13-570e-4e49-a9cb-fe806831eaa7.png
339,152.0,53.0,19.298026315789475,9.7,1.5,3.4,45.7%,1.7,4.2,39.6%,1.7,2.2,77.4%,0.4,1.6,2.0,1.5,0.5,1.5,0.1,0.4,1.8,2.5,7.9,009849,"DORSEY, TYLER",28,https://media-cdn.incrowdsports.com/153a0612-03d6-48a2-9d15-8d46677d32ba.png,TEL;ULK;OLY,MTA;FBB;OLY,Maccabi Rapyd Tel Aviv;Fenerbahce Beko Istanbul;Olympiacos Piraeus,https://media-cdn.incrowdsports.com/5c55ef14-29df-4328-bd52-a7a64c432350.png;https://media-cdn.cortextech.io/3b7f020e-5b39-49a1-b4b2-efea918edab7.png;https://media-cdn.incrowdsports.com/789423ac-3cdf-4b89-b11c-b458aa5f59a6.png
340,157.0,50.0,20.131528662420383,7.9,1.5,2.7,53.1%,1.3,3.0,41.4%,1.3,1.4,88.1%,0.2,1.5,1.6,2.3,0.6,1.0,0.0,0.1,1.8,1.5,7.9,000046,"STRELNIEKS, JANIS",32,https://media-cdn.incrowdsports.com/c7e70554-2bee-4d2d-ace6-15e5f07dd0c9.png,NIK;BAM;OLY;CSK;ZAL,BUD;BRO;OLY;CSK;ZAL,BC Budivelnyk;Bamberger Basketball GmbH;Olympiacos Piraeus;CSKA Moscow;Zalgiris Kaunas,https://media-cdn.incrowdsports.com/ab78a31f-a024-4877-bb79-54bd09dfa99d.png;https://media-cdn.incrowdsports.com/85cdd43a-2bbd-4f73-b8f7-76288a5193cb.png;https://media-cdn.incrowdsports.com/789423ac-3cdf-4b89-b11c-b458aa5f59a6.png;https://media-cdn.incrowdsports.com/b6a59212-7feb-4f8c-86c2-5e8f07625e3e.png;https://media-cdn.incrowdsports.com/0aa09358-3847-4c4e-b228-3582ee4e536d.png
341,63.0,24.0,20.13835978835979,6.8,0.9,2.2,42.3%,1.2,2.8,42.3%,1.4,1.7,86.5%,0.4,1.5,1.9,2.9,1.2,1.6,0.0,0.1,2.2,2.1,7.9,AIT,"LOPEZ, RAUL",31,,MAD;KHI;BIL,RMD;KHI;BIL,Real Madrid;BC Khimki;Bilbao Basket,https://media-cdn.incrowdsports.com/1a3e1404-4f6f-4ede-9d8b-30eee7cb51b4.png;https://media-cdn.incrowdsports.com/04bd9ac1-e8ed-4b35-8878-272596e5c7d6.png;https://media-cdn.incrowdsports.com/eedb87e1-f3d1-46d4-bbf8-bbb25b932d6d.png
342,60.0,28.0,16.814444444444444,7.1,2.8,5.1,55.3%,0.0,0.2,16.7%,1.4,1.9,75.2%,1.4,2.7,4.0,0.6,0.3,1.2,0.6,0.2,2.4,2.0,7.9,TGC,"BARAC, STANKO",29,https://media-cdn.cortextech.io/cc245d5b-c364-42e7-8cfb-6699039ace5f.png,BAS;IST;MIL,CLA;EFS;EA7,Baskonia Vitoria-Gasteiz;Anadolu Efes Istanbul;EA7 Emporio Armani Milan,https://media-cdn.incrowdsports.com/e324a6af-2a72-443e-9813-8bf2d364ddab.png;https://media-cdn.cortextech.io/9a463aa2-ceb2-481c-9a95-1cddee0a248e.png;https://media-cdn.cortextech.io/9512ee73-a0f1-4647-a01e-3c2938aba6b8.png
343,52.0,38.0,21.405448717948715,9.8,3.0,6.5,46.3%,0.6,2.2,28.1%,1.9,2.8,68.2%,0.8,1.7,2.5,2.2,0.7,1.8,0.2,0.4,2.1,2.7,7.9,000880,"GENTILE, ALESSANDRO",24,https://media-cdn.cortextech.io/478826fa-601c-4fb0-87e9-fd70aef7bf2a.png,MIL;PAN,EAM;PAO,EA7 Emporio Armani Milan;Panathinaikos AKTOR Athens,https://media-cdn.cortextech.io/9512ee73-a0f1-4647-a01e-3c2938aba6b8.png;https://media-cdn.incrowdsports.com/e3dff28a-9ec6-4faf-9d96-ecbc68f75780.png
344,44.0,27.0,22.404166666666665,6.9,2.8,5.7,49.6%,0.0,0.0,0%,1.2,1.7,70.3%,2.1,2.8,4.9,0.4,0.8,1.1,0.8,0.4,2.6,1.6,7.9,AKW,"FROSINI, ALESSANDRO",32,,VIR;PES,VIR;PES,Virtus Bologna;Scavolini Pesaro,https://media-cdn.cortextech.io/1362801d-dd09-4fd0-932d-ead56063ab77.png;https://media-cdn.incrowdsports.com/4ea03b00-c6e0-455c-88a6-cf86640a8dd8.png
345,91.0,63.0,21.715201465201464,6.6,1.3,2.7,48.6%,0.9,2.5,35.8%,1.3,1.5,84.3%,1.5,2.7,4.2,1.1,0.7,1.0,0.3,0.2,2.4,1.7,7.9,006760,"BONGA, ISAAC",25,https://media-cdn.incrowdsports.com/974496ef-0137-405c-9ad9-37ef0d4e724a.png,MUN;PAR,BAY;PAR,FC Bayern Munich;Partizan Mozzart Bet Belgrade,https://media-cdn.incrowdsports.com/817b0e58-d595-4b09-ab0b-1e7cc26249ff.png;https://media-cdn.incrowdsports.com/2681304e-77dd-4331-88b1-683078c0fb49.png
346,73.0,49.0,22.434246575342467,8.5,1.9,3.5,54.4%,1.2,2.9,41.6%,1.0,1.3,76.3%,1.2,2.6,3.8,0.9,1.0,1.4,0.3,0.2,3.2,1.8,7.9,ADR,"GALANDA, GIACOMO",30,,FOR;SIE;MIL,FOR;MPS;MIL,Fortitudo Pallacanestro Bologna 103;Montepaschi Siena;EA7 Emporio Armani Milan,https://media-cdn.incrowdsports.com/0a746cc0-eb26-481a-bab5-457cfc51eae5.png;https://media-cdn.incrowdsports.com/1d94a55f-b8c7-459c-951e-8177f5f3eebe.png;https://media-cdn.cortextech.io/9512ee73-a0f1-4647-a01e-3c2938aba6b8.png
347,118.0,73.0,21.538276836158193,6.0,1.8,3.3,54.2%,0.5,1.4,39%,0.8,1.0,75%,1.4,2.9,4.3,1.0,0.6,0.7,0.4,0.1,1.8,0.9,8.0,004117,"BROOKS, JEFF",31,https://media-cdn.incrowdsports.com/d6bf66bc-a616-4a20-b42f-b1a85c267363.png,CTU;SAS;MAL;MIL,CTU;DSS;UNI;AXM,Pallacanestro Cantu;Polisportiva Dinamo;Unicaja Malaga;EA7 Emporio Armani Milan,https://media-cdn.incrowdsports.com/17abff29-6978-4f75-9bbe-2e6171bb856f.png;https://media-cdn.incrowdsports.com/f2916aea-9c1a-46ff-aa3a-04765cb2a60e.png;https://media-cdn.incrowdsports.com/6342214b-684b-421f-8960-5d20354458da.png;https://media-cdn.cortextech.io/9512ee73-a0f1-4647-a01e-3c2938aba6b8.png
348,55.0,30.0,21.865454545454543,7.1,1.9,3.3,55.7%,0.8,2.8,29.9%,0.9,1.4,65.8%,1.3,3.1,4.4,1.2,0.5,1.3,0.2,0.3,1.3,1.3,8.0,BCC,"MARKOTA, DAMIR",28,,ZAL;CIB;LJU;BES;BAM,ZAL;CIB;UOL;BJK;BRO,Zalgiris Kaunas;KK Cibona;KK Cedevita Olimpija;Besiktas Istanbul;Bamberger Basketball GmbH,https://media-cdn.incrowdsports.com/0aa09358-3847-4c4e-b228-3582ee4e536d.png;https://media-cdn.incrowdsports.com/2bc7884a-4fe7-4362-9d4f-ba2ad8a0239d.png;https://media-cdn.incrowdsports.com/73b33d13-570e-4e49-a9cb-fe806831eaa7.png;https://media-cdn.cortextech.io/7d37b2d0-2a4a-4a86-bf2c-266bd8da7cac.png;https://media-cdn.incrowdsports.com/85cdd43a-2bbd-4f73-b8f7-76288a5193cb.png
349,64.0,61.0,27.49921875,8.6,1.2,2.6,45.1%,1.6,4.0,39.9%,1.5,2.0,76.7%,0.4,2.1,2.5,1.6,0.8,1.4,0.0,0.3,1.9,2.4,8.0,KNK,"JACOBSEN, CASEY",32,,BAS;BER;BAM,BKN;BER;BRO,Baskonia Vitoria-Gasteiz;ALBA Berlin;Bamberger Basketball GmbH,https://media-cdn.incrowdsports.com/e324a6af-2a72-443e-9813-8bf2d364ddab.png;https://media-cdn.incrowdsports.com/ccc34858-22b0-47dc-904c-9940b0a16ff3.png;https://media-cdn.incrowdsports.com/85cdd43a-2bbd-4f73-b8f7-76288a5193cb.png
350,42.0,21.0,17.83452380952381,8.3,2.6,5.4,47.8%,0.5,1.6,32.8%,1.5,2.0,75%,1.5,2.7,4.2,0.6,0.3,0.9,0.3,0.2,1.9,1.7,8.0,BBY,"LAMPE, MACIEJ",29,,MAD;TEL;BAS;BAR,RMD;MAC;CLA;FCB,Real Madrid;Maccabi Rapyd Tel Aviv;Baskonia Vitoria-Gasteiz;FC Barcelona,https://media-cdn.incrowdsports.com/1a3e1404-4f6f-4ede-9d8b-30eee7cb51b4.png;https://media-cdn.incrowdsports.com/5c55ef14-29df-4328-bd52-a7a64c432350.png;https://media-cdn.incrowdsports.com/e324a6af-2a72-443e-9813-8bf2d364ddab.png;https://media-cdn.incrowdsports.com/35dfa503-e417-481f-963a-bdf6f013763e.png
351,118.0,40.0,19.1545197740113,7.1,0.5,1.1,43.4%,1.7,4.7,36.6%,0.9,1.0,93%,0.3,1.3,1.5,4.8,0.4,2.1,0.0,0.1,1.2,1.3,8.0,011193,"BLATT, TAMIR",27,https://media-cdn.incrowdsports.com/cba0b06c-87ec-47ed-ad88-bf274bdb7477.png,BER;TEL,BER;MTA,ALBA Berlin;Maccabi Rapyd Tel Aviv,https://media-cdn.incrowdsports.com/ccc34858-22b0-47dc-904c-9940b0a16ff3.png;https://media-cdn.incrowdsports.com/5c55ef14-29df-4328-bd52-a7a64c432350.png
352,178.0,80.0,20.62125468164794,8.2,1.3,2.9,46.5%,1.5,3.9,37.1%,1.1,1.4,84.2%,0.3,1.6,1.9,3.0,1.1,1.8,0.1,0.2,1.9,1.8,8.0,007947,"VILDOZA, LUCA",30,https://media-cdn.incrowdsports.com/dad5b538-3cf2-44ca-992a-b79ed24f4918.png,BAS;RED;PAN;OLY;VIR,TDS;CZV;PAO;OLY;VIR,Baskonia Vitoria-Gasteiz;Crvena Zvezda Meridianbet Belgrade;Panathinaikos AKTOR Athens;Olympiacos Piraeus;Virtus Bologna,https://media-cdn.incrowdsports.com/e324a6af-2a72-443e-9813-8bf2d364ddab.png;https://media-cdn.incrowdsports.com/d2eef4a8-62df-4fdd-9076-276004268515.png;https://media-cdn.incrowdsports.com/e3dff28a-9ec6-4faf-9d96-ecbc68f75780.png;https://media-cdn.incrowdsports.com/789423ac-3cdf-4b89-b11c-b458aa5f59a6.png;https://media-cdn.cortextech.io/1362801d-dd09-4fd0-932d-ead56063ab77.png
353,158.0,22.0,18.349789029535867,8.3,2.0,3.4,60%,0.8,2.8,30.8%,1.8,2.6,68.2%,0.5,1.4,1.8,1.7,0.9,1.0,0.1,0.3,1.5,2.1,8.0,007853,"MCKISSIC, SHAQUIELLE",34,https://media-cdn.incrowdsports.com/0c13355b-b760-4c81-87d1-0c612cf8aa8a.png,OLY,OLY,Olympiacos Piraeus,https://media-cdn.incrowdsports.com/789423ac-3cdf-4b89-b11c-b458aa5f59a6.png
354,59.0,24.0,21.009887005649716,6.6,1.4,3.1,47%,0.9,2.3,38.3%,1.2,1.5,74.7%,0.8,1.9,2.7,3.7,0.9,2.2,0.1,0.3,2.0,1.9,8.0,005945,"RENFROE, ALEX",33,https://media-cdn.incrowdsports.com/8093064d-dbbe-440e-9b42-07076422fe93.png,BER;MUN;BAR;DYR,ALB;BAY;FCB;ZEN,ALBA Berlin;FC Bayern Munich;FC Barcelona;Zenit St Petersburg,https://media-cdn.incrowdsports.com/ccc34858-22b0-47dc-904c-9940b0a16ff3.png;https://media-cdn.incrowdsports.com/817b0e58-d595-4b09-ab0b-1e7cc26249ff.png;https://media-cdn.incrowdsports.com/35dfa503-e417-481f-963a-bdf6f013763e.png;https://media-cdn.incrowdsports.com/4c571fd6-52f1-428c-94a5-9143fbbb4fe3.png
355,56.0,41.0,24.6125,9.3,2.6,5.1,51%,0.9,2.6,34.5%,1.4,1.9,73.1%,1.0,2.5,3.5,1.6,0.9,2.1,0.1,0.3,2.8,2.5,8.0,JJZ,"SUPUT, PREDRAG",35,,PAR;BAM;CED,PAR;BRO;CED,Partizan Mozzart Bet Belgrade;Bamberger Basketball GmbH;KK Cedevita Zagreb,https://media-cdn.incrowdsports.com/2681304e-77dd-4331-88b1-683078c0fb49.png;https://media-cdn.incrowdsports.com/85cdd43a-2bbd-4f73-b8f7-76288a5193cb.png;https://media-cdn.incrowdsports.com/ba95084a-224c-4d4a-a306-37a386772f64.png
356,134.0,66.0,19.030223880597017,8.6,1.2,2.5,48.9%,1.8,4.3,41.4%,0.8,1.0,86.9%,0.4,1.6,2.0,2.3,0.7,1.3,0.0,0.2,1.8,1.6,8.0,001324,"MUHAMMED, ALI",38,https://media-cdn.incrowdsports.com/93cf69a1-3126-488e-9d3d-7b8118a9b6ae.png,ASV;ULK,ASV;FNB,LDLC ASVEL Villeurbanne;Fenerbahce Beko Istanbul,https://media-cdn.incrowdsports.com/e33c6d1a-95ca-4dbc-b8cb-0201812104cc.png;https://media-cdn.cortextech.io/3b7f020e-5b39-49a1-b4b2-efea918edab7.png
357,124.0,90.0,21.866801075268814,8.6,2.3,4.4,51.7%,0.9,2.8,30.6%,1.5,1.8,81.1%,0.6,1.9,2.5,2.1,0.9,1.5,0.1,0.3,1.9,2.1,8.0,000007,"DEDOVIC, NIHAD",31,https://media-cdn.incrowdsports.com/9315c8dc-007d-46ff-b7e0-a098c4a7f01b.png,BAR;ROM;BER;MUN,FCB;ROM;ALB;BAY,FC Barcelona;Pallacanestro Virtus Roma;ALBA Berlin;FC Bayern Munich,https://media-cdn.incrowdsports.com/35dfa503-e417-481f-963a-bdf6f013763e.png;https://media-cdn.incrowdsports.com/e5836b62-9939-4063-b5e5-cc2f5804c142.png;https://media-cdn.incrowdsports.com/ccc34858-22b0-47dc-904c-9940b0a16ff3.png;https://media-cdn.incrowdsports.com/817b0e58-d595-4b09-ab0b-1e7cc26249ff.png
358,97.0,45.0,20.566494845360825,7.2,1.6,2.9,53.5%,0.9,2.0,42.9%,1.4,1.6,87.3%,0.3,1.5,1.8,1.9,1.1,1.2,0.1,0.1,1.5,1.5,8.0,AOZ,"HALPERIN, YOTAM",26,,LJU;TEL;OLY,LJU;MAC;OLY,KK Cedevita Olimpija;Maccabi Rapyd Tel Aviv;Olympiacos Piraeus,https://media-cdn.incrowdsports.com/73b33d13-570e-4e49-a9cb-fe806831eaa7.png;https://media-cdn.incrowdsports.com/5c55ef14-29df-4328-bd52-a7a64c432350.png;https://media-cdn.incrowdsports.com/789423ac-3cdf-4b89-b11c-b458aa5f59a6.png
359,98.0,29.0,21.071938775510205,9.1,2.0,4.1,49.1%,1.3,3.8,34.5%,1.2,1.5,78.4%,0.3,1.5,1.8,2.3,0.6,1.4,0.1,0.3,1.4,2.2,8.1,003067,"JERRELLS, CURTIS",31,https://media-cdn.incrowdsports.com/399c3360-69a0-4503-8059-8dd9c6cf1502.png,PAR;ULK;BES;UNK;MIL,PAR;FBU;BJK;UNK;EA7,Partizan Mozzart Bet Belgrade;Fenerbahce Beko Istanbul;Besiktas Istanbul;UNICS Kazan;EA7 Emporio Armani Milan,https://media-cdn.incrowdsports.com/2681304e-77dd-4331-88b1-683078c0fb49.png;https://media-cdn.cortextech.io/3b7f020e-5b39-49a1-b4b2-efea918edab7.png;https://media-cdn.cortextech.io/7d37b2d0-2a4a-4a86-bf2c-266bd8da7cac.png;https://media-cdn.incrowdsports.com/70b00b96-e98a-42ba-9997-39d70a895157.png;https://media-cdn.cortextech.io/9512ee73-a0f1-4647-a01e-3c2938aba6b8.png
360,87.0,46.0,18.883716475095788,7.1,2.6,5.2,49.9%,0.0,0.0,0%,1.9,2.8,68%,1.6,2.2,3.7,0.6,0.9,1.2,0.7,0.2,2.7,2.7,8.1,BFG,"PEROVIC, KOSTA",27,,PAR;BAR;MAL,PAR;FCB;UNI,Partizan Mozzart Bet Belgrade;FC Barcelona;Unicaja Malaga,https://media-cdn.incrowdsports.com/2681304e-77dd-4331-88b1-683078c0fb49.png;https://media-cdn.incrowdsports.com/35dfa503-e417-481f-963a-bdf6f013763e.png;https://media-cdn.incrowdsports.com/6342214b-684b-421f-8960-5d20354458da.png
361,39.0,29.0,26.641025641025642,8.6,1.8,3.4,54.1%,1.2,3.2,38.2%,1.3,1.7,74.6%,0.2,2.3,2.5,1.6,0.8,1.3,0.0,0.1,2.2,2.2,8.1,JKI,"SORAGNA, MATTEO",31,,TRE,TRE,Benetton Basket Treviso,https://media-cdn.incrowdsports.com/0636c1b0-de3e-4ca9-bd2c-e30a4f485114.png
362,68.0,55.0,23.499754901960785,9.5,1.9,4.4,41.9%,1.5,4.0,37%,1.4,1.8,79.8%,0.2,1.3,1.6,2.4,1.0,1.1,0.2,0.2,1.5,1.6,8.1,005918,"FELDEINE, JAMES",29,https://media-cdn.cortextech.io/b2ca768d-5853-43d6-9d23-346294da7259.png,PAN;RED,PAO;CZV,Panathinaikos AKTOR Athens;Crvena Zvezda Meridianbet Belgrade,https://media-cdn.incrowdsports.com/e3dff28a-9ec6-4faf-9d96-ecbc68f75780.png;https://media-cdn.incrowdsports.com/d2eef4a8-62df-4fdd-9076-276004268515.png
363,46.0,27.0,21.68731884057971,9.6,1.7,3.6,46.7%,1.6,3.9,41%,1.4,1.9,75.6%,0.8,1.8,2.7,1.0,0.9,1.2,0.3,0.1,2.1,1.8,8.1,JKM,"HANSEN, TRAVIS",32,,BAS;DYN;MAD;KHI,BKN;DYN;RMD;KHI,Baskonia Vitoria-Gasteiz;Dynamo Moscow;Real Madrid;BC Khimki,https://media-cdn.incrowdsports.com/e324a6af-2a72-443e-9813-8bf2d364ddab.png;https://media-cdn.incrowdsports.com/22ab0314-9deb-407c-97aa-4032f4017564.png;https://media-cdn.incrowdsports.com/1a3e1404-4f6f-4ede-9d8b-30eee7cb51b4.png;https://media-cdn.incrowdsports.com/04bd9ac1-e8ed-4b35-8878-272596e5c7d6.png
364,35.0,12.0,16.32952380952381,7.3,2.6,5.1,51.1%,0.0,0.0,0%,2.1,2.9,72.3%,1.5,2.8,4.3,0.4,0.5,1.5,0.6,0.4,2.2,2.4,8.1,002823,"JAWAI, NATE",28,,PAR;UNK;BAR;GAL,PAR;UNK;FCB;GSL,Partizan Mozzart Bet Belgrade;UNICS Kazan;FC Barcelona;Galatasaray Spor Kulubu,https://media-cdn.incrowdsports.com/2681304e-77dd-4331-88b1-683078c0fb49.png;https://media-cdn.incrowdsports.com/70b00b96-e98a-42ba-9997-39d70a895157.png;https://media-cdn.incrowdsports.com/35dfa503-e417-481f-963a-bdf6f013763e.png;https://media-cdn.cortextech.io/95056dbe-7949-4b65-921d-ed9b59c0791c.png
365,43.0,13.0,17.63953488372093,8.0,3.4,5.0,67.8%,0.0,0.0,50%,1.2,1.4,83.3%,1.0,1.5,2.5,0.5,0.3,1.0,0.1,0.2,1.7,1.4,8.1,ATS,"BANIC, MARKO",32,https://media-cdn.incrowdsports.com/a4c08f7d-bb25-44fd-ba2c-84b51ab832aa.png,ZAD;BIL;BER;UNK,ZAD;BIL;ALB;UNK,KK Zadar;Bilbao Basket;ALBA Berlin;UNICS Kazan,https://media-cdn.incrowdsports.com/5bae1d8f-cf6e-4cce-affe-f528f1352cb5.png;https://media-cdn.incrowdsports.com/eedb87e1-f3d1-46d4-bbf8-bbb25b932d6d.png;https://media-cdn.incrowdsports.com/ccc34858-22b0-47dc-904c-9940b0a16ff3.png;https://media-cdn.incrowdsports.com/70b00b96-e98a-42ba-9997-39d70a895157.png
365,86.0,32.0,17.64108527131783,8.5,3.3,6.1,54.3%,0.1,0.4,33.3%,1.5,2.2,67.5%,1.3,2.2,3.6,1.0,0.6,1.3,0.3,0.7,2.2,2.1,8.1,011934,"WETZELL, YANNI",28,https://media-cdn.incrowdsports.com/d30b67da-dc86-45f4-969f-ecb23a50e0ef.png,BER,BER,ALBA Berlin,https://media-cdn.incrowdsports.com/ccc34858-22b0-47dc-904c-9940b0a16ff3.png
367,68.0,39.0,16.635049019607845,6.6,2.6,4.6,55.8%,0.0,0.0,0%,1.5,2.3,67.5%,1.4,2.6,4.0,0.4,0.4,1.1,1.4,0.3,2.6,2.1,8.1,JBJ,"BEGIC, MIRZA",29,,LJU;ZAL;MAD;OLY;BAS,LJU;ZAL;RMD;OLY;LBO,KK Cedevita Olimpija;Zalgiris Kaunas;Real Madrid;Olympiacos Piraeus;Baskonia Vitoria-Gasteiz,https://media-cdn.incrowdsports.com/73b33d13-570e-4e49-a9cb-fe806831eaa7.png;https://media-cdn.incrowdsports.com/0aa09358-3847-4c4e-b228-3582ee4e536d.png;https://media-cdn.incrowdsports.com/1a3e1404-4f6f-4ede-9d8b-30eee7cb51b4.png;https://media-cdn.incrowdsports.com/789423ac-3cdf-4b89-b11c-b458aa5f59a6.png;https://media-cdn.incrowdsports.com/e324a6af-2a72-443e-9813-8bf2d364ddab.png
368,47.0,30.0,24.236524822695035,8.6,1.8,3.4,53.8%,1.3,3.4,39.9%,0.9,1.1,81.5%,0.9,2.0,2.9,1.6,1.0,1.1,0.1,0.1,2.7,1.8,8.1,002852,"MOSS, DAVID",31,https://media-cdn.incrowdsports.com/93c60365-f858-4045-bd12-e674057c1968.png,SIE;MIL,MPS;EA7,Montepaschi Siena;EA7 Emporio Armani Milan,https://media-cdn.incrowdsports.com/1d94a55f-b8c7-459c-951e-8177f5f3eebe.png;https://media-cdn.cortextech.io/9512ee73-a0f1-4647-a01e-3c2938aba6b8.png
369,142.0,91.0,19.55316901408451,7.1,2.1,3.6,56.7%,0.4,1.3,33.7%,1.6,2.3,71.1%,1.1,2.9,4.1,1.0,0.6,1.2,0.3,0.2,2.7,2.3,8.1,ACN,"TSARTSARIS, KOSTAS",33,,PER;PAN,PER;PAO,Peristeri BC;Panathinaikos AKTOR Athens,https://media-cdn.incrowdsports.com/743fd646-dc10-4a04-a90f-952e33a143a4.png;https://media-cdn.incrowdsports.com/e3dff28a-9ec6-4faf-9d96-ecbc68f75780.png
370,225.0,151.0,20.614814814814814,7.0,1.8,3.4,52.6%,0.8,2.5,31.5%,1.1,1.6,68.5%,0.6,2.5,3.1,2.1,0.9,1.1,0.4,0.2,2.2,1.9,8.2,005099,"HANGA, ADAM",34,https://media-cdn.incrowdsports.com/f9dd2a24-1b86-4538-aca2-c93136cf6f50.png,BAS;BAR;MAD;RED,LBO;FCB;RMB;CZV,Baskonia Vitoria-Gasteiz;FC Barcelona;Real Madrid;Crvena Zvezda Meridianbet Belgrade,https://media-cdn.incrowdsports.com/e324a6af-2a72-443e-9813-8bf2d364ddab.png;https://media-cdn.incrowdsports.com/35dfa503-e417-481f-963a-bdf6f013763e.png;https://media-cdn.incrowdsports.com/1a3e1404-4f6f-4ede-9d8b-30eee7cb51b4.png;https://media-cdn.incrowdsports.com/d2eef4a8-62df-4fdd-9076-276004268515.png
371,60.0,43.0,25.260833333333334,7.7,2.8,6.2,44.7%,0.4,1.2,31.5%,1.0,1.5,68.9%,0.6,2.2,2.8,3.1,1.6,1.8,0.3,0.2,2.4,1.8,8.2,001867,"GORDON, JAMON",31,https://media-cdn.cortextech.io/e8bf197b-097b-44f2-8f70-26b78373d1d3.png,MAR;OLY;GAL;IST;DAR,MAR;OLY;GSL;EFS;DDI,Maroussi BC;Olympiacos Piraeus;Galatasaray Spor Kulubu;Anadolu Efes Istanbul;Darussafaka Basketbol,https://media-cdn.incrowdsports.com/a819629b-f7c5-4888-b24c-6ed64ef28270.png;https://media-cdn.incrowdsports.com/789423ac-3cdf-4b89-b11c-b458aa5f59a6.png;https://media-cdn.cortextech.io/95056dbe-7949-4b65-921d-ed9b59c0791c.png;https://media-cdn.cortextech.io/9a463aa2-ceb2-481c-9a95-1cddee0a248e.png;https://media-cdn.incrowdsports.com/9ceb124a-7ee1-4db5-8d8c-7d485980b989.png
372,174.0,49.0,18.594540229885055,6.0,1.4,2.5,54.8%,0.8,2.4,34.9%,0.8,1.2,64.5%,1.2,2.6,3.8,1.0,0.6,0.5,0.5,0.2,1.5,1.4,8.2,002084,"POLONARA, ACHILLE",33,https://media-cdn.incrowdsports.com/1cbaecd9-0811-4c56-b6db-96ca70ea1141.png,BAS;ULK;IST;ZAL;VIR,TDS;FBB;EFS;ZAL;VIR,Baskonia Vitoria-Gasteiz;Fenerbahce Beko Istanbul;Anadolu Efes Istanbul;Zalgiris Kaunas;Virtus Bologna,https://media-cdn.incrowdsports.com/e324a6af-2a72-443e-9813-8bf2d364ddab.png;https://media-cdn.cortextech.io/3b7f020e-5b39-49a1-b4b2-efea918edab7.png;https://media-cdn.cortextech.io/9a463aa2-ceb2-481c-9a95-1cddee0a248e.png;https://media-cdn.incrowdsports.com/0aa09358-3847-4c4e-b228-3582ee4e536d.png;https://media-cdn.cortextech.io/1362801d-dd09-4fd0-932d-ead56063ab77.png
373,40.0,9.0,15.024166666666668,7.0,2.8,4.9,58.5%,0.0,0.0,0%,1.4,2.1,63.5%,1.6,2.4,4.0,0.6,0.8,1.8,0.2,0.2,2.1,2.5,8.2,DHD,"BATISTA, ESTEBAN",31,,TEL;BAS;IST;PAN,MAC;CLA;EFS;PAO,Maccabi Rapyd Tel Aviv;Baskonia Vitoria-Gasteiz;Anadolu Efes Istanbul;Panathinaikos AKTOR Athens,https://media-cdn.incrowdsports.com/5c55ef14-29df-4328-bd52-a7a64c432350.png;https://media-cdn.incrowdsports.com/e324a6af-2a72-443e-9813-8bf2d364ddab.png;https://media-cdn.cortextech.io/9a463aa2-ceb2-481c-9a95-1cddee0a248e.png;https://media-cdn.incrowdsports.com/e3dff28a-9ec6-4faf-9d96-ecbc68f75780.png
374,100.0,48.0,20.450333333333333,8.3,2.2,4.8,46.6%,0.7,2.2,32.9%,1.6,1.8,86.1%,0.3,1.1,1.4,4.3,0.5,2.0,0.0,0.4,1.7,2.1,8.2,008780,"HERMANNSSON, MARTIN",30,https://media-cdn.incrowdsports.com/4032c082-43d3-42a6-aaad-00ff98c2a756.png,PAM;BER,VBC;BER,Valencia Basket;ALBA Berlin,https://media-cdn.cortextech.io/d88f3c71-1519-4b19-8cfb-99e26a4c008e.png;https://media-cdn.incrowdsports.com/ccc34858-22b0-47dc-904c-9940b0a16ff3.png
375,28.0,3.0,12.539285714285715,5.3,1.7,3.0,57.8%,0.0,0.0,0%,1.9,2.5,76.8%,1.3,2.1,3.4,0.4,0.4,0.9,0.4,0.2,1.4,2.5,8.2,KRK,"MAVROEIDIS, DIMITRIOS",27,,MAR;BIL;OLY,MAR;BIL;OLY,Maroussi BC;Bilbao Basket;Olympiacos Piraeus,https://media-cdn.incrowdsports.com/a819629b-f7c5-4888-b24c-6ed64ef28270.png;https://media-cdn.incrowdsports.com/eedb87e1-f3d1-46d4-bbf8-bbb25b932d6d.png;https://media-cdn.incrowdsports.com/789423ac-3cdf-4b89-b11c-b458aa5f59a6.png
376,65.0,24.0,16.328205128205127,5.0,2.0,3.3,59.3%,0.1,0.3,25%,0.9,1.4,63%,1.5,2.4,3.9,1.2,0.6,0.9,0.5,0.2,1.2,1.3,8.2,JJF,"TRIAS, JORDI",29,,BAR,FCB,FC Barcelona,https://media-cdn.incrowdsports.com/35dfa503-e417-481f-963a-bdf6f013763e.png
377,101.0,60.0,23.412706270627062,8.2,1.9,3.4,57.1%,0.8,2.4,32.8%,1.9,2.4,79.7%,1.1,2.4,3.5,1.5,1.0,1.5,0.2,0.2,3.1,2.3,8.2,BFE,"KECMAN, DUSAN",34,,IST;PAN;PAR,EFS;PAO;PAR,Anadolu Efes Istanbul;Panathinaikos AKTOR Athens;Partizan Mozzart Bet Belgrade,https://media-cdn.cortextech.io/9a463aa2-ceb2-481c-9a95-1cddee0a248e.png;https://media-cdn.incrowdsports.com/e3dff28a-9ec6-4faf-9d96-ecbc68f75780.png;https://media-cdn.incrowdsports.com/2681304e-77dd-4331-88b1-683078c0fb49.png
378,109.0,51.0,19.668960244648318,9.4,1.2,2.3,49.8%,2.0,4.7,43.1%,1.1,1.2,90.6%,0.3,1.3,1.6,0.7,0.5,0.7,0.1,0.1,1.1,1.8,8.2,003151,"ERIKSSON, MARCUS",30,https://media-cdn.incrowdsports.com/7719a3b6-315c-4250-bbd8-e86b813fac81.png,BAR;CAN;BER,FCB;HGC;BER,FC Barcelona;Club Baloncesto Gran Canaria;ALBA Berlin,https://media-cdn.incrowdsports.com/35dfa503-e417-481f-963a-bdf6f013763e.png;https://media-cdn.incrowdsports.com/a074edc1-e180-4515-a876-447884b570b1.png;https://media-cdn.incrowdsports.com/ccc34858-22b0-47dc-904c-9940b0a16ff3.png
379,122.0,54.0,21.138387978142074,8.8,1.9,3.8,51.1%,1.2,3.5,34.4%,1.3,1.6,79.9%,0.4,1.7,2.2,2.2,0.8,1.2,0.0,0.2,1.7,2.0,8.2,010781,"LUNDBERG, IFFE",30,https://media-cdn.incrowdsports.com/a2cbf152-7faf-4ce6-b102-ec7cdf64d7b6.png,CSK;VIR;PAR,CSK;VIR;PAR,CSKA Moscow;Virtus Bologna;Partizan Mozzart Bet Belgrade,https://media-cdn.incrowdsports.com/b6a59212-7feb-4f8c-86c2-5e8f07625e3e.png;https://media-cdn.cortextech.io/1362801d-dd09-4fd0-932d-ead56063ab77.png;https://media-cdn.incrowdsports.com/2681304e-77dd-4331-88b1-683078c0fb49.png
380,116.0,64.0,25.921695402298848,8.3,1.8,3.7,48.7%,1.2,3.3,35.6%,1.2,1.5,80.9%,0.5,1.9,2.4,2.4,0.7,1.2,0.1,0.2,2.0,2.0,8.2,011205,"HALL, DEVON",30,https://media-cdn.incrowdsports.com/fd68fd6d-fa27-4c04-8b1b-f5347105fcba.png,MIL;ULK,EA7;FBB,EA7 Emporio Armani Milan;Fenerbahce Beko Istanbul,https://media-cdn.cortextech.io/9512ee73-a0f1-4647-a01e-3c2938aba6b8.png;https://media-cdn.cortextech.io/3b7f020e-5b39-49a1-b4b2-efea918edab7.png
381,78.0,56.0,25.039957264957263,10.9,2.8,5.6,48.9%,1.2,3.4,35%,1.8,2.2,83.3%,0.7,2.4,3.1,1.8,0.8,2.1,0.1,0.4,2.7,2.2,8.3,012080,"LUWAWU-CABARROT, TIMOTHE",29,https://media-cdn.incrowdsports.com/ed294dca-7919-4472-aedc-1de0467335ca.png,MIL;ASV;BAS,EA7;ASV;BKN,EA7 Emporio Armani Milan;LDLC ASVEL Villeurbanne;Baskonia Vitoria-Gasteiz,https://media-cdn.cortextech.io/9512ee73-a0f1-4647-a01e-3c2938aba6b8.png;https://media-cdn.incrowdsports.com/e33c6d1a-95ca-4dbc-b8cb-0201812104cc.png;https://media-cdn.incrowdsports.com/e324a6af-2a72-443e-9813-8bf2d364ddab.png
382,292.0,119.0,20.325285388127856,9.1,1.5,3.2,45.6%,1.5,4.6,32.2%,1.7,2.1,82.6%,0.2,1.3,1.5,3.1,0.5,1.3,0.0,0.1,1.6,2.2,8.3,TGB,"LLULL, SERGIO",38,https://media-cdn.incrowdsports.com/c0c0c586-9005-47a5-970d-86b57458701d.png,MAD,RMD,Real Madrid,https://media-cdn.incrowdsports.com/1a3e1404-4f6f-4ede-9d8b-30eee7cb51b4.png
383,75.0,16.0,21.58111111111111,9.9,1.7,3.9,44.3%,1.4,3.6,38.9%,2.3,2.8,81.6%,0.4,1.5,1.9,1.3,0.6,1.0,0.0,0.1,2.0,2.5,8.3,ALK,"CHATZIS, NIKOLAOS",29,,AEK;OLY,AEK;OLY,AEK Athens;Olympiacos Piraeus,https://media-cdn.incrowdsports.com/b51b0af8-ac03-4093-8858-9b4d71830fe7.png;https://media-cdn.incrowdsports.com/789423ac-3cdf-4b89-b11c-b458aa5f59a6.png
384,39.0,8.0,23.158547008547007,8.3,0.9,1.9,46.7%,1.8,4.3,42.5%,1.0,1.2,85.1%,0.7,1.0,1.7,3.5,0.2,1.6,0.0,0.1,2.0,2.0,8.3,BGQ,"SCHAFFARTZIK, HEIKO",31,,BER;MUN;LMG,BER;BAY;LIM,ALBA Berlin;FC Bayern Munich;Limoges Cercle Saint-Pierre,https://media-cdn.incrowdsports.com/ccc34858-22b0-47dc-904c-9940b0a16ff3.png;https://media-cdn.incrowdsports.com/817b0e58-d595-4b09-ab0b-1e7cc26249ff.png;https://media-cdn.incrowdsports.com/bb6b25c9-7720-4603-96c8-f5f6205e8a19.png
385,56.0,14.0,17.19702380952381,5.7,2.1,3.6,59.5%,0.0,0.0,0%,1.4,2.4,60.4%,1.6,2.4,4.0,0.7,1.0,1.1,0.8,0.2,2.6,2.4,8.3,000659,"SLAUGHTER, MARCUS",31,https://media-cdn.cortextech.io/64c3842e-2cdc-4d9b-a9dd-4226f215afcb.png,BAM;MAD;DAR,BRO;RMD;DDI,Bamberger Basketball GmbH;Real Madrid;Darussafaka Basketbol,https://media-cdn.incrowdsports.com/85cdd43a-2bbd-4f73-b8f7-76288a5193cb.png;https://media-cdn.incrowdsports.com/1a3e1404-4f6f-4ede-9d8b-30eee7cb51b4.png;https://media-cdn.incrowdsports.com/9ceb124a-7ee1-4db5-8d8c-7d485980b989.png
386,47.0,33.0,21.585815602836878,8.1,3.0,5.1,59.7%,0.0,0.0,0%,2.1,2.9,70.3%,1.5,1.7,3.1,0.6,1.1,1.5,0.1,0.2,3.1,3.2,8.4,APO,"MIDDLETON, DARRYL",55,,PAN;CSK,PAO;CSK,Panathinaikos AKTOR Athens;CSKA Moscow,https://media-cdn.incrowdsports.com/e3dff28a-9ec6-4faf-9d96-ecbc68f75780.png;https://media-cdn.incrowdsports.com/b6a59212-7feb-4f8c-86c2-5e8f07625e3e.png
387,145.0,55.0,19.0167816091954,6.0,2.3,4.0,59.1%,0.0,0.1,30%,1.2,2.0,61.1%,1.8,3.1,4.9,0.6,0.6,1.2,0.3,0.2,2.2,2.0,8.4,AWN,"GONLUM, KEREM",38,,ULK;IST;GAL;KSK,ULK;EFS;GSL;KSK,Fenerbahce Beko Istanbul;Anadolu Efes Istanbul;Galatasaray Spor Kulubu;Karsiyaka Spor Kulubu,https://media-cdn.cortextech.io/3b7f020e-5b39-49a1-b4b2-efea918edab7.png;https://media-cdn.cortextech.io/9a463aa2-ceb2-481c-9a95-1cddee0a248e.png;https://media-cdn.cortextech.io/95056dbe-7949-4b65-921d-ed9b59c0791c.png;https://media-cdn.incrowdsports.com/d4b8a6ca-e46f-4fc2-acc2-5cc7368f7a88.png
388,88.0,41.0,14.64621212121212,8.6,3.1,5.2,59.5%,0.0,0.0,0%,2.3,3.9,59.7%,1.2,1.9,3.1,0.7,0.6,2.0,0.4,0.4,2.7,3.8,8.4,JXX,"SCHORTSANITIS, SOFOKLIS",30,https://media-cdn.cortextech.io/2035633e-ea48-4601-8ebd-87e3db4518f0.png,OLY;PAN;TEL;RED,OLY;PAN;MAC;CZT,Olympiacos Piraeus;Panathinaikos AKTOR Athens;Maccabi Rapyd Tel Aviv;Crvena Zvezda Meridianbet Belgrade,https://media-cdn.incrowdsports.com/789423ac-3cdf-4b89-b11c-b458aa5f59a6.png;https://media-cdn.incrowdsports.com/e3dff28a-9ec6-4faf-9d96-ecbc68f75780.png;https://media-cdn.incrowdsports.com/5c55ef14-29df-4328-bd52-a7a64c432350.png;https://media-cdn.incrowdsports.com/d2eef4a8-62df-4fdd-9076-276004268515.png
389,80.0,55.0,27.515416666666663,11.5,1.8,3.6,50%,1.8,5.2,34.5%,2.4,3.3,74.2%,0.3,1.9,2.2,1.1,0.9,1.8,0.0,0.2,2.4,3.2,8.4,ABI,"KUTLUAY, IBRAHIM",33,,AEK;PAN;ULK,AEK;PAO;ULK,AEK Athens;Panathinaikos AKTOR Athens;Fenerbahce Beko Istanbul,https://media-cdn.incrowdsports.com/b51b0af8-ac03-4093-8858-9b4d71830fe7.png;https://media-cdn.incrowdsports.com/e3dff28a-9ec6-4faf-9d96-ecbc68f75780.png;https://media-cdn.cortextech.io/3b7f020e-5b39-49a1-b4b2-efea918edab7.png
390,53.0,18.0,15.950314465408805,6.5,2.3,4.0,56.3%,0.0,0.0,0%,1.9,3.1,62.8%,1.8,2.9,4.7,0.4,0.8,1.2,0.9,0.2,3.0,2.5,8.4,ASG,"VAN DEN SPIEGEL, TOMAS",32,,FOR;SOP;CSK;MAD;MIL,FOR;PRO;CSK;RMD;MIL,Fortitudo Pallacanestro Bologna 103;Arka Gdynia;CSKA Moscow;Real Madrid;EA7 Emporio Armani Milan,https://media-cdn.incrowdsports.com/0a746cc0-eb26-481a-bab5-457cfc51eae5.png;https://media-cdn.incrowdsports.com/210fa2fa-3529-400d-8d3f-9174a22ad1a8.png;https://media-cdn.incrowdsports.com/b6a59212-7feb-4f8c-86c2-5e8f07625e3e.png;https://media-cdn.incrowdsports.com/1a3e1404-4f6f-4ede-9d8b-30eee7cb51b4.png;https://media-cdn.cortextech.io/9512ee73-a0f1-4647-a01e-3c2938aba6b8.png
391,198.0,81.0,20.954882154882153,9.7,2.6,4.9,52.4%,1.1,3.0,36.7%,1.2,1.6,74.7%,1.1,2.0,3.0,0.7,0.4,0.9,0.1,0.2,1.4,1.6,8.4,005094,"THOMAS, DESHAUN",32,https://media-cdn.incrowdsports.com/7be97a88-2526-40f9-838e-454c048cd74c.png,NTR;BAR;IST;TEL;PAN;MUN;MIL;ASV,NAN;FCB;EFS;MTA;PAO;BAY;EA7;ASV,Nanterre 92;FC Barcelona;Anadolu Efes Istanbul;Maccabi Rapyd Tel Aviv;Panathinaikos AKTOR Athens;FC Bayern Munich;EA7 Emporio Armani Milan;LDLC ASVEL Villeurbanne,https://media-cdn.incrowdsports.com/57ec1c94-38b8-49e6-842b-e7fbbe4b880e.png;https://media-cdn.incrowdsports.com/35dfa503-e417-481f-963a-bdf6f013763e.png;https://media-cdn.cortextech.io/9a463aa2-ceb2-481c-9a95-1cddee0a248e.png;https://media-cdn.incrowdsports.com/5c55ef14-29df-4328-bd52-a7a64c432350.png;https://media-cdn.incrowdsports.com/e3dff28a-9ec6-4faf-9d96-ecbc68f75780.png;https://media-cdn.incrowdsports.com/817b0e58-d595-4b09-ab0b-1e7cc26249ff.png;https://media-cdn.cortextech.io/9512ee73-a0f1-4647-a01e-3c2938aba6b8.png;https://media-cdn.incrowdsports.com/e33c6d1a-95ca-4dbc-b8cb-0201812104cc.png
392,89.0,36.0,14.38876404494382,5.7,2.4,3.6,67%,0.0,0.0,0%,0.9,1.5,59.8%,1.7,2.9,4.6,0.2,0.3,0.9,0.9,0.2,1.9,1.4,8.4,010791,"KOUMADJE, KHALIFA",28,https://media-cdn.incrowdsports.com/6c449e73-6d7f-446a-963f-8fa230763dc5.png,BER,BER,ALBA Berlin,https://media-cdn.incrowdsports.com/ccc34858-22b0-47dc-904c-9940b0a16ff3.png
393,35.0,20.0,22.572857142857142,7.0,1.5,2.5,59.1%,1.0,2.8,35.1%,1.1,1.5,78.4%,0.4,2.1,2.5,2.3,0.8,1.5,0.1,0.1,1.5,1.9,8.4,003062,"INGLES, JOE",26,,BAR;TEL,FCB;MAC,FC Barcelona;Maccabi Rapyd Tel Aviv,https://media-cdn.incrowdsports.com/35dfa503-e417-481f-963a-bdf6f013763e.png;https://media-cdn.incrowdsports.com/5c55ef14-29df-4328-bd52-a7a64c432350.png
393,112.0,35.0,17.182589285714286,8.2,2.8,4.7,60.8%,0.4,1.3,33.6%,1.2,1.6,77.1%,1.5,1.7,3.3,0.7,0.4,0.9,0.6,0.2,2.0,1.5,8.4,011219,"SORKIN, ROMAN",29,https://media-cdn.incrowdsports.com/6d000710-a608-4093-8a24-3de224d00ca3.png,TEL,MTA,Maccabi Rapyd Tel Aviv,https://media-cdn.incrowdsports.com/5c55ef14-29df-4328-bd52-a7a64c432350.png
395,91.0,58.0,23.592673992673994,7.3,1.5,3.0,51.3%,0.9,2.4,37.7%,1.5,1.7,87.7%,0.4,1.3,1.7,2.7,1.0,0.9,0.1,0.2,1.9,1.8,8.4,011204,"GRANT, JERIAN",33,https://media-cdn.incrowdsports.com/3011c0c9-43b3-48ac-8277-e4f8f59b6c08.png,MIL;PAN,AXM;PAO,EA7 Emporio Armani Milan;Panathinaikos AKTOR Athens,https://media-cdn.cortextech.io/9512ee73-a0f1-4647-a01e-3c2938aba6b8.png;https://media-cdn.incrowdsports.com/e3dff28a-9ec6-4faf-9d96-ecbc68f75780.png
396,51.0,20.0,20.112745098039216,7.7,2.8,5.2,54.2%,0.0,0.0,0%,2.1,3.4,61.8%,2.3,2.7,5.1,0.3,0.9,1.1,0.1,0.5,3.4,3.2,8.5,JQS,"ROCCA, MASON",34,,NAP;MIL,NAP;MIL,Napoli Basket;EA7 Emporio Armani Milan,https://media-cdn.incrowdsports.com/b4a949f1-f001-4da0-8ac3-69467a14791b.png;https://media-cdn.cortextech.io/9512ee73-a0f1-4647-a01e-3c2938aba6b8.png
397,57.0,28.0,21.919590643274855,10.9,2.8,5.6,50.3%,1.4,3.6,37.7%,1.1,1.7,67.4%,0.9,2.4,3.3,0.9,1.1,1.1,0.2,0.6,2.7,2.2,8.5,005001,"SANDERS, RAKIM",28,https://media-cdn.cortextech.io/899703a8-3903-47fe-be68-6a04c0f16355.png,BAM;SAS;MIL;BAR,BRO;DSS;EA7;FCB,Bamberger Basketball GmbH;Polisportiva Dinamo;EA7 Emporio Armani Milan;FC Barcelona,https://media-cdn.incrowdsports.com/85cdd43a-2bbd-4f73-b8f7-76288a5193cb.png;https://media-cdn.incrowdsports.com/f2916aea-9c1a-46ff-aa3a-04765cb2a60e.png;https://media-cdn.cortextech.io/9512ee73-a0f1-4647-a01e-3c2938aba6b8.png;https://media-cdn.incrowdsports.com/35dfa503-e417-481f-963a-bdf6f013763e.png
398,66.0,30.0,16.789646464646463,8.2,3.3,5.1,63.6%,0.0,0.0,0%,1.7,2.3,72.4%,1.8,2.2,3.9,0.4,0.4,1.3,0.4,0.4,2.6,1.9,8.5,004183,"ZIRBES, MAIK",31,https://media-cdn.incrowdsports.com/6b65be92-e8f4-4347-ae31-705fb0c8656b.png,BAM;TEL;RED,BRO;MTA;CZV,Bamberger Basketball GmbH;Maccabi Rapyd Tel Aviv;Crvena Zvezda Meridianbet Belgrade,https://media-cdn.incrowdsports.com/85cdd43a-2bbd-4f73-b8f7-76288a5193cb.png;https://media-cdn.incrowdsports.com/5c55ef14-29df-4328-bd52-a7a64c432350.png;https://media-cdn.incrowdsports.com/d2eef4a8-62df-4fdd-9076-276004268515.png
399,119.0,74.0,18.044397759103642,5.5,1.4,2.6,56%,0.6,1.7,33.5%,0.9,1.1,80.1%,0.6,3.4,4.0,2.0,1.0,1.3,0.6,0.1,2.3,1.5,8.5,BCQ,"KHRYAPA, VICTOR",35,,CSK,CSK,CSKA Moscow,https://media-cdn.incrowdsports.com/b6a59212-7feb-4f8c-86c2-5e8f07625e3e.png
400,68.0,45.0,18.919117647058822,7.8,2.8,5.5,50.9%,0.0,0.0,0%,2.1,3.7,56.7%,1.8,2.7,4.5,0.3,0.9,1.4,0.5,0.5,2.3,3.1,8.5,BEW,"CHIACIG, ROBERTO",33,,SIE;VIR;ROM,MPS;VIR;ROM,Montepaschi Siena;Virtus Bologna;Pallacanestro Virtus Roma,https://media-cdn.incrowdsports.com/1d94a55f-b8c7-459c-951e-8177f5f3eebe.png;https://media-cdn.cortextech.io/1362801d-dd09-4fd0-932d-ead56063ab77.png;https://media-cdn.incrowdsports.com/e5836b62-9939-4063-b5e5-cc2f5804c142.png
401,92.0,49.0,20.092753623188404,5.3,0.9,1.9,50%,0.7,2.2,29%,1.5,1.8,81.5%,1.2,2.5,3.7,1.8,0.6,1.1,0.1,0.2,1.5,2.6,8.5,JJS,"SUAREZ, CARLOS",31,https://media-cdn.cortextech.io/c9a596f1-a702-48fe-a9e9-af68bbdec1f0.png,EST;MAD;MAL,EST;RMD;UNI,Club Baloncesto Estudiantes;Real Madrid;Unicaja Malaga,https://media-cdn.incrowdsports.com/3bc65205-b393-457a-a4d6-af993c60ee70.png;https://media-cdn.incrowdsports.com/1a3e1404-4f6f-4ede-9d8b-30eee7cb51b4.png;https://media-cdn.incrowdsports.com/6342214b-684b-421f-8960-5d20354458da.png
402,105.0,69.0,26.372698412698412,8.8,2.2,4.0,55%,1.0,3.2,31.4%,1.4,2.0,72.3%,0.8,1.7,2.5,1.8,1.1,1.3,0.2,0.3,1.8,2.1,8.6,ANY,"SALENGA, DAINIUS",36,,ZAL;NIK,ZAL;BUD,Zalgiris Kaunas;BC Budivelnyk,https://media-cdn.incrowdsports.com/0aa09358-3847-4c4e-b228-3582ee4e536d.png;https://media-cdn.incrowdsports.com/ab78a31f-a024-4877-bb79-54bd09dfa99d.png
403,81.0,36.0,22.56543209876543,10.1,1.9,3.8,51.1%,1.5,4.0,37.2%,1.8,2.4,78%,0.1,1.6,1.7,1.4,1.0,1.4,0.2,0.2,1.5,2.2,8.6,AUT,"VUKCEVIC, DUSAN",32,,MAD;SIE;OLY;ULK;MIL,RMD;MPS;OLY;ULK;MIL,Real Madrid;Montepaschi Siena;Olympiacos Piraeus;Fenerbahce Beko Istanbul;EA7 Emporio Armani Milan,https://media-cdn.incrowdsports.com/1a3e1404-4f6f-4ede-9d8b-30eee7cb51b4.png;https://media-cdn.incrowdsports.com/1d94a55f-b8c7-459c-951e-8177f5f3eebe.png;https://media-cdn.incrowdsports.com/789423ac-3cdf-4b89-b11c-b458aa5f59a6.png;https://media-cdn.cortextech.io/3b7f020e-5b39-49a1-b4b2-efea918edab7.png;https://media-cdn.incrowdsports.com/8154f184-c61a-4e7f-b14d-9d802e35cb95.png
404,58.0,30.0,21.933333333333334,8.8,1.2,2.4,51.1%,1.6,3.9,41.2%,1.5,1.8,85.3%,0.3,1.7,2.0,1.5,0.7,1.4,0.0,0.2,1.5,2.4,8.6,LTT,"GECEVICIUS, MARTYNAS",25,,OLY;LIE,OLY;LRY,Olympiacos Piraeus;Rytas Vilnius,https://media-cdn.incrowdsports.com/789423ac-3cdf-4b89-b11c-b458aa5f59a6.png;https://media-cdn.incrowdsports.com/894a55c9-4a15-40b0-a1b0-b0aec2ce3592.png
405,59.0,43.0,23.481073446327684,8.9,1.6,2.8,57.2%,1.5,3.6,41.7%,1.3,1.5,82.2%,1.2,2.0,3.2,0.6,0.8,0.6,0.1,0.2,2.2,1.4,8.6,BVC,"JASAITIS, SIMAS",31,,TEL;BAS;JOV;LIE;TIV,MAC;BKN;CJB;LIE;LOK,Maccabi Playtika Tel Aviv;Baskonia Vitoria-Gasteiz;Club Joventut Badalona;Rytas Vilnius;Lokomotiv Kuban,https://media-cdn.incrowdsports.com/5c55ef14-29df-4328-bd52-a7a64c432350.png;https://media-cdn.incrowdsports.com/e324a6af-2a72-443e-9813-8bf2d364ddab.png;https://media-cdn.incrowdsports.com/4867b9ca-abc6-48fd-a47f-011904a74bf8.png;https://media-cdn.incrowdsports.com/894a55c9-4a15-40b0-a1b0-b0aec2ce3592.png;https://media-cdn.incrowdsports.com/10d99d78-4206-411d-83d2-db7abc63c6ae.png
406,297.0,251.0,22.58540965207632,7.1,1.3,2.3,56.2%,1.1,3.0,37.4%,1.1,1.5,73.5%,0.8,2.8,3.6,1.8,0.9,1.2,0.3,0.2,1.8,1.5,8.6,001255,"PAPANIKOLAOU, KOSTAS",34,https://media-cdn.incrowdsports.com/4077edcc-1632-460c-8bef-384c3c2a06d8.png,BAR;OLY,FCB;OLY,FC Barcelona;Olympiacos Piraeus,https://media-cdn.incrowdsports.com/35dfa503-e417-481f-963a-bdf6f013763e.png;https://media-cdn.incrowdsports.com/789423ac-3cdf-4b89-b11c-b458aa5f59a6.png
407,126.0,50.0,21.206349206349206,7.2,2.0,3.5,56.5%,0.5,1.6,33.2%,1.7,2.1,79.4%,1.1,2.7,3.8,0.9,0.5,0.8,0.2,0.4,1.8,2.0,8.7,006505,"WHITE, AARON",29,https://media-cdn.incrowdsports.com/b4e8a875-563f-4cf5-8b77-ddf434f16329.png,ZAL;MIL;PAN;RED,ZAL;AXM;PAO;CZV,Zalgiris Kaunas;EA7 Emporio Armani Milan;Panathinaikos AKTOR Athens;Crvena Zvezda Meridianbet Belgrade,https://media-cdn.incrowdsports.com/0aa09358-3847-4c4e-b228-3582ee4e536d.png;https://media-cdn.incrowdsports.com/8154f184-c61a-4e7f-b14d-9d802e35cb95.png;https://media-cdn.incrowdsports.com/e3dff28a-9ec6-4faf-9d96-ecbc68f75780.png;https://media-cdn.incrowdsports.com/d2eef4a8-62df-4fdd-9076-276004268515.png
408,49.0,11.0,18.45408163265306,7.9,2.6,4.7,55.3%,0.5,1.7,27.4%,1.3,1.9,68.8%,1.5,2.5,4.0,0.5,0.8,1.0,0.7,0.2,1.9,1.8,8.7,ADJ,"RENTZIAS, EFTHYMIOS",28,,BAR;ULK;SIE,FCB;ULK;MPS,FC Barcelona;Fenerbahce Beko Istanbul;Montepaschi Siena,https://media-cdn.incrowdsports.com/35dfa503-e417-481f-963a-bdf6f013763e.png;https://media-cdn.cortextech.io/3b7f020e-5b39-49a1-b4b2-efea918edab7.png;https://media-cdn.incrowdsports.com/1d94a55f-b8c7-459c-951e-8177f5f3eebe.png
409,153.0,84.0,24.670479302832245,6.8,1.2,2.4,47.5%,1.2,3.4,36.2%,0.8,1.1,80.1%,1.0,2.6,3.6,2.8,1.1,1.1,0.2,0.2,2.4,1.5,8.7,010391,"WEILER-BABB, NICK",29,https://media-cdn.incrowdsports.com/75f0d7e3-ca21-49db-8c77-f6e5ac98c2b5.png,MUN,BAY,FC Bayern Munich,https://media-cdn.incrowdsports.com/817b0e58-d595-4b09-ab0b-1e7cc26249ff.png
410,108.0,91.0,23.97391975308642,6.5,2.6,5.3,49.7%,0.0,0.2,18.5%,1.1,1.6,65.7%,1.9,1.8,3.8,1.1,1.5,0.7,0.1,0.1,2.2,2.2,8.7,010588,"BROWN III, JOHN",32,https://media-cdn.incrowdsports.com/39deb3d3-4f63-4841-bc63-594dc5139b92.png,UNK;MCO;RED,UNK;ASM;CZV,UNICS Kazan;AS Monaco;Crvena Zvezda Meridianbet Belgrade,https://media-cdn.incrowdsports.com/70b00b96-e98a-42ba-9997-39d70a895157.png;https://media-cdn.incrowdsports.com/89ed276a-2ba3-413f-8ea2-b3be209ca129.png;https://media-cdn.incrowdsports.com/d2eef4a8-62df-4fdd-9076-276004268515.png
411,47.0,22.0,22.857446808510637,10.7,1.6,3.2,49.7%,1.6,3.8,43.5%,2.7,3.3,81.7%,0.3,0.9,1.2,1.2,0.7,1.6,0.1,0.2,1.8,2.7,8.7,AUG,"SCEPANOVIC, VLADO",42,,FOR;PAR;PAN;BAM,FOR;PAR;PAO;BRO,Fortitudo Pallacanestro Bologna 103;Partizan Mozzart Bet Belgrade;Panathinaikos AKTOR Athens;Bamberger Basketball GmbH,https://media-cdn.incrowdsports.com/0a746cc0-eb26-481a-bab5-457cfc51eae5.png;https://media-cdn.incrowdsports.com/2681304e-77dd-4331-88b1-683078c0fb49.png;https://media-cdn.incrowdsports.com/e3dff28a-9ec6-4faf-9d96-ecbc68f75780.png;https://media-cdn.incrowdsports.com/85cdd43a-2bbd-4f73-b8f7-76288a5193cb.png
412,167.0,77.0,18.33822355289421,7.5,2.3,4.1,56.6%,0.6,1.7,32.3%,1.2,1.6,70.8%,1.6,2.8,4.3,0.7,0.7,0.8,0.3,0.2,1.7,1.5,8.7,007866,"MITOGLOU, KONSTANTINOS",28,https://media-cdn.incrowdsports.com/5c5b1aaf-6cd7-4d7c-bc81-5a2ca5391123.png,MIL;PAN,AXM;PAO,EA7 Emporio Armani Milan;Panathinaikos AKTOR Athens,https://media-cdn.incrowdsports.com/8154f184-c61a-4e7f-b14d-9d802e35cb95.png;https://media-cdn.incrowdsports.com/e3dff28a-9ec6-4faf-9d96-ecbc68f75780.png
413,40.0,36.0,25.380833333333335,9.4,2.7,5.8,47%,0.7,2.0,32.9%,2.0,2.4,81.4%,0.8,2.9,3.8,1.5,1.0,2.2,0.2,0.5,1.9,2.2,8.7,LGC,"ACKER, ALEX",29,,OLY;BAR;MIL;SOP,OLY;FCB;MIL;PRO,Olympiacos Piraeus;FC Barcelona;EA7 Emporio Armani Milan;Arka Gdynia,https://media-cdn.incrowdsports.com/789423ac-3cdf-4b89-b11c-b458aa5f59a6.png;https://media-cdn.incrowdsports.com/35dfa503-e417-481f-963a-bdf6f013763e.png;https://media-cdn.incrowdsports.com/8154f184-c61a-4e7f-b14d-9d802e35cb95.png;https://media-cdn.incrowdsports.com/210fa2fa-3529-400d-8d3f-9174a22ad1a8.png
414,200.0,126.0,23.226999999999997,8.3,2.8,5.1,54.1%,0.4,1.3,31.5%,1.6,2.3,67%,1.6,2.5,4.1,1.0,0.8,1.4,0.6,0.4,2.6,2.1,8.7,002980,"GIST, JAMES",35,https://media-cdn.incrowdsports.com/8ac701ad-576d-4103-af5a-12824a52ecf8.png,PAR;ULK;MAL;PAN;RED;MUN;ASV,PAR;FBU;UNI;PAO;CZV;BAY;ASV,Partizan Mozzart Bet Belgrade;Fenerbahce Beko Istanbul;Unicaja Malaga;Panathinaikos AKTOR Athens;Crvena Zvezda Meridianbet Belgrade;FC Bayern Munich;LDLC ASVEL Villeurbanne,https://media-cdn.incrowdsports.com/2681304e-77dd-4331-88b1-683078c0fb49.png;https://media-cdn.cortextech.io/3b7f020e-5b39-49a1-b4b2-efea918edab7.png;https://media-cdn.incrowdsports.com/6342214b-684b-421f-8960-5d20354458da.png;https://media-cdn.incrowdsports.com/e3dff28a-9ec6-4faf-9d96-ecbc68f75780.png;https://media-cdn.incrowdsports.com/d2eef4a8-62df-4fdd-9076-276004268515.png;https://media-cdn.incrowdsports.com/817b0e58-d595-4b09-ab0b-1e7cc26249ff.png;https://media-cdn.incrowdsports.com/e33c6d1a-95ca-4dbc-b8cb-0201812104cc.png
415,125.0,70.0,21.011466666666667,6.4,1.8,3.4,52.9%,0.7,1.8,38.2%,0.7,1.1,66.4%,0.4,1.8,2.2,4.3,1.2,1.6,0.1,0.2,2.1,1.6,8.7,004863,"JOVIC, STEFAN",33,https://media-cdn.incrowdsports.com/c4ac0a9d-d109-4e57-8835-43c67f1f2e62.png,RED;MUN;KHI;PAN;PAM,CZV;BAY;KHI;PAO;VBC,Crvena Zvezda Meridianbet Belgrade;FC Bayern Munich;BC Khimki;Panathinaikos AKTOR Athens;Valencia Basket,https://media-cdn.incrowdsports.com/d2eef4a8-62df-4fdd-9076-276004268515.png;https://media-cdn.incrowdsports.com/817b0e58-d595-4b09-ab0b-1e7cc26249ff.png;https://media-cdn.incrowdsports.com/04bd9ac1-e8ed-4b35-8878-272596e5c7d6.png;https://media-cdn.incrowdsports.com/e3dff28a-9ec6-4faf-9d96-ecbc68f75780.png;https://media-cdn.cortextech.io/d88f3c71-1519-4b19-8cfb-99e26a4c008e.png
416,85.0,63.0,21.411372549019607,6.1,1.1,2.3,47.9%,0.7,1.8,37.2%,1.8,2.4,77.1%,1.0,3.6,4.6,1.3,1.1,1.3,0.3,0.2,2.6,2.3,8.7,AAS,"JIMENEZ, CARLOS",36,,EST;MAL,EST;UNI,Club Baloncesto Estudiantes;Unicaja Malaga,https://media-cdn.incrowdsports.com/3bc65205-b393-457a-a4d6-af993c60ee70.png;https://media-cdn.incrowdsports.com/6342214b-684b-421f-8960-5d20354458da.png
417,37.0,27.0,21.335585585585584,8.1,1.9,3.5,56.2%,0.6,1.6,35.6%,2.5,3.1,81.4%,0.5,1.8,2.3,1.4,1.4,1.5,0.2,0.1,2.5,2.5,8.7,AIO,"ANGULO, LUCIO",29,,MAD,RMD,Real Madrid,https://media-cdn.incrowdsports.com/1a3e1404-4f6f-4ede-9d8b-30eee7cb51b4.png
418,99.0,52.0,22.006734006734007,15.3,2.1,4.4,47.6%,3.0,8.0,37%,2.2,2.6,85.7%,0.3,1.1,1.3,1.4,0.4,1.6,0.0,0.6,2.5,2.7,8.7,011948,"HOWARD, MARKUS",25,https://media-cdn.incrowdsports.com/dac08765-8984-4e9b-85ce-92f3670ce151.png,BAS,BKN,Baskonia Vitoria-Gasteiz,https://media-cdn.incrowdsports.com/e324a6af-2a72-443e-9813-8bf2d364ddab.png
419,200.0,77.0,19.02725,8.2,1.6,2.8,55.6%,1.3,2.8,46.3%,1.2,1.3,89.8%,0.9,2.3,3.2,1.0,0.4,0.7,0.1,0.3,2.0,1.5,8.8,008829,"PETERS, ALEC",29,https://media-cdn.incrowdsports.com/415ba270-d601-4231-b0c8-e5a66d318117.png,CSK;IST;BAS;OLY,CSK;EFS;TDS;OLY,CSKA Moscow;Anadolu Efes Istanbul;Baskonia Vitoria-Gasteiz;Olympiacos Piraeus,https://media-cdn.incrowdsports.com/b6a59212-7feb-4f8c-86c2-5e8f07625e3e.png;https://media-cdn.incrowdsports.com/8ea8cec7-d8f7-45f4-a956-d976b5867610.png;https://media-cdn.incrowdsports.com/e324a6af-2a72-443e-9813-8bf2d364ddab.png;https://media-cdn.incrowdsports.com/789423ac-3cdf-4b89-b11c-b458aa5f59a6.png
420,107.0,31.0,20.60233644859813,6.7,1.6,3.3,47.9%,0.7,2.4,28.6%,1.5,2.1,72.9%,0.7,2.4,3.1,2.7,0.7,1.3,0.1,0.1,1.7,2.4,8.8,TFH,"PRELDZIC, EMIR",29,https://media-cdn.cortextech.io/36206775-5d1e-4296-b2d7-ffe2873bbd00.png,ULK;DAR;GAL,FBU;DDI;GSO,Fenerbahce Beko Istanbul;Darussafaka Basketbol;Galatasaray Spor Kulubu,https://media-cdn.cortextech.io/3b7f020e-5b39-49a1-b4b2-efea918edab7.png;https://media-cdn.incrowdsports.com/9ceb124a-7ee1-4db5-8d8c-7d485980b989.png;https://media-cdn.cortextech.io/95056dbe-7949-4b65-921d-ed9b59c0791c.png
421,58.0,25.0,20.754597701149425,7.8,1.9,3.4,56.6%,1.0,2.3,44.3%,0.9,1.5,61.8%,2.1,2.6,4.7,0.7,0.8,1.0,0.4,0.3,2.6,1.6,8.8,CRF,"HERVELLE, AXEL",28,,MAD;BIL,RMD;BIL,Real Madrid;Bilbao Basket,https://media-cdn.incrowdsports.com/1a3e1404-4f6f-4ede-9d8b-30eee7cb51b4.png;https://media-cdn.incrowdsports.com/eedb87e1-f3d1-46d4-bbf8-bbb25b932d6d.png
422,91.0,69.0,22.125091575091577,7.3,2.1,3.6,57%,0.6,1.7,36.2%,1.4,1.7,77.4%,0.9,2.6,3.5,1.4,0.4,1.2,0.2,0.4,1.9,2.5,8.8,003490,"BARTHEL, DANILO",30,https://media-cdn.incrowdsports.com/8f84324a-e478-49c9-b298-d00031eef694.png,MUN;ULK,BAY;FNB,FC Bayern Munich;Fenerbahce Beko Istanbul,https://media-cdn.incrowdsports.com/817b0e58-d595-4b09-ab0b-1e7cc26249ff.png;https://media-cdn.cortextech.io/3b7f020e-5b39-49a1-b4b2-efea918edab7.png
423,62.0,29.0,17.893817204301076,7.2,3.0,5.4,55.5%,0.0,0.0,0%,1.2,2.0,61%,2.4,3.1,5.5,0.5,0.5,1.5,0.5,0.2,2.4,1.9,8.8,ADD,"DUENAS, ROBERTO",31,,BAR;JOV,FCB;CJB,FC Barcelona;Club Joventut Badalona,https://media-cdn.incrowdsports.com/35dfa503-e417-481f-963a-bdf6f013763e.png;https://media-cdn.incrowdsports.com/4867b9ca-abc6-48fd-a47f-011904a74bf8.png
424,120.0,79.0,20.612777777777776,9.0,3.0,5.6,52.4%,0.8,2.3,34.4%,0.8,1.2,67.9%,0.4,2.0,2.4,3.1,0.7,1.2,0.1,0.4,2.0,1.7,8.8,006555,"WOLTERS, NATE",31,https://media-cdn.incrowdsports.com/3c526125-4fa4-4d9f-8977-0d2272657592.png,ZAL;TEL;RED;PAN,ZAL;MTA;CZV;PAO,Zalgiris Kaunas;Maccabi Playtika Tel Aviv;Crvena Zvezda Meridianbet Belgrade;Panathinaikos AKTOR Athens,https://media-cdn.incrowdsports.com/0aa09358-3847-4c4e-b228-3582ee4e536d.png;https://media-cdn.incrowdsports.com/5c55ef14-29df-4328-bd52-a7a64c432350.png;https://media-cdn.incrowdsports.com/d2eef4a8-62df-4fdd-9076-276004268515.png;https://media-cdn.incrowdsports.com/e3dff28a-9ec6-4faf-9d96-ecbc68f75780.png
425,125.0,64.0,19.295466666666666,7.4,2.0,3.9,50.7%,0.7,1.8,40.4%,1.3,1.5,90.2%,0.4,1.5,1.8,3.9,0.6,1.9,0.0,0.3,1.6,1.9,8.8,JUJ,"HUERTAS, MARCELINHO",35,https://media-cdn.incrowdsports.com/b53125c1-0b97-4387-9878-6bfb0526a093.png,JOV;BAR;BAS,CJB;FCB;KBA,Club Joventut Badalona;FC Barcelona;Baskonia Vitoria-Gasteiz,https://media-cdn.incrowdsports.com/4867b9ca-abc6-48fd-a47f-011904a74bf8.png;https://media-cdn.incrowdsports.com/35dfa503-e417-481f-963a-bdf6f013763e.png;https://media-cdn.incrowdsports.com/e324a6af-2a72-443e-9813-8bf2d364ddab.png
426,84.0,53.0,22.789484126984128,9.1,2.4,5.3,45.7%,0.9,2.7,35.4%,1.5,1.9,78.5%,0.6,1.5,2.1,2.8,0.6,1.2,0.1,0.3,1.4,2.1,8.8,CJA,"UKIC, ROKO",30,,BAS;BAR;ROM;ULK;PAN;CED,BKN;FCB;ROM;FBU;PAO;CED,Baskonia Vitoria-Gasteiz;FC Barcelona;Pallacanestro Virtus Roma;Fenerbahce Beko Istanbul;Panathinaikos AKTOR Athens;KK Cedevita Zagreb,https://media-cdn.incrowdsports.com/e324a6af-2a72-443e-9813-8bf2d364ddab.png;https://media-cdn.incrowdsports.com/35dfa503-e417-481f-963a-bdf6f013763e.png;https://media-cdn.incrowdsports.com/e5836b62-9939-4063-b5e5-cc2f5804c142.png;https://media-cdn.cortextech.io/3b7f020e-5b39-49a1-b4b2-efea918edab7.png;https://media-cdn.incrowdsports.com/e3dff28a-9ec6-4faf-9d96-ecbc68f75780.png;https://media-cdn.incrowdsports.com/ba95084a-224c-4d4a-a306-37a386772f64.png
427,73.0,62.0,23.10799086757991,6.0,2.1,3.5,59%,0.3,1.1,31.6%,0.8,1.8,48.1%,1.7,3.3,5.0,1.4,1.0,1.5,0.5,0.1,2.5,2.1,8.8,ACX,"MASIULIS, TOMAS",49,,SOP;ZAL;BAR;ULK,PRO;ZAL;FCB;FBB,Arka Gdynia;Zalgiris Kaunas;FC Barcelona;Fenerbahce Beko Istanbul,https://media-cdn.incrowdsports.com/210fa2fa-3529-400d-8d3f-9174a22ad1a8.png;https://media-cdn.incrowdsports.com/0aa09358-3847-4c4e-b228-3582ee4e536d.png;https://media-cdn.incrowdsports.com/35dfa503-e417-481f-963a-bdf6f013763e.png;https://media-cdn.cortextech.io/3b7f020e-5b39-49a1-b4b2-efea918edab7.png
428,81.0,53.0,18.25246913580247,7.8,3.2,5.8,54.7%,0.2,0.8,30.6%,0.8,0.9,86.3%,1.1,2.2,3.4,0.8,0.7,0.6,1.0,0.2,1.6,0.8,8.8,010385,"LAMMERS, BEN",27,https://media-cdn.incrowdsports.com/79ea5f11-6d04-4fb8-a8c9-b7b2539dd937.png,BER,BER,ALBA Berlin,https://media-cdn.incrowdsports.com/ccc34858-22b0-47dc-904c-9940b0a16ff3.png
429,82.0,58.0,24.82357723577236,9.1,2.3,4.8,48.2%,0.8,2.3,33.7%,2.1,3.1,68.9%,0.8,2.0,2.8,1.8,1.2,1.7,0.1,0.4,2.3,3.2,8.9,AGQ,"WELSCH, JIRI",31,,LJU;MAL;CHA,LJU;UNI;CHA,KK Cedevita Olimpija;Unicaja Malaga;Spirou Charleroi,https://media-cdn.incrowdsports.com/73b33d13-570e-4e49-a9cb-fe806831eaa7.png;https://media-cdn.incrowdsports.com/6342214b-684b-421f-8960-5d20354458da.png;https://media-cdn.incrowdsports.com/fe2c3484-72ab-463e-bda7-587b5e980e37.png
430,268.0,152.0,21.42462686567164,7.4,1.5,3.2,47%,0.9,2.4,39.4%,1.7,2.1,78.4%,0.3,2.1,2.5,2.8,0.7,1.3,0.0,0.2,2.6,3.1,8.9,001844,"HACKETT, DANIEL",37,https://media-cdn.incrowdsports.com/f5d3ffc5-6ed4-43a7-9c66-674c0ac86187.png,SIE;MIL;OLY;BAM;CSK;VIR,MPS;EA7;OLY;BRO;CSK;VIR,Montepaschi Siena;EA7 Emporio Armani Milan;Olympiacos Piraeus;Bamberger Basketball GmbH;CSKA Moscow;Virtus Bologna,https://media-cdn.incrowdsports.com/1d94a55f-b8c7-459c-951e-8177f5f3eebe.png;https://media-cdn.incrowdsports.com/8154f184-c61a-4e7f-b14d-9d802e35cb95.png;https://media-cdn.incrowdsports.com/789423ac-3cdf-4b89-b11c-b458aa5f59a6.png;https://media-cdn.incrowdsports.com/85cdd43a-2bbd-4f73-b8f7-76288a5193cb.png;https://media-cdn.incrowdsports.com/b6a59212-7feb-4f8c-86c2-5e8f07625e3e.png;https://media-cdn.cortextech.io/1362801d-dd09-4fd0-932d-ead56063ab77.png
431,56.0,26.0,20.447916666666664,8.7,2.5,4.6,55.3%,0.6,1.8,36%,1.7,2.6,67.8%,1.3,2.7,4.0,1.7,0.8,1.9,0.3,0.2,3.1,2.6,8.9,AGI,"GOLEMAC, JURICA",32,,LJU;IST;CIB;PAN,LJU;EFS;CIB;PAO,KK Cedevita Olimpija;Anadolu Efes Istanbul;KK Cibona;Panathinaikos AKTOR Athens,https://media-cdn.incrowdsports.com/73b33d13-570e-4e49-a9cb-fe806831eaa7.png;https://media-cdn.incrowdsports.com/8ea8cec7-d8f7-45f4-a956-d976b5867610.png;https://media-cdn.incrowdsports.com/2bc7884a-4fe7-4362-9d4f-ba2ad8a0239d.png;https://media-cdn.incrowdsports.com/e3dff28a-9ec6-4faf-9d96-ecbc68f75780.png
432,57.0,45.0,27.66578947368421,8.8,1.8,3.9,45.9%,1.2,3.2,37.6%,1.7,2.2,78.9%,0.5,1.6,2.1,2.8,0.8,1.1,0.1,0.6,2.0,2.7,8.9,001252,"GAVEL, ANTON",31,,BAM;MUN,BRO;BAY,Bamberger Basketball GmbH;FC Bayern Munich,https://media-cdn.incrowdsports.com/85cdd43a-2bbd-4f73-b8f7-76288a5193cb.png;https://media-cdn.incrowdsports.com/817b0e58-d595-4b09-ab0b-1e7cc26249ff.png
433,93.0,35.0,20.21559139784946,8.4,1.9,3.3,57.7%,1.2,2.9,42.1%,1.0,1.3,78.9%,0.7,2.2,2.9,1.3,0.5,0.9,0.1,0.2,1.3,1.4,8.9,003608,"LOJESKI, MATT",33,https://media-cdn.incrowdsports.com/25e09f91-cf57-4c04-a4fb-d5500821934c.png,OLY;PAN,OLY;PAO,Olympiacos Piraeus;Panathinaikos AKTOR Athens,https://media-cdn.incrowdsports.com/789423ac-3cdf-4b89-b11c-b458aa5f59a6.png;https://media-cdn.incrowdsports.com/e3dff28a-9ec6-4faf-9d96-ecbc68f75780.png
434,138.0,75.0,21.77342995169082,7.6,1.5,2.7,54.3%,1.2,2.9,40.6%,1.2,1.5,81.2%,1.3,3.0,4.3,0.7,0.6,0.9,0.4,0.1,1.8,1.4,8.9,BEZ,"FOTSIS, ANTONIS",35,https://media-cdn.cortextech.io/4779c98d-ff1f-4d92-a71a-a89665338a76.png,MAD;DYN;MIL;PAN,RMD;DYN;EAM;PAO,Real Madrid;Dynamo Moscow;EA7 Emporio Armani Milan;Panathinaikos AKTOR Athens,https://media-cdn.incrowdsports.com/1a3e1404-4f6f-4ede-9d8b-30eee7cb51b4.png;https://media-cdn.incrowdsports.com/22ab0314-9deb-407c-97aa-4032f4017564.png;https://media-cdn.incrowdsports.com/8154f184-c61a-4e7f-b14d-9d802e35cb95.png;https://media-cdn.incrowdsports.com/e3dff28a-9ec6-4faf-9d96-ecbc68f75780.png
435,134.0,71.0,26.159950248756218,9.7,1.4,2.8,51.1%,1.8,5.2,34.7%,1.5,1.8,81.2%,0.5,1.8,2.3,2.4,1.2,1.4,0.1,0.2,2.2,2.1,8.9,ADS,"BASILE, GIANLUCA",37,,FOR;BAR;CTU;MIL,FOR;FCB;CTU;EAM,Fortitudo Pallacanestro Bologna 103;FC Barcelona;Pallacanestro Cantu;EA7 Emporio Armani Milan,https://media-cdn.incrowdsports.com/0a746cc0-eb26-481a-bab5-457cfc51eae5.png;https://media-cdn.incrowdsports.com/35dfa503-e417-481f-963a-bdf6f013763e.png;https://media-cdn.incrowdsports.com/17abff29-6978-4f75-9bbe-2e6171bb856f.png;https://media-cdn.incrowdsports.com/8154f184-c61a-4e7f-b14d-9d802e35cb95.png
436,89.0,46.0,20.355805243445694,10.3,2.4,4.9,48.2%,1.2,3.0,40.3%,1.9,2.2,86.3%,0.2,1.4,1.6,1.2,0.7,0.8,0.1,0.2,1.3,2.1,8.9,005159,"GREEN, ERICK",26,https://media-cdn.incrowdsports.com/d0ff85c9-90c3-4f4a-8666-f21c8144eef8.png,SIE;OLY;PAM;ULK,MPS;OLY;VBC;FNB,Montepaschi Siena;Olympiacos Piraeus;Valencia Basket;Fenerbahce Beko Istanbul,https://media-cdn.incrowdsports.com/1d94a55f-b8c7-459c-951e-8177f5f3eebe.png;https://media-cdn.incrowdsports.com/789423ac-3cdf-4b89-b11c-b458aa5f59a6.png;https://media-cdn.cortextech.io/d88f3c71-1519-4b19-8cfb-99e26a4c008e.png;https://media-cdn.cortextech.io/3b7f020e-5b39-49a1-b4b2-efea918edab7.png
437,73.0,27.0,20.078767123287673,9.6,2.3,4.5,50.5%,1.0,2.7,38.1%,2.0,2.5,79.3%,0.5,2.6,3.2,1.0,0.5,1.3,0.3,0.2,2.5,2.8,8.9,AHX,"NACHBAR, BOSTJAN",34,,TRE;IST;UNK;BAM;BAR,TRE;EFS;UNK;BRO;FCB,Benetton Basket Treviso;Anadolu Efes Istanbul;UNICS Kazan;Bamberger Basketball GmbH;FC Barcelona,https://media-cdn.incrowdsports.com/0636c1b0-de3e-4ca9-bd2c-e30a4f485114.png;https://media-cdn.incrowdsports.com/8ea8cec7-d8f7-45f4-a956-d976b5867610.png;https://media-cdn.incrowdsports.com/70b00b96-e98a-42ba-9997-39d70a895157.png;https://media-cdn.incrowdsports.com/85cdd43a-2bbd-4f73-b8f7-76288a5193cb.png;https://media-cdn.incrowdsports.com/35dfa503-e417-481f-963a-bdf6f013763e.png
438,54.0,23.0,17.96820987654321,7.2,1.8,3.2,56.4%,0.8,2.4,35.4%,1.1,1.5,74.7%,1.1,2.7,3.8,1.4,0.8,0.9,0.3,0.2,1.8,1.6,8.9,001413,"BJELICA, NEMANJA",34,https://media-cdn.incrowdsports.com/ba4db838-99bf-4ee1-b0b7-f5a8d65b4c65.png,BAS;ULK,CLA;FBU,Baskonia Vitoria-Gasteiz;Fenerbahce Beko Istanbul,https://media-cdn.incrowdsports.com/e324a6af-2a72-443e-9813-8bf2d364ddab.png;https://media-cdn.cortextech.io/3b7f020e-5b39-49a1-b4b2-efea918edab7.png
439,148.0,38.0,18.794932432432432,8.9,2.0,3.7,53.2%,1.3,3.2,42.2%,0.9,1.1,87.8%,0.8,3.2,4.0,0.9,0.5,0.9,0.3,0.2,1.9,1.2,8.9,005836,"THOMPKINS, TREY",33,https://media-cdn.incrowdsports.com/1068c6e6-fae9-4844-a650-4c60e9f46a84.png,NOV;MAD;RED,NIZ;RMB;CZV,BC Nizhny Novgorod;Real Madrid;Crvena Zvezda Meridianbet Belgrade,https://media-cdn.incrowdsports.com/dddcfb2d-29ff-4588-a297-654b4cd72c68.png;https://media-cdn.incrowdsports.com/1a3e1404-4f6f-4ede-9d8b-30eee7cb51b4.png;https://media-cdn.incrowdsports.com/d2eef4a8-62df-4fdd-9076-276004268515.png
440,177.0,66.0,17.450282485875704,6.3,2.2,3.6,62.4%,0.2,0.7,32.3%,1.1,1.5,75.4%,1.8,2.7,4.4,0.5,0.5,0.8,0.5,0.2,1.8,1.7,9.0,009035,"BOLOMBOY, JOEL",30,https://media-cdn.incrowdsports.com/3a4cfafe-0f2b-451f-964c-cacb9f51bc2b.png,CSK;OLY;RED,CSK;OLY;CZV,CSKA Moscow;Olympiacos Piraeus;Crvena Zvezda Meridianbet Belgrade,https://media-cdn.incrowdsports.com/b6a59212-7feb-4f8c-86c2-5e8f07625e3e.png;https://media-cdn.incrowdsports.com/789423ac-3cdf-4b89-b11c-b458aa5f59a6.png;https://media-cdn.incrowdsports.com/d2eef4a8-62df-4fdd-9076-276004268515.png
441,124.0,55.0,21.212903225806453,9.4,2.6,5.3,49.8%,0.7,2.2,30.1%,2.1,2.7,75.7%,1.2,2.4,3.6,1.2,0.5,1.1,0.3,0.4,2.5,3.0,9.0,CHX,"BJELICA, MILKO",33,https://media-cdn.cortextech.io/eda31571-769f-47dd-9f57-ac773a8e3087.png,LIE;BAS;IST;DAR;RED,LIE;LBO;EFS;DDI;CZV,Rytas Vilnius;Baskonia Vitoria-Gasteiz;Anadolu Efes Istanbul;Darussafaka Basketbol;Crvena Zvezda Meridianbet Belgrade,https://media-cdn.incrowdsports.com/894a55c9-4a15-40b0-a1b0-b0aec2ce3592.png;https://media-cdn.incrowdsports.com/e324a6af-2a72-443e-9813-8bf2d364ddab.png;https://media-cdn.incrowdsports.com/8ea8cec7-d8f7-45f4-a956-d976b5867610.png;https://media-cdn.incrowdsports.com/9ceb124a-7ee1-4db5-8d8c-7d485980b989.png;https://media-cdn.incrowdsports.com/d2eef4a8-62df-4fdd-9076-276004268515.png
442,35.0,15.0,18.99952380952381,7.6,2.6,4.3,59.9%,0.0,0.0,0%,2.4,3.4,69.2%,1.2,3.2,4.4,0.7,0.4,1.9,0.6,0.2,2.5,2.7,9.0,AUV,"TARLAC, DRAGAN",30,,MAD;CSK,RMD;CSK,Real Madrid;CSKA Moscow,https://media-cdn.incrowdsports.com/1a3e1404-4f6f-4ede-9d8b-30eee7cb51b4.png;https://media-cdn.incrowdsports.com/b6a59212-7feb-4f8c-86c2-5e8f07625e3e.png
443,177.0,101.0,14.86723163841808,7.0,2.8,4.3,65%,0.0,0.0,0%,1.3,2.1,64.3%,1.9,2.7,4.6,0.2,0.3,1.2,0.5,0.2,2.3,2.3,9.0,006568,"FALL, YOUSSOUPHA",29,https://media-cdn.incrowdsports.com/f3205fbf-bef5-4b8a-9ea3-402b4a378331.png,BAS;ASV;BAR,TDS;ASV;BAR,Baskonia Vitoria-Gasteiz;LDLC ASVEL Villeurbanne;FC Barcelona,https://media-cdn.incrowdsports.com/e324a6af-2a72-443e-9813-8bf2d364ddab.png;https://media-cdn.incrowdsports.com/e33c6d1a-95ca-4dbc-b8cb-0201812104cc.png;https://media-cdn.incrowdsports.com/35dfa503-e417-481f-963a-bdf6f013763e.png
444,34.0,29.0,22.204411764705885,7.4,3.1,6.1,51.9%,0.0,0.0,0%,1.1,2.0,55.2%,1.9,3.2,5.2,0.9,0.8,1.5,0.9,0.4,2.4,1.9,9.0,COB,"KOFFI, ALAIN",25,,LEM,LMS,Le Mans Sarthe Basket,https://media-cdn.incrowdsports.com/25203b2d-cb6c-4614-926a-e55109f98238.png
445,160.0,87.0,19.351458333333333,8.7,1.2,2.3,52.5%,1.6,4.1,39%,1.4,1.6,84.8%,0.4,1.4,1.8,3.9,0.6,1.9,0.0,0.2,2.3,2.4,9.0,006435,"LAPROVITTOLA, NICOLAS",34,https://media-cdn.incrowdsports.com/4d4c3cab-382d-4c79-a6dd-8994acdd821e.png,BAS;MAD;BAR,BKN;RMB;BAR,Baskonia Vitoria-Gasteiz;Real Madrid;FC Barcelona,https://media-cdn.incrowdsports.com/e324a6af-2a72-443e-9813-8bf2d364ddab.png;https://media-cdn.incrowdsports.com/1a3e1404-4f6f-4ede-9d8b-30eee7cb51b4.png;https://media-cdn.incrowdsports.com/35dfa503-e417-481f-963a-bdf6f013763e.png
446,45.0,21.0,17.04592592592593,7.8,3.1,5.7,54.7%,0.0,0.0,0%,1.6,2.3,67.3%,1.5,3.0,4.4,0.8,0.3,1.4,0.2,0.5,1.6,2.4,9.0,LUR,"MUSLI, DEJAN",26,https://media-cdn.cortextech.io/72c8191c-235e-41fa-9ff3-a27d7f59e0be.png,BAS;PAR;MAL;BAM,CLA;PAR;UNI;BRO,Baskonia Vitoria-Gasteiz;Partizan Mozzart Bet Belgrade;Unicaja Malaga;Bamberger Basketball GmbH,https://media-cdn.incrowdsports.com/e324a6af-2a72-443e-9813-8bf2d364ddab.png;https://media-cdn.incrowdsports.com/2681304e-77dd-4331-88b1-683078c0fb49.png;https://media-cdn.incrowdsports.com/6342214b-684b-421f-8960-5d20354458da.png;https://media-cdn.incrowdsports.com/85cdd43a-2bbd-4f73-b8f7-76288a5193cb.png
447,42.0,35.0,21.474603174603175,6.9,2.6,4.5,57.4%,0.0,0.0,0%,1.7,2.4,70.6%,1.9,3.0,4.9,0.4,0.4,1.7,1.1,0.2,2.5,2.3,9.0,AWY,"KORNEGAY, CHARLES",29,,MAL,UNI,Unicaja Malaga,https://media-cdn.incrowdsports.com/6342214b-684b-421f-8960-5d20354458da.png
448,179.0,88.0,17.655493482309126,7.0,2.6,4.4,59.5%,0.1,0.4,27.1%,1.5,2.2,67.8%,1.5,2.4,3.9,1.5,0.5,1.3,0.2,0.3,2.0,2.2,9.1,002553,"MITROVIC, LUKA",31,https://media-cdn.incrowdsports.com/a68d0c8a-9eb6-4474-962c-16864ab255db.png,BAM;RED,BRO;CZV,Bamberger Basketball GmbH;Crvena Zvezda Meridianbet Belgrade,https://media-cdn.incrowdsports.com/85cdd43a-2bbd-4f73-b8f7-76288a5193cb.png;https://media-cdn.incrowdsports.com/d2eef4a8-62df-4fdd-9076-276004268515.png
449,63.0,39.0,25.622486772486774,10.5,1.6,3.8,43.1%,1.8,4.3,41%,1.9,2.4,80.3%,0.3,2.7,3.0,1.3,1.2,1.6,0.2,0.3,2.9,2.8,9.1,AJC,"FOIREST, LAURENT",36,,BAS;PAU;ASV,BKN;PAU;ASV,Baskonia Vitoria-Gasteiz;Elan Bearnais Pau-Lacq-Orthez;LDLC ASVEL Villeurbanne,https://media-cdn.incrowdsports.com/e324a6af-2a72-443e-9813-8bf2d364ddab.png;https://media-cdn.incrowdsports.com/4550b11c-3680-44b2-a512-f0b4ff304b59.png;https://media-cdn.incrowdsports.com/e33c6d1a-95ca-4dbc-b8cb-0201812104cc.png
450,58.0,52.0,27.920402298850576,7.4,0.9,2.2,39.5%,1.4,3.8,37%,1.5,1.9,76.6%,0.3,1.7,2.0,5.1,1.1,2.0,0.0,0.2,2.3,2.0,9.1,000152,"COOK, OMAR",31,,MAL;PAM;MIL;BAS;LIE,UNI;VBC;EAM;CLA;LRY,Unicaja Malaga;Valencia Basket;EA7 Emporio Armani Milan;Baskonia Vitoria-Gasteiz;Rytas Vilnius,https://media-cdn.incrowdsports.com/6342214b-684b-421f-8960-5d20354458da.png;https://media-cdn.cortextech.io/d88f3c71-1519-4b19-8cfb-99e26a4c008e.png;https://media-cdn.incrowdsports.com/8154f184-c61a-4e7f-b14d-9d802e35cb95.png;https://media-cdn.incrowdsports.com/e324a6af-2a72-443e-9813-8bf2d364ddab.png;https://media-cdn.incrowdsports.com/894a55c9-4a15-40b0-a1b0-b0aec2ce3592.png
451,39.0,33.0,23.192307692307693,7.0,2.3,4.4,52.9%,0.2,0.5,28.6%,1.9,2.8,69.7%,2.2,3.6,5.8,0.7,0.6,1.3,0.6,0.4,3.3,2.5,9.1,BJJ,"BADER, MARTON",26,,MES;CIB,MES;CIB,KK Krka Novo Mesto;KK Cibona,https://media-cdn.incrowdsports.com/8838f790-f665-472a-8cea-527f9e4a2458.png;https://media-cdn.incrowdsports.com/2bc7884a-4fe7-4362-9d4f-ba2ad8a0239d.png
452,152.0,85.0,19.34813596491228,5.6,1.6,2.5,64.6%,0.5,1.3,38.7%,0.9,1.2,76.8%,1.1,3.2,4.2,1.2,0.5,0.7,0.2,0.2,1.1,1.3,9.1,007230,"SEDEKERSKIS, TADAS",26,https://media-cdn.incrowdsports.com/a033b3ef-7790-421f-82fa-6aa8192098d4.png,BAS,TDS,Baskonia Vitoria-Gasteiz,https://media-cdn.incrowdsports.com/e324a6af-2a72-443e-9813-8bf2d364ddab.png
453,54.0,34.0,17.78641975308642,8.4,3.2,7.0,46.5%,0.1,0.2,27.3%,1.7,2.6,66%,1.4,3.3,4.7,1.1,0.5,1.2,0.4,0.3,2.5,2.7,9.1,APD,"BESOK, HUSEYIN",32,,TEL;ASV;SOP,MAC;ASV;PRO,Maccabi Playtika Tel Aviv;LDLC ASVEL Villeurbanne;Arka Gdynia,https://media-cdn.incrowdsports.com/5c55ef14-29df-4328-bd52-a7a64c432350.png;https://media-cdn.incrowdsports.com/e33c6d1a-95ca-4dbc-b8cb-0201812104cc.png;https://media-cdn.incrowdsports.com/210fa2fa-3529-400d-8d3f-9174a22ad1a8.png
454,74.0,47.0,23.06621621621622,9.8,2.4,4.4,55.3%,1.1,2.7,40.7%,1.7,2.2,79.5%,0.7,2.2,2.9,0.9,0.6,1.4,0.3,0.2,2.0,2.1,9.1,AHB,"RISACHER, STEPHANE",33,,OLY;MAL,OLY;UNI,Olympiacos Piraeus;Unicaja Malaga,https://media-cdn.incrowdsports.com/789423ac-3cdf-4b89-b11c-b458aa5f59a6.png;https://media-cdn.incrowdsports.com/6342214b-684b-421f-8960-5d20354458da.png
455,275.0,150.0,21.932787878787877,10.5,2.2,4.1,53.1%,1.7,4.1,42%,0.9,1.1,86.7%,0.3,1.5,1.8,1.9,0.7,1.0,0.4,0.2,1.9,1.4,9.1,006590,"BEAUBOIS, RODRIGUE",36,https://media-cdn.incrowdsports.com/d9946f3a-20ae-414f-a62f-0d85dbb5bb07.png,STR;BAS;IST,SIG;BKN;EFS,Strasbourg Illkirch-Graffenstaden Basket;Baskonia Vitoria-Gasteiz;Anadolu Efes Istanbul,https://media-cdn.incrowdsports.com/554f980e-fded-4943-ab5b-541f1f36f6a9.png;https://media-cdn.incrowdsports.com/e324a6af-2a72-443e-9813-8bf2d364ddab.png;https://media-cdn.incrowdsports.com/8ea8cec7-d8f7-45f4-a956-d976b5867610.png
456,37.0,14.0,14.323423423423424,6.4,2.7,4.2,64.1%,0.0,0.1,25%,0.9,1.5,62.5%,1.4,2.3,3.7,0.7,0.5,0.7,1.3,0.2,2.0,1.6,9.1,001335,"JAMES, SHAWN",32,,TEL;MIL;OLY,MAC;EA7;OLY,Maccabi Playtika Tel Aviv;EA7 Emporio Armani Milan;Olympiacos Piraeus,https://media-cdn.incrowdsports.com/5c55ef14-29df-4328-bd52-a7a64c432350.png;https://media-cdn.incrowdsports.com/8154f184-c61a-4e7f-b14d-9d802e35cb95.png;https://media-cdn.incrowdsports.com/789423ac-3cdf-4b89-b11c-b458aa5f59a6.png
457,53.0,33.0,16.160377358490567,6.9,2.7,4.0,68.6%,0.0,0.0,0%,1.5,2.7,55.6%,1.4,2.3,3.6,0.3,0.4,0.8,0.6,0.3,1.9,2.7,9.1,001228,"KAUN, SASHA",29,,CSK,CSK,CSKA Moscow,https://media-cdn.incrowdsports.com/b6a59212-7feb-4f8c-86c2-5e8f07625e3e.png
458,30.0,7.0,22.21333333333333,11.1,2.0,4.4,44.7%,2.1,4.8,44.1%,0.8,0.9,85.2%,0.4,1.3,1.7,2.3,0.9,1.4,0.0,0.3,1.6,1.7,9.1,005002,"SMITH, JAMAR",28,,BAM;LMG;MAL,BRO;LIM;UNI,Bamberger Basketball GmbH;Limoges Cercle Saint-Pierre;Unicaja Malaga,https://media-cdn.incrowdsports.com/85cdd43a-2bbd-4f73-b8f7-76288a5193cb.png;https://media-cdn.incrowdsports.com/bb6b25c9-7720-4603-96c8-f5f6205e8a19.png;https://media-cdn.incrowdsports.com/6342214b-684b-421f-8960-5d20354458da.png
459,124.0,83.0,19.22244623655914,6.6,2.7,4.3,61.8%,0.0,0.1,36.4%,1.2,1.6,73.1%,1.5,3.5,5.0,0.6,0.7,1.0,0.7,0.1,2.7,1.6,9.1,AHW,"MARCONATO, DENIS",40,,TRE;BAR;SIE;CTU;SAS,TRE;FCB;MPS;CTU;DSS,Benetton Basket Treviso;FC Barcelona;Montepaschi Siena;Pallacanestro Cantu;Polisportiva Dinamo,https://media-cdn.incrowdsports.com/0636c1b0-de3e-4ca9-bd2c-e30a4f485114.png;https://media-cdn.incrowdsports.com/35dfa503-e417-481f-963a-bdf6f013763e.png;https://media-cdn.incrowdsports.com/1d94a55f-b8c7-459c-951e-8177f5f3eebe.png;https://media-cdn.incrowdsports.com/17abff29-6978-4f75-9bbe-2e6171bb856f.png;https://media-cdn.incrowdsports.com/f2916aea-9c1a-46ff-aa3a-04765cb2a60e.png
460,82.0,64.0,28.96991869918699,11.7,1.9,4.1,45.6%,2.2,5.7,38%,1.5,2.1,72.8%,0.3,1.9,2.1,2.3,0.8,1.7,0.1,0.2,1.8,2.1,9.2,KNG,"NICHOLAS, DREW",31,,TRE;IST;PAN;MIL;CSK,TRE;EFS;PAO;EA7;CSK,Benetton Basket Treviso;Anadolu Efes Istanbul;Panathinaikos AKTOR Athens;EA7 Emporio Armani Milan;CSKA Moscow,https://media-cdn.incrowdsports.com/0636c1b0-de3e-4ca9-bd2c-e30a4f485114.png;https://media-cdn.incrowdsports.com/8ea8cec7-d8f7-45f4-a956-d976b5867610.png;https://media-cdn.incrowdsports.com/e3dff28a-9ec6-4faf-9d96-ecbc68f75780.png;https://media-cdn.incrowdsports.com/8154f184-c61a-4e7f-b14d-9d802e35cb95.png;https://media-cdn.incrowdsports.com/b6a59212-7feb-4f8c-86c2-5e8f07625e3e.png
461,78.0,45.0,23.46068376068376,10.9,2.1,5.0,42.6%,1.5,4.5,34.1%,2.1,2.4,87%,0.3,1.3,1.6,3.8,0.8,2.2,0.1,0.6,2.0,2.9,9.2,003367,"RICE, TYRESE",32,https://media-cdn.incrowdsports.com/adaff847-6d43-4afd-8908-1444bfaf8534.png,TEL;KHI;BAR;PAN,MAC;KHI;FCB;PAO,Maccabi Playtika Tel Aviv;BC Khimki;FC Barcelona;Panathinaikos AKTOR Athens,https://media-cdn.incrowdsports.com/5c55ef14-29df-4328-bd52-a7a64c432350.png;https://media-cdn.incrowdsports.com/04bd9ac1-e8ed-4b35-8878-272596e5c7d6.png;https://media-cdn.incrowdsports.com/35dfa503-e417-481f-963a-bdf6f013763e.png;https://media-cdn.incrowdsports.com/e3dff28a-9ec6-4faf-9d96-ecbc68f75780.png
462,30.0,29.0,28.548333333333336,8.9,2.0,4.7,42.1%,1.2,3.3,36%,1.4,1.5,91.1%,0.4,2.7,3.1,4.6,0.6,2.4,0.1,0.3,2.5,2.1,9.2,000218,"KOSZAREK, LUKASZ",31,,SOP;GSS,PRO;ZGA,Arka Gdynia;GSS Akcyjna,https://media-cdn.incrowdsports.com/210fa2fa-3529-400d-8d3f-9174a22ad1a8.png;https://media-cdn.incrowdsports.com/abebfbc3-2dcd-4cc5-91f3-37dae527f363.png
463,299.0,237.0,25.074136008918618,7.3,1.8,3.6,49.3%,0.7,1.8,36.3%,1.8,2.2,82%,1.1,2.2,3.3,2.0,0.6,1.2,0.1,0.2,2.1,2.7,9.2,002329,"ULANOVAS, EDGARAS",32,https://media-cdn.incrowdsports.com/474ff5fa-5ca2-47af-b70e-ac3960884a01.png,ULK;ZAL,FNB;ZAL,Fenerbahce Beko Istanbul;Zalgiris Kaunas,https://media-cdn.cortextech.io/3b7f020e-5b39-49a1-b4b2-efea918edab7.png;https://media-cdn.incrowdsports.com/0aa09358-3847-4c4e-b228-3582ee4e536d.png
464,135.0,71.0,21.230864197530863,8.5,1.9,3.6,54.2%,1.1,2.8,38.9%,1.5,1.8,81.7%,0.7,2.1,2.7,1.7,0.5,1.2,0.0,0.2,1.4,2.3,9.3,000518,"SAN EMETERIO, FERNANDO",39,https://media-cdn.incrowdsports.com/2ce687fb-3972-4e93-b27c-ea520053c228.png,BAS;PAM,LBO;VBC,Baskonia Vitoria-Gasteiz;Valencia Basket,https://media-cdn.incrowdsports.com/e324a6af-2a72-443e-9813-8bf2d364ddab.png;https://media-cdn.cortextech.io/d88f3c71-1519-4b19-8cfb-99e26a4c008e.png
465,48.0,18.0,17.20763888888889,7.5,3.1,5.5,57.6%,0.0,0.0,0%,1.2,1.8,68.2%,1.9,3.0,4.9,0.9,0.5,0.9,0.6,0.3,2.9,1.9,9.3,002833,"HENDRIX, RICHARD",29,,TEL;MIL;TIV;MAL,MAC;EAM;LOK;UNI,Maccabi Playtika Tel Aviv;EA7 Emporio Armani Milan;Lokomotiv Kuban;Unicaja Malaga,https://media-cdn.incrowdsports.com/5c55ef14-29df-4328-bd52-a7a64c432350.png;https://media-cdn.incrowdsports.com/8154f184-c61a-4e7f-b14d-9d802e35cb95.png;https://media-cdn.incrowdsports.com/10d99d78-4206-411d-83d2-db7abc63c6ae.png;https://media-cdn.incrowdsports.com/6342214b-684b-421f-8960-5d20354458da.png
466,275.0,152.0,16.57321212121212,8.0,3.0,5.1,58.1%,0.3,0.9,37.6%,1.1,1.3,83.7%,1.4,2.6,4.0,0.5,0.3,0.8,0.7,0.2,1.7,1.5,9.3,LHK,"PLEISS, TIBOR",35,https://media-cdn.incrowdsports.com/34479264-00b5-47ff-bcea-6f3aed97303e.png,COL;BAM;BAS;BAR;GAL;PAM;IST;PAN,COL;BRO;LBO;FCB;GSO;VBC;EFS;PAO,RheinStars Koln;Bamberger Basketball GmbH;Baskonia Vitoria-Gasteiz;FC Barcelona;Galatasaray Spor Kulubu;Valencia Basket;Anadolu Efes Istanbul;Panathinaikos AKTOR Athens,https://media-cdn.incrowdsports.com/91efbe6b-1e42-4e7c-9792-e2f35da38055.png;https://media-cdn.incrowdsports.com/85cdd43a-2bbd-4f73-b8f7-76288a5193cb.png;https://media-cdn.incrowdsports.com/e324a6af-2a72-443e-9813-8bf2d364ddab.png;https://media-cdn.incrowdsports.com/35dfa503-e417-481f-963a-bdf6f013763e.png;https://media-cdn.cortextech.io/95056dbe-7949-4b65-921d-ed9b59c0791c.png;https://media-cdn.cortextech.io/d88f3c71-1519-4b19-8cfb-99e26a4c008e.png;https://media-cdn.incrowdsports.com/8ea8cec7-d8f7-45f4-a956-d976b5867610.png;https://media-cdn.incrowdsports.com/e3dff28a-9ec6-4faf-9d96-ecbc68f75780.png
467,47.0,44.0,28.6968085106383,10.9,2.7,6.2,43.8%,0.9,3.8,23.5%,2.7,3.9,69.6%,1.6,2.6,4.2,1.3,2.8,2.1,0.1,0.5,3.1,3.3,9.3,BSF,"HOUSE, FRED",28,https://media-cdn.incrowdsports.com/8b5081c1-000e-4869-9ae1-37cfaad52409.png,PAR;LIE;BAS,PAR;LIE;BKN,Partizan Mozzart Bet Belgrade;Rytas Vilnius;Baskonia Vitoria-Gasteiz,https://media-cdn.incrowdsports.com/2681304e-77dd-4331-88b1-683078c0fb49.png;https://media-cdn.incrowdsports.com/894a55c9-4a15-40b0-a1b0-b0aec2ce3592.png;https://media-cdn.incrowdsports.com/e324a6af-2a72-443e-9813-8bf2d364ddab.png
468,44.0,27.0,18.04090909090909,9.0,3.5,6.2,56.7%,0.2,0.6,26.9%,1.4,2.2,66.3%,1.4,3.2,4.6,0.5,0.3,1.0,0.3,0.4,2.0,1.8,9.3,LOO,"FREELAND, JOEL",29,,MAL;CSK,UNI;CSK,Unicaja Malaga;CSKA Moscow,https://media-cdn.incrowdsports.com/6342214b-684b-421f-8960-5d20354458da.png;https://media-cdn.incrowdsports.com/b6a59212-7feb-4f8c-86c2-5e8f07625e3e.png
469,122.0,106.0,31.226912568306012,11.8,2.3,5.4,43.1%,1.8,5.5,32.9%,1.6,2.4,66.6%,0.3,1.8,2.2,3.1,1.1,1.7,0.0,0.4,1.7,2.5,9.3,AQO,"HOLDEN, JR",34,,AEK;CSK,AEK;CSK,AEK Athens;CSKA Moscow,https://media-cdn.incrowdsports.com/b51b0af8-ac03-4093-8858-9b4d71830fe7.png;https://media-cdn.incrowdsports.com/b6a59212-7feb-4f8c-86c2-5e8f07625e3e.png
470,35.0,9.0,19.65714285714286,7.8,1.6,3.0,51.9%,0.6,2.0,31.9%,2.7,3.3,83.5%,0.4,1.3,1.7,4.7,1.0,2.8,0.0,0.3,2.7,3.1,9.3,BCU,"POZZECCO, GIANMARCO",51,,FOR;MIL;ASV,FOR;AXM;ASV,Fortitudo Pallacanestro Bologna 103;EA7 Emporio Armani Milan;LDLC ASVEL Villeurbanne,https://media-cdn.incrowdsports.com/0a746cc0-eb26-481a-bab5-457cfc51eae5.png;https://media-cdn.incrowdsports.com/8154f184-c61a-4e7f-b14d-9d802e35cb95.png;https://media-cdn.incrowdsports.com/e33c6d1a-95ca-4dbc-b8cb-0201812104cc.png
471,39.0,33.0,20.451282051282053,6.6,2.5,4.7,54.4%,0.0,0.0,0%,1.5,2.9,51.8%,1.7,3.5,5.2,0.8,0.6,1.3,1.3,0.4,2.6,2.7,9.4,ADX,"ZUKAUSKAS, EURELIJUS",35,,FOR;ULK;OLY;ZAL,FOR;ULK;OLY;ZAL,Fortitudo Pallacanestro Bologna 103;Fenerbahce Beko Istanbul;Olympiacos Piraeus;Zalgiris Kaunas,https://media-cdn.incrowdsports.com/0a746cc0-eb26-481a-bab5-457cfc51eae5.png;https://media-cdn.cortextech.io/3b7f020e-5b39-49a1-b4b2-efea918edab7.png;https://media-cdn.incrowdsports.com/789423ac-3cdf-4b89-b11c-b458aa5f59a6.png;https://media-cdn.incrowdsports.com/0aa09358-3847-4c4e-b228-3582ee4e536d.png
472,65.0,46.0,28.20692307692308,12.1,2.6,5.6,46.7%,1.8,5.4,33.4%,1.4,2.1,68.1%,0.3,1.8,2.1,2.4,1.6,2.1,0.1,0.4,1.6,2.4,9.4,000541,"LOGAN, DAVID",33,,SOP;BAS;PAN;TEL;SAS,PRO;CLA;PAO;MAC;DSS,Arka Gdynia;Baskonia Vitoria-Gasteiz;Panathinaikos AKTOR Athens;Maccabi Playtika Tel Aviv;Polisportiva Dinamo,https://media-cdn.incrowdsports.com/210fa2fa-3529-400d-8d3f-9174a22ad1a8.png;https://media-cdn.incrowdsports.com/e324a6af-2a72-443e-9813-8bf2d364ddab.png;https://media-cdn.incrowdsports.com/e3dff28a-9ec6-4faf-9d96-ecbc68f75780.png;https://media-cdn.incrowdsports.com/5c55ef14-29df-4328-bd52-a7a64c432350.png;https://media-cdn.incrowdsports.com/f2916aea-9c1a-46ff-aa3a-04765cb2a60e.png
473,39.0,25.0,26.288888888888888,9.3,2.7,4.9,55%,0.9,3.2,29.3%,1.2,1.8,65.2%,0.9,2.0,2.9,2.2,1.8,1.7,0.2,0.4,2.4,2.6,9.4,000753,"JAABER, IBRAHIM",28,,ROM;MIL;ZAL,ROM;MIL;ZAL,Pallacanestro Virtus Roma;EA7 Emporio Armani Milan;Zalgiris Kaunas,https://media-cdn.incrowdsports.com/e5836b62-9939-4063-b5e5-cc2f5804c142.png;https://media-cdn.incrowdsports.com/8154f184-c61a-4e7f-b14d-9d802e35cb95.png;https://media-cdn.incrowdsports.com/0aa09358-3847-4c4e-b228-3582ee4e536d.png
474,168.0,31.0,17.35109126984127,7.0,3.0,4.7,63.6%,0.0,0.0,0%,0.9,1.7,55.4%,1.5,2.6,4.1,0.4,0.5,0.8,1.1,0.2,1.6,1.5,9.4,004119,"TYUS, ALEX",34,https://media-cdn.incrowdsports.com/3bbdc2a0-64b7-425f-a940-af651d08f39f.png,CTU;IST;GAL;TEL;MAD;ASV,CTU;EFS;GSO;MTA;RMB;ASV,Pallacanestro Cantu;Anadolu Efes Istanbul;Galatasaray Spor Kulubu;Maccabi Playtika Tel Aviv;Real Madrid;LDLC ASVEL Villeurbanne,https://media-cdn.incrowdsports.com/17abff29-6978-4f75-9bbe-2e6171bb856f.png;https://media-cdn.incrowdsports.com/8ea8cec7-d8f7-45f4-a956-d976b5867610.png;https://media-cdn.cortextech.io/95056dbe-7949-4b65-921d-ed9b59c0791c.png;https://media-cdn.incrowdsports.com/5c55ef14-29df-4328-bd52-a7a64c432350.png;https://media-cdn.incrowdsports.com/1a3e1404-4f6f-4ede-9d8b-30eee7cb51b4.png;https://media-cdn.incrowdsports.com/e33c6d1a-95ca-4dbc-b8cb-0201812104cc.png
475,38.0,25.0,23.26184210526316,8.1,1.6,3.5,46.6%,0.7,2.2,29.4%,2.8,3.4,83.7%,0.4,1.7,2.2,2.8,1.4,2.1,0.1,0.5,2.5,4.1,9.4,BOV,"POPOVIC, BOJAN",26,,DYN;MAL;IST;LIE,DYN;UNI;EFS;LIE,Dynamo Moscow;Unicaja Malaga;Anadolu Efes Istanbul;Rytas Vilnius,https://media-cdn.incrowdsports.com/22ab0314-9deb-407c-97aa-4032f4017564.png;https://media-cdn.incrowdsports.com/6342214b-684b-421f-8960-5d20354458da.png;https://media-cdn.incrowdsports.com/8ea8cec7-d8f7-45f4-a956-d976b5867610.png;https://media-cdn.incrowdsports.com/894a55c9-4a15-40b0-a1b0-b0aec2ce3592.png
476,92.0,70.0,19.291304347826088,6.8,2.5,4.1,59.6%,0.3,0.9,28.6%,1.1,1.5,71.7%,1.8,2.8,4.6,1.3,0.7,1.0,0.5,0.4,2.3,1.9,9.4,004251,"THOMAS, MALCOLM",32,https://media-cdn.incrowdsports.com/d67426dd-0c9c-4738-8b06-8566c28bd8bd.png,TEL;KHI;ULK;MUN,MAC;KHI;FNB;BAY,Maccabi Playtika Tel Aviv;BC Khimki;Fenerbahce Beko Istanbul;FC Bayern Munich,https://media-cdn.incrowdsports.com/5c55ef14-29df-4328-bd52-a7a64c432350.png;https://media-cdn.incrowdsports.com/04bd9ac1-e8ed-4b35-8878-272596e5c7d6.png;https://media-cdn.cortextech.io/3b7f020e-5b39-49a1-b4b2-efea918edab7.png;https://media-cdn.incrowdsports.com/817b0e58-d595-4b09-ab0b-1e7cc26249ff.png
477,284.0,210.0,25.106748826291078,8.5,2.2,4.1,53.8%,0.9,2.4,35.4%,1.4,1.9,74.1%,0.8,2.6,3.4,2.2,0.8,1.6,0.2,0.3,2.2,2.4,9.4,004866,"KALINIC, NIKOLA",33,https://media-cdn.incrowdsports.com/3aba038c-6bc8-48fa-b79b-77c42bb3f341.png,ULK;PAM;BAR;RED,FNB;VBC;BAR;CZV,Fenerbahce Beko Istanbul;Valencia Basket;FC Barcelona;Crvena Zvezda Meridianbet Belgrade,https://media-cdn.cortextech.io/3b7f020e-5b39-49a1-b4b2-efea918edab7.png;https://media-cdn.cortextech.io/d88f3c71-1519-4b19-8cfb-99e26a4c008e.png;https://media-cdn.incrowdsports.com/35dfa503-e417-481f-963a-bdf6f013763e.png;https://media-cdn.incrowdsports.com/d2eef4a8-62df-4fdd-9076-276004268515.png
478,205.0,149.0,23.818373983739836,7.7,1.3,2.9,44.7%,1.1,2.8,40.2%,1.7,2.2,77%,1.0,3.2,4.3,0.8,1.0,1.0,0.6,0.2,2.6,2.6,9.4,006614,"SINGLETON, CHRIS",33,https://media-cdn.incrowdsports.com/02dfdeac-8cf8-4698-b707-419a7a4c66b4.png,TIV;PAN;BAR;IST,LOK;PAO;FCB;EFS,Lokomotiv Kuban;Panathinaikos AKTOR Athens;FC Barcelona;Anadolu Efes Istanbul,https://media-cdn.incrowdsports.com/10d99d78-4206-411d-83d2-db7abc63c6ae.png;https://media-cdn.incrowdsports.com/e3dff28a-9ec6-4faf-9d96-ecbc68f75780.png;https://media-cdn.incrowdsports.com/35dfa503-e417-481f-963a-bdf6f013763e.png;https://media-cdn.incrowdsports.com/8ea8cec7-d8f7-45f4-a956-d976b5867610.png
479,42.0,30.0,25.200793650793653,11.0,2.8,5.8,49.2%,1.3,3.1,40.5%,1.5,2.2,68.1%,1.3,3.3,4.6,1.0,0.7,1.5,0.2,0.2,3.2,2.2,9.4,AWE,"PRASKEVICIUS, VIRGINIJUS",30,,OOS;ULK,OOS;ULK,Basketball Club Oostende;Fenerbahce Beko Istanbul,https://media-cdn.incrowdsports.com/b54070c4-f3f6-491b-a77d-a8cb062944de.png;https://media-cdn.cortextech.io/3b7f020e-5b39-49a1-b4b2-efea918edab7.png
480,62.0,39.0,18.750806451612902,7.2,2.9,5.0,57.6%,0.0,0.0,0%,1.5,2.5,60.1%,1.3,2.8,4.1,1.4,0.7,1.7,0.4,0.2,2.4,3.1,9.5,APP,"PAPADOPOULOS, LAZAROS",31,,PAN;DYN;MAD;OLY,PAO;DYN;RMD;OLY,Panathinaikos AKTOR Athens;Dynamo Moscow;Real Madrid;Olympiacos Piraeus,https://media-cdn.incrowdsports.com/e3dff28a-9ec6-4faf-9d96-ecbc68f75780.png;https://media-cdn.incrowdsports.com/22ab0314-9deb-407c-97aa-4032f4017564.png;https://media-cdn.incrowdsports.com/1a3e1404-4f6f-4ede-9d8b-30eee7cb51b4.png;https://media-cdn.incrowdsports.com/789423ac-3cdf-4b89-b11c-b458aa5f59a6.png
481,28.0,18.0,24.304166666666667,10.7,1.8,4.6,38%,1.6,4.1,38.6%,2.5,3.1,80.2%,0.4,2.3,2.8,1.5,0.8,1.1,0.1,0.2,2.3,3.1,9.5,BRB,"VUJACIC, SASHA",30,,IST;BAS,EFS;LBO,Anadolu Efes Istanbul;Baskonia Vitoria-Gasteiz,https://media-cdn.incrowdsports.com/8ea8cec7-d8f7-45f4-a956-d976b5867610.png;https://media-cdn.incrowdsports.com/e324a6af-2a72-443e-9813-8bf2d364ddab.png
482,279.0,77.0,20.160931899641575,8.7,1.6,3.2,50.7%,1.4,3.8,37.4%,1.1,1.3,83.6%,0.2,1.6,1.8,4.6,0.8,1.9,0.1,0.2,1.9,1.9,9.5,CVM,"RODRIGUEZ, SERGIO",37,https://media-cdn.incrowdsports.com/d605b7e7-d619-4620-93b1-5979b22592bc.png,EST;CSK;MIL;MAD,EST;CSK;AXM;RMD,Club Baloncesto Estudiantes;CSKA Moscow;EA7 Emporio Armani Milan;Real Madrid,https://media-cdn.incrowdsports.com/3bc65205-b393-457a-a4d6-af993c60ee70.png;https://media-cdn.incrowdsports.com/b6a59212-7feb-4f8c-86c2-5e8f07625e3e.png;https://media-cdn.incrowdsports.com/8154f184-c61a-4e7f-b14d-9d802e35cb95.png;https://media-cdn.incrowdsports.com/1a3e1404-4f6f-4ede-9d8b-30eee7cb51b4.png
483,157.0,126.0,23.60859872611465,9.5,1.6,3.7,44.6%,1.7,4.4,39.2%,1.1,1.3,80.4%,0.3,1.5,1.9,4.5,0.6,2.0,0.0,0.4,2.3,2.6,9.5,006433,"PANGOS, KEVIN",30,https://media-cdn.incrowdsports.com/6a15f535-77ed-4b38-b9ff-f6740de9b9f6.png,ZAL;BAR;DYR;CSK;PAM;MIL,ZAL;FCB;ZEN;CSK;VBC;EA7,Zalgiris Kaunas;FC Barcelona;Zenit St Petersburg;CSKA Moscow;Valencia Basket;EA7 Emporio Armani Milan,https://media-cdn.incrowdsports.com/0aa09358-3847-4c4e-b228-3582ee4e536d.png;https://media-cdn.incrowdsports.com/35dfa503-e417-481f-963a-bdf6f013763e.png;https://media-cdn.incrowdsports.com/4c571fd6-52f1-428c-94a5-9143fbbb4fe3.png;https://media-cdn.incrowdsports.com/b6a59212-7feb-4f8c-86c2-5e8f07625e3e.png;https://media-cdn.cortextech.io/d88f3c71-1519-4b19-8cfb-99e26a4c008e.png;https://media-cdn.incrowdsports.com/8154f184-c61a-4e7f-b14d-9d802e35cb95.png
484,239.0,61.0,20.52594142259414,8.1,0.9,1.8,47.7%,1.7,4.7,37%,1.2,1.4,83.8%,0.5,2.0,2.5,2.3,0.9,0.9,0.2,0.1,1.4,1.9,9.5,BMT,"FERNANDEZ, RUDY",38,https://media-cdn.incrowdsports.com/81ff9d74-1784-441e-addd-b9198bfdab15.png,JOV;MAD,CJB;RMD,Club Joventut Badalona;Real Madrid,https://media-cdn.incrowdsports.com/4867b9ca-abc6-48fd-a47f-011904a74bf8.png;https://media-cdn.incrowdsports.com/1a3e1404-4f6f-4ede-9d8b-30eee7cb51b4.png
485,43.0,12.0,16.999612403100777,8.0,3.2,5.7,55.3%,0.0,0.0,0%,1.6,2.8,58.8%,2.2,2.9,5.0,0.4,0.5,1.3,0.3,0.4,1.7,2.4,9.5,001236,"GOLUBOVIC, VLADIMIR",29,,LJU;BAS;MAL;STR,LJU;CLA;UNI;SIG,KK Cedevita Olimpija;Baskonia Vitoria-Gasteiz;Unicaja Malaga;Strasbourg Illkirch-Graffenstaden Basket,https://media-cdn.incrowdsports.com/73b33d13-570e-4e49-a9cb-fe806831eaa7.png;https://media-cdn.incrowdsports.com/e324a6af-2a72-443e-9813-8bf2d364ddab.png;https://media-cdn.incrowdsports.com/6342214b-684b-421f-8960-5d20354458da.png;https://media-cdn.incrowdsports.com/554f980e-fded-4943-ab5b-541f1f36f6a9.png
486,66.0,38.0,20.42676767676768,7.3,2.6,5.0,51.8%,0.0,0.1,25%,2.0,2.8,72.4%,1.8,3.0,4.8,0.8,0.9,1.5,1.4,0.3,3.3,2.8,9.5,001287,"LASME, STEPHANE",36,https://media-cdn.incrowdsports.com/e46db085-c3c3-4620-a5fa-ff69913a758d.png,PAR;TEL;IST;PAN,PAR;MAC;EFS;PAO,Partizan Mozzart Bet Belgrade;Maccabi Playtika Tel Aviv;Anadolu Efes Istanbul;Panathinaikos AKTOR Athens,https://media-cdn.incrowdsports.com/2681304e-77dd-4331-88b1-683078c0fb49.png;https://media-cdn.incrowdsports.com/5c55ef14-29df-4328-bd52-a7a64c432350.png;https://media-cdn.incrowdsports.com/8ea8cec7-d8f7-45f4-a956-d976b5867610.png;https://media-cdn.incrowdsports.com/e3dff28a-9ec6-4faf-9d96-ecbc68f75780.png
487,29.0,12.0,19.69712643678161,6.8,1.7,3.2,52.7%,0.6,2.4,26.1%,1.6,2.7,59.7%,0.9,2.9,3.9,2.3,1.4,1.2,0.3,0.1,2.4,2.8,9.5,001920,"PERKINS, DORON",39,,CTU;OLY;BAS;TEL,CTU;OLY;LBO;MTA,Pallacanestro Cantu;Olympiacos Piraeus;Baskonia Vitoria-Gasteiz;Maccabi Playtika Tel Aviv,https://media-cdn.incrowdsports.com/17abff29-6978-4f75-9bbe-2e6171bb856f.png;https://media-cdn.incrowdsports.com/789423ac-3cdf-4b89-b11c-b458aa5f59a6.png;https://media-cdn.incrowdsports.com/e324a6af-2a72-443e-9813-8bf2d364ddab.png;https://media-cdn.incrowdsports.com/5c55ef14-29df-4328-bd52-a7a64c432350.png
488,56.0,33.0,25.134821428571428,8.5,2.1,4.3,48.8%,0.7,2.0,33.9%,2.2,2.8,80.8%,1.2,3.3,4.4,1.6,1.2,1.8,0.4,0.4,3.4,3.1,9.5,AJI,"TIMINSKAS, MINDAUGAS",30,,BAS;ZAL,BKN;ZAL,Baskonia Vitoria-Gasteiz;Zalgiris Kaunas,https://media-cdn.incrowdsports.com/e324a6af-2a72-443e-9813-8bf2d364ddab.png;https://media-cdn.incrowdsports.com/0aa09358-3847-4c4e-b228-3582ee4e536d.png
489,239.0,93.0,20.893444909344492,9.5,1.8,3.2,57.3%,1.3,3.5,37.5%,1.9,2.2,86%,0.4,1.9,2.3,2.5,0.8,1.7,0.1,0.2,2.4,2.4,9.5,004004,"GUDURIC, MARKO",29,https://media-cdn.incrowdsports.com/b3bbf0b0-eb5a-4986-8231-a1433ff07508.png,RED;ULK,CZV;FNB,Crvena Zvezda Meridianbet Belgrade;Fenerbahce Beko Istanbul,https://media-cdn.incrowdsports.com/d2eef4a8-62df-4fdd-9076-276004268515.png;https://media-cdn.cortextech.io/3b7f020e-5b39-49a1-b4b2-efea918edab7.png
490,25.0,18.0,26.672666666666668,10.1,2.4,4.6,51.3%,1.2,3.2,37%,1.8,2.1,86.5%,0.5,1.6,2.2,2.3,1.2,1.9,0.0,0.5,1.7,2.4,9.5,001202,"FINLEY, MORRIS",29,,SIE;MIL,MPS;MIL,Montepaschi Siena;EA7 Emporio Armani Milan,https://media-cdn.incrowdsports.com/1d94a55f-b8c7-459c-951e-8177f5f3eebe.png;https://media-cdn.incrowdsports.com/8154f184-c61a-4e7f-b14d-9d802e35cb95.png
491,36.0,33.0,29.36712962962963,10.0,2.1,5.1,41.1%,1.5,3.9,37.9%,1.4,1.8,75.8%,1.2,3.6,4.8,1.0,1.1,1.5,0.8,0.1,2.8,2.1,9.5,LGS,"SESAY, ANSU",32,,NAP;MIL;BER,NAP;MIL;BER,Napoli Basket;EA7 Emporio Armani Milan;ALBA Berlin,https://media-cdn.incrowdsports.com/b4a949f1-f001-4da0-8ac3-69467a14791b.png;https://media-cdn.incrowdsports.com/8154f184-c61a-4e7f-b14d-9d802e35cb95.png;https://media-cdn.incrowdsports.com/ccc34858-22b0-47dc-904c-9940b0a16ff3.png
492,46.0,35.0,21.432246376811595,9.3,2.3,4.8,48.9%,0.9,2.5,37.4%,1.8,2.0,90.1%,1.0,2.9,3.9,1.0,1.1,1.2,0.2,0.3,2.0,1.9,9.6,001832,"DOELLMAN, JUSTIN",32,https://media-cdn.cortextech.io/692d07ca-75bf-430b-8b56-dc47e6c0ad69.png,ORL;BAR;IST,ORL;FCB;EFS,Orleans Loiret Basket;FC Barcelona;Anadolu Efes Istanbul,https://media-cdn.incrowdsports.com/5aa68897-979f-4c9b-b620-cb69f227b992.png;https://media-cdn.incrowdsports.com/35dfa503-e417-481f-963a-bdf6f013763e.png;https://media-cdn.incrowdsports.com/8ea8cec7-d8f7-45f4-a956-d976b5867610.png
493,126.0,69.0,21.72936507936508,7.0,1.8,3.2,55.4%,0.8,2.0,37.6%,1.2,1.4,83.8%,1.1,2.6,3.7,1.6,0.5,0.9,0.3,0.2,1.2,1.8,9.7,010560,"PIERRE, DYSHAWN",31,https://media-cdn.incrowdsports.com/7f04a6d9-d458-47c5-a453-b089904b8992.png,ULK,FNB,Fenerbahce Beko Istanbul,https://media-cdn.cortextech.io/3b7f020e-5b39-49a1-b4b2-efea918edab7.png
494,215.0,136.0,22.9246511627907,8.3,2.0,3.8,53.5%,1.2,3.3,35.9%,0.8,1.0,73.3%,1.2,3.9,5.1,1.0,0.7,0.9,0.2,0.1,1.9,1.4,9.7,001833,"MOERMAN, ADRIEN",34,https://media-cdn.incrowdsports.com/f3077405-e32f-4acd-8a10-fdea2de62cee.png,ORL;NAN;LMG;DAR;BAR;IST;MCO,ORL;SLU;LIM;DDI;FCB;EFS;ASM,Orleans Loiret Basket;Stade Lorrain Universite Club Nancy Basket;Limoges Cercle Saint-Pierre;Darussafaka Basketbol;FC Barcelona;Anadolu Efes Istanbul;AS Monaco,https://media-cdn.incrowdsports.com/5aa68897-979f-4c9b-b620-cb69f227b992.png;https://media-cdn.incrowdsports.com/c14fdcc4-5076-49e3-85e9-32d2eaa2c67b.png;https://media-cdn.incrowdsports.com/bb6b25c9-7720-4603-96c8-f5f6205e8a19.png;https://media-cdn.incrowdsports.com/9ceb124a-7ee1-4db5-8d8c-7d485980b989.png;https://media-cdn.incrowdsports.com/35dfa503-e417-481f-963a-bdf6f013763e.png;https://media-cdn.incrowdsports.com/8ea8cec7-d8f7-45f4-a956-d976b5867610.png;https://media-cdn.incrowdsports.com/89ed276a-2ba3-413f-8ea2-b3be209ca129.png
495,123.0,77.0,24.13319783197832,9.6,1.5,3.5,41.3%,1.6,4.6,34.4%,1.9,2.2,86.1%,0.2,1.4,1.7,3.8,1.3,1.6,0.0,0.3,1.9,2.6,9.7,011225,"LEE, PARIS",29,https://media-cdn.incrowdsports.com/05e68cf9-0a9c-4f03-a465-b109bea28982.png,MCO;PAN;ASV,ASM;PAO;ASV,AS Monaco;Panathinaikos AKTOR Athens;LDLC ASVEL Villeurbanne,https://media-cdn.incrowdsports.com/89ed276a-2ba3-413f-8ea2-b3be209ca129.png;https://media-cdn.incrowdsports.com/e3dff28a-9ec6-4faf-9d96-ecbc68f75780.png;https://media-cdn.incrowdsports.com/e33c6d1a-95ca-4dbc-b8cb-0201812104cc.png
496,84.0,37.0,21.68253968253968,9.7,1.3,2.7,47.2%,1.5,4.1,37.6%,2.5,2.9,86.1%,0.3,1.5,1.8,2.4,0.9,1.6,0.1,0.3,2.8,3.9,9.7,009866,"WALDEN, COREY",30,https://media-cdn.incrowdsports.com/0535f39e-246e-42b4-8196-509a33f8424a.png,RED;MUN,CZV;BAY,Crvena Zvezda Meridianbet Belgrade;FC Bayern Munich,https://media-cdn.incrowdsports.com/d2eef4a8-62df-4fdd-9076-276004268515.png;https://media-cdn.incrowdsports.com/817b0e58-d595-4b09-ab0b-1e7cc26249ff.png
497,53.0,28.0,24.651886792452828,11.2,2.0,4.0,49.1%,1.7,4.7,36.8%,2.1,2.5,83%,0.5,2.8,3.3,1.3,1.1,1.5,0.0,0.2,2.5,2.5,9.7,BDC,"BAZDARIC, MARINO",34,,LJU;CIB;CED,LJU;CIB;CED,KK Cedevita Olimpija;KK Cibona;KK Cedevita Zagreb,https://media-cdn.incrowdsports.com/73b33d13-570e-4e49-a9cb-fe806831eaa7.png;https://media-cdn.incrowdsports.com/2bc7884a-4fe7-4362-9d4f-ba2ad8a0239d.png;https://media-cdn.incrowdsports.com/ba95084a-224c-4d4a-a306-37a386772f64.png
498,75.0,51.0,18.574666666666666,7.3,2.9,4.9,59.3%,0.0,0.0,0%,1.5,2.5,59.3%,2.1,3.0,5.1,0.7,0.6,1.4,0.4,0.4,2.5,2.8,9.7,005154,"IVERSON, COLTON",30,https://media-cdn.incrowdsports.com/b4f65400-5599-4de7-b4ee-1355447b42a1.png,BAS;KSK;TEL;DYR,LBO;KSK;MTA;ZEN,Baskonia Vitoria-Gasteiz;Karsiyaka Spor Kulubu;Maccabi Playtika Tel Aviv;Zenit St Petersburg,https://media-cdn.incrowdsports.com/e324a6af-2a72-443e-9813-8bf2d364ddab.png;https://media-cdn.incrowdsports.com/d4b8a6ca-e46f-4fc2-acc2-5cc7368f7a88.png;https://media-cdn.incrowdsports.com/5c55ef14-29df-4328-bd52-a7a64c432350.png;https://media-cdn.incrowdsports.com/4c571fd6-52f1-428c-94a5-9143fbbb4fe3.png
498,50.0,31.0,25.65533333333333,9.3,0.9,1.9,49.5%,1.6,4.5,35.3%,2.6,3.2,83.5%,0.2,1.3,1.5,2.5,1.0,1.4,0.0,0.1,2.6,3.7,9.7,BPB,"RANNIKKO, TEEMU",32,,PES;LJU,PES;UOL,Scavolini Pesaro;KK Cedevita Olimpija,https://media-cdn.incrowdsports.com/4ea03b00-c6e0-455c-88a6-cf86640a8dd8.png;https://media-cdn.incrowdsports.com/73b33d13-570e-4e49-a9cb-fe806831eaa7.png
500,85.0,68.0,25.58588235294118,9.4,2.2,4.6,49%,0.9,2.8,32.8%,2.2,2.9,75.8%,0.8,2.8,3.6,1.8,1.3,1.7,0.1,0.3,2.4,2.8,9.7,CCA,"THORNTON, BOOTSY",34,,BAR;IST;SIE,FCB;EFS;MPS,FC Barcelona;Anadolu Efes Istanbul;Montepaschi Siena,https://media-cdn.incrowdsports.com/35dfa503-e417-481f-963a-bdf6f013763e.png;https://media-cdn.incrowdsports.com/8ea8cec7-d8f7-45f4-a956-d976b5867610.png;https://media-cdn.incrowdsports.com/1d94a55f-b8c7-459c-951e-8177f5f3eebe.png
501,181.0,111.0,22.185174953959486,9.3,2.4,4.6,52.6%,1.1,2.8,38%,1.3,1.6,85.8%,0.6,2.9,3.5,2.1,0.8,1.5,0.2,0.4,2.3,2.1,9.7,009846,"BRYANT, ELIJAH",29,https://media-cdn.incrowdsports.com/884c7881-bc0b-4b2c-b95f-3f1abf3a8fa7.png,TEL;IST,MTA;EFS,Maccabi Playtika Tel Aviv;Anadolu Efes Istanbul,https://media-cdn.incrowdsports.com/5c55ef14-29df-4328-bd52-a7a64c432350.png;https://media-cdn.incrowdsports.com/8ea8cec7-d8f7-45f4-a956-d976b5867610.png
502,40.0,18.0,14.48,6.7,2.5,3.8,66.9%,0.0,0.0,0%,1.6,2.6,63.1%,1.5,2.8,4.2,0.6,0.8,1.2,0.4,0.2,2.2,2.8,9.7,001922,"MARIC, ALEKS",30,,PAR;PAN;TIV;TEL;GAL,PAR;PAO;LOK;MAC;GSL,Partizan Mozzart Bet Belgrade;Panathinaikos AKTOR Athens;Lokomotiv Kuban;Maccabi Playtika Tel Aviv;Galatasaray Spor Kulubu,https://media-cdn.incrowdsports.com/2681304e-77dd-4331-88b1-683078c0fb49.png;https://media-cdn.incrowdsports.com/e3dff28a-9ec6-4faf-9d96-ecbc68f75780.png;https://media-cdn.incrowdsports.com/10d99d78-4206-411d-83d2-db7abc63c6ae.png;https://media-cdn.incrowdsports.com/5c55ef14-29df-4328-bd52-a7a64c432350.png;https://media-cdn.cortextech.io/95056dbe-7949-4b65-921d-ed9b59c0791c.png
503,92.0,40.0,20.913586956521737,9.8,2.3,4.6,49.1%,1.3,3.1,42%,1.4,1.6,87.9%,0.3,1.2,1.6,3.9,0.5,1.7,0.0,0.2,2.0,2.1,9.7,002972,"ROCHESTIE, TAYLOR",35,https://media-cdn.cortextech.io/d74bd866-0433-4905-ad4e-ca13691fe65a.png,BAS;SIE;NOV;TEL;OLY;RED,CLA;MPS;NIZ;MAC;OLY;CZV,Baskonia Vitoria-Gasteiz;Montepaschi Siena;BC Nizhny Novgorod;Maccabi Playtika Tel Aviv;Olympiacos Piraeus;Crvena Zvezda Meridianbet Belgrade,https://media-cdn.incrowdsports.com/e324a6af-2a72-443e-9813-8bf2d364ddab.png;https://media-cdn.incrowdsports.com/1d94a55f-b8c7-459c-951e-8177f5f3eebe.png;https://media-cdn.incrowdsports.com/dddcfb2d-29ff-4588-a297-654b4cd72c68.png;https://media-cdn.incrowdsports.com/5c55ef14-29df-4328-bd52-a7a64c432350.png;https://media-cdn.incrowdsports.com/789423ac-3cdf-4b89-b11c-b458aa5f59a6.png;https://media-cdn.incrowdsports.com/d2eef4a8-62df-4fdd-9076-276004268515.png
504,32.0,22.0,18.178125,7.8,2.0,4.2,48.9%,0.8,2.4,35.1%,1.2,1.8,66.7%,1.4,3.8,5.2,0.6,0.8,0.9,0.8,0.2,1.9,1.9,9.7,JKP,"ILYASOVA, ERSAN",24,,ULK;BAR;IST,ULK;FCB;EFS,Fenerbahce Beko Istanbul;FC Barcelona;Anadolu Efes Istanbul,https://media-cdn.cortextech.io/3b7f020e-5b39-49a1-b4b2-efea918edab7.png;https://media-cdn.incrowdsports.com/35dfa503-e417-481f-963a-bdf6f013763e.png;https://media-cdn.incrowdsports.com/8ea8cec7-d8f7-45f4-a956-d976b5867610.png
505,82.0,61.0,26.466463414634145,11.6,2.0,5.0,41.4%,1.9,4.4,44%,1.7,2.1,81%,0.7,2.2,2.9,1.0,1.2,1.5,0.1,0.3,2.2,2.6,9.7,JIS,"DOMERCANT, HENRY",33,,IST;OLY;SIE;UNK;GAL,EFS;OLY;MPS;UNK;GSL,Anadolu Efes Istanbul;Olympiacos Piraeus;Montepaschi Siena;UNICS Kazan;Galatasaray Spor Kulubu,https://media-cdn.incrowdsports.com/8ea8cec7-d8f7-45f4-a956-d976b5867610.png;https://media-cdn.incrowdsports.com/789423ac-3cdf-4b89-b11c-b458aa5f59a6.png;https://media-cdn.incrowdsports.com/1d94a55f-b8c7-459c-951e-8177f5f3eebe.png;https://media-cdn.incrowdsports.com/70b00b96-e98a-42ba-9997-39d70a895157.png;https://media-cdn.cortextech.io/95056dbe-7949-4b65-921d-ed9b59c0791c.png
506,61.0,15.0,19.637978142076506,9.3,1.2,2.2,55.1%,1.8,4.5,39.9%,1.5,1.9,80%,0.6,2.9,3.5,1.7,1.0,1.4,0.4,0.2,2.4,1.8,9.8,AHZ,"NICOLA, MARCELO",34,,TRE;SIE,TRE;MPS,Benetton Basket Treviso;Montepaschi Siena,https://media-cdn.incrowdsports.com/0636c1b0-de3e-4ca9-bd2c-e30a4f485114.png;https://media-cdn.incrowdsports.com/1d94a55f-b8c7-459c-951e-8177f5f3eebe.png
507,116.0,43.0,21.844109195402297,10.5,1.3,2.5,50%,2.1,5.1,40.6%,1.8,2.0,86.1%,0.2,1.8,2.0,2.1,0.5,1.2,0.0,0.3,1.5,2.2,9.8,005775,"BARON, BILLY",33,https://media-cdn.incrowdsports.com/b6674418-5b26-4ea1-a7ad-42f83457ad3b.png,RED;DYR;MIL,CZV;ZEN;EA7,Crvena Zvezda Meridianbet Belgrade;Zenit St Petersburg;EA7 Emporio Armani Milan,https://media-cdn.incrowdsports.com/d2eef4a8-62df-4fdd-9076-276004268515.png;https://media-cdn.incrowdsports.com/4c571fd6-52f1-428c-94a5-9143fbbb4fe3.png;https://media-cdn.incrowdsports.com/8154f184-c61a-4e7f-b14d-9d802e35cb95.png
508,67.0,56.0,23.03880597014925,8.8,3.3,6.2,52.2%,0.0,0.0,0%,2.3,3.6,63.8%,2.0,3.1,5.1,0.6,0.6,1.8,0.6,0.3,3.1,3.5,9.8,ABA,"BETTS, ANDY",29,,AEK;BAS;JOV,AEK;BKN;CJB,AEK Athens;Baskonia Vitoria-Gasteiz;Club Joventut Badalona,https://media-cdn.incrowdsports.com/b51b0af8-ac03-4093-8858-9b4d71830fe7.png;https://media-cdn.incrowdsports.com/e324a6af-2a72-443e-9813-8bf2d364ddab.png;https://media-cdn.incrowdsports.com/4867b9ca-abc6-48fd-a47f-011904a74bf8.png
509,209.0,189.0,23.214912280701757,7.2,1.7,3.3,52.3%,1.0,2.7,35%,0.9,1.1,84.3%,0.6,2.3,2.9,4.3,1.2,1.7,0.1,0.2,2.5,2.0,9.8,008855,"WALKUP, THOMAS",32,https://media-cdn.incrowdsports.com/fdef274c-1494-4249-bbf0-304fe8bb7f65.png,ZAL;OLY,ZAL;OLY,Zalgiris Kaunas;Olympiacos Piraeus,https://media-cdn.incrowdsports.com/0aa09358-3847-4c4e-b228-3582ee4e536d.png;https://media-cdn.incrowdsports.com/789423ac-3cdf-4b89-b11c-b458aa5f59a6.png
510,78.0,13.0,18.192094017094018,8.8,3.3,5.6,58.9%,0.1,0.4,23.3%,1.9,2.9,65.5%,1.6,1.9,3.5,0.9,0.7,1.1,0.3,0.5,2.1,2.9,9.8,011214,"RIVERO, JASIEL",31,https://media-cdn.incrowdsports.com/c82cce72-9c65-453a-bd47-efe9c757dad5.png,PAM;TEL,VBC;MTA,Valencia Basket;Maccabi Playtika Tel Aviv,https://media-cdn.cortextech.io/d88f3c71-1519-4b19-8cfb-99e26a4c008e.png;https://media-cdn.incrowdsports.com/5c55ef14-29df-4328-bd52-a7a64c432350.png
511,143.0,120.0,17.8995337995338,8.6,3.1,5.0,61.3%,0.4,1.4,32.8%,1.1,2.1,54.5%,1.3,2.8,4.0,0.8,0.4,1.0,0.3,0.2,1.9,2.7,9.8,LCZ,"MOTIEJUNAS, DONATAS",34,https://media-cdn.incrowdsports.com/39083acc-1aae-4898-b1e0-0ec50c84f03e.png,ZAL;SOP;MCO,ZAL;PRO;ASM,Zalgiris Kaunas;Arka Gdynia;AS Monaco,https://media-cdn.incrowdsports.com/0aa09358-3847-4c4e-b228-3582ee4e536d.png;https://media-cdn.incrowdsports.com/210fa2fa-3529-400d-8d3f-9174a22ad1a8.png;https://media-cdn.incrowdsports.com/89ed276a-2ba3-413f-8ea2-b3be209ca129.png
512,159.0,109.0,23.325052410901467,8.6,1.9,4.2,43.9%,1.3,3.6,34.5%,1.1,1.5,73.3%,0.3,2.0,2.4,4.2,0.7,1.8,0.1,0.3,1.7,2.9,9.8,003024,"GRANGER, JAYSON",32,https://media-cdn.incrowdsports.com/bfa1e332-4bf3-4410-a53c-8f91f276fc3e.png,MAL;IST;BER;BAS,UNI;EFS;BER;KBA,Unicaja Malaga;Anadolu Efes Istanbul;ALBA Berlin;Baskonia Vitoria-Gasteiz,https://media-cdn.incrowdsports.com/6342214b-684b-421f-8960-5d20354458da.png;https://media-cdn.incrowdsports.com/8ea8cec7-d8f7-45f4-a956-d976b5867610.png;https://media-cdn.incrowdsports.com/ccc34858-22b0-47dc-904c-9940b0a16ff3.png;https://media-cdn.incrowdsports.com/e324a6af-2a72-443e-9813-8bf2d364ddab.png
513,48.0,29.0,22.436111111111114,9.1,2.2,3.9,56.2%,1.2,3.5,33.5%,1.3,1.6,79.5%,1.6,2.8,4.4,0.9,1.1,0.9,0.3,0.2,2.2,1.7,9.8,BCW,"BARTON, LUBOS",37,,FOR;ROM;JOV;BAR,FOR;ROM;CJB;FCB,Fortitudo Pallacanestro Bologna 103;Pallacanestro Virtus Roma;Club Joventut Badalona;FC Barcelona,https://media-cdn.incrowdsports.com/0a746cc0-eb26-481a-bab5-457cfc51eae5.png;https://media-cdn.incrowdsports.com/e5836b62-9939-4063-b5e5-cc2f5804c142.png;https://media-cdn.incrowdsports.com/4867b9ca-abc6-48fd-a47f-011904a74bf8.png;https://media-cdn.incrowdsports.com/35dfa503-e417-481f-963a-bdf6f013763e.png
514,155.0,103.0,23.04247311827957,10.0,1.5,3.1,49.8%,1.6,3.7,44.1%,2.1,2.3,91.1%,0.4,1.8,2.1,2.0,0.6,1.4,0.0,0.3,2.5,3.1,9.9,002328,"GRIGONIS, MARIUS",30,https://media-cdn.incrowdsports.com/9b6b4d6f-597a-46b9-8584-31e83966f077.png,ZAL;CSK;PAN,ZAL;CSK;PAO,Zalgiris Kaunas;CSKA Moscow;Panathinaikos AKTOR Athens,https://media-cdn.incrowdsports.com/0aa09358-3847-4c4e-b228-3582ee4e536d.png;https://media-cdn.incrowdsports.com/b6a59212-7feb-4f8c-86c2-5e8f07625e3e.png;https://media-cdn.incrowdsports.com/e3dff28a-9ec6-4faf-9d96-ecbc68f75780.png
515,40.0,26.0,24.79375,9.3,2.0,3.6,54.9%,1.1,2.4,45.8%,2.0,2.5,82%,0.8,1.6,2.4,2.2,1.1,1.6,0.1,0.4,2.3,2.4,9.9,BDG,"CALDERON, JOSE ",23,,BAS,BKN,Baskonia Vitoria-Gasteiz,https://media-cdn.incrowdsports.com/e324a6af-2a72-443e-9813-8bf2d364ddab.png
516,35.0,17.0,21.844761904761906,9.3,1.6,3.5,45.1%,1.4,3.4,41.5%,2.0,2.4,83.3%,0.9,3.1,3.9,0.5,0.6,0.9,0.1,0.1,2.0,2.6,9.9,DHF,"ERCEG, ZORAN",29,,OLY;CSK;GAL,OLY;CSK;GSL,Olympiacos Piraeus;CSKA Moscow;Galatasaray Spor Kulubu,https://media-cdn.incrowdsports.com/789423ac-3cdf-4b89-b11c-b458aa5f59a6.png;https://media-cdn.incrowdsports.com/b6a59212-7feb-4f8c-86c2-5e8f07625e3e.png;https://media-cdn.cortextech.io/95056dbe-7949-4b65-921d-ed9b59c0791c.png
517,39.0,17.0,19.745299145299146,10.4,4.5,7.6,58.4%,0.0,0.0,0%,1.4,2.2,65.9%,1.2,3.2,4.4,0.6,0.5,1.9,0.5,0.3,2.3,2.0,9.9,BBE,"TRAORE, ALI",30,,ASV;ROM;BER;NTR;LMG,ASV;ROM;ALB;NAN;LIM,LDLC ASVEL Villeurbanne;Pallacanestro Virtus Roma;ALBA Berlin;Nanterre 92;Limoges Cercle Saint-Pierre,https://media-cdn.incrowdsports.com/e33c6d1a-95ca-4dbc-b8cb-0201812104cc.png;https://media-cdn.incrowdsports.com/e5836b62-9939-4063-b5e5-cc2f5804c142.png;https://media-cdn.incrowdsports.com/ccc34858-22b0-47dc-904c-9940b0a16ff3.png;https://media-cdn.incrowdsports.com/57ec1c94-38b8-49e6-842b-e7fbbe4b880e.png;https://media-cdn.incrowdsports.com/bb6b25c9-7720-4603-96c8-f5f6205e8a19.png
518,44.0,19.0,18.74356060606061,5.3,1.0,2.3,42.2%,0.4,1.4,25.4%,2.2,2.6,84.5%,0.6,2.2,2.8,4.0,2.0,2.0,0.0,0.2,2.1,2.9,9.9,LFW,"RUBIO, RICKY",33,https://media-cdn.incrowdsports.com/80e65726-8f2c-4933-b67a-fb7652045221.png,JOV;BAR,CJB;FCB,Club Joventut Badalona;FC Barcelona,https://media-cdn.incrowdsports.com/4867b9ca-abc6-48fd-a47f-011904a74bf8.png;https://media-cdn.incrowdsports.com/35dfa503-e417-481f-963a-bdf6f013763e.png
519,44.0,25.0,22.80909090909091,8.9,3.0,5.6,53.4%,0.3,0.9,31.7%,2.0,3.6,56.2%,2.1,3.5,5.6,1.1,1.1,2.0,0.1,0.4,3.7,4.0,10.0,BDE,"JURAK, GORAN",30,,OLY;LJU;ZAL,OLY;LJU;ZAL,Olympiacos Piraeus;KK Cedevita Olimpija;Zalgiris Kaunas,https://media-cdn.incrowdsports.com/789423ac-3cdf-4b89-b11c-b458aa5f59a6.png;https://media-cdn.incrowdsports.com/73b33d13-570e-4e49-a9cb-fe806831eaa7.png;https://media-cdn.incrowdsports.com/0aa09358-3847-4c4e-b228-3582ee4e536d.png
520,310.0,128.0,20.609247311827957,7.7,3.1,5.0,61.5%,0.0,0.0,20%,1.5,2.3,65.3%,1.9,2.4,4.2,1.2,0.7,1.1,0.7,0.5,2.5,2.2,10.0,002812,"HINES, KYLE",37,https://media-cdn.incrowdsports.com/24f75c32-e4db-499d-b2e6-d46f52986033.png,BAM;OLY;CSK;MIL,BRO;OLY;CSK;EA7,Bamberger Basketball GmbH;Olympiacos Piraeus;CSKA Moscow;EA7 Emporio Armani Milan,https://media-cdn.incrowdsports.com/85cdd43a-2bbd-4f73-b8f7-76288a5193cb.png;https://media-cdn.incrowdsports.com/789423ac-3cdf-4b89-b11c-b458aa5f59a6.png;https://media-cdn.incrowdsports.com/b6a59212-7feb-4f8c-86c2-5e8f07625e3e.png;https://media-cdn.incrowdsports.com/8154f184-c61a-4e7f-b14d-9d802e35cb95.png
521,106.0,48.0,20.05927672955975,6.8,2.8,4.9,56.7%,0.0,0.0,0%,1.2,1.8,65.6%,2.0,3.5,5.5,1.3,0.7,1.1,0.4,0.3,2.2,1.7,10.0,009733,"JEKIRI, TONYE",28,https://media-cdn.incrowdsports.com/08af8670-c95d-408c-aa3b-ce8ed0ea959f.png,ASV;BAS;UNK;ULK,ASV;TDS;UNK;FBB,LDLC ASVEL Villeurbanne;Baskonia Vitoria-Gasteiz;UNICS Kazan;Fenerbahce Beko Istanbul,https://media-cdn.incrowdsports.com/e33c6d1a-95ca-4dbc-b8cb-0201812104cc.png;https://media-cdn.incrowdsports.com/e324a6af-2a72-443e-9813-8bf2d364ddab.png;https://media-cdn.incrowdsports.com/70b00b96-e98a-42ba-9997-39d70a895157.png;https://media-cdn.cortextech.io/3b7f020e-5b39-49a1-b4b2-efea918edab7.png
521,33.0,29.0,26.92727272727273,9.5,2.6,4.6,56.9%,0.8,2.2,33.8%,1.9,2.4,79.7%,0.7,3.5,4.2,1.3,0.7,1.1,0.3,0.2,2.5,1.9,10.0,THC,"WHITE, JAMES",33,,ULK;UNK;CED,FBU;UNK;CED,Fenerbahce Beko Istanbul;UNICS Kazan;KK Cedevita Zagreb,https://media-cdn.cortextech.io/3b7f020e-5b39-49a1-b4b2-efea918edab7.png;https://media-cdn.incrowdsports.com/70b00b96-e98a-42ba-9997-39d70a895157.png;https://media-cdn.incrowdsports.com/ba95084a-224c-4d4a-a306-37a386772f64.png
523,124.0,63.0,22.090860215053766,10.7,2.0,3.7,53.1%,1.4,3.6,38.9%,2.6,2.8,92.3%,0.3,1.3,1.6,3.5,0.5,2.3,0.0,0.2,2.2,2.5,10.0,ADG,"JASIKEVICIUS, SARAS",48,,TEL;LIE;PAN;ZAL;BAR;ULK,MAC;LIE;PAO;ZAL;FCB;FBU,Maccabi Playtika Tel Aviv;Rytas Vilnius;Panathinaikos AKTOR Athens;Zalgiris Kaunas;FC Barcelona;Fenerbahce Beko Istanbul,https://media-cdn.incrowdsports.com/5c55ef14-29df-4328-bd52-a7a64c432350.png;https://media-cdn.incrowdsports.com/894a55c9-4a15-40b0-a1b0-b0aec2ce3592.png;https://media-cdn.incrowdsports.com/e3dff28a-9ec6-4faf-9d96-ecbc68f75780.png;https://media-cdn.incrowdsports.com/0aa09358-3847-4c4e-b228-3582ee4e536d.png;https://media-cdn.incrowdsports.com/35dfa503-e417-481f-963a-bdf6f013763e.png;https://media-cdn.cortextech.io/3b7f020e-5b39-49a1-b4b2-efea918edab7.png
524,85.0,40.0,19.962156862745097,7.5,2.6,4.0,63.4%,0.5,1.1,41.7%,1.0,1.3,73.2%,1.5,2.8,4.3,0.6,0.5,0.8,0.7,0.1,1.7,1.5,10.0,007432,"EVANS, JEREMY",34,https://media-cdn.incrowdsports.com/365dc51d-8c49-4172-becb-e0f2e08a3ad7.png,DAR;KHI;MIL;PAN,DTI;KHI;AXM;PAO,Darussafaka Basketbol;BC Khimki;EA7 Emporio Armani Milan;Panathinaikos AKTOR Athens,https://media-cdn.incrowdsports.com/9ceb124a-7ee1-4db5-8d8c-7d485980b989.png;https://media-cdn.incrowdsports.com/04bd9ac1-e8ed-4b35-8878-272596e5c7d6.png;https://media-cdn.incrowdsports.com/8154f184-c61a-4e7f-b14d-9d802e35cb95.png;https://media-cdn.incrowdsports.com/e3dff28a-9ec6-4faf-9d96-ecbc68f75780.png
525,32.0,9.0,20.055208333333333,9.4,3.7,6.7,54.9%,0.0,0.0,0%,2.0,2.7,74.7%,1.9,2.9,4.8,0.3,0.8,1.3,0.3,0.4,2.4,2.2,10.0,BCY,"JULIAN, CYRIL",34,,PAU;NAN,PAU;SLU,Elan Bearnais Pau-Lacq-Orthez;Stade Lorrain Universite Club Nancy Basket,https://media-cdn.incrowdsports.com/4550b11c-3680-44b2-a512-f0b4ff304b59.png;https://media-cdn.incrowdsports.com/c14fdcc4-5076-49e3-85e9-32d2eaa2c67b.png
526,84.0,67.0,27.202976190476193,10.4,2.5,4.8,51%,1.4,4.2,34.2%,1.1,1.4,80.7%,1.1,3.9,5.0,1.5,0.6,1.3,0.4,0.4,2.5,1.6,10.0,001274,"SMITH, DEVIN",33,https://media-cdn.cortextech.io/74273a8a-49f9-405e-851b-1880c3b5ca65.png,ULK;TEL,FBU;MTA,Fenerbahce Beko Istanbul;Maccabi Playtika Tel Aviv,https://media-cdn.cortextech.io/3b7f020e-5b39-49a1-b4b2-efea918edab7.png;https://media-cdn.incrowdsports.com/5c55ef14-29df-4328-bd52-a7a64c432350.png
527,39.0,35.0,24.674358974358974,8.7,2.8,5.8,48.2%,0.3,0.9,30.6%,2.2,2.7,82.9%,2.1,3.6,5.7,1.2,0.6,1.6,0.4,0.5,2.5,2.2,10.1,LGW,"BURRELL, RONNIE",27,,COL;SOP,COL;PRO,RheinStars Koln;Arka Gdynia,https://media-cdn.incrowdsports.com/91efbe6b-1e42-4e7c-9792-e2f35da38055.png;https://media-cdn.incrowdsports.com/210fa2fa-3529-400d-8d3f-9174a22ad1a8.png
527,26.0,19.0,21.64551282051282,9.3,3.3,5.8,56.3%,0.2,0.8,22.7%,2.2,2.9,74.7%,1.8,2.4,4.2,0.5,0.2,1.3,0.5,0.4,2.0,3.0,10.1,005269,"SAMUELS, SAMARDO",26,,MIL;BAR,EA7;FCB,EA7 Emporio Armani Milan;FC Barcelona,https://media-cdn.incrowdsports.com/8154f184-c61a-4e7f-b14d-9d802e35cb95.png;https://media-cdn.incrowdsports.com/35dfa503-e417-481f-963a-bdf6f013763e.png
529,45.0,16.0,16.31111111111111,7.4,3.1,5.5,56.1%,0.0,0.0,0%,1.3,2.6,50%,2.1,3.6,5.6,1.0,1.1,1.2,0.1,0.4,2.2,2.4,10.1,ASF,"EVTIMOV, VASSIL",29,,PEM;ASV;LJU;FOR,PEM;ASV;LJU;FOR,PBC Ural Great Perm;LDLC ASVEL Villeurbanne;KK Cedevita Olimpija;Fortitudo Pallacanestro Bologna 103,https://media-cdn.incrowdsports.com/09641ca8-beb4-404f-b37b-a6019ab2337c.png;https://media-cdn.incrowdsports.com/e33c6d1a-95ca-4dbc-b8cb-0201812104cc.png;https://media-cdn.incrowdsports.com/73b33d13-570e-4e49-a9cb-fe806831eaa7.png;https://media-cdn.incrowdsports.com/0a746cc0-eb26-481a-bab5-457cfc51eae5.png
529,90.0,60.0,24.37648148148148,10.7,2.0,4.5,44.9%,1.3,3.9,34%,2.8,3.4,83.2%,0.4,2.0,2.4,2.7,1.1,2.0,0.1,0.6,2.3,3.5,10.1,004159,"HICKMAN, RICKY",32,https://media-cdn.cortextech.io/b3bf4b10-0973-40be-9779-33e4f7170855.png,TEL;ULK;MIL;BAM,MAC;FNB;EA7;BRO,Maccabi Playtika Tel Aviv;Fenerbahce Beko Istanbul;EA7 Emporio Armani Milan;Bamberger Basketball GmbH,https://media-cdn.incrowdsports.com/5c55ef14-29df-4328-bd52-a7a64c432350.png;https://media-cdn.cortextech.io/3b7f020e-5b39-49a1-b4b2-efea918edab7.png;https://media-cdn.incrowdsports.com/8154f184-c61a-4e7f-b14d-9d802e35cb95.png;https://media-cdn.incrowdsports.com/85cdd43a-2bbd-4f73-b8f7-76288a5193cb.png
531,167.0,104.0,21.92175648702595,8.6,2.6,4.3,59.9%,0.5,1.5,36.7%,1.8,2.2,80.6%,0.9,2.7,3.6,1.3,0.5,1.1,0.1,0.3,1.6,2.1,10.1,009005,"DECK, GABRIEL",29,https://media-cdn.incrowdsports.com/67bcca4b-c111-46c5-ab33-5776f7866d53.png,MAD,RMB,Real Madrid,https://media-cdn.incrowdsports.com/1a3e1404-4f6f-4ede-9d8b-30eee7cb51b4.png
532,127.0,15.0,20.1994750656168,7.0,2.1,3.5,60.7%,0.3,1.1,27.3%,1.8,2.5,69.7%,0.4,1.9,2.3,4.0,1.3,1.6,0.1,0.2,2.2,2.4,10.1,ATW,"PAPALOUKAS, THEODOROS",35,,OLY;TEL;CSK,OLY;MAC;CSK,Olympiacos Piraeus;Maccabi Playtika Tel Aviv;CSKA Moscow,https://media-cdn.incrowdsports.com/789423ac-3cdf-4b89-b11c-b458aa5f59a6.png;https://media-cdn.incrowdsports.com/5c55ef14-29df-4328-bd52-a7a64c432350.png;https://media-cdn.incrowdsports.com/b6a59212-7feb-4f8c-86c2-5e8f07625e3e.png
533,86.0,42.0,20.371317829457364,10.0,2.5,4.7,53.7%,1.0,2.8,34.6%,2.0,2.7,75.2%,0.9,3.4,4.3,1.0,0.7,1.7,0.6,0.3,2.4,2.8,10.2,APR,"NOCIONI, ANDRES",37,https://media-cdn.cortextech.io/281e7244-dec6-45ce-909e-50df65157290.png,BAS;MAD,LBO;RMB,Baskonia Vitoria-Gasteiz;Real Madrid,https://media-cdn.incrowdsports.com/e324a6af-2a72-443e-9813-8bf2d364ddab.png;https://media-cdn.incrowdsports.com/1a3e1404-4f6f-4ede-9d8b-30eee7cb51b4.png
534,97.0,62.0,22.74896907216495,13.5,2.8,5.6,49.4%,2.0,5.8,34.8%,2.0,2.2,90.1%,0.4,1.4,1.8,2.1,0.8,1.7,0.1,0.6,1.9,2.9,10.2,011987,"EDWARDS, CARSEN",26,https://media-cdn.incrowdsports.com/06c34b65-ca83-4e3e-8eda-b6c708dbccaf.png,ULK;MUN,FBB;BAY,Fenerbahce Beko Istanbul;FC Bayern Munich,https://media-cdn.cortextech.io/3b7f020e-5b39-49a1-b4b2-efea918edab7.png;https://media-cdn.incrowdsports.com/817b0e58-d595-4b09-ab0b-1e7cc26249ff.png
535,38.0,32.0,26.95745614035088,8.6,2.0,3.1,63%,1.0,2.9,33.3%,1.7,2.5,67.7%,1.8,2.9,4.8,1.3,0.9,0.9,0.1,0.2,2.8,2.2,10.2,AFM,"MAMIC, MATEJ",28,,CIB,CIB,KK Cibona,https://media-cdn.incrowdsports.com/2bc7884a-4fe7-4362-9d4f-ba2ad8a0239d.png
536,105.0,47.0,24.021269841269838,6.2,0.7,1.1,67.3%,1.2,3.2,37%,1.1,1.3,85.4%,0.7,1.8,2.5,4.3,2.0,1.7,0.0,0.1,1.9,1.5,10.2,CBX,"PRIGIONI, PABLO",40,,MAD;BAS,RMD;CLA,Real Madrid;Baskonia Vitoria-Gasteiz,https://media-cdn.incrowdsports.com/1a3e1404-4f6f-4ede-9d8b-30eee7cb51b4.png;https://media-cdn.incrowdsports.com/e324a6af-2a72-443e-9813-8bf2d364ddab.png
537,41.0,29.0,21.75,8.5,2.6,4.7,54.4%,0.3,1.4,23.2%,2.5,3.2,77.7%,1.0,3.4,4.3,1.5,0.9,1.7,0.3,0.0,2.6,3.0,10.2,JRD,"NIELSEN, MATT",34,,LIE;OLY;KHI,LIE;OLY;KHI,Rytas Vilnius;Olympiacos Piraeus;BC Khimki,https://media-cdn.incrowdsports.com/894a55c9-4a15-40b0-a1b0-b0aec2ce3592.png;https://media-cdn.incrowdsports.com/789423ac-3cdf-4b89-b11c-b458aa5f59a6.png;https://media-cdn.incrowdsports.com/04bd9ac1-e8ed-4b35-8878-272596e5c7d6.png
538,53.0,37.0,26.1751572327044,9.8,1.8,4.0,44.9%,1.2,3.2,36.5%,2.7,3.3,81.1%,0.3,1.8,2.1,2.6,1.0,1.1,0.0,0.2,2.7,3.6,10.3,AWI,"STELMAHERS, ROBERTS",33,,ULK;LJU;LIE,ULK;LJU;LIE,Fenerbahce Beko Istanbul;KK Cedevita Olimpija;Rytas Vilnius,https://media-cdn.cortextech.io/3b7f020e-5b39-49a1-b4b2-efea918edab7.png;https://media-cdn.incrowdsports.com/73b33d13-570e-4e49-a9cb-fe806831eaa7.png;https://media-cdn.incrowdsports.com/894a55c9-4a15-40b0-a1b0-b0aec2ce3592.png
539,210.0,87.0,17.14436507936508,8.0,2.6,5.1,50.8%,0.0,0.2,23.3%,2.7,3.6,73.5%,1.9,3.2,5.0,0.7,0.6,1.3,0.2,0.4,2.6,3.5,10.3,AAX,"REYES, FELIPE",40,https://media-cdn.incrowdsports.com/cf10459d-93a4-4d63-bc55-5143132da2ab.png,EST;MAD,EST;RMD,Club Baloncesto Estudiantes;Real Madrid,https://media-cdn.incrowdsports.com/3bc65205-b393-457a-a4d6-af993c60ee70.png;https://media-cdn.incrowdsports.com/1a3e1404-4f6f-4ede-9d8b-30eee7cb51b4.png
540,52.0,49.0,29.164743589743587,12.1,2.4,4.7,52.1%,1.7,4.1,42.3%,2.1,2.4,85.6%,0.9,2.3,3.3,1.0,1.2,1.8,0.1,0.3,3.2,2.8,10.3,AJH,"STOMBERGAS, SAULIUS",40,,BAS;IST;ULK;ZAL,BKN;EFS;ULK;ZAL,Baskonia Vitoria-Gasteiz;Anadolu Efes Istanbul;Fenerbahce Beko Istanbul;Zalgiris Kaunas,https://media-cdn.incrowdsports.com/e324a6af-2a72-443e-9813-8bf2d364ddab.png;https://media-cdn.incrowdsports.com/8ea8cec7-d8f7-45f4-a956-d976b5867610.png;https://media-cdn.cortextech.io/3b7f020e-5b39-49a1-b4b2-efea918edab7.png;https://media-cdn.incrowdsports.com/0aa09358-3847-4c4e-b228-3582ee4e536d.png
541,31.0,21.0,23.638709677419353,8.3,2.3,4.5,51.1%,0.5,1.8,29.8%,2.0,2.6,76.5%,0.8,2.5,3.4,2.4,1.2,2.2,0.5,0.2,1.9,2.9,10.3,KOH,"BATUM, NICOLAS",23,,LEM;NAN,LMS;SLU,Le Mans Sarthe Basket;Stade Lorrain Universite Club Nancy Basket,https://media-cdn.incrowdsports.com/25203b2d-cb6c-4614-926a-e55109f98238.png;https://media-cdn.incrowdsports.com/c14fdcc4-5076-49e3-85e9-32d2eaa2c67b.png
542,206.0,109.0,19.48131067961165,7.3,3.0,4.7,64.4%,0.2,0.5,42.7%,0.6,0.9,71.3%,1.5,3.2,4.7,0.6,0.4,0.9,1.2,0.1,1.8,1.0,10.3,005844,"PAPAGIANNIS, GEORGIOS",27,https://media-cdn.incrowdsports.com/cb807059-ac98-4f20-b7c5-88d7d6862d06.png,PAN;ULK;MCO,PAO;FBB;ASM,Panathinaikos AKTOR Athens;Fenerbahce Beko Istanbul;AS Monaco,https://media-cdn.incrowdsports.com/e3dff28a-9ec6-4faf-9d96-ecbc68f75780.png;https://media-cdn.cortextech.io/3b7f020e-5b39-49a1-b4b2-efea918edab7.png;https://media-cdn.incrowdsports.com/89ed276a-2ba3-413f-8ea2-b3be209ca129.png
543,96.0,68.0,24.524479166666666,9.6,2.9,5.1,56.1%,0.7,2.3,29%,2.0,3.0,66.5%,0.7,2.2,2.9,3.2,1.0,2.1,0.1,0.2,2.8,3.4,10.3,AFP,"PLANINIC, ZORAN",31,,CIB;BAS;CSK;KHI;IST,CIB;BKN;CSK;KHI;EFS,KK Cibona;Baskonia Vitoria-Gasteiz;CSKA Moscow;BC Khimki;Anadolu Efes Istanbul,https://media-cdn.incrowdsports.com/2bc7884a-4fe7-4362-9d4f-ba2ad8a0239d.png;https://media-cdn.incrowdsports.com/e324a6af-2a72-443e-9813-8bf2d364ddab.png;https://media-cdn.incrowdsports.com/b6a59212-7feb-4f8c-86c2-5e8f07625e3e.png;https://media-cdn.incrowdsports.com/04bd9ac1-e8ed-4b35-8878-272596e5c7d6.png;https://media-cdn.incrowdsports.com/8ea8cec7-d8f7-45f4-a956-d976b5867610.png
544,61.0,47.0,25.01530054644809,11.8,3.2,6.0,52.4%,0.9,2.3,39.2%,2.7,3.3,83.5%,1.0,3.2,4.1,0.8,0.6,1.6,0.3,0.4,3.5,3.0,10.3,BDH,"MOTTOLA, HANNO",31,,BAS;FOR;PES;ZAL;ARI,BKN;FOR;PES;ZAL;ARI,Baskonia Vitoria-Gasteiz;Fortitudo Pallacanestro Bologna 103;Scavolini Pesaro;Zalgiris Kaunas;Aris Thessaloniki,https://media-cdn.incrowdsports.com/e324a6af-2a72-443e-9813-8bf2d364ddab.png;https://media-cdn.incrowdsports.com/0a746cc0-eb26-481a-bab5-457cfc51eae5.png;https://media-cdn.incrowdsports.com/4ea03b00-c6e0-455c-88a6-cf86640a8dd8.png;https://media-cdn.incrowdsports.com/0aa09358-3847-4c4e-b228-3582ee4e536d.png;https://media-cdn.incrowdsports.com/dffbb68c-00b9-4a19-9e07-d98189caa409.png
545,40.0,30.0,27.5425,12.2,2.3,5.6,41.7%,1.8,4.8,36.6%,2.2,2.6,83.8%,0.2,1.8,2.1,3.8,0.8,1.6,0.0,0.4,2.4,2.6,10.3,BCA,"ARROYO, CARLOS",36,,BAS;TEL;GAL;BAR,BKN;MAC;GSL;FCB,Baskonia Vitoria-Gasteiz;Maccabi Playtika Tel Aviv;Galatasaray Spor Kulubu;FC Barcelona,https://media-cdn.incrowdsports.com/e324a6af-2a72-443e-9813-8bf2d364ddab.png;https://media-cdn.incrowdsports.com/5c55ef14-29df-4328-bd52-a7a64c432350.png;https://media-cdn.cortextech.io/95056dbe-7949-4b65-921d-ed9b59c0791c.png;https://media-cdn.incrowdsports.com/35dfa503-e417-481f-963a-bdf6f013763e.png
546,66.0,44.0,22.341161616161617,10.6,4.0,7.1,55.6%,0.0,0.1,33.3%,2.5,3.5,71.4%,1.8,2.9,4.7,0.7,0.4,1.5,0.1,0.5,3.2,3.4,10.3,BXE,"ZIZIC, ANDRIJA",33,,BAR;CIB;OLY;PAN;TEL,FCB;CIB;OLY;PAO;MAC,FC Barcelona;KK Cibona;Olympiacos Piraeus;Panathinaikos AKTOR Athens;Maccabi Playtika Tel Aviv,https://media-cdn.incrowdsports.com/35dfa503-e417-481f-963a-bdf6f013763e.png;https://media-cdn.incrowdsports.com/2bc7884a-4fe7-4362-9d4f-ba2ad8a0239d.png;https://media-cdn.incrowdsports.com/789423ac-3cdf-4b89-b11c-b458aa5f59a6.png;https://media-cdn.incrowdsports.com/e3dff28a-9ec6-4faf-9d96-ecbc68f75780.png;https://media-cdn.incrowdsports.com/5c55ef14-29df-4328-bd52-a7a64c432350.png
547,192.0,120.0,23.163628472222225,11.5,2.1,4.3,49.6%,1.7,4.7,35.9%,2.2,2.6,85.3%,0.2,1.3,1.6,2.4,0.7,1.7,0.0,0.2,1.5,3.1,10.3,ADI,"NAVARRO, JUAN CARLOS",37,https://media-cdn.cortextech.io/2dc7dca5-3a73-4b01-bf62-ed9a41bcba87.png,BAR,FCB,FC Barcelona,https://media-cdn.incrowdsports.com/35dfa503-e417-481f-963a-bdf6f013763e.png
548,220.0,68.0,19.56507575757576,8.0,3.3,5.6,58.6%,0.1,0.4,35.1%,1.1,1.7,67.5%,2.2,3.0,5.2,0.9,0.6,1.0,0.4,0.2,2.3,1.7,10.3,005160,"HUNTER, OTHELLO",36,https://media-cdn.incrowdsports.com/8768431f-f09d-41f8-8ce3-7a2744883c98.png,SIE;OLY;MAD;CSK;TEL;MUN,MPS;OLY;RMB;CSK;MTA;BAY,Montepaschi Siena;Olympiacos Piraeus;Real Madrid;CSKA Moscow;Maccabi Playtika Tel Aviv;FC Bayern Munich,https://media-cdn.incrowdsports.com/1d94a55f-b8c7-459c-951e-8177f5f3eebe.png;https://media-cdn.incrowdsports.com/789423ac-3cdf-4b89-b11c-b458aa5f59a6.png;https://media-cdn.incrowdsports.com/1a3e1404-4f6f-4ede-9d8b-30eee7cb51b4.png;https://media-cdn.incrowdsports.com/b6a59212-7feb-4f8c-86c2-5e8f07625e3e.png;https://media-cdn.incrowdsports.com/5c55ef14-29df-4328-bd52-a7a64c432350.png;https://media-cdn.incrowdsports.com/817b0e58-d595-4b09-ab0b-1e7cc26249ff.png
549,276.0,191.0,23.294263285024154,7.4,1.9,3.6,53.4%,0.8,2.1,37.5%,1.2,1.6,73.3%,1.3,3.7,5.0,1.5,0.8,1.0,0.5,0.1,2.7,2.4,10.4,002849,"MELLI, NICOLO",33,https://media-cdn.incrowdsports.com/99de0949-0898-4903-9f69-a6ed15e45a55.png,BAM;MIL;ULK,BRO;MIL;FNB,Bamberger Basketball GmbH;EA7 Emporio Armani Milan;Fenerbahce Beko Istanbul,https://media-cdn.incrowdsports.com/85cdd43a-2bbd-4f73-b8f7-76288a5193cb.png;https://media-cdn.incrowdsports.com/8154f184-c61a-4e7f-b14d-9d802e35cb95.png;https://media-cdn.cortextech.io/3b7f020e-5b39-49a1-b4b2-efea918edab7.png
550,302.0,205.0,20.739128035320086,8.2,2.5,4.6,55.2%,0.4,1.3,29.7%,2.0,2.5,79.6%,1.3,3.7,5.0,1.0,0.6,1.3,0.3,0.2,2.5,2.7,10.4,BWI,"JANKUNAS, PAULIUS",37,https://media-cdn.incrowdsports.com/77ba65dc-10e2-4a22-be86-6bb4bd407d08.png,KHI;ZAL,KHI;ZAL,BC Khimki;Zalgiris Kaunas,https://media-cdn.incrowdsports.com/04bd9ac1-e8ed-4b35-8878-272596e5c7d6.png;https://media-cdn.incrowdsports.com/0aa09358-3847-4c4e-b228-3582ee4e536d.png
551,166.0,79.0,23.385140562248996,10.3,2.1,3.9,54.7%,1.4,3.3,44.1%,1.7,1.9,88.5%,0.6,2.1,2.6,2.0,0.5,1.3,0.2,0.2,1.7,1.8,10.4,007400,"NUNNALLY, JAMES",33,https://media-cdn.incrowdsports.com/e0743b50-f31d-4f3a-95a9-2c96603f4c5e.png,MIL;ULK;TEL;PAR,AXM;FNB;MTA;PAR,EA7 Emporio Armani Milan;Fenerbahce Beko Istanbul;Maccabi Playtika Tel Aviv;Partizan Mozzart Bet Belgrade,https://media-cdn.incrowdsports.com/8154f184-c61a-4e7f-b14d-9d802e35cb95.png;https://media-cdn.cortextech.io/3b7f020e-5b39-49a1-b4b2-efea918edab7.png;https://media-cdn.incrowdsports.com/5c55ef14-29df-4328-bd52-a7a64c432350.png;https://media-cdn.incrowdsports.com/2681304e-77dd-4331-88b1-683078c0fb49.png
552,56.0,51.0,29.245535714285715,11.9,2.4,4.7,51.9%,1.9,4.6,40.7%,1.4,1.8,75.5%,0.9,2.5,3.4,0.9,0.9,1.3,0.3,0.2,2.1,2.0,10.4,BCO,"GRANGER, ANTONIO",30,,VIR;CSK;IST,VIR;CSK;EFS,Virtus Bologna;CSKA Moscow;Anadolu Efes Istanbul,https://media-cdn.cortextech.io/1362801d-dd09-4fd0-932d-ead56063ab77.png;https://media-cdn.incrowdsports.com/b6a59212-7feb-4f8c-86c2-5e8f07625e3e.png;https://media-cdn.incrowdsports.com/8ea8cec7-d8f7-45f4-a956-d976b5867610.png
553,52.0,34.0,27.394871794871793,13.4,2.5,4.9,50.4%,2.1,5.2,40.3%,2.2,2.6,86.7%,0.5,1.8,2.3,1.5,0.8,1.6,0.1,0.4,2.6,2.8,10.4,ACY,"SLANINA, DONATAS",30,,ZAL;SOP,ZAL;PRO,Zalgiris Kaunas;Arka Gdynia,https://media-cdn.incrowdsports.com/0aa09358-3847-4c4e-b228-3582ee4e536d.png;https://media-cdn.incrowdsports.com/210fa2fa-3529-400d-8d3f-9174a22ad1a8.png
554,244.0,156.0,20.53831967213115,9.5,3.2,5.9,54.9%,0.6,1.6,36.1%,1.2,1.8,67.6%,1.0,2.9,3.9,1.0,0.3,0.9,0.2,0.3,1.4,2.4,10.4,AMM,"PRINTEZIS, GEORGIOS",36,https://media-cdn.incrowdsports.com/458c3a1b-4081-4f9e-89ae-46ff1844d461.png,MAL;OLY,UNI;OLY,Unicaja Malaga;Olympiacos Piraeus,https://media-cdn.incrowdsports.com/6342214b-684b-421f-8960-5d20354458da.png;https://media-cdn.incrowdsports.com/789423ac-3cdf-4b89-b11c-b458aa5f59a6.png
555,48.0,37.0,17.658333333333335,9.9,4.0,6.6,59.9%,0.0,0.0,0%,1.9,2.8,70.5%,2.1,2.5,4.6,0.7,0.5,1.7,0.7,0.5,2.9,2.8,10.5,BOD,"KASUN, MARIO",32,,BAR;IST;ZAG;SIE,FCB;EFS;ZAG;MPS,FC Barcelona;Anadolu Efes Istanbul;KK Zagreb;Montepaschi Siena,https://media-cdn.incrowdsports.com/35dfa503-e417-481f-963a-bdf6f013763e.png;https://media-cdn.incrowdsports.com/8ea8cec7-d8f7-45f4-a956-d976b5867610.png;https://media-cdn.incrowdsports.com/766470c6-ddb5-438a-a1b0-89c2f0f9406a.png;https://media-cdn.incrowdsports.com/1d94a55f-b8c7-459c-951e-8177f5f3eebe.png
556,44.0,36.0,26.838257575757577,9.8,2.1,4.3,49.2%,1.1,3.7,29.3%,2.2,2.8,79.5%,0.5,1.4,1.9,4.2,1.5,2.2,0.0,0.2,2.6,3.5,10.5,AJA,"BENNETT, ELMER",36,,BAS;MAD;JOV,BKN;RMD;CJB,Baskonia Vitoria-Gasteiz;Real Madrid;Club Joventut Badalona,https://media-cdn.incrowdsports.com/e324a6af-2a72-443e-9813-8bf2d364ddab.png;https://media-cdn.incrowdsports.com/1a3e1404-4f6f-4ede-9d8b-30eee7cb51b4.png;https://media-cdn.incrowdsports.com/4867b9ca-abc6-48fd-a47f-011904a74bf8.png
557,48.0,26.0,23.054166666666664,10.2,3.0,5.6,53.2%,0.6,1.9,31.2%,2.4,3.7,65.7%,1.9,3.0,5.0,0.9,1.1,2.0,0.1,0.3,3.4,4.1,10.5,APX,"MUJEZINOVIC, HARIS",31,,LJU;CIB;PAN;LIE,LJU;CIB;PAO;LIE,KK Cedevita Olimpija;KK Cibona;Panathinaikos AKTOR Athens;Rytas Vilnius,https://media-cdn.incrowdsports.com/73b33d13-570e-4e49-a9cb-fe806831eaa7.png;https://media-cdn.incrowdsports.com/2bc7884a-4fe7-4362-9d4f-ba2ad8a0239d.png;https://media-cdn.incrowdsports.com/e3dff28a-9ec6-4faf-9d96-ecbc68f75780.png;https://media-cdn.incrowdsports.com/894a55c9-4a15-40b0-a1b0-b0aec2ce3592.png
558,73.0,10.0,14.787899543378995,8.6,3.3,5.4,60.5%,0.1,0.2,33.3%,1.9,2.8,67.6%,1.5,2.8,4.3,0.4,0.5,1.3,0.4,0.3,1.8,2.7,10.5,003196,"HERNANGOMEZ, WILLY",30,https://media-cdn.incrowdsports.com/a2cfd3c3-b886-48ab-a783-67513f66faf1.png,MAD;BAR,RMD;BAR,Real Madrid;FC Barcelona,https://media-cdn.incrowdsports.com/1a3e1404-4f6f-4ede-9d8b-30eee7cb51b4.png;https://media-cdn.incrowdsports.com/35dfa503-e417-481f-963a-bdf6f013763e.png
559,267.0,152.0,21.22034956304619,7.7,1.9,3.0,61.8%,1.0,2.7,37.4%,0.9,1.2,71.7%,1.3,3.8,5.0,1.9,0.5,1.1,0.3,0.1,1.6,1.3,10.5,007201,"VOIGTMANN, JOHANNES",32,https://media-cdn.incrowdsports.com/9b05546b-aec0-4af0-b213-2f9db3d250fc.png,BAS;CSK;MIL;MUN,KBA;CSK;EA7;BAY,Baskonia Vitoria-Gasteiz;CSKA Moscow;EA7 Emporio Armani Milan;FC Bayern Munich,https://media-cdn.incrowdsports.com/e324a6af-2a72-443e-9813-8bf2d364ddab.png;https://media-cdn.incrowdsports.com/b6a59212-7feb-4f8c-86c2-5e8f07625e3e.png;https://media-cdn.incrowdsports.com/8154f184-c61a-4e7f-b14d-9d802e35cb95.png;https://media-cdn.incrowdsports.com/817b0e58-d595-4b09-ab0b-1e7cc26249ff.png
560,50.0,35.0,25.14633333333333,6.5,2.6,4.3,60.4%,0.0,0.2,20%,1.2,2.7,44%,0.8,2.2,3.0,3.8,2.1,1.7,0.2,0.2,2.6,2.8,10.6,AIA,"PITTIS, RICCARDO",35,,TRE,TRE,Benetton Basket Treviso,https://media-cdn.incrowdsports.com/0636c1b0-de3e-4ca9-bd2c-e30a4f485114.png
561,181.0,151.0,26.369705340699817,10.4,2.3,4.8,48.6%,1.4,3.4,41.9%,1.4,1.9,76.7%,0.5,2.6,3.0,2.0,0.7,1.3,0.1,0.2,1.9,2.6,10.6,000529,"MICOV, VLADIMIR",35,https://media-cdn.incrowdsports.com/14753a8e-0ec2-40ab-a26b-50434381d400.png,BAS;CTU;CSK;GAL;MIL,CLA;CTU;CSK;GSO;AXM,Baskonia Vitoria-Gasteiz;Pallacanestro Cantu;CSKA Moscow;Galatasaray Spor Kulubu;EA7 Emporio Armani Milan,https://media-cdn.incrowdsports.com/e324a6af-2a72-443e-9813-8bf2d364ddab.png;https://media-cdn.incrowdsports.com/17abff29-6978-4f75-9bbe-2e6171bb856f.png;https://media-cdn.incrowdsports.com/b6a59212-7feb-4f8c-86c2-5e8f07625e3e.png;https://media-cdn.cortextech.io/95056dbe-7949-4b65-921d-ed9b59c0791c.png;https://media-cdn.incrowdsports.com/8154f184-c61a-4e7f-b14d-9d802e35cb95.png
562,33.0,18.0,24.233838383838386,9.9,1.6,4.1,38.2%,1.7,5.2,32.9%,1.5,2.2,68.9%,0.4,2.7,3.1,5.2,0.5,2.4,0.1,0.3,1.2,2.5,10.6,004212,"WILLIAMS, MARCUS",30,,MAL;TIV;RED,UNI;LOK;CZT,Unicaja Malaga;Lokomotiv Kuban;Crvena Zvezda Meridianbet Belgrade,https://media-cdn.incrowdsports.com/6342214b-684b-421f-8960-5d20354458da.png;https://media-cdn.incrowdsports.com/10d99d78-4206-411d-83d2-db7abc63c6ae.png;https://media-cdn.incrowdsports.com/d2eef4a8-62df-4fdd-9076-276004268515.png
563,102.0,27.0,17.741339869281045,9.3,3.0,5.1,59.2%,0.4,1.2,30.9%,2.1,3.0,70.2%,1.1,2.8,4.0,0.9,0.4,0.9,0.5,0.3,1.8,2.5,10.6,011194,"PETRUSEV, FILIP",24,https://media-cdn.incrowdsports.com/7f05aaaf-31e4-47a1-acd2-6347627a537d.png,IST;RED;OLY,EFS;CZV;OLY,Anadolu Efes Istanbul;Crvena Zvezda Meridianbet Belgrade;Olympiacos Piraeus,https://media-cdn.incrowdsports.com/8ea8cec7-d8f7-45f4-a956-d976b5867610.png;https://media-cdn.incrowdsports.com/d2eef4a8-62df-4fdd-9076-276004268515.png;https://media-cdn.incrowdsports.com/789423ac-3cdf-4b89-b11c-b458aa5f59a6.png
564,94.0,49.0,21.423581560283687,10.5,2.4,4.4,55.7%,1.2,2.7,43.8%,2.0,2.5,79.9%,1.3,2.5,3.8,0.8,0.8,1.4,0.3,0.2,2.6,2.7,10.7,ALC,"SMODIS, MATJAZ",31,,VIR;FOR;CSK,VIR;FOR;CSK,Virtus Bologna;Fortitudo Pallacanestro Bologna 103;CSKA Moscow,https://media-cdn.cortextech.io/1362801d-dd09-4fd0-932d-ead56063ab77.png;https://media-cdn.incrowdsports.com/0a746cc0-eb26-481a-bab5-457cfc51eae5.png;https://media-cdn.incrowdsports.com/b6a59212-7feb-4f8c-86c2-5e8f07625e3e.png
565,44.0,28.0,26.85151515151515,11.1,3.3,7.1,46.9%,0.7,2.0,33.7%,2.5,3.2,77.1%,0.7,2.9,3.6,1.3,1.6,1.8,0.3,0.4,2.2,3.0,10.7,000738,"KINSEY, TARENCE",31,,ULK;IST;PAR;NOV;RED,FBU;EFS;PAR;NIZ;CZT,Fenerbahce Beko Istanbul;Anadolu Efes Istanbul;Partizan Mozzart Bet Belgrade;BC Nizhny Novgorod;Crvena Zvezda Meridianbet Belgrade,https://media-cdn.cortextech.io/3b7f020e-5b39-49a1-b4b2-efea918edab7.png;https://media-cdn.incrowdsports.com/8ea8cec7-d8f7-45f4-a956-d976b5867610.png;https://media-cdn.incrowdsports.com/2681304e-77dd-4331-88b1-683078c0fb49.png;https://media-cdn.incrowdsports.com/dddcfb2d-29ff-4588-a297-654b4cd72c68.png;https://media-cdn.incrowdsports.com/d2eef4a8-62df-4fdd-9076-276004268515.png
566,51.0,30.0,25.991830065359476,12.6,3.1,6.0,51%,1.3,3.9,33.8%,2.5,3.4,73.6%,0.7,1.8,2.4,1.1,0.7,1.5,0.3,0.5,1.7,3.8,10.7,000009,"BOGDANOVIC, BOJAN",24,,MAD;CIB;ULK,RMD;CIB;FBU,Real Madrid;KK Cibona;Fenerbahce Beko Istanbul,https://media-cdn.incrowdsports.com/1a3e1404-4f6f-4ede-9d8b-30eee7cb51b4.png;https://media-cdn.incrowdsports.com/2bc7884a-4fe7-4362-9d4f-ba2ad8a0239d.png;https://media-cdn.cortextech.io/3b7f020e-5b39-49a1-b4b2-efea918edab7.png
567,80.0,20.0,16.531875,8.0,3.1,5.2,58.9%,0.0,0.2,28.6%,1.7,2.6,64.8%,2.1,2.8,4.9,0.8,0.4,0.9,0.3,0.6,1.8,2.8,10.7,LBJ,"STIMAC, VLADIMIR",32,https://media-cdn.cortextech.io/60b58eeb-cd9d-4737-9e61-c1e24dceeaee.png,ZAL;MAL;MUN;IST;ULK;RED,ZAL;UNI;BAY;EFS;FNB;CZV,Zalgiris Kaunas;Unicaja Malaga;FC Bayern Munich;Anadolu Efes Istanbul;Fenerbahce Beko Istanbul;Crvena Zvezda Meridianbet Belgrade,https://media-cdn.incrowdsports.com/0aa09358-3847-4c4e-b228-3582ee4e536d.png;https://media-cdn.incrowdsports.com/6342214b-684b-421f-8960-5d20354458da.png;https://media-cdn.incrowdsports.com/817b0e58-d595-4b09-ab0b-1e7cc26249ff.png;https://media-cdn.incrowdsports.com/8ea8cec7-d8f7-45f4-a956-d976b5867610.png;https://media-cdn.cortextech.io/3b7f020e-5b39-49a1-b4b2-efea918edab7.png;https://media-cdn.incrowdsports.com/d2eef4a8-62df-4fdd-9076-276004268515.png
568,43.0,30.0,24.168992248062015,10.2,2.1,3.8,54.9%,1.3,4.0,33.3%,2.1,2.9,73.2%,0.9,3.3,4.1,2.0,0.8,1.9,0.1,0.1,2.3,3.0,10.7,BFJ,"MUMBRU, ALEX",44,,MAD;BIL;PAM,RMD;BIL;VBC,Real Madrid;Bilbao Basket;Valencia Basket,https://media-cdn.incrowdsports.com/1a3e1404-4f6f-4ede-9d8b-30eee7cb51b4.png;https://media-cdn.incrowdsports.com/eedb87e1-f3d1-46d4-bbf8-bbb25b932d6d.png;https://media-cdn.cortextech.io/d88f3c71-1519-4b19-8cfb-99e26a4c008e.png
569,44.0,34.0,25.79507575757576,12.4,1.9,4.7,40.5%,1.8,5.3,33.2%,3.3,4.1,81.1%,1.0,2.7,3.7,0.8,0.8,1.3,0.0,0.6,1.8,3.8,10.8,ABC,"GUROVIC, MILAN",31,,AEK;MAL;PAR;SOP,AEK;UNI;PAR;PRO,AEK Athens;Unicaja Malaga;Partizan Mozzart Bet Belgrade;Arka Gdynia,https://media-cdn.incrowdsports.com/b51b0af8-ac03-4093-8858-9b4d71830fe7.png;https://media-cdn.incrowdsports.com/6342214b-684b-421f-8960-5d20354458da.png;https://media-cdn.incrowdsports.com/2681304e-77dd-4331-88b1-683078c0fb49.png;https://media-cdn.incrowdsports.com/210fa2fa-3529-400d-8d3f-9174a22ad1a8.png
570,89.0,30.0,21.263483146067415,9.3,2.4,3.8,63.1%,1.1,3.3,33.3%,1.2,1.7,71.7%,1.4,3.1,4.5,1.5,0.5,1.1,0.9,0.3,2.6,2.1,10.8,010444,"COSTELLO, MATTHEW",30,https://media-cdn.incrowdsports.com/cca68c8b-f1c3-4502-bb2f-f84e76c4a6ee.png,BAS,BKN,Baskonia Vitoria-Gasteiz,https://media-cdn.incrowdsports.com/e324a6af-2a72-443e-9813-8bf2d364ddab.png
571,49.0,35.0,18.445238095238096,8.9,3.0,5.1,58.6%,0.0,0.0,0%,2.9,4.4,66.5%,1.9,2.4,4.3,0.7,0.8,1.8,0.6,0.3,3.0,4.1,10.8,KBD,"ARCHIBALD, ROBERT",30,,PES;JOV;MAL,PES;CJB;UNI,Scavolini Pesaro;Club Joventut Badalona;Unicaja Malaga,https://media-cdn.incrowdsports.com/4ea03b00-c6e0-455c-88a6-cf86640a8dd8.png;https://media-cdn.incrowdsports.com/4867b9ca-abc6-48fd-a47f-011904a74bf8.png;https://media-cdn.incrowdsports.com/6342214b-684b-421f-8960-5d20354458da.png
572,127.0,49.0,19.4249343832021,8.6,2.4,4.6,52.6%,0.6,1.7,33.8%,2.0,2.6,76.1%,1.4,2.7,4.1,1.5,0.6,1.3,0.0,0.5,1.5,3.3,10.8,003958,"THIEMANN, JOHANNES",29,https://media-cdn.incrowdsports.com/8d67d189-5722-4ac9-918c-70c114ff40d9.png,BAM;BER,BRO;BER,Bamberger Basketball GmbH;ALBA Berlin,https://media-cdn.incrowdsports.com/85cdd43a-2bbd-4f73-b8f7-76288a5193cb.png;https://media-cdn.incrowdsports.com/ccc34858-22b0-47dc-904c-9940b0a16ff3.png
573,55.0,46.0,30.256363636363634,13.9,2.6,4.9,52.6%,2.3,6.3,36.9%,1.7,2.2,78.7%,0.4,1.9,2.3,2.8,1.2,2.1,0.0,0.4,2.7,2.5,10.8,CMF,"MALLET, DEMOND",33,,BAM;COL;JOV;CHA;TEL,BRO;COL;CJB;CHA;MAC,Bamberger Basketball GmbH;RheinStars Koln;Club Joventut Badalona;Spirou Charleroi;Maccabi Playtika Tel Aviv,https://media-cdn.incrowdsports.com/85cdd43a-2bbd-4f73-b8f7-76288a5193cb.png;https://media-cdn.incrowdsports.com/91efbe6b-1e42-4e7c-9792-e2f35da38055.png;https://media-cdn.incrowdsports.com/4867b9ca-abc6-48fd-a47f-011904a74bf8.png;https://media-cdn.incrowdsports.com/fe2c3484-72ab-463e-bda7-587b5e980e37.png;https://media-cdn.incrowdsports.com/5c55ef14-29df-4328-bd52-a7a64c432350.png
574,53.0,21.0,17.08836477987421,9.0,3.5,5.9,59.5%,0.0,0.0,50%,2.0,2.8,69.8%,1.7,2.7,4.4,0.4,0.4,1.1,1.0,0.1,2.3,2.3,10.8,TGE,"NDONG, BONIFACE",40,,BAR;MAL,FCB;UNI,FC Barcelona;Unicaja Malaga,https://media-cdn.incrowdsports.com/35dfa503-e417-481f-963a-bdf6f013763e.png;https://media-cdn.incrowdsports.com/6342214b-684b-421f-8960-5d20354458da.png
575,84.0,57.0,23.19623015873016,11.4,3.4,6.2,54.7%,0.6,1.9,33.5%,2.6,3.7,71.2%,1.3,2.2,3.5,0.8,0.8,1.8,0.8,0.2,2.6,3.4,10.8,AYH,"WOJCIK, ADAM",36,,PER;MAL;WRO;SOP,PER;UNI;WKS;PRO,Peristeri BC;Unicaja Malaga;WKS Slask Wroclaw;Arka Gdynia,https://media-cdn.incrowdsports.com/743fd646-dc10-4a04-a90f-952e33a143a4.png;https://media-cdn.incrowdsports.com/6342214b-684b-421f-8960-5d20354458da.png;https://media-cdn.incrowdsports.com/0415061b-5374-4a0d-bc04-8fcbc8ad0bb3.png;https://media-cdn.incrowdsports.com/210fa2fa-3529-400d-8d3f-9174a22ad1a8.png
576,82.0,63.0,23.390650406504065,9.6,2.7,4.8,56.3%,0.8,2.6,29.3%,1.9,2.4,79.2%,0.9,2.7,3.6,2.9,0.8,1.7,0.3,0.1,2.7,2.6,10.9,009549,"CORDINIER, ISAIA",28,https://media-cdn.incrowdsports.com/e3fac696-389b-4586-8dac-0ecf02251464.png,VIR,VIR,Virtus Bologna,https://media-cdn.cortextech.io/1362801d-dd09-4fd0-932d-ead56063ab77.png
577,284.0,173.0,21.660035211267605,7.6,3.0,4.7,63.6%,0.0,0.1,21.6%,1.6,2.4,64.3%,1.8,2.6,4.4,1.0,0.8,0.8,1.0,0.2,2.6,2.4,10.9,003048,"DUNSTON, BRYANT",38,https://media-cdn.incrowdsports.com/c611afbb-f77f-4214-81fc-f08a742cd326.png,OLY;IST;VIR;ZAL,OLY;EFS;VIR;ZAL,Olympiacos Piraeus;Anadolu Efes Istanbul;Virtus Bologna;Zalgiris Kaunas,https://media-cdn.incrowdsports.com/789423ac-3cdf-4b89-b11c-b458aa5f59a6.png;https://media-cdn.incrowdsports.com/8ea8cec7-d8f7-45f4-a956-d976b5867610.png;https://media-cdn.cortextech.io/1362801d-dd09-4fd0-932d-ead56063ab77.png;https://media-cdn.incrowdsports.com/0aa09358-3847-4c4e-b228-3582ee4e536d.png
578,145.0,93.0,23.539310344827584,7.2,1.9,3.5,54.1%,0.5,1.7,30.8%,1.8,2.4,73.4%,1.3,3.4,4.7,2.1,0.9,1.7,0.1,0.3,1.8,3.2,10.9,004172,"PONITKA, MATEUSZ",30,https://media-cdn.incrowdsports.com/ff57c5a3-cbb1-4453-947e-8e843f9faea1.png,SOP;GSS;DYR;PAN;PAR,PRO;ZGA;ZEN;PAO;PAR,Arka Gdynia;GSS Akcyjna;Zenit St Petersburg;Panathinaikos AKTOR Athens;Partizan Mozzart Bet Belgrade,https://media-cdn.incrowdsports.com/210fa2fa-3529-400d-8d3f-9174a22ad1a8.png;https://media-cdn.incrowdsports.com/abebfbc3-2dcd-4cc5-91f3-37dae527f363.png;https://media-cdn.incrowdsports.com/4c571fd6-52f1-428c-94a5-9143fbbb4fe3.png;https://media-cdn.incrowdsports.com/e3dff28a-9ec6-4faf-9d96-ecbc68f75780.png;https://media-cdn.incrowdsports.com/2681304e-77dd-4331-88b1-683078c0fb49.png
579,138.0,68.0,20.938285024154588,9.2,3.0,5.5,54.1%,0.3,0.8,36.7%,2.3,2.9,82.2%,1.5,2.7,4.2,1.0,0.6,1.1,0.3,0.2,2.4,2.9,11.0,006477,"RUBIT, AUGUSTINE",33,https://media-cdn.incrowdsports.com/f5c6d6f8-c5cb-4b28-983e-dd9d68ea9629.png,BAM;OLY;ZAL;MUN,BRO;OLY;ZAL;BAY,Bamberger Basketball GmbH;Olympiacos Piraeus;Zalgiris Kaunas;FC Bayern Munich,https://media-cdn.incrowdsports.com/85cdd43a-2bbd-4f73-b8f7-76288a5193cb.png;https://media-cdn.incrowdsports.com/789423ac-3cdf-4b89-b11c-b458aa5f59a6.png;https://media-cdn.incrowdsports.com/0aa09358-3847-4c4e-b228-3582ee4e536d.png;https://media-cdn.incrowdsports.com/817b0e58-d595-4b09-ab0b-1e7cc26249ff.png
580,86.0,45.0,21.872480620155038,10.3,3.5,6.2,56.7%,0.3,1.0,34.5%,2.3,3.7,62.7%,1.8,3.2,5.0,0.7,0.7,1.6,0.2,0.3,2.6,3.3,11.0,ABB,"DIKOUDIS, DIMOS",31,,AEK;PAM;CSK;PAN;NIO,AEK;VBC;CSK;PAO;PNI,AEK Athens;Valencia Basket;CSKA Moscow;Panathinaikos AKTOR Athens;Panionios BC,https://media-cdn.incrowdsports.com/b51b0af8-ac03-4093-8858-9b4d71830fe7.png;https://media-cdn.cortextech.io/d88f3c71-1519-4b19-8cfb-99e26a4c008e.png;https://media-cdn.incrowdsports.com/b6a59212-7feb-4f8c-86c2-5e8f07625e3e.png;https://media-cdn.incrowdsports.com/e3dff28a-9ec6-4faf-9d96-ecbc68f75780.png;https://media-cdn.cortextech.io/72d40b5d-e5bc-4ae4-b60e-50891c25e847.png
581,29.0,15.0,20.59022988505747,9.7,3.8,7.3,52.4%,0.1,0.2,50%,1.7,2.3,74.6%,1.8,3.4,5.2,0.5,1.1,1.2,0.4,0.4,2.4,2.2,11.0,AGK,"KOVACIC, EMILIJO",56,,LJU;FOR;MUN,;FOR;BAY,KK Cedevita Olimpija;Fortitudo Pallacanestro Bologna 103;FC Bayern Munich,https://media-cdn.incrowdsports.com/73b33d13-570e-4e49-a9cb-fe806831eaa7.png;https://media-cdn.incrowdsports.com/0a746cc0-eb26-481a-bab5-457cfc51eae5.png;https://media-cdn.incrowdsports.com/817b0e58-d595-4b09-ab0b-1e7cc26249ff.png
582,34.0,15.0,21.096078431372547,8.3,3.5,5.6,62%,0.1,0.4,38.5%,0.8,1.3,63.6%,1.3,3.7,5.0,0.8,0.6,0.9,0.6,0.2,1.8,1.5,11.0,BOS,"NIKOLIC, GORAN",32,,IST;NIO,EFS;PNI,Anadolu Efes Istanbul;Panionios BC,https://media-cdn.incrowdsports.com/8ea8cec7-d8f7-45f4-a956-d976b5867610.png;https://media-cdn.cortextech.io/72d40b5d-e5bc-4ae4-b60e-50891c25e847.png
583,185.0,74.0,22.783783783783782,10.1,1.4,2.6,53.9%,1.8,5.0,35.1%,2.0,2.3,87.4%,0.3,1.8,2.1,5.1,0.7,2.3,0.1,0.2,2.4,2.5,11.0,JDR,"TEODOSIC, MILOS",37,https://media-cdn.incrowdsports.com/ce7511eb-75b9-4f03-9836-56f4a52e971d.png,OLY;CSK;VIR;RED,OLY;CSK;VIR;CZV,Olympiacos Piraeus;CSKA Moscow;Virtus Bologna;Crvena Zvezda Meridianbet Belgrade,https://media-cdn.incrowdsports.com/789423ac-3cdf-4b89-b11c-b458aa5f59a6.png;https://media-cdn.incrowdsports.com/b6a59212-7feb-4f8c-86c2-5e8f07625e3e.png;https://media-cdn.cortextech.io/1362801d-dd09-4fd0-932d-ead56063ab77.png;https://media-cdn.incrowdsports.com/d2eef4a8-62df-4fdd-9076-276004268515.png
584,141.0,112.0,25.43321513002364,8.1,2.3,3.9,60.3%,0.7,1.9,34.1%,1.5,1.8,82.1%,1.3,2.9,4.2,1.2,0.7,0.7,0.1,0.2,1.4,2.1,11.0,005856,"THOMAS, WILL",35,https://media-cdn.incrowdsports.com/6c821d3c-09c7-4ef4-bc07-6573f1c22c74.png,MAL;PAM;DYR;MCO,UNI;VBC;ZEN;ASM,Unicaja Malaga;Valencia Basket;Zenit St Petersburg;AS Monaco,https://media-cdn.incrowdsports.com/6342214b-684b-421f-8960-5d20354458da.png;https://media-cdn.cortextech.io/d88f3c71-1519-4b19-8cfb-99e26a4c008e.png;https://media-cdn.incrowdsports.com/4c571fd6-52f1-428c-94a5-9143fbbb4fe3.png;https://media-cdn.incrowdsports.com/89ed276a-2ba3-413f-8ea2-b3be209ca129.png
585,113.0,72.0,20.134513274336282,9.2,3.2,5.5,57.4%,0.6,1.3,43.2%,1.2,1.9,63%,1.3,2.7,4.0,1.0,0.9,0.9,0.6,0.3,2.0,2.3,11.0,BWL,"LORBEK, ERAZEM",29,,FOR;TRE;MAL;ROM;CSK;BAR,FOR;TRE;UNI;ROM;CSK;FCB,Fortitudo Pallacanestro Bologna 103;Benetton Basket Treviso;Unicaja Malaga;Pallacanestro Virtus Roma;CSKA Moscow;FC Barcelona,https://media-cdn.incrowdsports.com/0a746cc0-eb26-481a-bab5-457cfc51eae5.png;https://media-cdn.incrowdsports.com/0636c1b0-de3e-4ca9-bd2c-e30a4f485114.png;https://media-cdn.incrowdsports.com/6342214b-684b-421f-8960-5d20354458da.png;https://media-cdn.incrowdsports.com/e5836b62-9939-4063-b5e5-cc2f5804c142.png;https://media-cdn.incrowdsports.com/b6a59212-7feb-4f8c-86c2-5e8f07625e3e.png;https://media-cdn.incrowdsports.com/35dfa503-e417-481f-963a-bdf6f013763e.png
585,162.0,110.0,18.10411522633745,8.5,3.6,5.6,64.4%,0.0,0.0,0%,1.3,1.9,68.1%,1.9,2.5,4.5,0.6,0.4,1.0,0.6,0.4,1.5,1.9,11.0,004554,"ZIZIC, ANTE",27,https://media-cdn.incrowdsports.com/ba96c7c1-38ad-4579-ae05-f40d7530399d.png,DAR;TEL;IST;VIR,DDI;MTA;EFS;VIR,Darussafaka Basketbol;Maccabi Playtika Tel Aviv;Anadolu Efes Istanbul;Virtus Bologna,https://media-cdn.incrowdsports.com/9ceb124a-7ee1-4db5-8d8c-7d485980b989.png;https://media-cdn.incrowdsports.com/5c55ef14-29df-4328-bd52-a7a64c432350.png;https://media-cdn.incrowdsports.com/8ea8cec7-d8f7-45f4-a956-d976b5867610.png;https://media-cdn.cortextech.io/1362801d-dd09-4fd0-932d-ead56063ab77.png
587,71.0,63.0,26.78920187793427,10.0,2.6,5.0,52.7%,0.9,2.7,32.8%,2.1,2.6,79.3%,1.4,3.1,4.5,1.0,1.2,1.3,0.2,0.2,2.6,2.8,11.0,LMO,"SATO, ROMAIN",33,,SIE;PAN;ULK;PAM,MPS;PAO;FBU;VBC,Montepaschi Siena;Panathinaikos AKTOR Athens;Fenerbahce Beko Istanbul;Valencia Basket,https://media-cdn.incrowdsports.com/1d94a55f-b8c7-459c-951e-8177f5f3eebe.png;https://media-cdn.incrowdsports.com/e3dff28a-9ec6-4faf-9d96-ecbc68f75780.png;https://media-cdn.cortextech.io/3b7f020e-5b39-49a1-b4b2-efea918edab7.png;https://media-cdn.cortextech.io/d88f3c71-1519-4b19-8cfb-99e26a4c008e.png
588,67.0,50.0,18.745771144278606,9.3,3.5,5.8,61%,0.0,0.0,0%,2.3,3.6,63.4%,1.3,2.9,4.1,0.5,0.5,1.6,0.8,0.3,2.9,4.2,11.0,KML,"SANTIAGO, DANIEL",34,,MAL;BAR;IST;CHA,UNI;FCB;EFS;CHA,Unicaja Malaga;FC Barcelona;Anadolu Efes Istanbul;Spirou Charleroi,https://media-cdn.incrowdsports.com/6342214b-684b-421f-8960-5d20354458da.png;https://media-cdn.incrowdsports.com/35dfa503-e417-481f-963a-bdf6f013763e.png;https://media-cdn.incrowdsports.com/8ea8cec7-d8f7-45f4-a956-d976b5867610.png;https://media-cdn.incrowdsports.com/fe2c3484-72ab-463e-bda7-587b5e980e37.png
589,180.0,90.0,21.786574074074075,9.8,2.5,5.0,50.3%,1.1,2.7,40.3%,1.5,1.8,80.4%,0.3,1.7,2.0,5.0,0.7,2.2,0.0,0.4,1.6,2.1,11.0,KLT,"HEURTEL, THOMAS",32,https://media-cdn.incrowdsports.com/98840e78-b249-4deb-bd3b-ee4d9eab6e5d.png,BAS;IST;BAR;MAD,LBO;EFS;FCB;RMB,Baskonia Vitoria-Gasteiz;Anadolu Efes Istanbul;FC Barcelona;Real Madrid,https://media-cdn.incrowdsports.com/e324a6af-2a72-443e-9813-8bf2d364ddab.png;https://media-cdn.incrowdsports.com/8ea8cec7-d8f7-45f4-a956-d976b5867610.png;https://media-cdn.incrowdsports.com/35dfa503-e417-481f-963a-bdf6f013763e.png;https://media-cdn.incrowdsports.com/1a3e1404-4f6f-4ede-9d8b-30eee7cb51b4.png
590,118.0,102.0,23.247175141242938,7.1,1.7,3.3,52.7%,0.8,2.1,39.1%,1.2,1.6,74.7%,0.7,2.8,3.5,4.4,0.9,1.6,0.1,0.1,2.2,2.2,11.1,002939,"SATORANSKY, TOMAS",33,https://media-cdn.incrowdsports.com/c4c76984-2a5b-458e-b9fa-6b7969bb5bf7.png,BAR,FCB,FC Barcelona,https://media-cdn.incrowdsports.com/35dfa503-e417-481f-963a-bdf6f013763e.png
591,70.0,35.0,24.86190476190476,12.6,3.8,7.1,53.5%,0.9,2.5,35.5%,2.4,2.7,87.4%,0.7,1.3,1.9,2.1,1.2,1.9,0.0,0.4,2.3,3.1,11.1,BJR,"KAUKENAS, RIMANTAS",36,,MAD;SIE;ZAL;BAS,RMD;MPS;ZAL;LBO,Real Madrid;Montepaschi Siena;Zalgiris Kaunas;Baskonia Vitoria-Gasteiz,https://media-cdn.incrowdsports.com/1a3e1404-4f6f-4ede-9d8b-30eee7cb51b4.png;https://media-cdn.incrowdsports.com/1d94a55f-b8c7-459c-951e-8177f5f3eebe.png;https://media-cdn.incrowdsports.com/0aa09358-3847-4c4e-b228-3582ee4e536d.png;https://media-cdn.incrowdsports.com/e324a6af-2a72-443e-9813-8bf2d364ddab.png
592,195.0,122.0,25.600598290598292,9.8,2.1,4.0,52.2%,1.4,3.8,36.4%,1.5,1.8,84.1%,0.6,3.0,3.6,3.0,0.7,1.6,0.2,0.2,1.8,1.9,11.1,CPR,"SIMON, KRUNOSLAV",36,https://media-cdn.incrowdsports.com/f075df2b-2237-4157-a9ce-dc9c4233d293.png,ZAG;MAL;TIV;MIL;IST,ZAG;UNI;LOK;EA7;EFS,KK Zagreb;Unicaja Malaga;Lokomotiv Kuban;EA7 Emporio Armani Milan;Anadolu Efes Istanbul,https://media-cdn.incrowdsports.com/766470c6-ddb5-438a-a1b0-89c2f0f9406a.png;https://media-cdn.incrowdsports.com/6342214b-684b-421f-8960-5d20354458da.png;https://media-cdn.incrowdsports.com/10d99d78-4206-411d-83d2-db7abc63c6ae.png;https://media-cdn.incrowdsports.com/8154f184-c61a-4e7f-b14d-9d802e35cb95.png;https://media-cdn.incrowdsports.com/8ea8cec7-d8f7-45f4-a956-d976b5867610.png
593,30.0,20.0,19.912222222222223,9.6,3.4,6.5,51.8%,0.4,1.0,40%,1.7,2.3,71.4%,1.8,4.4,6.2,1.3,0.7,1.4,0.6,0.3,3.1,2.0,11.1,004123,"BRYANT, JOHN",28,,MUN,BAY,FC Bayern Munich,https://media-cdn.incrowdsports.com/817b0e58-d595-4b09-ab0b-1e7cc26249ff.png
594,189.0,136.0,25.251940035273368,10.3,2.1,3.9,54.5%,1.4,3.9,36.7%,1.7,2.1,81.3%,1.0,2.6,3.7,1.2,1.0,0.8,0.1,0.2,1.6,2.1,11.1,006436,"GIEDRAITIS, ROKAS",32,https://media-cdn.incrowdsports.com/514eb8b6-1987-43f8-b24b-748065632795.png,BER;BAS;RED,BER;TDS;CZV,ALBA Berlin;Baskonia Vitoria-Gasteiz;Crvena Zvezda Meridianbet Belgrade,https://media-cdn.incrowdsports.com/ccc34858-22b0-47dc-904c-9940b0a16ff3.png;https://media-cdn.incrowdsports.com/e324a6af-2a72-443e-9813-8bf2d364ddab.png;https://media-cdn.incrowdsports.com/d2eef4a8-62df-4fdd-9076-276004268515.png
595,58.0,37.0,23.566954022988508,10.7,2.5,5.8,42.8%,1.2,3.3,37.6%,2.0,2.6,79.2%,1.4,2.9,4.3,1.4,0.9,1.3,0.2,0.7,1.5,3.0,11.1,KOD,"SAVANOVIC, DUSKO",32,,PAM;IST;MUN,VBC;EFS;BAY,Valencia Basket;Anadolu Efes Istanbul;FC Bayern Munich,https://media-cdn.cortextech.io/d88f3c71-1519-4b19-8cfb-99e26a4c008e.png;https://media-cdn.incrowdsports.com/8ea8cec7-d8f7-45f4-a956-d976b5867610.png;https://media-cdn.incrowdsports.com/817b0e58-d595-4b09-ab0b-1e7cc26249ff.png
596,156.0,97.0,20.394444444444446,9.9,3.8,6.7,57.3%,0.3,0.8,32.8%,1.4,2.1,66.1%,1.6,3.1,4.7,1.4,0.4,1.3,0.2,0.5,1.9,2.4,11.1,004194,"LAUVERGNE, JOFFREY",33,https://media-cdn.incrowdsports.com/2c5d0d04-968c-4590-9924-d0e7a7b23110.png,CHL;PAR;ULK;ZAL;ASV,ELA;PAR;FNB;ZAL;ASV,Elan Sportif Chalonnais;Partizan Mozzart Bet Belgrade;Fenerbahce Beko Istanbul;Zalgiris Kaunas;LDLC ASVEL Villeurbanne,https://media-cdn.incrowdsports.com/ce981523-5c54-4fab-8a3d-90c527eb9627.png;https://media-cdn.incrowdsports.com/2681304e-77dd-4331-88b1-683078c0fb49.png;https://media-cdn.cortextech.io/3b7f020e-5b39-49a1-b4b2-efea918edab7.png;https://media-cdn.incrowdsports.com/0aa09358-3847-4c4e-b228-3582ee4e536d.png;https://media-cdn.incrowdsports.com/e33c6d1a-95ca-4dbc-b8cb-0201812104cc.png
597,32.0,30.0,29.8625,13.9,3.5,7.3,47.7%,1.3,4.2,30.9%,3.0,4.0,74.8%,0.6,1.9,2.5,1.7,0.8,1.9,0.2,0.3,2.0,4.2,11.2,TEM,"WRIGHT, BRACEY",28,,ARI;JOV;CED,ARI;CJB;CED,Aris Thessaloniki;Club Joventut Badalona;KK Cedevita Zagreb,https://media-cdn.incrowdsports.com/dffbb68c-00b9-4a19-9e07-d98189caa409.png;https://media-cdn.incrowdsports.com/4867b9ca-abc6-48fd-a47f-011904a74bf8.png;https://media-cdn.incrowdsports.com/ba95084a-224c-4d4a-a306-37a386772f64.png
598,58.0,28.0,18.415804597701147,9.4,3.3,5.1,63.4%,0.6,1.4,41.7%,1.0,1.5,70.6%,1.8,3.4,5.1,0.8,0.3,1.3,1.0,0.2,2.4,1.7,11.2,003583,"IBAKA, SERGE",35,https://media-cdn.incrowdsports.com/748b5640-038f-4608-90f1-2bdf439b3f4c.png,MUN;MAD,BAY;RMD,FC Bayern Munich;Real Madrid,https://media-cdn.incrowdsports.com/817b0e58-d595-4b09-ab0b-1e7cc26249ff.png;https://media-cdn.incrowdsports.com/1a3e1404-4f6f-4ede-9d8b-30eee7cb51b4.png
599,80.0,39.0,20.89375,7.2,3.1,4.8,63.9%,0.0,0.2,21.4%,0.8,1.4,62.4%,2.2,3.4,5.6,1.1,0.8,0.7,0.7,0.3,1.9,1.2,11.2,001438,"AUGUSTINE, JAMES",33,https://media-cdn.cortextech.io/1a3b0f68-a573-402e-b4f9-22196dcfb260.png,PAM;KHI;CSK;MAL,VBC;KHI;CSK;UNI,Valencia Basket;BC Khimki;CSKA Moscow;Unicaja Malaga,https://media-cdn.cortextech.io/d88f3c71-1519-4b19-8cfb-99e26a4c008e.png;https://media-cdn.incrowdsports.com/04bd9ac1-e8ed-4b35-8878-272596e5c7d6.png;https://media-cdn.incrowdsports.com/b6a59212-7feb-4f8c-86c2-5e8f07625e3e.png;https://media-cdn.incrowdsports.com/6342214b-684b-421f-8960-5d20354458da.png
600,38.0,31.0,25.400000000000002,11.7,2.3,5.3,44%,1.4,3.6,39.3%,2.9,3.9,74.3%,0.5,1.9,2.4,2.4,1.5,1.9,0.2,0.3,2.7,4.0,11.2,COX,"LYDAY, TERRELL",32,,ASV;TRE;UNK,ASV;TRE;UNK,LDLC ASVEL Villeurbanne;Benetton Basket Treviso;UNICS Kazan,https://media-cdn.incrowdsports.com/e33c6d1a-95ca-4dbc-b8cb-0201812104cc.png;https://media-cdn.incrowdsports.com/0636c1b0-de3e-4ca9-bd2c-e30a4f485114.png;https://media-cdn.incrowdsports.com/70b00b96-e98a-42ba-9997-39d70a895157.png
601,29.0,20.0,30.346551724137928,13.1,3.0,6.3,48.1%,1.6,4.7,32.8%,2.4,2.9,83.3%,0.3,2.2,2.5,2.8,1.4,2.5,0.2,0.4,2.3,3.4,11.2,000378,"EWING, DANIEL",29,,SOP;BES,PRO;BJK,Arka Gdynia;Besiktas Istanbul,https://media-cdn.incrowdsports.com/210fa2fa-3529-400d-8d3f-9174a22ad1a8.png;https://media-cdn.cortextech.io/7d37b2d0-2a4a-4a86-bf2c-266bd8da7cac.png
602,47.0,24.0,23.0322695035461,11.1,1.7,3.1,54.9%,1.7,4.1,42.1%,2.5,3.0,81.7%,0.7,1.7,2.5,1.2,1.0,1.0,0.1,0.1,1.8,2.6,11.3,AIR,"HERREROS, ALBERTO",35,,MAD,RMD,Real Madrid,https://media-cdn.incrowdsports.com/1a3e1404-4f6f-4ede-9d8b-30eee7cb51b4.png
603,32.0,21.0,25.603645833333335,10.3,2.8,5.8,48.1%,0.9,3.1,30.3%,1.8,2.6,72%,0.9,2.6,3.5,3.2,1.2,2.4,0.4,0.5,2.4,3.8,11.3,001310,"GORDON, JAMONT",26,,CIB;CSK;GAL,CIB;CSK;GSL,KK Cibona;CSKA Moscow;Galatasaray Spor Kulubu,https://media-cdn.incrowdsports.com/2bc7884a-4fe7-4362-9d4f-ba2ad8a0239d.png;https://media-cdn.incrowdsports.com/b6a59212-7feb-4f8c-86c2-5e8f07625e3e.png;https://media-cdn.cortextech.io/95056dbe-7949-4b65-921d-ed9b59c0791c.png
604,38.0,23.0,26.228508771929825,9.5,2.7,4.7,58.8%,0.7,1.7,40%,2.0,2.4,81.7%,1.6,2.4,4.1,1.0,0.7,1.1,0.5,0.3,2.0,2.3,11.3,BHN,"GELABALE, MICKAEL",29,,MAD;CED,RMD;CED,Real Madrid;KK Cedevita Zagreb,https://media-cdn.incrowdsports.com/1a3e1404-4f6f-4ede-9d8b-30eee7cb51b4.png;https://media-cdn.incrowdsports.com/ba95084a-224c-4d4a-a306-37a386772f64.png
605,226.0,145.0,24.806194690265485,11.9,2.4,4.8,50.3%,1.4,4.3,33.3%,2.8,3.6,77.8%,0.2,1.6,1.8,4.5,0.7,3.0,0.0,0.6,2.0,4.0,11.3,JUO,"SPANOULIS, VASSILIS",42,https://media-cdn.incrowdsports.com/c32b334a-d142-423f-93f6-e6f1df328d52.png,PAN;OLY;MCO,PAO;OLY;ASM,Panathinaikos AKTOR Athens;Olympiacos Piraeus;AS Monaco,https://media-cdn.incrowdsports.com/e3dff28a-9ec6-4faf-9d96-ecbc68f75780.png;https://media-cdn.incrowdsports.com/789423ac-3cdf-4b89-b11c-b458aa5f59a6.png;https://media-cdn.incrowdsports.com/89ed276a-2ba3-413f-8ea2-b3be209ca129.png
606,215.0,93.0,21.65403100775194,12.6,2.3,4.7,50.1%,1.9,5.2,36.7%,2.2,2.6,83.8%,0.3,1.4,1.7,3.0,0.6,1.8,0.1,0.3,1.9,3.3,11.3,000848,"NEDOVIC, NEMANJA",33,https://media-cdn.incrowdsports.com/8c0414fc-8bc0-49ad-b14b-31c1db32e9d0.png,LIE;PAM;MAL;MIL;PAN;RED,LIE;VBC;UNI;AXM;PAO;CZV,Rytas Vilnius;Valencia Basket;Unicaja Malaga;EA7 Emporio Armani Milan;Panathinaikos AKTOR Athens;Crvena Zvezda Meridianbet Belgrade,https://media-cdn.incrowdsports.com/894a55c9-4a15-40b0-a1b0-b0aec2ce3592.png;https://media-cdn.cortextech.io/d88f3c71-1519-4b19-8cfb-99e26a4c008e.png;https://media-cdn.incrowdsports.com/6342214b-684b-421f-8960-5d20354458da.png;https://media-cdn.incrowdsports.com/8154f184-c61a-4e7f-b14d-9d802e35cb95.png;https://media-cdn.incrowdsports.com/e3dff28a-9ec6-4faf-9d96-ecbc68f75780.png;https://media-cdn.incrowdsports.com/d2eef4a8-62df-4fdd-9076-276004268515.png
607,169.0,66.0,17.766272189349113,8.5,2.6,4.7,55.5%,0.4,1.2,34.7%,2.1,2.7,75%,1.6,4.1,5.7,0.8,0.6,1.4,0.7,0.3,2.3,2.6,11.4,AQU,"BOUROUSIS, IOANNIS",33,https://media-cdn.cortextech.io/028d559f-d562-4e07-932b-f0015b17fcd9.png,AEK;OLY;MIL;MAD;BAS;PAN,AEK;OLY;EAM;RMB;LBO;PAO,AEK Athens;Olympiacos Piraeus;EA7 Emporio Armani Milan;Real Madrid;Baskonia Vitoria-Gasteiz;Panathinaikos AKTOR Athens,https://media-cdn.incrowdsports.com/b51b0af8-ac03-4093-8858-9b4d71830fe7.png;https://media-cdn.incrowdsports.com/789423ac-3cdf-4b89-b11c-b458aa5f59a6.png;https://media-cdn.incrowdsports.com/8154f184-c61a-4e7f-b14d-9d802e35cb95.png;https://media-cdn.incrowdsports.com/1a3e1404-4f6f-4ede-9d8b-30eee7cb51b4.png;https://media-cdn.incrowdsports.com/e324a6af-2a72-443e-9813-8bf2d364ddab.png;https://media-cdn.incrowdsports.com/e3dff28a-9ec6-4faf-9d96-ecbc68f75780.png
608,193.0,96.0,23.21208981001727,11.6,2.9,5.7,51.2%,1.0,2.5,41.3%,2.6,3.1,86.4%,0.4,1.7,2.1,2.0,0.8,1.5,0.2,0.5,2.1,3.6,11.5,006450,"HIGGINS, CORY",33,https://media-cdn.incrowdsports.com/a1af1166-c6cd-4d7e-a98c-5048329b90df.png,CSK;BAR,CSK;FCB,CSKA Moscow;FC Barcelona,https://media-cdn.incrowdsports.com/b6a59212-7feb-4f8c-86c2-5e8f07625e3e.png;https://media-cdn.incrowdsports.com/35dfa503-e417-481f-963a-bdf6f013763e.png
609,30.0,25.0,24.89611111111111,12.0,4.7,8.7,54%,0.2,0.5,46.7%,1.9,2.7,69.5%,1.5,3.7,5.1,0.7,0.9,1.5,0.1,0.3,2.7,2.3,11.5,AIZ,"ALEXANDER, VICTOR",34,,BAS;MAL;CSK,BKN;UNI;CSK,Baskonia Vitoria-Gasteiz;Unicaja Malaga;CSKA Moscow,https://media-cdn.incrowdsports.com/e324a6af-2a72-443e-9813-8bf2d364ddab.png;https://media-cdn.incrowdsports.com/6342214b-684b-421f-8960-5d20354458da.png;https://media-cdn.incrowdsports.com/b6a59212-7feb-4f8c-86c2-5e8f07625e3e.png
610,97.0,40.0,24.000515463917527,10.1,3.0,5.3,57.1%,0.7,2.3,28.6%,2.1,2.7,75.8%,1.7,3.4,5.1,0.7,1.1,1.1,0.2,0.3,2.0,2.3,11.5,ABG,"KAKIOUZIS, MICHAILIS",32,,AEK;SIE;BAR;IST,AEK;MPS;FCB;EFS,AEK Athens;Montepaschi Siena;FC Barcelona;Anadolu Efes Istanbul,https://media-cdn.incrowdsports.com/b51b0af8-ac03-4093-8858-9b4d71830fe7.png;https://media-cdn.incrowdsports.com/1d94a55f-b8c7-459c-951e-8177f5f3eebe.png;https://media-cdn.incrowdsports.com/35dfa503-e417-481f-963a-bdf6f013763e.png;https://media-cdn.incrowdsports.com/8ea8cec7-d8f7-45f4-a956-d976b5867610.png
611,157.0,101.0,25.257218683651804,11.1,2.6,4.5,57%,1.3,3.5,36.5%,2.1,2.9,73.4%,0.7,2.9,3.6,1.0,0.8,1.2,0.2,0.3,1.5,2.6,11.5,009006,"WILLIAMS, DERRICK",31,https://media-cdn.incrowdsports.com/245aaf8f-09c0-4e5a-9a1b-1b010df9bc5a.png,MUN;ULK;PAM;TEL;PAN,BAY;FNB;VBC;MTA;PAO,FC Bayern Munich;Fenerbahce Beko Istanbul;Valencia Basket;Maccabi Playtika Tel Aviv;Panathinaikos AKTOR Athens,https://media-cdn.incrowdsports.com/817b0e58-d595-4b09-ab0b-1e7cc26249ff.png;https://media-cdn.cortextech.io/3b7f020e-5b39-49a1-b4b2-efea918edab7.png;https://media-cdn.cortextech.io/d88f3c71-1519-4b19-8cfb-99e26a4c008e.png;https://media-cdn.incrowdsports.com/5c55ef14-29df-4328-bd52-a7a64c432350.png;https://media-cdn.incrowdsports.com/e3dff28a-9ec6-4faf-9d96-ecbc68f75780.png
612,77.0,66.0,26.28181818181818,10.5,2.3,4.1,55.9%,1.4,3.3,41.7%,1.8,2.5,74%,0.6,2.3,2.9,1.4,1.1,1.3,0.2,0.2,1.9,3.1,11.6,JMM,"SISKAUSKAS, RAMUNAS",33,,TRE;PAN;CSK,TRE;PAO;CSK,Benetton Basket Treviso;Panathinaikos AKTOR Athens;CSKA Moscow,https://media-cdn.incrowdsports.com/0636c1b0-de3e-4ca9-bd2c-e30a4f485114.png;https://media-cdn.incrowdsports.com/e3dff28a-9ec6-4faf-9d96-ecbc68f75780.png;https://media-cdn.incrowdsports.com/b6a59212-7feb-4f8c-86c2-5e8f07625e3e.png
613,48.0,39.0,27.228125000000002,10.0,3.0,6.0,49.7%,0.5,1.7,31.3%,2.4,3.5,68.2%,1.7,3.0,4.7,2.6,1.4,2.6,0.0,0.6,2.1,3.5,11.6,KMZ,"GREER, RICARDO",36,,PAU;NAN;STR,PAU;SLU;SIG,Elan Bearnais Pau-Lacq-Orthez;Stade Lorrain Universite Club Nancy Basket;Strasbourg Illkirch-Graffenstaden Basket,https://media-cdn.incrowdsports.com/4550b11c-3680-44b2-a512-f0b4ff304b59.png;https://media-cdn.incrowdsports.com/c14fdcc4-5076-49e3-85e9-32d2eaa2c67b.png;https://media-cdn.incrowdsports.com/554f980e-fded-4943-ab5b-541f1f36f6a9.png
614,160.0,63.0,22.443333333333335,10.9,3.7,6.4,57.4%,0.6,2.0,31.1%,1.8,2.3,76.1%,1.2,3.3,4.6,0.7,0.7,1.5,1.0,0.4,2.0,2.3,11.6,008847,"MICKEY, JORDAN",29,https://media-cdn.incrowdsports.com/175bee47-c3c4-4356-9758-3cbd94c48871.png,MAD;KHI;DYR;VIR,RMB;KHI;ZEN;VIR,Real Madrid;BC Khimki;Zenit St Petersburg;Virtus Bologna,https://media-cdn.incrowdsports.com/1a3e1404-4f6f-4ede-9d8b-30eee7cb51b4.png;https://media-cdn.incrowdsports.com/04bd9ac1-e8ed-4b35-8878-272596e5c7d6.png;https://media-cdn.incrowdsports.com/4c571fd6-52f1-428c-94a5-9143fbbb4fe3.png;https://media-cdn.cortextech.io/1362801d-dd09-4fd0-932d-ead56063ab77.png
615,147.0,68.0,22.525170068027208,12.3,2.5,4.7,54%,1.8,4.7,39%,1.7,2.1,82.8%,0.4,3.6,4.0,1.2,0.9,1.4,0.2,0.2,1.9,2.0,11.6,003108,"HEZONJA, MARIO",29,https://media-cdn.incrowdsports.com/d61126dd-e3ac-46de-b012-42fd1ba92f1d.png,BAR;PAN;UNK;MAD,FCB;PAO;UNK;RMB,FC Barcelona;Panathinaikos AKTOR Athens;UNICS Kazan;Real Madrid,https://media-cdn.incrowdsports.com/35dfa503-e417-481f-963a-bdf6f013763e.png;https://media-cdn.incrowdsports.com/e3dff28a-9ec6-4faf-9d96-ecbc68f75780.png;https://media-cdn.incrowdsports.com/70b00b96-e98a-42ba-9997-39d70a895157.png;https://media-cdn.incrowdsports.com/1a3e1404-4f6f-4ede-9d8b-30eee7cb51b4.png
616,128.0,73.0,25.771223958333334,10.4,3.0,5.6,53.6%,0.9,2.3,38.4%,1.8,2.5,72.6%,1.5,2.8,4.3,1.9,1.3,1.3,0.3,0.4,2.8,2.5,11.7,011226,"DIALLO, ALPHA",27,https://media-cdn.incrowdsports.com/b80081ad-c850-47c6-9b59-132e98bbaf5b.png,MCO,ASM,AS Monaco,https://media-cdn.incrowdsports.com/89ed276a-2ba3-413f-8ea2-b3be209ca129.png
617,173.0,146.0,23.934296724470133,10.2,3.4,5.8,59%,0.6,1.6,36.5%,1.6,2.0,78.6%,1.7,2.8,4.5,1.4,0.6,1.4,0.3,0.2,2.3,2.4,11.7,007056,"BOOKER, DEVIN",33,https://media-cdn.incrowdsports.com/603a8758-e88a-4d71-935e-c73e1201ec7c.png,KHI;ULK;MUN,KHI;FBB;BAY,BC Khimki;Fenerbahce Beko Istanbul;FC Bayern Munich,https://media-cdn.incrowdsports.com/04bd9ac1-e8ed-4b35-8878-272596e5c7d6.png;https://media-cdn.cortextech.io/3b7f020e-5b39-49a1-b4b2-efea918edab7.png;https://media-cdn.incrowdsports.com/817b0e58-d595-4b09-ab0b-1e7cc26249ff.png
618,189.0,150.0,26.923985890652556,10.6,2.2,4.3,51%,1.5,3.7,40.1%,1.8,2.2,82.5%,1.2,2.8,4.0,1.3,0.9,1.0,0.2,0.3,2.0,2.6,11.7,008962,"HAYES-DAVIS, NIGEL",30,https://media-cdn.incrowdsports.com/37b00e59-560b-4b65-a269-9d2b0b8776bc.png,ZAL;BAR;ULK,ZAL;BAR;FBB,Zalgiris Kaunas;FC Barcelona;Fenerbahce Beko Istanbul,https://media-cdn.incrowdsports.com/0aa09358-3847-4c4e-b228-3582ee4e536d.png;https://media-cdn.incrowdsports.com/35dfa503-e417-481f-963a-bdf6f013763e.png;https://media-cdn.cortextech.io/3b7f020e-5b39-49a1-b4b2-efea918edab7.png
619,38.0,25.0,27.077192982456143,14.1,2.6,6.3,40.6%,1.9,5.7,33.5%,3.2,3.9,83%,1.1,4.4,5.5,1.0,1.3,1.9,0.2,0.4,3.3,3.5,11.7,CLR,"JAGODNIK, GORAN",37,,SOP;LJU,PRO;UOL,Arka Gdynia;KK Cedevita Olimpija,https://media-cdn.incrowdsports.com/210fa2fa-3529-400d-8d3f-9174a22ad1a8.png;https://media-cdn.incrowdsports.com/73b33d13-570e-4e49-a9cb-fe806831eaa7.png
620,52.0,37.0,26.704166666666666,11.3,2.2,4.7,46.7%,1.6,4.2,37.6%,2.2,2.7,80.3%,0.6,2.2,2.8,3.1,1.2,1.8,0.2,0.4,2.1,3.0,11.8,002821,"BOGDANOVIC, BOGDAN",24,https://media-cdn.cortextech.io/e91c1a57-a13d-4e5c-b446-3d3ad0750bb6.png,PAR;ULK,PAR;FNB,Partizan Mozzart Bet Belgrade;Fenerbahce Beko Istanbul,https://media-cdn.incrowdsports.com/2681304e-77dd-4331-88b1-683078c0fb49.png;https://media-cdn.cortextech.io/3b7f020e-5b39-49a1-b4b2-efea918edab7.png
621,239.0,131.0,19.914016736401674,10.8,3.8,6.8,55.1%,0.3,0.7,37.5%,2.4,3.2,75.2%,1.2,2.6,3.8,1.6,0.8,1.7,0.4,0.4,2.6,3.4,11.8,007870,"DAVIES, BRANDON",33,https://media-cdn.incrowdsports.com/81408ad9-aed4-4316-8d83-7f2f4eada6cf.png,ZAL;BAR;MIL;PAM;PAR,ZAL;FCB;EA7;VBC;PAR,Zalgiris Kaunas;FC Barcelona;EA7 Emporio Armani Milan;Valencia Basket;Partizan Mozzart Bet Belgrade,https://media-cdn.incrowdsports.com/0aa09358-3847-4c4e-b228-3582ee4e536d.png;https://media-cdn.incrowdsports.com/35dfa503-e417-481f-963a-bdf6f013763e.png;https://media-cdn.incrowdsports.com/8154f184-c61a-4e7f-b14d-9d802e35cb95.png;https://media-cdn.cortextech.io/d88f3c71-1519-4b19-8cfb-99e26a4c008e.png;https://media-cdn.incrowdsports.com/2681304e-77dd-4331-88b1-683078c0fb49.png
622,30.0,17.0,23.671666666666667,11.7,2.7,5.0,53%,1.3,3.7,34.5%,2.6,3.3,79.6%,1.1,3.4,4.5,0.8,0.5,0.9,0.1,0.2,1.9,2.7,11.8,001925,"KLEIZA, LINAS",29,,OLY;ULK;MIL,OLY;FBU;EA7,Olympiacos Piraeus;Fenerbahce Beko Istanbul;EA7 Emporio Armani Milan,https://media-cdn.incrowdsports.com/789423ac-3cdf-4b89-b11c-b458aa5f59a6.png;https://media-cdn.cortextech.io/3b7f020e-5b39-49a1-b4b2-efea918edab7.png;https://media-cdn.incrowdsports.com/8154f184-c61a-4e7f-b14d-9d802e35cb95.png
623,98.0,76.0,25.1,11.3,1.8,4.0,45.1%,1.7,4.4,39.2%,2.6,3.4,77.7%,0.3,2.2,2.5,4.0,0.7,2.0,0.0,0.2,2.8,3.9,11.8,004331,"DELANEY, MALCOLM",32,https://media-cdn.incrowdsports.com/dea79a0b-cb34-4637-9a53-778d2b2a0a94.png,MUN;TIV;BAR;MIL,BAY;LOK;FCB;AXM,FC Bayern Munich;Lokomotiv Kuban;FC Barcelona;EA7 Emporio Armani Milan,https://media-cdn.incrowdsports.com/817b0e58-d595-4b09-ab0b-1e7cc26249ff.png;https://media-cdn.incrowdsports.com/10d99d78-4206-411d-83d2-db7abc63c6ae.png;https://media-cdn.incrowdsports.com/35dfa503-e417-481f-963a-bdf6f013763e.png;https://media-cdn.incrowdsports.com/8154f184-c61a-4e7f-b14d-9d802e35cb95.png
624,77.0,28.0,22.940043290043292,11.9,2.4,5.1,46.7%,1.1,2.9,37%,3.8,4.6,84.1%,0.5,2.1,2.7,2.7,1.0,2.3,0.1,0.4,2.5,4.1,11.8,AGG,"BECIROVIC, SANI",28,,VIR;MES;FOR;PAN;ROM;LJU,VIR;MES;FOR;PAO;ROM;LJU,Virtus Bologna;KK Krka Novo Mesto;Fortitudo Pallacanestro Bologna 103;Panathinaikos AKTOR Athens;Pallacanestro Virtus Roma;KK Cedevita Olimpija,https://media-cdn.cortextech.io/1362801d-dd09-4fd0-932d-ead56063ab77.png;https://media-cdn.incrowdsports.com/8838f790-f665-472a-8cea-527f9e4a2458.png;https://media-cdn.incrowdsports.com/0a746cc0-eb26-481a-bab5-457cfc51eae5.png;https://media-cdn.incrowdsports.com/e3dff28a-9ec6-4faf-9d96-ecbc68f75780.png;https://media-cdn.incrowdsports.com/e5836b62-9939-4063-b5e5-cc2f5804c142.png;https://media-cdn.incrowdsports.com/73b33d13-570e-4e49-a9cb-fe806831eaa7.png
624,55.0,39.0,22.697272727272725,9.2,2.7,5.0,55.3%,0.7,2.0,34.3%,1.7,2.0,82.1%,1.9,3.3,5.2,1.6,0.5,1.0,0.1,0.3,1.8,2.3,11.8,JEA,"MACVAN, MILAN",27,https://media-cdn.cortextech.io/374752b5-640e-4c72-a103-b70e0423d19b.png,TEL;PAR;GAL;MIL,MAC;PAR;GSL;EA7,Maccabi Playtika Tel Aviv;Partizan Mozzart Bet Belgrade;Galatasaray Spor Kulubu;EA7 Emporio Armani Milan,https://media-cdn.incrowdsports.com/5c55ef14-29df-4328-bd52-a7a64c432350.png;https://media-cdn.incrowdsports.com/2681304e-77dd-4331-88b1-683078c0fb49.png;https://media-cdn.cortextech.io/95056dbe-7949-4b65-921d-ed9b59c0791c.png;https://media-cdn.incrowdsports.com/8154f184-c61a-4e7f-b14d-9d802e35cb95.png
626,100.0,50.0,23.5275,9.6,3.4,6.2,55.4%,0.0,0.1,15.4%,2.6,3.8,67.6%,1.3,3.3,4.6,1.8,1.4,2.3,0.3,0.3,3.4,4.2,11.8,AFQ,"PRKACIN, NIKOLA",33,,IST;PAN;CIB,EFS;PAO;CIB,Anadolu Efes Istanbul;Panathinaikos AKTOR Athens;KK Cibona,https://media-cdn.incrowdsports.com/8ea8cec7-d8f7-45f4-a956-d976b5867610.png;https://media-cdn.incrowdsports.com/e3dff28a-9ec6-4faf-9d96-ecbc68f75780.png;https://media-cdn.incrowdsports.com/2bc7884a-4fe7-4362-9d4f-ba2ad8a0239d.png
627,102.0,90.0,24.457679738562092,10.2,2.7,4.9,55.6%,1.1,3.0,37.8%,1.4,1.8,76.2%,1.5,3.5,5.0,0.6,1.1,0.7,0.4,0.1,2.0,1.8,11.9,009783,"COLSON, BONZIE",28,https://media-cdn.incrowdsports.com/8ac181cc-9967-4cd4-839e-7bc6b4bfcb4a.png,TEL;ULK,MTA;FBB,Maccabi Playtika Tel Aviv;Fenerbahce Beko Istanbul,https://media-cdn.incrowdsports.com/5c55ef14-29df-4328-bd52-a7a64c432350.png;https://media-cdn.cortextech.io/3b7f020e-5b39-49a1-b4b2-efea918edab7.png
628,47.0,37.0,27.356382978723403,12.0,2.5,4.2,58.8%,1.4,3.5,41.7%,2.7,3.1,85.8%,0.4,1.8,2.2,1.9,1.4,1.8,0.1,0.2,2.9,3.4,11.9,ALH,"RIGAUDEAU, ANTOINE",32,,VIR;PAM,VIR;VBC,Virtus Bologna;Valencia Basket,https://media-cdn.cortextech.io/1362801d-dd09-4fd0-932d-ead56063ab77.png;https://media-cdn.cortextech.io/d88f3c71-1519-4b19-8cfb-99e26a4c008e.png
629,40.0,24.0,26.781666666666666,9.6,3.4,5.8,58.3%,0.0,0.0,50%,2.8,4.4,63.1%,3.0,3.0,6.0,1.1,0.7,1.9,0.4,0.3,3.7,4.2,11.9,AUK,"OSTOJIC, DJURO",27,,PAR,PAR,Partizan Mozzart Bet Belgrade,https://media-cdn.incrowdsports.com/2681304e-77dd-4331-88b1-683078c0fb49.png
630,61.0,53.0,31.016120218579236,11.2,2.9,5.1,56.3%,1.2,2.9,41.9%,1.8,2.0,87.7%,0.5,1.5,2.0,2.5,1.4,1.1,0.0,0.2,2.0,2.2,11.9,ABL,"STEFANOV, VRBICA",34,,AEK;ULK;OLY;SIE,AEK;ULK;OLY;MPS,AEK Athens;Fenerbahce Beko Istanbul;Olympiacos Piraeus;Montepaschi Siena,https://media-cdn.incrowdsports.com/b51b0af8-ac03-4093-8858-9b4d71830fe7.png;https://media-cdn.cortextech.io/3b7f020e-5b39-49a1-b4b2-efea918edab7.png;https://media-cdn.incrowdsports.com/789423ac-3cdf-4b89-b11c-b458aa5f59a6.png;https://media-cdn.incrowdsports.com/1d94a55f-b8c7-459c-951e-8177f5f3eebe.png
631,197.0,171.0,26.44103214890017,10.0,2.0,3.6,55.7%,1.1,3.0,38.4%,2.5,3.0,85.5%,0.7,2.9,3.7,1.3,0.8,1.0,0.2,0.2,2.2,3.3,12.0,001288,"LUCIC, VLADIMIR",35,https://media-cdn.incrowdsports.com/0339f7df-b2c2-480a-9abf-c2945868abac.png,PAR;PAM;MUN,PAR;VBC;BAY,Partizan Mozzart Bet Belgrade;Valencia Basket;FC Bayern Munich,https://media-cdn.incrowdsports.com/2681304e-77dd-4331-88b1-683078c0fb49.png;https://media-cdn.cortextech.io/d88f3c71-1519-4b19-8cfb-99e26a4c008e.png;https://media-cdn.incrowdsports.com/817b0e58-d595-4b09-ab0b-1e7cc26249ff.png
632,38.0,15.0,25.73640350877193,10.9,2.0,4.2,47.5%,1.6,3.2,49.6%,2.1,2.7,80.2%,1.3,3.5,4.8,0.8,0.8,1.2,0.6,0.1,2.8,2.5,12.0,AYD,"TOMCZYK, DOMINIK",29,,WRO,WKS,WKS Slask Wroclaw,https://media-cdn.incrowdsports.com/0415061b-5374-4a0d-bc04-8fcbc8ad0bb3.png
633,48.0,33.0,24.350347222222222,10.5,3.1,6.0,52.1%,0.5,1.4,38.2%,2.6,3.0,88%,0.8,3.6,4.4,0.8,1.0,0.9,0.1,0.4,2.0,2.6,12.0,JWO,"MICKEAL, PETE",34,,BAS;BAR,BKN;FCB,Baskonia Vitoria-Gasteiz;FC Barcelona,https://media-cdn.incrowdsports.com/e324a6af-2a72-443e-9813-8bf2d364ddab.png;https://media-cdn.incrowdsports.com/35dfa503-e417-481f-963a-bdf6f013763e.png
634,41.0,38.0,30.2390243902439,13.1,4.8,8.7,55%,0.8,1.7,47.9%,1.0,1.8,57.3%,1.2,3.4,4.5,1.6,0.6,1.9,0.2,0.4,2.0,1.9,12.0,KOJ,"GREGORY, KENNY",33,,LEM;IST;LJU;NAN,LMS;EFS;UOL;SLU,Le Mans Sarthe Basket;Anadolu Efes Istanbul;KK Cedevita Olimpija;Stade Lorrain Universite Club Nancy Basket,https://media-cdn.incrowdsports.com/25203b2d-cb6c-4614-926a-e55109f98238.png;https://media-cdn.incrowdsports.com/8ea8cec7-d8f7-45f4-a956-d976b5867610.png;https://media-cdn.incrowdsports.com/73b33d13-570e-4e49-a9cb-fe806831eaa7.png;https://media-cdn.incrowdsports.com/c14fdcc4-5076-49e3-85e9-32d2eaa2c67b.png
635,67.0,31.0,20.78955223880597,11.4,4.2,7.1,58.9%,0.0,0.0,0%,3.0,4.2,72.8%,2.1,2.2,4.3,0.5,0.5,1.6,0.4,0.6,3.1,4.2,12.0,KNN,"PEKOVIC, NIKOLA",25,,PAN;PAR,PAO;PAR,Panathinaikos AKTOR Athens;Partizan Mozzart Bet Belgrade,https://media-cdn.incrowdsports.com/e3dff28a-9ec6-4faf-9d96-ecbc68f75780.png;https://media-cdn.incrowdsports.com/2681304e-77dd-4331-88b1-683078c0fb49.png
636,131.0,27.0,18.23613231552163,7.5,3.0,4.1,74%,0.0,0.0,0%,1.4,2.1,68.7%,1.8,3.0,4.9,0.5,0.5,0.5,0.9,0.1,1.9,2.0,12.0,011196,"HALL, DONTA",27,https://media-cdn.incrowdsports.com/6010eeec-accb-4644-8b7c-a9fd981dad19.png,MCO;BAS,ASM;BKN,AS Monaco;Baskonia Vitoria-Gasteiz,https://media-cdn.incrowdsports.com/89ed276a-2ba3-413f-8ea2-b3be209ca129.png;https://media-cdn.incrowdsports.com/e324a6af-2a72-443e-9813-8bf2d364ddab.png
637,71.0,57.0,24.860798122065727,11.4,4.4,8.4,52.9%,0.1,0.5,18.8%,2.3,3.5,64.3%,2.2,2.8,5.0,1.8,1.4,2.2,0.1,0.4,2.9,3.5,12.0,AIV,"MILIC, MARKO",32,,MAD;FOR;PES;LJU;ORL,RMD;FOR;PES;LJU;ORL,Real Madrid;Fortitudo Pallacanestro Bologna 103;Scavolini Pesaro;KK Cedevita Olimpija;Orleans Loiret Basket,https://media-cdn.incrowdsports.com/1a3e1404-4f6f-4ede-9d8b-30eee7cb51b4.png;https://media-cdn.incrowdsports.com/0a746cc0-eb26-481a-bab5-457cfc51eae5.png;https://media-cdn.incrowdsports.com/4ea03b00-c6e0-455c-88a6-cf86640a8dd8.png;https://media-cdn.incrowdsports.com/73b33d13-570e-4e49-a9cb-fe806831eaa7.png;https://media-cdn.incrowdsports.com/5aa68897-979f-4c9b-b620-cb69f227b992.png
638,123.0,88.0,21.62682926829268,11.3,4.3,7.3,59.1%,0.2,0.7,30.2%,2.1,2.8,75.6%,1.6,3.4,5.0,0.5,0.8,1.8,0.3,0.4,2.3,2.7,12.0,AJV,"BATISTE, MIKE",36,,CHA;ULK;PAN,CHA;FBU;PAO,Spirou Charleroi;Fenerbahce Beko Istanbul;Panathinaikos AKTOR Athens,https://media-cdn.incrowdsports.com/fe2c3484-72ab-463e-bda7-587b5e980e37.png;https://media-cdn.cortextech.io/3b7f020e-5b39-49a1-b4b2-efea918edab7.png;https://media-cdn.incrowdsports.com/e3dff28a-9ec6-4faf-9d96-ecbc68f75780.png
639,91.0,42.0,25.093956043956045,12.6,1.8,3.4,51.9%,2.0,5.3,38.2%,2.9,3.5,82.8%,0.4,1.3,1.7,2.8,1.2,1.8,0.0,0.4,2.5,4.1,12.1,ATP,"POPOVIC, MARKO",37,,ZAD;BUD;PAM;CIB;IST;ZAL;DYR,ZAD;BUD;VBC;CIB;EFS;ZAL;ZEN,KK Zadar;KK Buducnost;Valencia Basket;KK Cibona;Anadolu Efes Istanbul;Zalgiris Kaunas;Zenit St Petersburg,https://media-cdn.incrowdsports.com/5bae1d8f-cf6e-4cce-affe-f528f1352cb5.png;https://media-cdn.incrowdsports.com/47161285-94b3-4266-9d23-b722e8600945.png;https://media-cdn.cortextech.io/d88f3c71-1519-4b19-8cfb-99e26a4c008e.png;https://media-cdn.incrowdsports.com/2bc7884a-4fe7-4362-9d4f-ba2ad8a0239d.png;https://media-cdn.incrowdsports.com/8ea8cec7-d8f7-45f4-a956-d976b5867610.png;https://media-cdn.incrowdsports.com/0aa09358-3847-4c4e-b228-3582ee4e536d.png;https://media-cdn.incrowdsports.com/4c571fd6-52f1-428c-94a5-9143fbbb4fe3.png
640,68.0,45.0,27.850735294117644,13.4,2.3,4.8,47.4%,2.4,5.7,41.1%,1.7,2.3,73.4%,1.5,3.4,4.9,0.8,0.5,1.1,0.6,0.3,2.2,2.3,12.1,JZJ,"TELETOVIC, MIRZA",26,,BAS,CLA,Baskonia Vitoria-Gasteiz,https://media-cdn.incrowdsports.com/e324a6af-2a72-443e-9813-8bf2d364ddab.png
641,78.0,20.0,20.164743589743587,9.6,3.3,5.5,59.2%,0.0,0.3,13.6%,2.9,4.1,71.2%,1.7,2.8,4.6,1.3,0.7,1.6,0.2,0.3,2.8,4.2,12.2,004418,"MCLEAN, JAMEL",29,https://media-cdn.cortextech.io/4efb3eb2-4cea-4cd3-ba29-433481be1ff3.png,BER;MIL;OLY,ALB;EA7;OLY,ALBA Berlin;EA7 Emporio Armani Milan;Olympiacos Piraeus,https://media-cdn.incrowdsports.com/ccc34858-22b0-47dc-904c-9940b0a16ff3.png;https://media-cdn.incrowdsports.com/8154f184-c61a-4e7f-b14d-9d802e35cb95.png;https://media-cdn.incrowdsports.com/789423ac-3cdf-4b89-b11c-b458aa5f59a6.png
642,121.0,80.0,19.945592286501377,10.5,2.3,4.2,55%,1.4,3.5,41.2%,1.7,2.2,76.4%,1.0,3.2,4.3,0.9,0.6,0.9,0.5,0.1,1.4,2.3,12.2,005757,"RANDOLPH, ANTHONY",33,https://media-cdn.incrowdsports.com/d2915de8-a0c8-4ba4-a979-b9e249044f28.png,TIV;MAD,LOK;RMB,Lokomotiv Kuban;Real Madrid,https://media-cdn.incrowdsports.com/10d99d78-4206-411d-83d2-db7abc63c6ae.png;https://media-cdn.incrowdsports.com/1a3e1404-4f6f-4ede-9d8b-30eee7cb51b4.png
643,155.0,59.0,19.302580645161292,8.8,2.9,4.7,61.3%,0.0,0.0,50%,3.0,4.3,69.7%,2.1,2.8,4.9,0.5,0.5,0.9,0.8,0.3,2.5,3.5,12.2,003120,"GUDAITIS, ARTURAS",29,https://media-cdn.incrowdsports.com/925b2ddb-a6a2-4cd6-a35d-77086e723606.png,ZAL;MIL;DYR;PAN,ZAL;AXM;ZEN;PAO,Zalgiris Kaunas;EA7 Emporio Armani Milan;Zenit St Petersburg;Panathinaikos AKTOR Athens,https://media-cdn.incrowdsports.com/0aa09358-3847-4c4e-b228-3582ee4e536d.png;https://media-cdn.incrowdsports.com/8154f184-c61a-4e7f-b14d-9d802e35cb95.png;https://media-cdn.incrowdsports.com/4c571fd6-52f1-428c-94a5-9143fbbb4fe3.png;https://media-cdn.incrowdsports.com/e3dff28a-9ec6-4faf-9d96-ecbc68f75780.png
644,69.0,63.0,19.45048309178744,9.6,3.8,6.3,61.3%,0.0,0.0,0%,1.9,2.5,74.3%,2.2,2.6,4.9,0.4,0.4,0.8,1.2,0.3,2.2,2.2,12.2,003034,"PARAKHOUSKI, ARTSIOM",30,https://media-cdn.incrowdsports.com/1a4d27b2-aa3a-483e-ac9f-89667f327fba.png,NOV;UNK;TEL,NIZ;UNK;MTA,BC Nizhny Novgorod;UNICS Kazan;Maccabi Playtika Tel Aviv,https://media-cdn.incrowdsports.com/dddcfb2d-29ff-4588-a297-654b4cd72c68.png;https://media-cdn.incrowdsports.com/70b00b96-e98a-42ba-9997-39d70a895157.png;https://media-cdn.incrowdsports.com/5c55ef14-29df-4328-bd52-a7a64c432350.png
645,68.0,42.0,20.741911764705883,10.0,4.1,7.0,59.2%,0.0,0.1,25%,1.7,2.7,62.8%,1.2,3.1,4.2,1.7,0.8,1.2,0.2,0.4,1.8,2.5,12.2,LGD,"ELIYAHU, LIOR",27,,BAS;TEL,CLA;MAC,Baskonia Vitoria-Gasteiz;Maccabi Playtika Tel Aviv,https://media-cdn.incrowdsports.com/e324a6af-2a72-443e-9813-8bf2d364ddab.png;https://media-cdn.incrowdsports.com/5c55ef14-29df-4328-bd52-a7a64c432350.png
646,54.0,45.0,26.65987654320988,11.6,3.0,6.1,49.5%,0.7,2.6,28.2%,3.3,4.2,77.9%,0.8,2.7,3.5,3.1,1.3,2.5,0.1,0.5,2.6,4.3,12.3,BDB,"COLLINS, DeJUAN",35,,BER;ZAL,BER;ZAL,ALBA Berlin;Zalgiris Kaunas,https://media-cdn.incrowdsports.com/ccc34858-22b0-47dc-904c-9940b0a16ff3.png;https://media-cdn.incrowdsports.com/0aa09358-3847-4c4e-b228-3582ee4e536d.png
646,189.0,85.0,19.129541446208112,8.4,3.4,5.5,61.7%,0.0,0.1,26.3%,1.6,2.2,71.9%,2.2,3.3,5.5,0.9,0.6,1.0,1.0,0.3,2.2,2.1,12.3,004887,"POIRIER, VINCENT",31,https://media-cdn.incrowdsports.com/d24532c7-b1b3-42b5-b5e9-232d495fce34.png,BAS;MAD;IST,KBA;RMB;EFS,Baskonia Vitoria-Gasteiz;Real Madrid;Anadolu Efes Istanbul,https://media-cdn.incrowdsports.com/e324a6af-2a72-443e-9813-8bf2d364ddab.png;https://media-cdn.incrowdsports.com/1a3e1404-4f6f-4ede-9d8b-30eee7cb51b4.png;https://media-cdn.incrowdsports.com/8ea8cec7-d8f7-45f4-a956-d976b5867610.png
648,175.0,138.0,19.529809523809526,9.0,3.7,6.2,58.9%,0.0,0.0,0%,1.7,2.8,59.8%,1.8,3.4,5.2,1.6,0.5,1.4,0.5,0.2,2.3,3.1,12.3,002507,"TOMIC, ANTE",32,https://media-cdn.incrowdsports.com/2667174b-7474-4889-8212-fc2acb612c1b.png,MAD;BAR,RMD;FCB,Real Madrid;FC Barcelona,https://media-cdn.incrowdsports.com/1a3e1404-4f6f-4ede-9d8b-30eee7cb51b4.png;https://media-cdn.incrowdsports.com/35dfa503-e417-481f-963a-bdf6f013763e.png
649,74.0,50.0,24.979054054054053,10.7,3.6,7.1,50.9%,0.5,1.5,35.5%,1.9,2.4,76.1%,1.3,3.2,4.4,1.8,0.8,1.4,0.4,0.3,1.6,2.5,12.3,004425,"BROWN, DERRICK",32,https://media-cdn.incrowdsports.com/8fddf0db-25a5-4821-95d4-fbead11ac569.png,TIV;IST;RED,LOK;EFS;CZV,Lokomotiv Kuban;Anadolu Efes Istanbul;Crvena Zvezda Meridianbet Belgrade,https://media-cdn.incrowdsports.com/10d99d78-4206-411d-83d2-db7abc63c6ae.png;https://media-cdn.incrowdsports.com/8ea8cec7-d8f7-45f4-a956-d976b5867610.png;https://media-cdn.incrowdsports.com/d2eef4a8-62df-4fdd-9076-276004268515.png
650,112.0,81.0,24.858184523809523,10.6,2.5,4.4,55.8%,1.3,3.1,40.9%,1.8,2.3,78.4%,1.0,3.4,4.4,1.3,0.9,1.3,0.4,0.2,1.6,2.3,12.4,010357,"YABUSELE, GUERSCHON",28,https://media-cdn.incrowdsports.com/7836b84b-e952-47c7-9683-4f8645eea386.png,ASV;MAD,ASV;RMB,LDLC ASVEL Villeurbanne;Real Madrid,https://media-cdn.incrowdsports.com/e33c6d1a-95ca-4dbc-b8cb-0201812104cc.png;https://media-cdn.incrowdsports.com/1a3e1404-4f6f-4ede-9d8b-30eee7cb51b4.png
651,179.0,134.0,25.345716945996276,11.7,3.3,6.7,49.1%,1.1,3.5,32.7%,1.7,2.0,85.1%,0.5,2.2,2.8,4.7,1.1,2.4,0.1,0.4,1.8,2.5,12.4,009622,"BROWN, LORENZO",34,https://media-cdn.incrowdsports.com/6094f620-9518-4136-a1a1-06b77c6ee708.png,RED;ULK;UNK;TEL;PAN,CZV;FNB;UNK;MTA;PAO,Crvena Zvezda Meridianbet Belgrade;Fenerbahce Beko Istanbul;UNICS Kazan;Maccabi Playtika Tel Aviv;Panathinaikos AKTOR Athens,https://media-cdn.incrowdsports.com/d2eef4a8-62df-4fdd-9076-276004268515.png;https://media-cdn.cortextech.io/3b7f020e-5b39-49a1-b4b2-efea918edab7.png;https://media-cdn.incrowdsports.com/70b00b96-e98a-42ba-9997-39d70a895157.png;https://media-cdn.incrowdsports.com/5c55ef14-29df-4328-bd52-a7a64c432350.png;https://media-cdn.incrowdsports.com/e3dff28a-9ec6-4faf-9d96-ecbc68f75780.png
652,126.0,95.0,23.341005291005292,11.4,3.2,6.1,52.4%,1.1,2.9,39.2%,1.7,2.0,83.2%,0.3,2.0,2.3,3.7,1.2,1.7,0.0,0.3,1.6,2.4,12.4,010568,"JONES, CHRIS",30,https://media-cdn.incrowdsports.com/7cbec5f6-7aa3-49d1-8db1-7dc304a70c37.png,TEL;ASV;PAM,MTA;ASV;VBC,Maccabi Playtika Tel Aviv;LDLC ASVEL Villeurbanne;Valencia Basket,https://media-cdn.incrowdsports.com/5c55ef14-29df-4328-bd52-a7a64c432350.png;https://media-cdn.incrowdsports.com/e33c6d1a-95ca-4dbc-b8cb-0201812104cc.png;https://media-cdn.cortextech.io/d88f3c71-1519-4b19-8cfb-99e26a4c008e.png
653,286.0,252.0,25.95425407925408,9.3,2.9,5.6,51.5%,0.9,2.9,29.8%,0.9,1.7,51.6%,0.5,3.3,3.9,6.2,1.3,2.3,0.1,0.4,2.3,2.3,12.5,001932,"CALATHES, NICK",35,https://media-cdn.incrowdsports.com/b3944598-7108-4b0a-a4e7-f8a628b8fbff.png,PAN;BAR;ULK;MCO,PAO;FCB;FBB;ASM,Panathinaikos AKTOR Athens;FC Barcelona;Fenerbahce Beko Istanbul;AS Monaco,https://media-cdn.incrowdsports.com/e3dff28a-9ec6-4faf-9d96-ecbc68f75780.png;https://media-cdn.incrowdsports.com/35dfa503-e417-481f-963a-bdf6f013763e.png;https://media-cdn.cortextech.io/3b7f020e-5b39-49a1-b4b2-efea918edab7.png;https://media-cdn.incrowdsports.com/89ed276a-2ba3-413f-8ea2-b3be209ca129.png
654,214.0,173.0,25.6398753894081,13.2,1.8,3.8,47.3%,2.5,6.8,37.1%,2.1,2.4,85.3%,0.3,1.7,2.0,3.4,1.2,1.9,0.0,0.3,1.7,3.1,12.5,006661,"WILBEKIN, SCOTTIE",31,https://media-cdn.incrowdsports.com/dfcc2d01-1bfe-465a-81dd-f51457ff4287.png,DAR;TEL;ULK,DDI;MTA;FBB,Darussafaka Basketbol;Maccabi Playtika Tel Aviv;Fenerbahce Beko Istanbul,https://media-cdn.incrowdsports.com/9ceb124a-7ee1-4db5-8d8c-7d485980b989.png;https://media-cdn.incrowdsports.com/5c55ef14-29df-4328-bd52-a7a64c432350.png;https://media-cdn.cortextech.io/3b7f020e-5b39-49a1-b4b2-efea918edab7.png
655,128.0,78.0,23.268359375,10.8,3.7,7.3,50.2%,0.4,0.9,45.1%,2.2,2.8,78.8%,1.4,4.1,5.4,0.8,0.6,1.4,0.4,0.4,2.1,3.1,12.5,AKT,"ANDERSEN, DAVID",32,,VIR;CSK;BAR;SIE;ULK,VIR;CSK;FCB;MPS;FBU,Virtus Bologna;CSKA Moscow;FC Barcelona;Montepaschi Siena;Fenerbahce Beko Istanbul,https://media-cdn.cortextech.io/1362801d-dd09-4fd0-932d-ead56063ab77.png;https://media-cdn.incrowdsports.com/b6a59212-7feb-4f8c-86c2-5e8f07625e3e.png;https://media-cdn.incrowdsports.com/35dfa503-e417-481f-963a-bdf6f013763e.png;https://media-cdn.incrowdsports.com/1d94a55f-b8c7-459c-951e-8177f5f3eebe.png;https://media-cdn.cortextech.io/3b7f020e-5b39-49a1-b4b2-efea918edab7.png
656,53.0,33.0,26.5251572327044,13.3,2.5,4.7,53%,2.2,6.2,36.2%,1.7,2.2,76.9%,0.5,2.3,2.8,1.7,2.1,1.3,0.5,0.2,2.1,2.4,12.5,CTN,"SMITH, CHARLES",35,,PES;MAD;IST;ROM,PES;RMD;EFS;ROM,Scavolini Pesaro;Real Madrid;Anadolu Efes Istanbul;Pallacanestro Virtus Roma,https://media-cdn.incrowdsports.com/4ea03b00-c6e0-455c-88a6-cf86640a8dd8.png;https://media-cdn.incrowdsports.com/1a3e1404-4f6f-4ede-9d8b-30eee7cb51b4.png;https://media-cdn.incrowdsports.com/8ea8cec7-d8f7-45f4-a956-d976b5867610.png;https://media-cdn.incrowdsports.com/e5836b62-9939-4063-b5e5-cc2f5804c142.png
657,100.0,63.0,26.426,9.0,2.4,4.9,48.6%,0.8,2.7,31.5%,1.7,2.2,77.5%,0.8,2.5,3.3,5.3,1.7,2.6,0.1,0.2,2.0,2.8,12.5,006754,"HENRY, PIERRIA",29,https://media-cdn.incrowdsports.com/077c05d4-8009-41af-b7d3-0c3d5dffd65c.png,ULK;BAS,FBB;TDS,Fenerbahce Beko Istanbul;Baskonia Vitoria-Gasteiz,https://media-cdn.cortextech.io/3b7f020e-5b39-49a1-b4b2-efea918edab7.png;https://media-cdn.incrowdsports.com/e324a6af-2a72-443e-9813-8bf2d364ddab.png
658,140.0,109.0,24.73,12.8,2.6,5.2,49.4%,1.6,4.5,35.7%,2.8,3.2,87.6%,0.5,2.5,3.0,2.7,1.0,1.6,0.1,0.3,2.8,3.6,12.5,009754,"LOYD, JORDAN",31,https://media-cdn.incrowdsports.com/215f2623-efe0-44f4-b8b1-e4d466ae2d19.png,PAM;RED;DYR;TEL;MCO,VBC;CZV;ZEN;MTA;ASM,Valencia Basket;Crvena Zvezda Meridianbet Belgrade;Zenit St Petersburg;Maccabi Playtika Tel Aviv;AS Monaco,https://media-cdn.cortextech.io/d88f3c71-1519-4b19-8cfb-99e26a4c008e.png;https://media-cdn.incrowdsports.com/d2eef4a8-62df-4fdd-9076-276004268515.png;https://media-cdn.incrowdsports.com/4c571fd6-52f1-428c-94a5-9143fbbb4fe3.png;https://media-cdn.incrowdsports.com/5c55ef14-29df-4328-bd52-a7a64c432350.png;https://media-cdn.incrowdsports.com/89ed276a-2ba3-413f-8ea2-b3be209ca129.png
659,78.0,50.0,26.12542735042735,14.6,2.4,4.6,51.5%,1.9,5.2,37.3%,4.0,4.9,81.1%,0.4,1.4,1.8,2.2,1.1,2.0,0.0,0.4,2.8,4.4,12.6,AUP,"VUJANIC, MILOS",28,,PAR;FOR;BAR;PAN;IST,PAR;FOR;FCB;PAO;EFS,Partizan Mozzart Bet Belgrade;Fortitudo Pallacanestro Bologna 103;FC Barcelona;Panathinaikos AKTOR Athens;Anadolu Efes Istanbul,https://media-cdn.incrowdsports.com/2681304e-77dd-4331-88b1-683078c0fb49.png;https://media-cdn.incrowdsports.com/0a746cc0-eb26-481a-bab5-457cfc51eae5.png;https://media-cdn.incrowdsports.com/35dfa503-e417-481f-963a-bdf6f013763e.png;https://media-cdn.incrowdsports.com/e3dff28a-9ec6-4faf-9d96-ecbc68f75780.png;https://media-cdn.incrowdsports.com/8ea8cec7-d8f7-45f4-a956-d976b5867610.png
660,121.0,36.0,25.639531680440772,12.7,2.9,5.7,51.1%,1.3,3.7,36%,2.9,3.5,84.8%,0.2,2.1,2.3,3.7,0.8,2.2,0.1,0.2,2.2,3.2,12.6,011212,"OKOBO, ELIE",27,https://media-cdn.incrowdsports.com/2383a124-8ef4-4332-80e6-2205022f82e9.png,ASV;MCO,ASV;ASM,LDLC ASVEL Villeurbanne;AS Monaco,https://media-cdn.incrowdsports.com/e33c6d1a-95ca-4dbc-b8cb-0201812104cc.png;https://media-cdn.incrowdsports.com/89ed276a-2ba3-413f-8ea2-b3be209ca129.png
661,131.0,85.0,25.96590330788804,12.0,1.8,3.6,50.4%,1.7,4.4,39.7%,3.2,3.8,84.4%,0.4,1.4,1.8,2.8,0.9,1.8,0.0,0.2,2.0,4.2,12.6,ATA,"LAKOVIC, JAKA",33,,MES;PAN;BAR;GAL,MES;PAO;FCB;GSL,KK Krka Novo Mesto;Panathinaikos AKTOR Athens;FC Barcelona;Galatasaray Spor Kulubu,https://media-cdn.incrowdsports.com/8838f790-f665-472a-8cea-527f9e4a2458.png;https://media-cdn.incrowdsports.com/e3dff28a-9ec6-4faf-9d96-ecbc68f75780.png;https://media-cdn.incrowdsports.com/35dfa503-e417-481f-963a-bdf6f013763e.png;https://media-cdn.cortextech.io/95056dbe-7949-4b65-921d-ed9b59c0791c.png
662,152.0,143.0,21.37510964912281,7.7,3.2,4.3,73.6%,0.0,0.0,0%,1.3,2.5,54.5%,1.7,2.9,4.6,1.9,0.4,1.2,1.0,0.2,2.1,2.8,12.6,008811,"FALL, MOUSTAPHA",32,https://media-cdn.incrowdsports.com/691e5b14-6518-4067-8343-013b90f2fd3f.png,ASV;OLY,ASV;OLY,LDLC ASVEL Villeurbanne;Olympiacos Piraeus,https://media-cdn.incrowdsports.com/e33c6d1a-95ca-4dbc-b8cb-0201812104cc.png;https://media-cdn.incrowdsports.com/789423ac-3cdf-4b89-b11c-b458aa5f59a6.png
663,62.0,36.0,22.86048387096774,11.1,3.9,7.2,54.4%,0.0,0.0,0%,3.3,4.6,71.9%,1.8,2.9,4.7,0.6,0.6,1.0,0.6,0.3,2.8,3.7,12.6,AUO,"KRSTIC, NENAD",32,,PAR;CSK;IST,PAR;CSK;EFS,Partizan Mozzart Bet Belgrade;CSKA Moscow;Anadolu Efes Istanbul,https://media-cdn.incrowdsports.com/2681304e-77dd-4331-88b1-683078c0fb49.png;https://media-cdn.incrowdsports.com/b6a59212-7feb-4f8c-86c2-5e8f07625e3e.png;https://media-cdn.incrowdsports.com/8ea8cec7-d8f7-45f4-a956-d976b5867610.png
664,171.0,145.0,27.005847953216374,12.0,2.9,5.4,54.2%,1.5,3.8,38.8%,1.8,2.3,81.3%,0.7,2.7,3.5,1.9,0.8,1.4,0.2,0.3,1.6,2.6,12.7,007831,"SHIELDS, SHAVON",30,https://media-cdn.incrowdsports.com/cc164c6b-d942-4733-a6ff-dc4544e1a6c2.png,BAS;MIL,KBA;EA7,Baskonia Vitoria-Gasteiz;EA7 Emporio Armani Milan,https://media-cdn.incrowdsports.com/e324a6af-2a72-443e-9813-8bf2d364ddab.png;https://media-cdn.incrowdsports.com/8154f184-c61a-4e7f-b14d-9d802e35cb95.png
665,30.0,26.0,24.83388888888889,10.9,2.4,4.1,59.8%,1.4,3.5,40%,1.8,2.2,83.3%,0.7,2.0,2.7,2.9,1.2,1.9,0.2,0.2,1.9,3.0,12.7,001150,"CALLOWAY, EARL",30,,CIB;MAL,CIB;UNI,KK Cibona;Unicaja Malaga,https://media-cdn.incrowdsports.com/2bc7884a-4fe7-4362-9d4f-ba2ad8a0239d.png;https://media-cdn.incrowdsports.com/6342214b-684b-421f-8960-5d20354458da.png
666,98.0,94.0,30.03622448979592,13.3,2.6,4.7,55.4%,2.1,5.1,41.2%,1.9,2.2,83.9%,0.5,2.8,3.2,1.4,1.3,1.5,0.1,0.2,2.1,2.7,12.8,BEB,"LANGDON, TRAJAN",34,,TRE;IST;CSK,TRE;EFS;CSK,Benetton Basket Treviso;Anadolu Efes Istanbul;CSKA Moscow,https://media-cdn.incrowdsports.com/0636c1b0-de3e-4ca9-bd2c-e30a4f485114.png;https://media-cdn.incrowdsports.com/8ea8cec7-d8f7-45f4-a956-d976b5867610.png;https://media-cdn.incrowdsports.com/b6a59212-7feb-4f8c-86c2-5e8f07625e3e.png
667,25.0,21.0,26.49266666666667,12.0,3.0,6.3,48.1%,1.5,3.4,43%,1.5,2.0,74%,0.5,3.0,3.5,3.8,1.1,2.5,0.1,0.2,1.8,2.6,12.8,003423,"FARMAR, JORDAN",29,,IST;TEL,EFS;MAC,Anadolu Efes Istanbul;Maccabi Playtika Tel Aviv,https://media-cdn.incrowdsports.com/8ea8cec7-d8f7-45f4-a956-d976b5867610.png;https://media-cdn.incrowdsports.com/5c55ef14-29df-4328-bd52-a7a64c432350.png
668,63.0,60.0,31.312169312169313,12.7,3.1,6.8,46%,1.0,3.1,32.7%,3.3,4.1,81.8%,0.4,2.2,2.6,3.2,1.8,2.0,0.0,0.6,2.4,4.2,12.8,BXD,"PENN, SCOONIE",32,,PES;CIB;IST;OLY,PES;CIB;EFS;OLY,Scavolini Pesaro;KK Cibona;Anadolu Efes Istanbul;Olympiacos Piraeus,https://media-cdn.incrowdsports.com/4ea03b00-c6e0-455c-88a6-cf86640a8dd8.png;https://media-cdn.incrowdsports.com/2bc7884a-4fe7-4362-9d4f-ba2ad8a0239d.png;https://media-cdn.incrowdsports.com/8ea8cec7-d8f7-45f4-a956-d976b5867610.png;https://media-cdn.incrowdsports.com/789423ac-3cdf-4b89-b11c-b458aa5f59a6.png
669,67.0,53.0,24.049502487562187,9.0,3.0,5.4,55.6%,0.0,0.0,0%,3.1,4.8,64.3%,2.1,4.1,6.2,1.1,0.5,1.9,0.4,0.3,2.5,4.4,12.8,AFO,"SKELIN, MATE",32,,MES;FOR;PAU;CIB;LEM,MES;FOR;PAU;CIB;LMS,KK Krka Novo Mesto;Fortitudo Pallacanestro Bologna 103;Elan Bearnais Pau-Lacq-Orthez;KK Cibona;Le Mans Sarthe Basket,https://media-cdn.incrowdsports.com/8838f790-f665-472a-8cea-527f9e4a2458.png;https://media-cdn.incrowdsports.com/0a746cc0-eb26-481a-bab5-457cfc51eae5.png;https://media-cdn.incrowdsports.com/4550b11c-3680-44b2-a512-f0b4ff304b59.png;https://media-cdn.incrowdsports.com/2bc7884a-4fe7-4362-9d4f-ba2ad8a0239d.png;https://media-cdn.incrowdsports.com/25203b2d-cb6c-4614-926a-e55109f98238.png
670,78.0,39.0,20.994871794871795,10.6,4.0,6.6,60.2%,0.0,0.0,0%,2.6,4.5,58.5%,1.6,3.4,5.0,1.0,0.9,1.5,0.7,0.4,2.8,3.9,12.8,CBY,"SPLITTER, TIAGO",39,,BAS;PRS,CLA;PBB,Baskonia Vitoria-Gasteiz;Paris Basketball,https://media-cdn.incrowdsports.com/e324a6af-2a72-443e-9813-8bf2d364ddab.png;https://media-cdn.incrowdsports.com/a033e5b3-0de7-48a3-98d9-d9a4b9df1f39.png
671,56.0,53.0,29.58660714285714,12.7,3.2,6.6,48.9%,1.0,3.5,29.9%,3.2,3.9,81.9%,1.0,2.1,3.2,2.4,2.1,1.6,0.2,0.3,2.9,3.7,12.9,KZA,"HAWKINS, DAVID",28,,ROM;SIE;MIL,ROM;MPS;MIL,Pallacanestro Virtus Roma;Montepaschi Siena;EA7 Emporio Armani Milan,https://media-cdn.incrowdsports.com/e5836b62-9939-4063-b5e5-cc2f5804c142.png;https://media-cdn.incrowdsports.com/1d94a55f-b8c7-459c-951e-8177f5f3eebe.png;https://media-cdn.incrowdsports.com/8154f184-c61a-4e7f-b14d-9d802e35cb95.png
672,140.0,113.0,22.37654761904762,8.0,2.4,4.5,54.2%,0.6,1.7,35.6%,1.3,1.8,72.4%,1.7,3.7,5.5,3.7,0.9,2.1,0.3,0.3,2.3,2.9,12.9,006589,"SIKMA, LUKE",34,https://media-cdn.incrowdsports.com/ae703049-980c-4ddc-8c4f-f920ee5e7710.png,BER;OLY,BER;OLY,ALBA Berlin;Olympiacos Piraeus,https://media-cdn.incrowdsports.com/ccc34858-22b0-47dc-904c-9940b0a16ff3.png;https://media-cdn.incrowdsports.com/789423ac-3cdf-4b89-b11c-b458aa5f59a6.png
673,299.0,104.0,24.225919732441472,10.2,1.9,3.9,47.7%,1.3,3.3,40%,2.5,2.8,89.4%,0.4,1.9,2.3,5.0,0.7,2.1,0.1,0.3,1.6,3.1,12.9,001926,"SLOUKAS, KOSTAS",34,https://media-cdn.incrowdsports.com/ff4f77e9-8492-462b-9661-d6ca746d51c6.png,ULK;OLY;PAN,FNB;OLY;PAO,Fenerbahce Beko Istanbul;Olympiacos Piraeus;Panathinaikos AKTOR Athens,https://media-cdn.cortextech.io/3b7f020e-5b39-49a1-b4b2-efea918edab7.png;https://media-cdn.incrowdsports.com/789423ac-3cdf-4b89-b11c-b458aa5f59a6.png;https://media-cdn.incrowdsports.com/e3dff28a-9ec6-4faf-9d96-ecbc68f75780.png
674,39.0,36.0,27.01880341880342,12.2,1.7,3.6,47.9%,2.3,5.7,40.6%,1.7,2.0,88.3%,0.6,1.4,1.9,4.4,2.0,2.2,0.0,0.3,1.9,2.4,13.0,KWI,"MCINTYRE, TERRELL",33,,SIE;MAL,MPS;UNI,Montepaschi Siena;Unicaja Malaga,https://media-cdn.incrowdsports.com/1d94a55f-b8c7-459c-951e-8177f5f3eebe.png;https://media-cdn.incrowdsports.com/6342214b-684b-421f-8960-5d20354458da.png
675,50.0,44.0,24.949666666666666,12.3,3.6,6.5,55%,1.0,2.8,34.8%,2.2,3.0,72.7%,1.4,3.5,5.0,0.5,0.7,1.3,1.2,0.3,2.4,2.9,13.0,KMV,"HAISLIP, MARCUS",30,,ULK;IST;MAL;PAN;BAS,ULK;EFS;UNI;PAO;CLA,Fenerbahce Beko Istanbul;Anadolu Efes Istanbul;Unicaja Malaga;Panathinaikos AKTOR Athens;Baskonia Vitoria-Gasteiz,https://media-cdn.cortextech.io/3b7f020e-5b39-49a1-b4b2-efea918edab7.png;https://media-cdn.incrowdsports.com/8ea8cec7-d8f7-45f4-a956-d976b5867610.png;https://media-cdn.incrowdsports.com/6342214b-684b-421f-8960-5d20354458da.png;https://media-cdn.incrowdsports.com/e3dff28a-9ec6-4faf-9d96-ecbc68f75780.png;https://media-cdn.incrowdsports.com/e324a6af-2a72-443e-9813-8bf2d364ddab.png
675,44.0,22.0,23.546212121212122,9.0,2.5,3.8,66.3%,1.0,2.5,41.1%,0.8,1.1,66%,1.3,4.4,5.7,1.1,0.6,1.1,1.4,0.1,1.6,1.1,13.0,LTS,"MORRIS, TERENCE",31,,TEL;CSK;BAR,MAC;CSK;FCB,Maccabi Playtika Tel Aviv;CSKA Moscow;FC Barcelona,https://media-cdn.incrowdsports.com/5c55ef14-29df-4328-bd52-a7a64c432350.png;https://media-cdn.incrowdsports.com/b6a59212-7feb-4f8c-86c2-5e8f07625e3e.png;https://media-cdn.incrowdsports.com/35dfa503-e417-481f-963a-bdf6f013763e.png
677,41.0,8.0,22.350813008130082,10.7,4.1,7.4,56%,0.0,0.1,20%,2.4,2.9,82.9%,1.3,3.7,5.0,1.1,0.8,1.7,0.9,0.4,2.5,3.1,13.1,AFN,"NICEVIC, SANDRO",31,,CIB;LJU;AEK;MAL;LEM,CIB;LJU;AEK;UNI;LMS,KK Cibona;KK Cedevita Olimpija;AEK Athens;Unicaja Malaga;Le Mans Sarthe Basket,https://media-cdn.incrowdsports.com/2bc7884a-4fe7-4362-9d4f-ba2ad8a0239d.png;https://media-cdn.incrowdsports.com/73b33d13-570e-4e49-a9cb-fe806831eaa7.png;https://media-cdn.incrowdsports.com/b51b0af8-ac03-4093-8858-9b4d71830fe7.png;https://media-cdn.incrowdsports.com/6342214b-684b-421f-8960-5d20354458da.png;https://media-cdn.incrowdsports.com/25203b2d-cb6c-4614-926a-e55109f98238.png
678,102.0,88.0,26.676797385620915,11.2,2.8,5.1,54.9%,1.3,3.4,38.3%,1.7,2.1,79.3%,0.8,1.6,2.4,4.7,1.2,1.8,0.5,0.2,2.4,2.4,13.1,011078,"THOMPSON, DARIUS",29,https://media-cdn.incrowdsports.com/569effee-e3b6-442e-8f83-73e4321c7de8.png,BAS;IST,BKN;EFS,Baskonia Vitoria-Gasteiz;Anadolu Efes Istanbul,https://media-cdn.incrowdsports.com/e324a6af-2a72-443e-9813-8bf2d364ddab.png;https://media-cdn.incrowdsports.com/8ea8cec7-d8f7-45f4-a956-d976b5867610.png
679,47.0,39.0,27.68758865248227,11.2,3.3,5.9,56.2%,1.0,3.1,33.3%,1.5,1.8,83.5%,0.9,2.9,3.9,3.9,0.8,2.1,0.2,0.3,1.6,2.2,13.1,000357,"SCHILB, BLAKE",33,https://media-cdn.cortextech.io/ea6e27c6-3bf7-43d6-b3c0-0fb63b4c2d6d.png,CHL;RED;GAL,ELA;CZT;GSO,Elan Sportif Chalonnais;Crvena Zvezda Meridianbet Belgrade;Galatasaray Spor Kulubu,https://media-cdn.incrowdsports.com/ce981523-5c54-4fab-8a3d-90c527eb9627.png;https://media-cdn.incrowdsports.com/d2eef4a8-62df-4fdd-9076-276004268515.png;https://media-cdn.cortextech.io/95056dbe-7949-4b65-921d-ed9b59c0791c.png
680,91.0,65.0,26.145421245421243,14.3,2.5,5.2,48.8%,2.0,5.0,39.7%,3.2,3.8,86%,0.4,1.6,2.0,2.3,1.2,1.7,0.1,0.3,2.1,3.9,13.3,AJO,"BULLOCK, LOUIS",33,,VER;MAL;MAD,VER;UNI;RMD,Scaligera Basket Verona;Unicaja Malaga;Real Madrid,https://media-cdn.incrowdsports.com/039b7e85-7c5d-4b94-a682-2c119c029bc1.png;https://media-cdn.incrowdsports.com/6342214b-684b-421f-8960-5d20354458da.png;https://media-cdn.incrowdsports.com/1a3e1404-4f6f-4ede-9d8b-30eee7cb51b4.png
681,52.0,36.0,26.5625,10.8,2.8,6.0,47.6%,0.5,2.0,27.2%,3.5,4.4,79.2%,1.3,2.9,4.2,3.4,1.9,2.4,0.0,0.3,2.9,4.0,13.3,CBZ,"VANTERPOOL, DAVID",33,,SIE;CSK,MPS;CSK,Montepaschi Siena;CSKA Moscow,https://media-cdn.incrowdsports.com/1d94a55f-b8c7-459c-951e-8177f5f3eebe.png;https://media-cdn.incrowdsports.com/b6a59212-7feb-4f8c-86c2-5e8f07625e3e.png
682,42.0,33.0,30.834126984126982,11.6,2.9,5.3,54.8%,1.0,3.0,33.1%,2.9,3.8,75.5%,0.6,2.1,2.7,3.2,2.0,1.7,0.1,0.2,2.9,3.8,13.3,APC,"McDONALD, ARRIEL",36,,TEL;PAN;SIE,MAC;PAO;MPS,Maccabi Playtika Tel Aviv;Panathinaikos AKTOR Athens;Montepaschi Siena,https://media-cdn.incrowdsports.com/5c55ef14-29df-4328-bd52-a7a64c432350.png;https://media-cdn.incrowdsports.com/e3dff28a-9ec6-4faf-9d96-ecbc68f75780.png;https://media-cdn.incrowdsports.com/1d94a55f-b8c7-459c-951e-8177f5f3eebe.png
683,55.0,48.0,27.726666666666667,14.9,3.4,6.6,51.7%,2.1,5.3,39.7%,1.9,2.1,88.8%,0.4,2.2,2.6,2.3,0.7,1.4,0.1,0.1,1.9,2.8,13.3,004903,"GOUDELOCK, ANDREW",29,https://media-cdn.cortextech.io/b5878642-6f2a-4e7c-8461-808d299d85f0.png,ULK;TEL;MIL,FBU;MTA;AXM,Fenerbahce Beko Istanbul;Maccabi Playtika Tel Aviv;EA7 Emporio Armani Milan,https://media-cdn.cortextech.io/3b7f020e-5b39-49a1-b4b2-efea918edab7.png;https://media-cdn.incrowdsports.com/5c55ef14-29df-4328-bd52-a7a64c432350.png;https://media-cdn.incrowdsports.com/8154f184-c61a-4e7f-b14d-9d802e35cb95.png
684,64.0,58.0,28.81640625,13.8,4.2,7.8,54%,1.2,3.2,36.4%,1.9,2.5,75.3%,0.5,3.5,4.0,3.0,1.0,2.4,0.2,0.3,2.3,2.7,13.5,003443,"WEEMS, SONNY",31,https://media-cdn.cortextech.io/a6938d60-a1b5-42ab-8676-0e48bb4381f2.png,ZAL;CSK;TEL;IST,ZAL;CSK;MTA;EFS,Zalgiris Kaunas;CSKA Moscow;Maccabi Playtika Tel Aviv;Anadolu Efes Istanbul,https://media-cdn.incrowdsports.com/0aa09358-3847-4c4e-b228-3582ee4e536d.png;https://media-cdn.incrowdsports.com/b6a59212-7feb-4f8c-86c2-5e8f07625e3e.png;https://media-cdn.incrowdsports.com/5c55ef14-29df-4328-bd52-a7a64c432350.png;https://media-cdn.incrowdsports.com/8ea8cec7-d8f7-45f4-a956-d976b5867610.png
685,146.0,104.0,26.210388127853882,15.0,3.2,6.2,51.2%,1.8,4.6,39.2%,3.1,3.5,89.8%,0.3,1.7,2.0,2.2,1.0,1.4,0.1,0.5,2.2,3.5,13.5,009862,"PUNTER, KEVIN",31,https://media-cdn.incrowdsports.com/8f94477e-6387-41cd-b9b4-08d5dc2db4b8.png,OLY;RED;MIL;PAR;BAR,OLY;CZV;AXM;PAR;BAR,Olympiacos Piraeus;Crvena Zvezda Meridianbet Belgrade;EA7 Emporio Armani Milan;Partizan Mozzart Bet Belgrade;FC Barcelona,https://media-cdn.incrowdsports.com/789423ac-3cdf-4b89-b11c-b458aa5f59a6.png;https://media-cdn.incrowdsports.com/d2eef4a8-62df-4fdd-9076-276004268515.png;https://media-cdn.incrowdsports.com/8154f184-c61a-4e7f-b14d-9d802e35cb95.png;https://media-cdn.incrowdsports.com/2681304e-77dd-4331-88b1-683078c0fb49.png;https://media-cdn.incrowdsports.com/35dfa503-e417-481f-963a-bdf6f013763e.png
686,41.0,38.0,26.56260162601626,9.5,3.8,6.0,63.3%,0.0,0.0,0%,1.8,3.6,51.4%,2.3,4.7,7.0,0.9,1.1,2.0,1.2,0.1,3.4,3.4,13.5,AKY,"GRIFFITH, RASHARD",29,,VIR;BAS;ROM,VIR;BKN;ROM,Virtus Bologna;Baskonia Vitoria-Gasteiz;Pallacanestro Virtus Roma,https://media-cdn.cortextech.io/1362801d-dd09-4fd0-932d-ead56063ab77.png;https://media-cdn.incrowdsports.com/e324a6af-2a72-443e-9813-8bf2d364ddab.png;https://media-cdn.incrowdsports.com/e5836b62-9939-4063-b5e5-cc2f5804c142.png
687,53.0,49.0,33.054716981132074,14.4,3.7,6.7,54.3%,1.4,4.1,33.8%,2.9,3.7,79%,0.5,2.3,2.8,3.2,1.2,1.9,0.0,0.4,3.0,3.8,13.5,AVD,"BOOKER, MELVIN",35,,PES;ULK;MIL,PES;ULK;MIL,Scavolini Pesaro;Fenerbahce Beko Istanbul;EA7 Emporio Armani Milan,https://media-cdn.incrowdsports.com/4ea03b00-c6e0-455c-88a6-cf86640a8dd8.png;https://media-cdn.cortextech.io/3b7f020e-5b39-49a1-b4b2-efea918edab7.png;https://media-cdn.incrowdsports.com/8154f184-c61a-4e7f-b14d-9d802e35cb95.png
688,47.0,31.0,23.195390070921988,9.6,3.8,6.6,57.4%,0.0,0.0,50%,1.9,3.4,57.2%,3.1,4.9,8.0,1.2,1.4,2.0,0.6,0.4,3.6,3.2,13.6,KNZ,"WATSON, TRAVIS",29,,FOR;MIL;ZAL,FOR;MIL;ZAL,Fortitudo Pallacanestro Bologna 103;EA7 Emporio Armani Milan;Zalgiris Kaunas,https://media-cdn.incrowdsports.com/0a746cc0-eb26-481a-bab5-457cfc51eae5.png;https://media-cdn.incrowdsports.com/8154f184-c61a-4e7f-b14d-9d802e35cb95.png;https://media-cdn.incrowdsports.com/0aa09358-3847-4c4e-b228-3582ee4e536d.png
689,166.0,135.0,25.703413654618473,13.7,3.7,7.6,49.1%,1.1,3.5,32.3%,2.9,3.6,80.5%,0.4,2.5,2.9,4.0,1.0,2.5,0.2,0.3,2.4,4.0,13.7,009863,"BALDWIN IV, WADE",28,https://media-cdn.incrowdsports.com/2e29a079-eedd-4e4e-bb7a-b129c0c9575e.png,OLY;MUN;BAS;TEL;ULK,OLY;BAY;BKN;MTA;FBB,Olympiacos Piraeus;FC Bayern Munich;Baskonia Vitoria-Gasteiz;Maccabi Playtika Tel Aviv;Fenerbahce Beko Istanbul,https://media-cdn.incrowdsports.com/789423ac-3cdf-4b89-b11c-b458aa5f59a6.png;https://media-cdn.incrowdsports.com/817b0e58-d595-4b09-ab0b-1e7cc26249ff.png;https://media-cdn.incrowdsports.com/e324a6af-2a72-443e-9813-8bf2d364ddab.png;https://media-cdn.incrowdsports.com/5c55ef14-29df-4328-bd52-a7a64c432350.png;https://media-cdn.cortextech.io/3b7f020e-5b39-49a1-b4b2-efea918edab7.png
690,99.0,83.0,22.503703703703707,9.1,3.6,5.6,65%,0.0,0.0,0%,1.9,2.8,67.8%,2.6,3.9,6.5,0.6,0.5,1.0,0.8,0.2,1.8,2.2,13.7,011199,"NEBO, JOSH",27,https://media-cdn.incrowdsports.com/96ccc0f9-fd2d-4da8-af58-8d1bfe2fd839.png,ZAL;TEL;MIL,ZAL;MTA;EA7,Zalgiris Kaunas;Maccabi Playtika Tel Aviv;EA7 Emporio Armani Milan,https://media-cdn.incrowdsports.com/0aa09358-3847-4c4e-b228-3582ee4e536d.png;https://media-cdn.incrowdsports.com/5c55ef14-29df-4328-bd52-a7a64c432350.png;https://media-cdn.incrowdsports.com/8154f184-c61a-4e7f-b14d-9d802e35cb95.png
691,63.0,3.0,21.63253968253968,10.9,2.6,4.8,55.3%,1.0,2.6,37%,2.7,3.7,73.5%,1.3,3.7,5.0,1.1,1.0,1.4,0.6,0.3,2.1,3.7,13.7,BLH,"LAVRINOVIC, KSISTOF",34,,SIE;ZAL,MPS;ZAL,Montepaschi Siena;Zalgiris Kaunas,https://media-cdn.incrowdsports.com/1d94a55f-b8c7-459c-951e-8177f5f3eebe.png;https://media-cdn.incrowdsports.com/0aa09358-3847-4c4e-b228-3582ee4e536d.png
692,112.0,72.0,24.13854166666667,13.2,5.0,8.8,56.9%,0.2,0.7,33.3%,2.5,3.8,66%,1.7,3.7,5.4,1.5,1.1,2.1,0.4,0.5,3.2,3.5,13.7,AJG,"SCOLA, LUIS",39,,BAS;MIL,BKN;AXM,Baskonia Vitoria-Gasteiz;EA7 Emporio Armani Milan,https://media-cdn.incrowdsports.com/e324a6af-2a72-443e-9813-8bf2d364ddab.png;https://media-cdn.incrowdsports.com/8154f184-c61a-4e7f-b14d-9d802e35cb95.png
693,209.0,140.0,20.12065390749601,8.2,3.0,4.9,62.6%,0.0,0.0,40%,2.1,2.7,75.9%,2.7,3.3,6.0,0.9,0.4,0.9,0.6,0.3,1.5,2.8,13.8,003941,"MILUTINOV, NIKOLA",30,https://media-cdn.incrowdsports.com/bda87c73-25f0-44ae-a726-7161d6a42976.png,PAR;CSK;OLY,PAR;CSK;OLY,Partizan Mozzart Bet Belgrade;CSKA Moscow;Olympiacos Piraeus,https://media-cdn.incrowdsports.com/2681304e-77dd-4331-88b1-683078c0fb49.png;https://media-cdn.incrowdsports.com/b6a59212-7feb-4f8c-86c2-5e8f07625e3e.png;https://media-cdn.incrowdsports.com/789423ac-3cdf-4b89-b11c-b458aa5f59a6.png
694,62.0,29.0,24.771774193548385,13.7,2.9,6.1,48.1%,1.3,3.5,38.8%,3.9,4.2,91.2%,0.5,1.7,2.2,3.0,1.1,2.1,0.1,0.4,2.2,4.1,13.8,CRR,"GREER, LYNN",32,,WRO;OLY;ULK;UNK,WKS;OLY;FBU;UNK,WKS Slask Wroclaw;Olympiacos Piraeus;Fenerbahce Beko Istanbul;UNICS Kazan,https://media-cdn.incrowdsports.com/0415061b-5374-4a0d-bc04-8fcbc8ad0bb3.png;https://media-cdn.incrowdsports.com/789423ac-3cdf-4b89-b11c-b458aa5f59a6.png;https://media-cdn.cortextech.io/3b7f020e-5b39-49a1-b4b2-efea918edab7.png;https://media-cdn.incrowdsports.com/70b00b96-e98a-42ba-9997-39d70a895157.png
695,99.0,80.0,27.883501683501684,15.7,3.3,6.3,52.6%,1.8,4.7,39.4%,3.5,4.4,80.3%,0.4,1.8,2.3,1.9,0.9,2.3,0.0,0.4,1.7,4.1,13.9,ANB,"RAKOCEVIC, IGOR",33,https://media-cdn.incrowdsports.com/f0ca2191-3e56-41b0-9baf-c8e646a010a3.png,BUD;MAD;BAS;IST;SIE,BUD;RMD;BKN;EFS;MPS,KK Buducnost;Real Madrid;Baskonia Vitoria-Gasteiz;Anadolu Efes Istanbul;Montepaschi Siena,https://media-cdn.incrowdsports.com/47161285-94b3-4266-9d23-b722e8600945.png;https://media-cdn.incrowdsports.com/1a3e1404-4f6f-4ede-9d8b-30eee7cb51b4.png;https://media-cdn.incrowdsports.com/e324a6af-2a72-443e-9813-8bf2d364ddab.png;https://media-cdn.incrowdsports.com/8ea8cec7-d8f7-45f4-a956-d976b5867610.png;https://media-cdn.incrowdsports.com/1d94a55f-b8c7-459c-951e-8177f5f3eebe.png
696,103.0,70.0,21.17443365695793,13.2,2.7,4.7,58.2%,1.4,3.6,40.1%,3.4,4.1,83.6%,0.6,2.1,2.7,2.2,0.3,1.4,0.2,0.3,1.3,3.2,13.9,006540,"MUSA, DZANAN",25,https://media-cdn.incrowdsports.com/33402fc3-96cf-4e53-ac32-2a46bc19b3d1.png,CED;IST;MAD,CED;EFS;RMB,KK Cedevita Zagreb;Anadolu Efes Istanbul;Real Madrid,https://media-cdn.incrowdsports.com/ba95084a-224c-4d4a-a306-37a386772f64.png;https://media-cdn.incrowdsports.com/8ea8cec7-d8f7-45f4-a956-d976b5867610.png;https://media-cdn.incrowdsports.com/1a3e1404-4f6f-4ede-9d8b-30eee7cb51b4.png
697,232.0,122.0,21.617241379310343,11.2,2.7,4.2,63.7%,1.3,3.4,40.2%,1.9,2.2,87.2%,1.2,3.3,4.5,1.2,0.7,0.6,0.2,0.2,1.3,2.0,13.9,003469,"VEZENKOV, SASHA",29,https://media-cdn.incrowdsports.com/da9926d3-ef9c-4704-930c-4be3eb1fd3c0.png,BAR;OLY,FCB;OLY,FC Barcelona;Olympiacos Piraeus,https://media-cdn.incrowdsports.com/35dfa503-e417-481f-963a-bdf6f013763e.png;https://media-cdn.incrowdsports.com/789423ac-3cdf-4b89-b11c-b458aa5f59a6.png
698,34.0,20.0,28.526470588235295,12.2,4.2,8.7,48.6%,0.0,0.0,0%,3.8,4.6,81.5%,2.1,3.5,5.5,1.2,0.7,1.6,0.5,0.2,2.8,3.7,13.9,KCH,"HUTSON, ANDRE",30,,IST;ROM,EFS;ROM,Anadolu Efes Istanbul;Pallacanestro Virtus Roma,https://media-cdn.incrowdsports.com/8ea8cec7-d8f7-45f4-a956-d976b5867610.png;https://media-cdn.incrowdsports.com/e5836b62-9939-4063-b5e5-cc2f5804c142.png
699,42.0,34.0,27.05595238095238,11.1,2.5,5.6,44.7%,1.2,2.9,42.1%,2.4,3.1,77.3%,1.0,3.3,4.3,3.1,2.1,1.8,0.2,0.2,2.1,2.8,14.0,LOC,"EIDSON, CHUCK",31,,LIE;TEL;BAR,LIE;MAC;FCB,Rytas Vilnius;Maccabi Playtika Tel Aviv;FC Barcelona,https://media-cdn.incrowdsports.com/894a55c9-4a15-40b0-a1b0-b0aec2ce3592.png;https://media-cdn.incrowdsports.com/5c55ef14-29df-4328-bd52-a7a64c432350.png;https://media-cdn.incrowdsports.com/35dfa503-e417-481f-963a-bdf6f013763e.png
700,184.0,109.0,25.494746376811598,11.6,3.0,5.7,52.7%,0.8,2.0,42.3%,3.1,3.5,86.7%,1.2,3.3,4.6,1.0,0.6,1.2,0.3,0.4,2.0,3.9,14.0,008987,"LEDAY, ZACH",30,https://media-cdn.incrowdsports.com/9e33219b-4fb2-46c7-bc55-2a04b583348a.png,OLY;ZAL;PAR;MIL,OLY;ZAL;PAR;EA7,Olympiacos Piraeus;Zalgiris Kaunas;Partizan Mozzart Bet Belgrade;EA7 Emporio Armani Milan,https://media-cdn.incrowdsports.com/789423ac-3cdf-4b89-b11c-b458aa5f59a6.png;https://media-cdn.incrowdsports.com/0aa09358-3847-4c4e-b228-3582ee4e536d.png;https://media-cdn.incrowdsports.com/2681304e-77dd-4331-88b1-683078c0fb49.png;https://media-cdn.incrowdsports.com/8154f184-c61a-4e7f-b14d-9d802e35cb95.png
701,34.0,24.0,18.770098039215686,9.8,3.8,6.4,59.6%,0.0,0.0,0%,2.2,3.0,73.3%,2.2,4.6,6.9,0.8,0.6,1.3,0.6,0.5,1.8,2.3,14.0,LMG,"MARJANOVIC, BOBAN",36,https://media-cdn.incrowdsports.com/f12e7ba3-2f66-4b8b-b62c-ea3e6ad45051.png,ZAL;CSK;RED;ULK,ZAL;CSK;CZT;FBB,Zalgiris Kaunas;CSKA Moscow;Crvena Zvezda Meridianbet Belgrade;Fenerbahce Beko Istanbul,https://media-cdn.incrowdsports.com/0aa09358-3847-4c4e-b228-3582ee4e536d.png;https://media-cdn.incrowdsports.com/b6a59212-7feb-4f8c-86c2-5e8f07625e3e.png;https://media-cdn.incrowdsports.com/d2eef4a8-62df-4fdd-9076-276004268515.png;https://media-cdn.cortextech.io/3b7f020e-5b39-49a1-b4b2-efea918edab7.png
702,54.0,40.0,26.310185185185187,12.3,4.4,8.2,53.2%,0.1,0.2,33.3%,3.4,4.2,82.3%,1.9,3.7,5.6,1.0,1.0,1.6,0.4,0.3,2.9,3.3,14.0,BDJ,"DAVID, KORNEL",34,,ZAL;BAS,ZAL;BKN,Zalgiris Kaunas;Baskonia Vitoria-Gasteiz,https://media-cdn.incrowdsports.com/0aa09358-3847-4c4e-b228-3582ee4e536d.png;https://media-cdn.incrowdsports.com/e324a6af-2a72-443e-9813-8bf2d364ddab.png
703,46.0,44.0,33.92717391304348,11.3,3.7,7.1,51.7%,0.7,2.2,30.7%,2.0,2.9,69.7%,1.4,2.7,4.1,5.4,1.3,2.7,0.1,0.2,2.0,2.6,14.1,BAW,"COTA, ED",29,,OOS;BAR;ZAL,OOS;FCB;ZAL,Basketball Club Oostende;FC Barcelona;Zalgiris Kaunas,https://media-cdn.incrowdsports.com/b54070c4-f3f6-491b-a77d-a8cb062944de.png;https://media-cdn.incrowdsports.com/35dfa503-e417-481f-963a-bdf6f013763e.png;https://media-cdn.incrowdsports.com/0aa09358-3847-4c4e-b228-3582ee4e536d.png
704,38.0,35.0,32.03815789473684,15.1,3.4,7.3,46.8%,1.8,4.6,39.1%,2.9,3.8,75.2%,1.2,3.6,4.8,1.8,1.3,2.2,0.2,0.5,2.3,3.6,14.2,LCC,"WARREN, CHRIS",27,,CIB;AVE,CIB;AVE,KK Cibona;SS Felice Scandone,https://media-cdn.incrowdsports.com/2bc7884a-4fe7-4362-9d4f-ba2ad8a0239d.png;https://media-cdn.incrowdsports.com/042b3fb1-ef40-409b-940b-8a789f4eae85.png
705,287.0,207.0,24.183391405342626,11.0,4.3,6.9,62.2%,0.1,0.3,31.3%,2.1,3.1,68.6%,1.6,3.0,4.7,1.7,1.0,1.3,0.5,0.2,2.7,3.2,14.2,000925,"VESELY, JAN",34,https://media-cdn.incrowdsports.com/4be34f64-45a0-4d95-8b9d-a9259354d99e.png,PAR;ULK;BAR,PAR;FNB;BAR,Partizan Mozzart Bet Belgrade;Fenerbahce Beko Istanbul;FC Barcelona,https://media-cdn.incrowdsports.com/2681304e-77dd-4331-88b1-683078c0fb49.png;https://media-cdn.cortextech.io/3b7f020e-5b39-49a1-b4b2-efea918edab7.png;https://media-cdn.incrowdsports.com/35dfa503-e417-481f-963a-bdf6f013763e.png
706,175.0,137.0,24.419047619047618,10.1,1.8,3.6,51%,1.3,4.0,32.8%,2.5,2.9,87.1%,0.4,2.2,2.6,5.8,1.4,2.3,0.0,0.3,2.4,4.2,14.3,005928,"CAMPAZZO, FACUNDO",33,https://media-cdn.incrowdsports.com/3d4b3199-c570-491d-b1cf-76f82c2e229c.png,RED;MAD,CZV;RMB,Crvena Zvezda Meridianbet Belgrade;Real Madrid,https://media-cdn.incrowdsports.com/d2eef4a8-62df-4fdd-9076-276004268515.png;https://media-cdn.incrowdsports.com/1a3e1404-4f6f-4ede-9d8b-30eee7cb51b4.png
707,186.0,133.0,27.716756272401433,13.5,3.0,5.4,54.7%,1.7,4.7,35.8%,2.6,3.0,85.3%,0.3,2.1,2.4,4.9,1.0,2.8,0.0,0.5,2.4,4.0,14.3,002580,"MICIC, VASILIJE",28,https://media-cdn.incrowdsports.com/b9d596b9-3fa2-417e-9bff-994043d09a28.png,MUN;RED;ZAL;IST,BAY;CZT;ZAL;EFS,FC Bayern Munich;Crvena Zvezda Meridianbet Belgrade;Zalgiris Kaunas;Anadolu Efes Istanbul,https://media-cdn.incrowdsports.com/817b0e58-d595-4b09-ab0b-1e7cc26249ff.png;https://media-cdn.incrowdsports.com/d2eef4a8-62df-4fdd-9076-276004268515.png;https://media-cdn.incrowdsports.com/0aa09358-3847-4c4e-b228-3582ee4e536d.png;https://media-cdn.incrowdsports.com/8ea8cec7-d8f7-45f4-a956-d976b5867610.png
708,131.0,110.0,28.367302798982188,9.0,1.4,2.4,57.1%,1.3,3.4,39%,2.3,2.9,79.3%,0.7,2.8,3.5,4.5,1.8,2.4,0.5,0.2,2.3,3.6,14.4,JKO,"DIAMANTIDIS, DIMITRIS",35,,PAN,PAO,Panathinaikos AKTOR Athens,https://media-cdn.incrowdsports.com/e3dff28a-9ec6-4faf-9d96-ecbc68f75780.png
709,113.0,69.0,20.77684365781711,9.9,4.4,6.9,64.4%,0.0,0.0,0%,1.1,1.9,57.9%,1.8,3.8,5.6,2.5,1.1,1.6,0.7,0.3,2.5,2.2,14.4,005927,"AYON, GUSTAVO",34,https://media-cdn.incrowdsports.com/a4df7a02-dcb8-4b13-8704-776edd63be61.png,MAD;DYR,RMB;ZEN,Real Madrid;Zenit St Petersburg,https://media-cdn.incrowdsports.com/1a3e1404-4f6f-4ede-9d8b-30eee7cb51b4.png;https://media-cdn.incrowdsports.com/4c571fd6-52f1-428c-94a5-9143fbbb4fe3.png
710,41.0,31.0,27.453252032520325,11.4,3.4,6.2,55.3%,0.9,2.6,33%,1.9,3.4,56.4%,2.3,4.6,7.0,1.6,1.3,1.8,0.4,0.4,1.8,3.0,14.5,ASB,"OKULAJA, ADEMOLA",32,,BAR;MAL;BAM,FCB;UNI;BRO,FC Barcelona;Unicaja Malaga;Bamberger Basketball GmbH,https://media-cdn.incrowdsports.com/35dfa503-e417-481f-963a-bdf6f013763e.png;https://media-cdn.incrowdsports.com/6342214b-684b-421f-8960-5d20354458da.png;https://media-cdn.incrowdsports.com/85cdd43a-2bbd-4f73-b8f7-76288a5193cb.png
711,51.0,39.0,25.88202614379085,13.6,3.9,6.7,58.9%,0.9,2.1,44.4%,2.9,3.7,79.4%,1.0,1.5,2.6,3.0,1.7,1.8,0.0,0.7,2.4,3.1,14.5,002014,"MCCALEBB, BO",29,,PAR;SIE;ULK;MUN,PAR;MPS;FBU;BAY,Partizan Mozzart Bet Belgrade;Montepaschi Siena;Fenerbahce Beko Istanbul;FC Bayern Munich,https://media-cdn.incrowdsports.com/2681304e-77dd-4331-88b1-683078c0fb49.png;https://media-cdn.incrowdsports.com/1d94a55f-b8c7-459c-951e-8177f5f3eebe.png;https://media-cdn.cortextech.io/3b7f020e-5b39-49a1-b4b2-efea918edab7.png;https://media-cdn.incrowdsports.com/817b0e58-d595-4b09-ab0b-1e7cc26249ff.png
712,66.0,44.0,22.61691919191919,11.7,3.2,5.5,58.6%,0.9,2.3,38.9%,2.5,3.4,75.2%,1.6,3.6,5.2,1.4,0.8,1.8,1.2,0.3,2.8,3.5,14.5,BWK,"LAVRINOVIC, DARJUS",34,,MAD;ULK;CSK;ZAL;NIK,RMD;FBU;CSK;ZAL;BUD,Real Madrid;Fenerbahce Beko Istanbul;CSKA Moscow;Zalgiris Kaunas;BC Budivelnyk,https://media-cdn.incrowdsports.com/1a3e1404-4f6f-4ede-9d8b-30eee7cb51b4.png;https://media-cdn.cortextech.io/3b7f020e-5b39-49a1-b4b2-efea918edab7.png;https://media-cdn.incrowdsports.com/b6a59212-7feb-4f8c-86c2-5e8f07625e3e.png;https://media-cdn.incrowdsports.com/0aa09358-3847-4c4e-b228-3582ee4e536d.png;https://media-cdn.incrowdsports.com/ab78a31f-a024-4877-bb79-54bd09dfa99d.png
713,114.0,86.0,22.39766081871345,11.9,3.0,5.4,56.1%,1.3,3.2,38.6%,2.1,2.5,83.2%,1.9,3.6,5.4,1.7,0.7,1.8,0.2,0.4,1.8,3.5,14.5,002742,"DUBLJEVIC, BOJAN",31,https://media-cdn.incrowdsports.com/f494c610-248f-4b53-9fe9-d9a81940e23a.png,PAM,VBC,Valencia Basket,https://media-cdn.cortextech.io/d88f3c71-1519-4b19-8cfb-99e26a4c008e.png
714,52.0,42.0,27.961217948717948,14.1,5.7,10.1,56.8%,0.0,0.0,0%,2.6,3.8,68.5%,2.3,3.8,6.1,1.3,0.9,2.9,0.3,0.7,3.3,4.3,14.6,AUL,"STANOJEVIC, JOVO",30,,PAR;BER;SOP,PAR;BER;PRO,Partizan Mozzart Bet Belgrade;ALBA Berlin;Arka Gdynia,https://media-cdn.incrowdsports.com/2681304e-77dd-4331-88b1-683078c0fb49.png;https://media-cdn.incrowdsports.com/ccc34858-22b0-47dc-904c-9940b0a16ff3.png;https://media-cdn.incrowdsports.com/210fa2fa-3529-400d-8d3f-9174a22ad1a8.png
715,37.0,28.0,27.636936936936937,12.1,5.5,8.2,66.4%,0.0,0.0,0%,1.2,3.1,38.9%,2.1,4.1,6.2,1.6,1.4,2.0,0.5,0.3,3.4,3.3,14.7,AJE,"OBERTO, FABRICIO",28,,BAS;PAM,BKN;VBC,Baskonia Vitoria-Gasteiz;Valencia Basket,https://media-cdn.incrowdsports.com/e324a6af-2a72-443e-9813-8bf2d364ddab.png;https://media-cdn.cortextech.io/d88f3c71-1519-4b19-8cfb-99e26a4c008e.png
716,54.0,53.0,31.2929012345679,15.6,3.1,5.9,53.2%,2.1,5.6,37.6%,3.0,3.6,84%,0.4,2.2,2.7,3.3,1.8,3.0,0.3,0.4,2.7,4.1,14.7,COS,"SOLOMON, WILLIE",31,,IST;TEL;ULK,EFS;MAC;FBU,Anadolu Efes Istanbul;Maccabi Playtika Tel Aviv;Fenerbahce Beko Istanbul,https://media-cdn.incrowdsports.com/8ea8cec7-d8f7-45f4-a956-d976b5867610.png;https://media-cdn.incrowdsports.com/5c55ef14-29df-4328-bd52-a7a64c432350.png;https://media-cdn.cortextech.io/3b7f020e-5b39-49a1-b4b2-efea918edab7.png
717,53.0,29.0,23.602830188679246,9.7,3.9,5.9,65.3%,0.0,0.1,33.3%,1.9,2.3,81.8%,1.9,4.1,5.9,1.2,0.6,1.0,1.6,0.2,2.4,1.9,14.7,KZY,"FISCHER, DOR",33,,TEL;MAD;BIL;BAM;UNK,MAC;RMD;BIL;BRO;UNK,Maccabi Playtika Tel Aviv;Real Madrid;Bilbao Basket;Bamberger Basketball GmbH;UNICS Kazan,https://media-cdn.incrowdsports.com/5c55ef14-29df-4328-bd52-a7a64c432350.png;https://media-cdn.incrowdsports.com/1a3e1404-4f6f-4ede-9d8b-30eee7cb51b4.png;https://media-cdn.incrowdsports.com/eedb87e1-f3d1-46d4-bbf8-bbb25b932d6d.png;https://media-cdn.incrowdsports.com/85cdd43a-2bbd-4f73-b8f7-76288a5193cb.png;https://media-cdn.incrowdsports.com/70b00b96-e98a-42ba-9997-39d70a895157.png
718,246.0,202.0,25.24349593495935,12.8,3.8,7.1,54.4%,0.7,2.1,35.1%,2.8,3.9,72.9%,1.4,3.4,4.8,2.4,0.9,2.1,0.4,0.5,2.4,4.4,14.9,001133,"SHENGELIA, TORNIKE",33,https://media-cdn.incrowdsports.com/892c9315-559b-418b-bdab-a8e0e0d66add.png,CHA;BAS;CSK;VIR,CHA;LBO;CSK;VIR,Spirou Charleroi;Baskonia Vitoria-Gasteiz;CSKA Moscow;Virtus Bologna,https://media-cdn.incrowdsports.com/fe2c3484-72ab-463e-bda7-587b5e980e37.png;https://media-cdn.incrowdsports.com/e324a6af-2a72-443e-9813-8bf2d364ddab.png;https://media-cdn.incrowdsports.com/b6a59212-7feb-4f8c-86c2-5e8f07625e3e.png;https://media-cdn.cortextech.io/1362801d-dd09-4fd0-932d-ead56063ab77.png
719,142.0,95.0,23.968896713615024,10.4,3.8,6.0,63.8%,0.0,0.0,0%,2.7,4.1,66%,2.5,3.2,5.7,1.1,0.9,1.6,0.7,0.3,2.5,4.2,14.9,003842,"LESSORT, MATHIAS",29,https://media-cdn.incrowdsports.com/b283a9ed-2227-43ef-8f8c-97fdc76e8b12.png,RED;MUN;TEL;PAR;PAN,CZV;BAY;MTA;PAR;PAO,Crvena Zvezda Meridianbet Belgrade;FC Bayern Munich;Maccabi Playtika Tel Aviv;Partizan Mozzart Bet Belgrade;Panathinaikos AKTOR Athens,https://media-cdn.incrowdsports.com/d2eef4a8-62df-4fdd-9076-276004268515.png;https://media-cdn.incrowdsports.com/817b0e58-d595-4b09-ab0b-1e7cc26249ff.png;https://media-cdn.incrowdsports.com/5c55ef14-29df-4328-bd52-a7a64c432350.png;https://media-cdn.incrowdsports.com/2681304e-77dd-4331-88b1-683078c0fb49.png;https://media-cdn.incrowdsports.com/e3dff28a-9ec6-4faf-9d96-ecbc68f75780.png
720,29.0,28.0,24.30574712643678,12.3,5.0,8.8,56.6%,0.0,0.1,0%,2.3,3.4,67%,2.5,4.0,6.5,1.3,0.3,1.7,0.2,0.4,2.4,4.0,15.0,003622,"BILAN, MIRO",26,,CED,CED,KK Cedevita Zagreb,https://media-cdn.incrowdsports.com/ba95084a-224c-4d4a-a306-37a386772f64.png
721,70.0,58.0,29.595714285714283,13.5,3.1,6.5,47.3%,1.3,3.6,36.5%,3.5,4.2,82.5%,0.5,2.6,3.1,4.3,1.5,2.2,0.1,0.6,2.6,4.4,15.1,005838,"WANAMAKER, BRAD",28,https://media-cdn.cortextech.io/8bd165ab-4903-4fd9-b2ca-71b50abd194b.png,BAM;DAR;ULK,BRO;DDI;FBD,Bamberger Basketball GmbH;Darussafaka Basketbol;Fenerbahce Beko Istanbul,https://media-cdn.incrowdsports.com/85cdd43a-2bbd-4f73-b8f7-76288a5193cb.png;https://media-cdn.incrowdsports.com/9ceb124a-7ee1-4db5-8d8c-7d485980b989.png;https://media-cdn.cortextech.io/3b7f020e-5b39-49a1-b4b2-efea918edab7.png
722,82.0,72.0,30.526219512195123,12.0,3.8,7.8,49.2%,0.8,2.1,37.2%,2.0,3.2,63.4%,2.2,4.2,6.5,1.4,1.1,1.4,1.0,0.5,1.9,3.4,15.2,AUC,"GOREE, MARCUS",30,,FRA;TEL;TRE;CSK,FRA;MAC;TRE;CSK,Skyliners Frankfurt;Maccabi Playtika Tel Aviv;Benetton Basket Treviso;CSKA Moscow,https://media-cdn.incrowdsports.com/75c69af8-9cf4-498d-932e-0b28be2444df.png;https://media-cdn.incrowdsports.com/5c55ef14-29df-4328-bd52-a7a64c432350.png;https://media-cdn.incrowdsports.com/0636c1b0-de3e-4ca9-bd2c-e30a4f485114.png;https://media-cdn.incrowdsports.com/b6a59212-7feb-4f8c-86c2-5e8f07625e3e.png
723,221.0,105.0,28.05588235294118,13.8,3.5,7.0,49%,1.3,3.9,34.5%,2.9,3.7,77.4%,1.3,4.0,5.3,1.8,0.9,1.6,0.2,0.5,1.9,4.1,15.3,004888,"CLYBURN, WILL",34,https://media-cdn.incrowdsports.com/48bf0f02-5fb5-4baa-8065-f76661612dc0.png,DAR;CSK;IST;VIR,DDI;CSK;EFS;VIR,Darussafaka Basketbol;CSKA Moscow;Anadolu Efes Istanbul;Virtus Bologna,https://media-cdn.incrowdsports.com/9ceb124a-7ee1-4db5-8d8c-7d485980b989.png;https://media-cdn.incrowdsports.com/b6a59212-7feb-4f8c-86c2-5e8f07625e3e.png;https://media-cdn.incrowdsports.com/8ea8cec7-d8f7-45f4-a956-d976b5867610.png;https://media-cdn.cortextech.io/1362801d-dd09-4fd0-932d-ead56063ab77.png
724,88.0,67.0,26.736742424242426,12.8,4.5,8.3,53.9%,0.4,1.1,40%,2.5,3.9,63.4%,1.9,4.0,6.0,1.0,1.0,1.6,0.8,0.3,2.5,4.2,15.4,ADP,"FUCKA, GREGOR",36,,FOR;BAR;ROM,FOR;FCB;ROM,Fortitudo Pallacanestro Bologna 103;FC Barcelona;Pallacanestro Virtus Roma,https://media-cdn.incrowdsports.com/0a746cc0-eb26-481a-bab5-457cfc51eae5.png;https://media-cdn.incrowdsports.com/35dfa503-e417-481f-963a-bdf6f013763e.png;https://media-cdn.incrowdsports.com/e5836b62-9939-4063-b5e5-cc2f5804c142.png
725,106.0,76.0,26.23317610062893,11.5,2.6,4.8,52.7%,1.3,3.4,37.9%,2.6,3.4,76.9%,1.4,4.1,5.5,1.3,1.5,1.3,0.6,0.1,2.3,4.1,15.6,AHV,"GARBAJOSA, JORGE",34,,TRE;MAD;MAL,TRE;RMD;UNI,Benetton Basket Treviso;Real Madrid;Unicaja Malaga,https://media-cdn.incrowdsports.com/0636c1b0-de3e-4ca9-bd2c-e30a4f485114.png;https://media-cdn.incrowdsports.com/1a3e1404-4f6f-4ede-9d8b-30eee7cb51b4.png;https://media-cdn.incrowdsports.com/6342214b-684b-421f-8960-5d20354458da.png
726,241.0,225.0,22.98326417704011,9.6,3.9,5.6,68.8%,0.0,0.0,0%,1.8,2.6,71.4%,2.6,4.3,6.9,1.1,0.7,1.7,1.7,0.2,2.6,2.8,15.8,005791,"TAVARES, WALTER",32,https://media-cdn.incrowdsports.com/b4070997-623b-4a6e-94bc-65fd4694b0c5.png,MAD,RMB,Real Madrid,https://media-cdn.incrowdsports.com/1a3e1404-4f6f-4ede-9d8b-30eee7cb51b4.png
727,154.0,121.0,27.01731601731602,16.7,2.8,5.9,47.7%,2.5,7.4,34.1%,3.5,4.1,84.4%,0.4,2.1,2.5,4.9,1.1,2.8,0.3,0.5,1.8,4.0,15.9,KVZ,"SHVED, ALEXEY",33,https://media-cdn.incrowdsports.com/796ea536-8200-4083-8f74-22fefd9057c0.png,KHI;CSK,KHI;CSK,BC Khimki;CSKA Moscow,https://media-cdn.incrowdsports.com/04bd9ac1-e8ed-4b35-8878-272596e5c7d6.png;https://media-cdn.incrowdsports.com/b6a59212-7feb-4f8c-86c2-5e8f07625e3e.png
728,49.0,39.0,28.401360544217688,12.3,4.0,6.8,59.5%,0.2,1.1,22.6%,3.5,5.3,66.3%,3.1,4.2,7.3,1.7,1.7,2.7,0.2,0.6,3.3,4.7,16.0,AEX,"MILOJEVIC, DEJAN",28,,BUD;PAR,BUD;PAR,KK Buducnost;Partizan Mozzart Bet Belgrade,https://media-cdn.incrowdsports.com/47161285-94b3-4266-9d23-b722e8600945.png;https://media-cdn.incrowdsports.com/2681304e-77dd-4331-88b1-683078c0fb49.png
729,112.0,104.0,31.858630952380953,15.8,3.1,5.9,53.2%,1.8,4.5,40.2%,4.1,4.7,86.9%,0.5,1.9,2.4,2.5,1.1,1.8,0.1,0.2,2.4,5.0,16.3,AHT,"BROWN, MARCUS",36,,TRE;IST;CSK;MAL;TEL;ZAL,TRE;EFS;CSK;UNI;MAC;ZAL,Benetton Basket Treviso;Anadolu Efes Istanbul;CSKA Moscow;Unicaja Malaga;Maccabi Playtika Tel Aviv;Zalgiris Kaunas,https://media-cdn.incrowdsports.com/0636c1b0-de3e-4ca9-bd2c-e30a4f485114.png;https://media-cdn.incrowdsports.com/8ea8cec7-d8f7-45f4-a956-d976b5867610.png;https://media-cdn.incrowdsports.com/b6a59212-7feb-4f8c-86c2-5e8f07625e3e.png;https://media-cdn.incrowdsports.com/6342214b-684b-421f-8960-5d20354458da.png;https://media-cdn.incrowdsports.com/5c55ef14-29df-4328-bd52-a7a64c432350.png;https://media-cdn.incrowdsports.com/0aa09358-3847-4c4e-b228-3582ee4e536d.png
730,41.0,35.0,26.758130081300813,13.3,2.6,5.2,49.1%,0.9,2.5,36.5%,5.4,6.4,84.4%,0.4,1.5,1.9,4.3,1.2,2.5,0.1,0.3,2.0,5.9,16.6,AZD,"LUKOVSKI, DRAGAN",28,,PAU,PAU,Elan Bearnais Pau-Lacq-Orthez,https://media-cdn.incrowdsports.com/4550b11c-3680-44b2-a512-f0b4ff304b59.png
731,58.0,40.0,24.60545977011494,11.8,4.5,7.3,61.6%,0.0,0.1,0%,2.8,4.7,59.8%,2.7,4.1,6.8,2.4,1.1,2.0,0.4,0.4,2.6,3.7,16.6,AFC,"TOMASEVIC, DEJAN",34,,BUD;BAS;PAM;PAN,BUD;BKN;VBC;PAO,KK Buducnost;Baskonia Vitoria-Gasteiz;Valencia Basket;Panathinaikos AKTOR Athens,https://media-cdn.incrowdsports.com/47161285-94b3-4266-9d23-b722e8600945.png;https://media-cdn.incrowdsports.com/e324a6af-2a72-443e-9813-8bf2d364ddab.png;https://media-cdn.cortextech.io/d88f3c71-1519-4b19-8cfb-99e26a4c008e.png;https://media-cdn.incrowdsports.com/e3dff28a-9ec6-4faf-9d96-ecbc68f75780.png
732,108.0,89.0,28.3233024691358,16.0,3.9,8.0,48.5%,1.4,4.0,36.5%,3.9,5.0,78.4%,0.6,2.5,3.2,2.6,0.8,2.0,0.2,0.5,1.8,5.9,16.7,001887,"LANGFORD, KEITH",35,https://media-cdn.incrowdsports.com/ebe40754-1ff7-43cc-ac39-d63e63c08534.png,KHI;TEL;MIL;UNK;PAN,KHI;MAC;EAM;UNK;PAO,BC Khimki;Maccabi Playtika Tel Aviv;EA7 Emporio Armani Milan;UNICS Kazan;Panathinaikos AKTOR Athens,https://media-cdn.incrowdsports.com/04bd9ac1-e8ed-4b35-8878-272596e5c7d6.png;https://media-cdn.incrowdsports.com/5c55ef14-29df-4328-bd52-a7a64c432350.png;https://media-cdn.incrowdsports.com/8154f184-c61a-4e7f-b14d-9d802e35cb95.png;https://media-cdn.incrowdsports.com/70b00b96-e98a-42ba-9997-39d70a895157.png;https://media-cdn.incrowdsports.com/e3dff28a-9ec6-4faf-9d96-ecbc68f75780.png
733,262.0,142.0,24.659541984732826,14.6,3.2,5.8,55.7%,1.6,4.0,40.3%,3.4,3.7,93.1%,0.4,2.2,2.6,3.8,1.1,2.5,0.1,0.4,1.7,4.4,16.7,002100,"DE COLO, NANDO",37,https://media-cdn.incrowdsports.com/168b2cb2-e32f-47b6-8a0f-c49fd080db79.png,PAM;CSK;ULK;ASV,VBC;CSK;FNB;ASV,Valencia Basket;CSKA Moscow;Fenerbahce Beko Istanbul;LDLC ASVEL Villeurbanne,https://media-cdn.cortextech.io/d88f3c71-1519-4b19-8cfb-99e26a4c008e.png;https://media-cdn.incrowdsports.com/b6a59212-7feb-4f8c-86c2-5e8f07625e3e.png;https://media-cdn.cortextech.io/3b7f020e-5b39-49a1-b4b2-efea918edab7.png;https://media-cdn.incrowdsports.com/e33c6d1a-95ca-4dbc-b8cb-0201812104cc.png
734,112.0,84.0,26.808035714285715,13.3,4.6,8.2,55.7%,0.4,1.3,32.9%,2.9,4.2,69.9%,1.5,4.3,5.8,2.9,0.9,2.0,0.7,0.4,2.4,3.7,16.9,APB,"VUJCIC, NIKOLA",32,,ASV;TEL;OLY;IST,ASV;MAC;OLY;EFS,LDLC ASVEL Villeurbanne;Maccabi Playtika Tel Aviv;Olympiacos Piraeus;Anadolu Efes Istanbul,https://media-cdn.incrowdsports.com/e33c6d1a-95ca-4dbc-b8cb-0201812104cc.png;https://media-cdn.incrowdsports.com/5c55ef14-29df-4328-bd52-a7a64c432350.png;https://media-cdn.incrowdsports.com/789423ac-3cdf-4b89-b11c-b458aa5f59a6.png;https://media-cdn.incrowdsports.com/8ea8cec7-d8f7-45f4-a956-d976b5867610.png
735,61.0,54.0,29.722677595628415,15.0,4.4,8.7,51%,0.9,2.3,36.6%,3.6,4.3,82.2%,0.7,2.1,2.8,4.5,1.3,2.4,0.0,0.3,2.2,4.7,16.9,ARH,"EDNEY, TYUS",33,,TRE;OLY;FOR,TRE;OLY;FOR,Benetton Basket Treviso;Olympiacos Piraeus;Fortitudo Pallacanestro Bologna 103,https://media-cdn.incrowdsports.com/0636c1b0-de3e-4ca9-bd2c-e30a4f485114.png;https://media-cdn.incrowdsports.com/789423ac-3cdf-4b89-b11c-b458aa5f59a6.png;https://media-cdn.incrowdsports.com/0a746cc0-eb26-481a-bab5-457cfc51eae5.png
736,52.0,51.0,30.75224358974359,12.1,4.3,7.2,60.4%,0.3,0.8,34.1%,2.6,4.3,59.8%,3.1,5.5,8.6,2.0,1.1,2.1,0.3,0.5,3.5,4.5,17.3,AWF,"LOLLIS, QUADRE-MICHAEL",31,,ULK;BER;AEK,ULK;BER;AEK,Fenerbahce Beko Istanbul;ALBA Berlin;AEK Athens,https://media-cdn.cortextech.io/3b7f020e-5b39-49a1-b4b2-efea918edab7.png;https://media-cdn.incrowdsports.com/ccc34858-22b0-47dc-904c-9940b0a16ff3.png;https://media-cdn.incrowdsports.com/b51b0af8-ac03-4093-8858-9b4d71830fe7.png
737,218.0,135.0,28.202905198776758,14.5,2.3,4.5,51.6%,2.2,5.5,41%,3.1,3.6,87.5%,0.3,2.3,2.7,4.6,1.2,2.2,0.1,0.4,1.4,4.1,17.3,007200,"LARKIN, SHANE",32,https://media-cdn.incrowdsports.com/29f7e3f7-2a14-4bf2-a5ab-3fb89fdfe607.png,BAS;IST,BKN;EFS,Baskonia Vitoria-Gasteiz;Anadolu Efes Istanbul,https://media-cdn.incrowdsports.com/e324a6af-2a72-443e-9813-8bf2d364ddab.png;https://media-cdn.incrowdsports.com/8ea8cec7-d8f7-45f4-a956-d976b5867610.png
738,89.0,66.0,28.45936329588015,11.5,3.2,6.3,51.7%,0.8,2.5,32.3%,2.5,3.5,73.1%,3.0,6.9,9.9,1.4,1.1,2.1,0.6,0.2,2.2,3.4,17.6,AYR,"TURKCAN, MIRSAD",35,,SIE;CSK;ULK,MPS;CSK;ULK,Montepaschi Siena;CSKA Moscow;Fenerbahce Beko Istanbul,https://media-cdn.incrowdsports.com/1d94a55f-b8c7-459c-951e-8177f5f3eebe.png;https://media-cdn.incrowdsports.com/b6a59212-7feb-4f8c-86c2-5e8f07625e3e.png;https://media-cdn.cortextech.io/3b7f020e-5b39-49a1-b4b2-efea918edab7.png
739,38.0,30.0,29.623684210526317,13.3,4.8,8.7,55%,0.3,1.1,23.3%,2.9,4.2,69.8%,2.8,4.6,7.4,1.0,1.4,1.2,0.8,0.5,2.3,3.8,17.7,LGV,"MASSEY, JEREMIAH",30,,ARI;MAD;BAM,ARI;RMD;BRO,Aris Thessaloniki;Real Madrid;Bamberger Basketball GmbH,https://media-cdn.incrowdsports.com/dffbb68c-00b9-4a19-9e07-d98189caa409.png;https://media-cdn.incrowdsports.com/1a3e1404-4f6f-4ede-9d8b-30eee7cb51b4.png;https://media-cdn.incrowdsports.com/85cdd43a-2bbd-4f73-b8f7-76288a5193cb.png
740,67.0,60.0,30.549004975124376,15.8,4.8,8.4,57.5%,0.6,1.6,39.6%,4.2,5.3,79.3%,0.8,3.8,4.6,2.1,0.8,2.0,0.1,0.2,2.2,4.4,17.7,APN,"BODIROGA, DEJAN",33,,PAN;BAR;ROM,PAO;FCB;ROM,Panathinaikos AKTOR Athens;FC Barcelona;Pallacanestro Virtus Roma,https://media-cdn.incrowdsports.com/e3dff28a-9ec6-4faf-9d96-ecbc68f75780.png;https://media-cdn.incrowdsports.com/35dfa503-e417-481f-963a-bdf6f013763e.png;https://media-cdn.incrowdsports.com/e5836b62-9939-4063-b5e5-cc2f5804c142.png
741,259.0,206.0,29.469691119691117,17.2,3.7,7.5,48.6%,2.0,5.9,33.9%,3.8,4.8,79.6%,0.5,2.8,3.3,5.0,1.1,2.2,0.1,0.6,1.8,4.6,17.8,005985,"JAMES, MIKE",34,https://media-cdn.incrowdsports.com/6798f111-3618-4825-b32e-11741d4229c0.png,BAS;PAN;MIL;CSK;MCO,LBO;PAO;AXM;CSK;ASM,Baskonia Vitoria-Gasteiz;Panathinaikos AKTOR Athens;EA7 Emporio Armani Milan;CSKA Moscow;AS Monaco,https://media-cdn.incrowdsports.com/e324a6af-2a72-443e-9813-8bf2d364ddab.png;https://media-cdn.incrowdsports.com/e3dff28a-9ec6-4faf-9d96-ecbc68f75780.png;https://media-cdn.incrowdsports.com/8154f184-c61a-4e7f-b14d-9d802e35cb95.png;https://media-cdn.incrowdsports.com/b6a59212-7feb-4f8c-86c2-5e8f07625e3e.png;https://media-cdn.incrowdsports.com/89ed276a-2ba3-413f-8ea2-b3be209ca129.png
742,41.0,34.0,30.106910569105693,16.4,6.3,10.9,57.8%,0.0,0.0,100%,3.7,5.2,70.8%,2.2,4.4,6.6,0.6,0.8,1.8,0.2,0.7,3.0,4.9,17.9,ARW,"KAMBALA, KASPARS",28,,IST;ULK,EFS;FBU,Anadolu Efes Istanbul;Fenerbahce Beko Istanbul,https://media-cdn.incrowdsports.com/8ea8cec7-d8f7-45f4-a956-d976b5867610.png;https://media-cdn.cortextech.io/3b7f020e-5b39-49a1-b4b2-efea918edab7.png
743,42.0,39.0,24.279761904761905,13.8,5.3,8.0,66.7%,0.0,0.0,100%,3.0,5.0,60.8%,2.2,4.9,7.1,0.8,1.2,2.1,1.3,0.3,3.6,4.4,17.9,BMP,"BASTON, MACEO",29,,TEL,MAC,Maccabi Playtika Tel Aviv,https://media-cdn.incrowdsports.com/5c55ef14-29df-4328-bd52-a7a64c432350.png
744,197.0,184.0,25.098307952622672,16.2,3.5,5.7,61.7%,1.8,4.4,40.3%,3.9,4.5,85.9%,1.5,4.0,5.6,1.3,0.9,1.6,0.4,0.2,1.9,4.1,19.3,000796,"MIROTIC, NIKOLA",33,https://media-cdn.incrowdsports.com/a771b68b-2056-4318-83a0-24b2ffb36d11.png,MAD;BAR;MIL,RMD;FCB;EA7,Real Madrid;FC Barcelona;EA7 Emporio Armani Milan,https://media-cdn.incrowdsports.com/1a3e1404-4f6f-4ede-9d8b-30eee7cb51b4.png;https://media-cdn.incrowdsports.com/35dfa503-e417-481f-963a-bdf6f013763e.png;https://media-cdn.incrowdsports.com/8154f184-c61a-4e7f-b14d-9d802e35cb95.png
745,55.0,47.0,29.167575757575758,15.5,5.9,10.0,58.6%,0.2,0.9,18.4%,3.3,4.5,73.5%,3.3,5.9,9.2,1.3,1.1,2.4,0.6,0.5,3.0,3.8,19.5,BTR,"BEARD, TANOKA",36,,ZAL,ZAL,Zalgiris Kaunas,https://media-cdn.incrowdsports.com/0aa09358-3847-4c4e-b228-3582ee4e536d.png
746,38.0,30.0,33.424561403508775,22.3,6.7,12.0,55.8%,1.6,4.0,40.4%,4.1,5.1,80.7%,1.2,2.3,3.4,2.6,1.6,3.1,0.3,0.4,3.0,5.1,20.3,ACF,"FORD, ALPHONSO",31,https://media-cdn.incrowdsports.com/021d7f9c-271f-4bd8-8804-085c1a46c7e1.png,PER;OLY;SIE,PER;OLY;MPS,Peristeri BC;Olympiacos Piraeus;Montepaschi Siena,https://media-cdn.incrowdsports.com/743fd646-dc10-4a04-a90f-952e33a143a4.png;https://media-cdn.incrowdsports.com/789423ac-3cdf-4b89-b11c-b458aa5f59a6.png;https://media-cdn.incrowdsports.com/1d94a55f-b8c7-459c-951e-8177f5f3eebe.png
747,35.0,31.0,30.12666666666667,19.0,3.9,6.3,61.4%,1.8,4.6,38.3%,6.0,6.7,89.7%,0.4,2.0,2.4,2.2,1.7,2.3,0.2,0.5,1.9,5.5,20.4,CBV,"MACIJAUSKAS, ARVYDAS",27,,BAS;OLY,BKN;OLY,Baskonia Vitoria-Gasteiz;Olympiacos Piraeus,https://media-cdn.incrowdsports.com/e324a6af-2a72-443e-9813-8bf2d364ddab.png;https://media-cdn.incrowdsports.com/789423ac-3cdf-4b89-b11c-b458aa5f59a6.png
748,50.0,48.0,33.369,13.5,5.3,8.8,60.2%,0.0,0.1,0%,2.9,5.2,55%,3.2,7.0,10.2,0.9,1.2,1.7,0.9,0.5,2.4,4.9,21.2,AID,"BLAIR, JOSEPH",31,https://media-cdn.incrowdsports.com/521d3a65-e846-4942-89f4-8a56fb1070f9.png,PAO;PES;ULK;MIL,PBC;PES;ULK;MIL,PAOK BC;Scavolini Pesaro;Fenerbahce Beko Istanbul;EA7 Emporio Armani Milan,https://media-cdn.incrowdsports.com/b74f8a63-709a-469a-8c3e-9431c2b024a7.png;https://media-cdn.incrowdsports.com/4ea03b00-c6e0-455c-88a6-cf86640a8dd8.png;https://media-cdn.cortextech.io/3b7f020e-5b39-49a1-b4b2-efea918edab7.png;https://media-cdn.incrowdsports.com/8154f184-c61a-4e7f-b14d-9d802e35cb95.png
749,56.0,55.0,34.79732142857143,17.2,5.0,8.8,57%,0.9,2.2,42.7%,4.3,5.2,82.7%,0.7,5.0,5.7,3.2,1.8,1.7,0.4,0.3,2.6,4.9,22.5,AOW,"PARKER, ANTHONY",30,https://media-cdn.incrowdsports.com/4bfd3e6c-9ce9-4773-b0da-0079382f7ee5.png,TEL,MAC,Maccabi Playtika Tel Aviv,https://media-cdn.incrowdsports.com/5c55ef14-29df-4328-bd52-a7a64c432350.png
