playerRanking,games_played,gamesStarted,minutes,points,twoPointersMade,twoPointersAttempted,twoPointersPercentage,threePointersMade,threePointersAttempted,threePointersPercentage,freeThrowsMade,freeThrowsAttempted,freeThrowsPercentage,offensiveRebounds,defensiveRebounds,rebounds,assists,steals,turnovers,blocks,blocks_against,personal_fouls,fouls_drawn,pir,player.code,player_name,age,player.imageUrl,team,player.team.tvCodes,team_name,player.team.imageUrl,base_fantasy_points,fantasy_points,fantasy_per_minute,captain_score,captain_fantasy_points,estimated_position,defensive_score,NAME_KEY,competition,gamesPlayed,minutesPlayed,pointsScored,totalRebounds,blocksAgainst,foulsCommited,foulsDrawn,player.name,player.age,player.team.code,player.team.name,captain_value,price,value_score
1,27.0,0.0,9.522222222222224,0.6,0.3,0.8,33.3%,0.0,0.0,0%,0.1,0.2,60%,0.9,1.4,2.4,0.2,0.3,0.8,0.3,0.0,2.6,0.3,0.1,004512,"KRATZER, LEON",27.0,https://media-cdn.incrowdsports.com/793aeb4c-04f2-4521-b544-50802f53c32f.png,PRS,PBB,Paris Basketball,https://media-cdn.incrowdsports.com/a033e5b3-0de7-48a3-98d9-d9a4b9df1f39.png,0.6999999999999997,0.6999999999999997,0.0735122520420069,5.942222222222223,1.3999999999999997,Forward,0.6,1,EuroLeague,,,,,,,,,,,,,,
2,44.0,10.0,7.567045454545454,1.4,0.2,0.4,52.6%,0.3,0.9,33.3%,0.1,0.1,80%,0.1,0.5,0.7,0.4,0.1,0.3,0.0,0.0,1.3,0.2,0.5,008850,"RAIESTE, SANDER",25.0,https://media-cdn.incrowdsports.com/32b9b901-2c92-4fcd-98b5-a3317eb8a89d.png,BAS,BKN,Baskonia Vitoria-Gasteiz,https://media-cdn.incrowdsports.com/e324a6af-2a72-443e-9813-8bf2d364ddab.png,1.2,1.2,0.1585823697251839,8.930037878787878,2.4,Forward,0.1,2,EuroLeague,,,,,,,,,,,,,,
3,36.0,2.0,7.023611111111111,1.7,0.3,0.8,37.9%,0.2,0.9,29%,0.4,0.5,72.2%,0.2,0.9,1.1,0.3,0.1,0.5,0.2,0.1,1.2,0.5,0.9,011649,"GONZALEZ, HUGO",18.0,https://media-cdn.incrowdsports.com/0ab7dbc1-b9a7-4360-b004-2f3c68012071.png,MAD,RMB,Real Madrid,https://media-cdn.incrowdsports.com/1a3e1404-4f6f-4ede-9d8b-30eee7cb51b4.png,2.1,2.1,0.2989914969349416,8.17236111111111,4.2,Forward,0.3,3,EuroLeague,,,,,,,,,,,,,,
4,26.0,2.0,10.05448717948718,2.2,0.7,1.8,40.4%,0.1,0.7,11.8%,0.5,0.7,72.2%,0.2,0.6,0.7,1.3,0.3,0.7,0.0,0.3,1.5,0.9,1.0,011386,"YAACOV, NOAM",19.0,https://media-cdn.incrowdsports.com/39341c78-b2bf-4b2b-a2c7-a68fb5056d26.png,ASV,ASV,LDLC ASVEL Villeurbanne,https://media-cdn.incrowdsports.com/e33c6d1a-95ca-4dbc-b8cb-0201812104cc.png,2.9000000000000004,2.9000000000000004,0.2884284348103283,7.368782051282052,5.800000000000001,Forward,0.3,4,EuroLeague,,,,,,,,,,,,,,
5,27.0,0.0,7.27716049382716,2.7,0.8,1.4,56.8%,0.3,1.1,24.1%,0.4,0.7,57.9%,0.1,0.6,0.8,0.6,0.2,0.8,0.1,0.3,1.1,0.7,1.1,012123,"KHARCHENKOV, IVAN",18.0,https://media-cdn.incrowdsports.com/3eb9cca0-1820-4e97-9745-16e629bb9a89.png,MUN,BAY,FC Bayern Munich,https://media-cdn.incrowdsports.com/817b0e58-d595-4b09-ab0b-1e7cc26249ff.png,2.9,2.9,0.3985070828738655,7.257716049382715,5.8,Forward,0.3,5,EuroLeague,,,,,,,,,,,,,,
6,32.0,17.0,11.149479166666667,2.2,0.3,0.8,37.5%,0.4,1.3,33.3%,0.3,0.4,91.7%,0.5,0.8,1.2,0.3,0.3,0.3,0.0,0.0,2.0,0.7,1.1,LUO,"LAZIC, BRANKO",35.0,https://media-cdn.incrowdsports.com/6dcc04d5-821e-4113-a665-029a43d76425.png,RED,CZV,Crvena Zvezda Meridianbet Belgrade,https://media-cdn.incrowdsports.com/d2eef4a8-62df-4fdd-9076-276004268515.png,2.4000000000000004,2.4000000000000004,0.2152566917363479,8.12828125,4.800000000000001,Forward,0.3,6,EuroLeague,,,,,,,,,,,,,,
7,55.0,7.0,12.773333333333332,2.9,0.2,0.6,35.3%,0.7,2.3,31.5%,0.2,0.3,92.9%,0.1,0.6,0.7,0.5,0.4,0.3,0.0,0.1,1.8,1.1,1.4,007025,"MATTISSECK, JONAS",24.0,https://media-cdn.incrowdsports.com/f233c467-32fb-41af-807b-07660af5fa2c.png,BER,BER,ALBA Berlin,https://media-cdn.incrowdsports.com/ccc34858-22b0-47dc-904c-9940b0a16ff3.png,3.4,3.4,0.2661795407098121,12.824,6.8,Forward,0.4,7,EuroLeague,,,,,,,,,,,,,,
8,30.0,16.0,15.709444444444443,4.1,0.5,1.4,36.6%,0.8,2.9,27.9%,0.7,1.1,64.7%,0.3,1.0,1.3,0.7,0.3,0.7,0.0,0.2,1.5,0.8,1.6,012740,"ROBERTSON, KASSIUS",29.0,https://media-cdn.incrowdsports.com/5aa7f467-8fe2-45db-97e5-2fbff4d3a1b9.png,PAM,VBC,Valencia Basket,https://media-cdn.cortextech.io/d88f3c71-1519-4b19-8cfb-99e26a4c008e.png,4.799999999999999,4.799999999999999,0.3055486791385224,9.930944444444444,9.599999999999998,Forward,0.3,8,EuroLeague,,,,,,,,,,,,,,
9,62.0,10.0,6.670430107526881,1.9,0.6,0.9,62.1%,0.1,0.7,22%,0.3,0.4,80.8%,0.3,0.5,0.8,0.3,0.4,0.2,0.0,0.1,0.9,0.4,1.7,011209,"KALAITZAKIS, PANAGIOTIS",25.0,https://media-cdn.incrowdsports.com/59c8e70a-6d80-4d8c-9382-162194e226d0.png,PAN,PAO,Panathinaikos AKTOR Athens,https://media-cdn.incrowdsports.com/e3dff28a-9ec6-4faf-9d96-ecbc68f75780.png,2.6,2.6,0.3897799629241557,12.82037634408602,5.199999999999999,Forward,0.4,9,EuroLeague,,,,,,,,,,,,,,
10,54.0,17.0,11.787654320987654,2.4,0.3,0.6,58.1%,0.6,1.5,37%,0.1,0.1,100%,0.5,1.4,1.9,0.3,0.3,0.2,0.2,0.0,2.0,0.3,1.9,001518,"RICCI, GIAMPAOLO",33.0,https://media-cdn.incrowdsports.com/dc523b20-4e9c-4806-afa9-3993cbfb9d2f.png,MIL,EA7,EA7 Emporio Armani Milan,https://media-cdn.cortextech.io/9512ee73-a0f1-4647-a01e-3c2938aba6b8.png,3.1999999999999997,3.1999999999999997,0.2714704650188521,12.418765432098764,6.399999999999999,Forward,0.5,10,EuroLeague,,,,,,,,,,,,,,
12,35.0,13.0,9.13904761904762,1.8,0.6,1.1,56.8%,0.1,0.8,17.9%,0.1,0.2,83.3%,0.3,0.7,1.1,1.2,0.3,0.3,0.0,0.0,1.1,0.2,2.0,009513,"HOLLATZ, JUSTUS",23.0,https://media-cdn.incrowdsports.com/d16b8105-3794-4737-87a7-2ac91acd282f.png,IST,EFS,Anadolu Efes Istanbul,https://media-cdn.cortextech.io/9a463aa2-ceb2-481c-9a95-1cddee0a248e.png,3.2000000000000006,3.2000000000000006,0.3501458941225511,8.987238095238096,6.400000000000001,Forward,0.3,12,EuroLeague,,,,,,,,,,,,,,
13,39.0,8.0,12.18119658119658,3.7,0.9,2.2,40%,0.4,1.4,31.5%,0.6,0.7,85.7%,0.1,0.8,0.8,1.1,0.5,0.7,0.0,0.1,1.6,0.8,2.2,005670,"FLACCADORI, DIEGO",28.0,https://media-cdn.incrowdsports.com/b64d6382-45ba-48e2-a646-3fcfc0f8f056.png,MIL,EA7,EA7 Emporio Armani Milan,https://media-cdn.cortextech.io/9512ee73-a0f1-4647-a01e-3c2938aba6b8.png,4.5,4.5,0.3694218355318552,10.868119658119658,9.0,Forward,0.5,13,EuroLeague,,,,,,,,,,,,,,
14,25.0,11.0,13.275333333333332,3.2,0.7,1.5,47.4%,0.4,1.6,26.8%,0.4,0.4,90.9%,0.8,1.6,2.4,0.4,0.2,1.0,0.0,0.4,1.2,0.8,2.3,006643,"PUERTO, JOSEP",24.0,https://media-cdn.incrowdsports.com/5c0cc065-9d15-40de-ab9e-6237b25c2584.png,PAM,VBC,Valencia Basket,https://media-cdn.cortextech.io/d88f3c71-1519-4b19-8cfb-99e26a4c008e.png,4.4,4.4,0.3314417717069251,8.5742,8.799999999999999,Forward,0.2,14,EuroLeague,,,,,,,,,,,,,,
15,59.0,31.0,10.018644067796613,2.9,0.7,1.3,56%,0.4,1.0,36.7%,0.4,0.4,100%,0.4,0.9,1.3,0.7,0.2,0.4,0.0,0.1,1.6,0.5,2.3,005145,"COHEN, JAKE",34.0,https://media-cdn.incrowdsports.com/e8d3f0dc-cce9-4329-9d5b-03c76519199d.png,TEL,MTA,Maccabi Rapyd Tel Aviv,https://media-cdn.incrowdsports.com/5c55ef14-29df-4328-bd52-a7a64c432350.png,3.5,3.5,0.349348671967518,13.285197740112991,7.0,Forward,0.2,15,EuroLeague,,,,,,,,,,,,,,
16,27.0,1.0,6.738271604938272,2.3,0.9,1.3,73.5%,0.0,0.0,100%,0.4,0.5,71.4%,0.7,0.5,1.2,0.2,0.2,0.3,0.4,0.1,1.6,0.5,2.4,006721,"CARUSO, GUGLIELMO",25.0,https://media-cdn.incrowdsports.com/29cec6e2-585d-42db-99e3-da503d3ada8e.png,MIL,EA7,EA7 Emporio Armani Milan,https://media-cdn.cortextech.io/9512ee73-a0f1-4647-a01e-3c2938aba6b8.png,2.8000000000000007,2.8000000000000007,0.4155368266764383,7.133827160493828,5.600000000000001,Forward,0.6000000000000001,16,EuroLeague,,,,,,,,,,,,,,
17,44.0,1.0,10.481439393939397,4.0,0.8,2.3,33.3%,0.6,1.6,37.5%,0.6,0.8,84.8%,0.1,0.5,0.6,1.3,0.2,0.8,0.0,0.1,1.0,0.9,2.5,003210,"LEKAVICIUS, LUKAS",30.0,https://media-cdn.incrowdsports.com/e03b2138-ce9d-477b-9745-555d0ff9adb0.png,ZAL,ZAL,Zalgiris Kaunas,https://media-cdn.incrowdsports.com/0aa09358-3847-4c4e-b228-3582ee4e536d.png,5.1000000000000005,5.1000000000000005,0.4865743919627046,11.951477272727272,10.2,Forward,0.2,17,EuroLeague,,,,,,,,,,,,,,
18,33.0,4.0,13.12020202020202,3.8,1.2,2.3,53.2%,0.3,1.2,22%,0.5,0.9,60%,0.9,0.9,1.8,1.1,0.5,1.0,0.0,0.3,2.1,1.0,2.6,011631,"RAPIEQUE, ELIAS",20.0,https://media-cdn.incrowdsports.com/2adc2962-bb44-4461-8365-63e58f2861dc.png,BER,BER,ALBA Berlin,https://media-cdn.incrowdsports.com/ccc34858-22b0-47dc-904c-9940b0a16ff3.png,4.8,4.8,0.3658480252521364,10.1720202020202,9.6,Forward,0.5,18,EuroLeague,,,,,,,,,,,,,,
19,26.0,2.0,10.33525641025641,1.9,0.4,1.0,42.3%,0.3,1.3,20.6%,0.3,0.4,70%,0.1,0.9,1.0,2.5,0.5,0.9,0.1,0.2,1.1,0.6,2.6,012765,"CHIOZZA, CHRIS",28.0,https://media-cdn.incrowdsports.com/984c647c-f1de-42fd-aca1-a6e337ef5f55.png,BAS,BKN,Baskonia Vitoria-Gasteiz,https://media-cdn.incrowdsports.com/e324a6af-2a72-443e-9813-8bf2d364ddab.png,4.4,4.4,0.4257272219810208,8.446858974358975,8.799999999999999,Guard,0.6,19,EuroLeague,,,,,,,,,,,,,,
20,29.0,4.0,14.378160919540228,3.2,0.9,2.1,44.3%,0.2,1.2,16.7%,0.8,1.0,75.9%,0.7,1.7,2.3,0.9,0.3,0.8,0.0,0.3,1.9,1.3,2.7,012622,"MITCHELL, MATTHEW",25.0,https://media-cdn.incrowdsports.com/d7d10ebf-d311-4e29-8570-0d5ffaa48a1c.png,ZAL,ZAL,Zalgiris Kaunas,https://media-cdn.incrowdsports.com/0aa09358-3847-4c4e-b228-3582ee4e536d.png,5.000000000000001,5.000000000000001,0.3477496202734032,9.771149425287357,10.000000000000002,Forward,0.3,20,EuroLeague,,,,,,,,,,,,,,
21,27.0,11.0,14.42777777777778,5.4,0.6,1.2,50%,1.3,3.0,42.7%,0.4,0.4,90.9%,0.3,0.9,1.2,0.3,0.1,0.6,0.0,0.2,1.7,0.5,2.7,010316,"AJINCA, MELVIN",20.0,https://media-cdn.incrowdsports.com/62fd0b36-381b-4f98-8048-201184353375.png,ASV,ASV,LDLC ASVEL Villeurbanne,https://media-cdn.incrowdsports.com/e33c6d1a-95ca-4dbc-b8cb-0201812104cc.png,5.0,5.0,0.3465537158259529,9.442777777777778,10.0,Forward,0.1,21,EuroLeague,,,,,,,,,,,,,,
22,30.0,2.0,10.944444444444445,3.7,1.1,2.2,49.3%,0.4,1.5,26.7%,0.3,0.4,61.5%,0.9,1.4,2.3,0.3,0.2,0.5,0.4,0.1,1.6,0.5,2.8,008966,"TOBEY, MIKE",29.0,https://media-cdn.incrowdsports.com/d7471c9c-c1f2-4ca9-88a6-3c3ddccc597a.png,RED,CZV,Crvena Zvezda Meridianbet Belgrade,https://media-cdn.incrowdsports.com/d2eef4a8-62df-4fdd-9076-276004268515.png,5.200000000000001,5.200000000000001,0.4751269035532995,9.734444444444446,10.400000000000002,Forward,0.6000000000000001,22,EuroLeague,,,,,,,,,,,,,,
23,45.0,8.0,9.908518518518518,2.8,0.6,1.0,62.8%,0.4,1.2,31.5%,0.5,0.8,67.6%,0.9,1.0,1.9,0.7,0.3,0.4,0.2,0.0,1.7,0.5,2.9,004790,"CORNELIE, PETR",29.0,https://media-cdn.incrowdsports.com/1330e8d5-1022-47e2-8b03-86a512d8f561.png,MCO,ASM,AS Monaco,https://media-cdn.incrowdsports.com/89ed276a-2ba3-413f-8ea2-b3be209ca129.png,4.299999999999999,4.299999999999999,0.4339700220536014,11.50085185185185,8.599999999999998,Forward,0.5,23,EuroLeague,,,,,,,,,,,,,,
24,23.0,8.0,9.835507246376812,3.4,0.7,1.6,44.4%,0.3,1.2,29.6%,1.0,1.2,85.2%,0.3,0.7,1.0,0.3,0.4,0.8,0.0,0.2,1.1,1.6,2.9,012591,"TUCKER, RAYJON",27.0,https://media-cdn.incrowdsports.com/8dcf5706-93ef-4be4-a5c2-6c1d8c6bbbe3.png,VIR,VIR,Virtus Bologna,https://media-cdn.cortextech.io/1362801d-dd09-4fd0-932d-ead56063ab77.png,4.6000000000000005,4.6000000000000005,0.4676932144699035,8.036884057971015,9.2,Forward,0.4,24,EuroLeague,,,,,,,,,,,,,,
25,35.0,4.0,11.487142857142857,3.6,0.6,1.0,61.8%,0.7,1.9,38.5%,0.3,0.5,58.8%,0.4,1.2,1.5,0.4,0.3,0.2,0.2,0.0,1.7,0.5,2.9,011980,"SESTINA, NATHAN",26.0,https://media-cdn.incrowdsports.com/69669779-e9ea-4f12-81ab-42009fa4aa81.png,ULK,FBB,Fenerbahce Beko Istanbul,https://media-cdn.cortextech.io/3b7f020e-5b39-49a1-b4b2-efea918edab7.png,4.6,4.6,0.400447705509265,10.20204761904762,9.2,Forward,0.5,25,EuroLeague,,,,,,,,,,,,,,
28,62.0,47.0,18.08118279569893,3.9,0.7,1.7,41.9%,0.7,1.8,38.4%,0.4,0.5,75.8%,0.3,1.3,1.6,1.0,0.6,0.6,0.0,0.1,2.2,0.9,3.0,003526,"LIGHTY, DAVID",36.0,https://media-cdn.incrowdsports.com/a326204a-16c3-4f08-b1b4-4369f192a50f.png,ASV,ASV,LDLC ASVEL Villeurbanne,https://media-cdn.incrowdsports.com/e33c6d1a-95ca-4dbc-b8cb-0201812104cc.png,5.1000000000000005,5.1000000000000005,0.2820611935416728,15.711451612903227,10.2,Forward,0.6,28,EuroLeague,,,,,,,,,,,,,,
29,29.0,11.0,14.870689655172416,4.9,1.2,2.5,49.3%,0.6,2.2,26.6%,0.6,0.9,66.7%,0.6,1.7,2.3,0.5,0.2,0.7,0.4,0.1,2.4,1.1,3.1,012738,"REUVERS, NATHAN",25.0,https://media-cdn.incrowdsports.com/d830be60-d495-4a84-9a40-70ca084e6014.png,PAM,VBC,Valencia Basket,https://media-cdn.cortextech.io/d88f3c71-1519-4b19-8cfb-99e26a4c008e.png,6.200000000000001,6.200000000000001,0.416927536231884,10.660402298850576,12.400000000000002,Forward,0.6000000000000001,29,EuroLeague,,,,,,,,,,,,,,
30,26.0,14.0,13.925641025641026,2.4,0.8,1.5,50%,0.2,0.8,23.8%,0.3,0.3,88.9%,0.9,1.3,2.2,0.7,0.4,0.7,0.0,0.1,1.6,1.0,3.1,004172,"PONITKA, MATEUSZ",30.0,https://media-cdn.incrowdsports.com/ff57c5a3-cbb1-4453-947e-8e843f9faea1.png,PAR,PAR,Partizan Mozzart Bet Belgrade,https://media-cdn.incrowdsports.com/2681304e-77dd-4331-88b1-683078c0fb49.png,4.300000000000001,4.300000000000001,0.3087829129073836,8.735897435897437,8.600000000000001,Forward,0.4,30,EuroLeague,,,,,,,,,,,,,,
31,24.0,9.0,7.6125,2.8,0.9,1.5,62.9%,0.0,0.4,11.1%,0.9,1.2,70%,0.6,0.8,1.3,0.3,0.2,0.3,0.4,0.1,1.5,1.2,3.1,007553,"BALCEROWSKI, ALEKSANDER",23.0,https://media-cdn.incrowdsports.com/298ad210-3711-48dd-9826-c7e7a7af8a37.png,PAN,PAO,Panathinaikos AKTOR Athens,https://media-cdn.incrowdsports.com/e3dff28a-9ec6-4faf-9d96-ecbc68f75780.png,4.300000000000001,4.300000000000001,0.5648604269293925,7.77125,8.600000000000001,Forward,0.6000000000000001,31,EuroLeague,,,,,,,,,,,,,,
32,28.0,0.0,10.33095238095238,3.7,1.5,2.1,68.3%,0.0,0.0,0%,0.8,1.4,57.9%,1.0,1.3,2.3,0.4,0.1,1.1,0.1,0.1,2.4,1.3,3.2,008991,"BLACK, TARIK",33.0,https://media-cdn.incrowdsports.com/31431122-8f94-41c1-ae56-2c34657c17c3.png,ASV,ASV,LDLC ASVEL Villeurbanne,https://media-cdn.incrowdsports.com/e33c6d1a-95ca-4dbc-b8cb-0201812104cc.png,4.299999999999999,4.299999999999999,0.4162249366213412,8.709761904761905,8.599999999999998,Forward,0.2,32,EuroLeague,,,,,,,,,,,,,,
33,29.0,8.0,11.239655172413793,2.0,0.3,0.7,42.9%,0.3,0.8,39.1%,0.4,0.6,76.5%,0.7,1.4,2.0,0.5,0.9,0.1,0.3,0.0,1.8,0.5,3.2,012515,"TARPEY, TERRY",30.0,https://media-cdn.incrowdsports.com/7e0e48b2-b483-4780-9bd7-197a630f9235.png,MCO,ASM,AS Monaco,https://media-cdn.incrowdsports.com/89ed276a-2ba3-413f-8ea2-b3be209ca129.png,4.300000000000001,4.300000000000001,0.3825740144193895,8.967298850574712,8.600000000000001,Forward,1.2,33,EuroLeague,,,,,,,,,,,,,,
34,33.0,8.0,11.39090909090909,2.6,0.5,1.2,40%,0.2,0.6,40%,0.9,1.2,75%,1.2,1.8,3.1,0.2,0.2,0.2,0.1,0.2,2.4,1.3,3.3,013381,"RAYMAN, WILLIAM",27.0,https://media-cdn.incrowdsports.com/b1c74b18-0d82-42f9-b070-777f3705eae9.png,TEL,MTA,Maccabi Rapyd Tel Aviv,https://media-cdn.incrowdsports.com/5c55ef14-29df-4328-bd52-a7a64c432350.png,4.7,4.7,0.412609736632083,9.929090909090908,9.4,Forward,0.3,34,EuroLeague,,,,,,,,,,,,,,
35,30.0,14.0,12.055,2.4,0.3,0.4,72.7%,0.6,1.6,37.5%,0.1,0.1,75%,0.4,1.6,2.1,0.5,0.2,0.2,0.0,0.0,0.9,0.2,3.3,003198,"DIEZ, DANIEL",30.0,https://media-cdn.incrowdsports.com/dd893939-b4ad-4ada-8173-0a55122c7248.png,BAS,BKN,Baskonia Vitoria-Gasteiz,https://media-cdn.incrowdsports.com/e324a6af-2a72-443e-9813-8bf2d364ddab.png,4.3,4.3,0.3566984653670676,9.2155,8.6,Forward,0.2,35,EuroLeague,,,,,,,,,,,,,,
36,43.0,7.0,15.643798449612405,3.7,1.0,2.2,46.3%,0.3,1.4,25.4%,0.6,0.7,81.2%,0.5,1.8,2.3,0.6,0.1,0.5,0.0,0.2,1.6,1.2,3.3,KIR,"KAHUDI, CHARLES",38.0,https://media-cdn.incrowdsports.com/09c42084-be1d-4b65-b880-9544effea93a.png,ASV,ASV,LDLC ASVEL Villeurbanne,https://media-cdn.incrowdsports.com/e33c6d1a-95ca-4dbc-b8cb-0201812104cc.png,5.599999999999999,5.599999999999999,0.3579693268254006,12.651046511627907,11.199999999999998,Forward,0.1,36,EuroLeague,,,,,,,,,,,,,,
37,35.0,3.0,7.200952380952381,2.6,1.0,1.5,64.8%,0.0,0.0,0%,0.6,1.5,38.5%,0.7,0.9,1.6,0.2,0.3,0.4,0.7,0.1,1.5,1.5,3.3,011221,"ANTETOKOUNMPO, KOSTAS",27.0,https://media-cdn.incrowdsports.com/0bb5b2a2-1e74-4a09-9614-df6c89917382.png,PAN,PAO,Panathinaikos AKTOR Athens,https://media-cdn.incrowdsports.com/e3dff28a-9ec6-4faf-9d96-ecbc68f75780.png,4.9,4.9,0.6804655468853327,9.983428571428572,9.8,Forward,1.0,37,EuroLeague,,,,,,,,,,,,,,
39,35.0,3.0,13.516190476190475,3.1,0.5,0.8,57.1%,0.6,1.4,45.8%,0.3,0.5,62.5%,0.8,1.3,2.1,0.4,0.4,0.5,0.3,0.1,1.5,0.6,3.4,005793,"SY, BANDJA",34.0,https://media-cdn.incrowdsports.com/a07f3230-7935-48ea-89d0-e323d7374266.png,PRS,PBB,Paris Basketball,https://media-cdn.incrowdsports.com/a033e5b3-0de7-48a3-98d9-d9a4b9df1f39.png,4.800000000000001,4.800000000000001,0.3551296505073281,10.544952380952385,9.6,Forward,0.7,39,EuroLeague,,,,,,,,,,,,,,
40,53.0,14.0,15.26194968553459,4.6,1.2,2.0,57%,0.5,1.8,30.2%,0.7,0.8,85.4%,0.3,1.0,1.3,0.8,0.3,0.8,0.0,0.1,1.6,1.2,3.5,000229,"JACKSON, EDWIN",35.0,https://media-cdn.incrowdsports.com/5985ad3d-5864-4d4b-82a1-c95c14ed8b85.png,ASV,ASV,LDLC ASVEL Villeurbanne,https://media-cdn.incrowdsports.com/e33c6d1a-95ca-4dbc-b8cb-0201812104cc.png,5.699999999999999,5.699999999999999,0.3734778398203284,14.349528301886789,11.4,Forward,0.3,40,EuroLeague,,,,,,,,,,,,,,
41,42.0,10.0,13.055952380952382,3.9,0.9,1.6,53.6%,0.5,1.4,37.9%,0.6,0.9,66.7%,0.4,1.0,1.4,0.5,0.3,0.5,0.1,0.1,1.1,0.9,3.5,005161,"PAPAPETROU, IOANNIS",30.0,https://media-cdn.incrowdsports.com/34435fbb-b543-4cdd-84f6-62cf44448c88.png,PAN,PAO,Panathinaikos AKTOR Athens,https://media-cdn.incrowdsports.com/e3dff28a-9ec6-4faf-9d96-ecbc68f75780.png,5.4,5.4,0.4136044497127746,12.085595238095236,10.8,Forward,0.4,41,EuroLeague,,,,,,,,,,,,,,
42,34.0,2.0,12.336764705882352,3.3,1.3,2.3,55.8%,0.0,0.0,0%,0.8,1.2,67.5%,1.0,1.2,2.3,0.8,0.4,0.9,0.4,0.3,2.1,1.0,3.5,002812,"HINES, KYLE",37.0,https://media-cdn.incrowdsports.com/24f75c32-e4db-499d-b2e6-d46f52986033.png,MIL,EA7,EA7 Emporio Armani Milan,https://media-cdn.cortextech.io/9512ee73-a0f1-4647-a01e-3c2938aba6b8.png,4.9,4.9,0.3971867922279175,10.330343137254902,9.8,Forward,0.8,42,EuroLeague,,,,,,,,,,,,,,
43,31.0,2.0,12.856451612903228,4.4,0.8,1.4,58.1%,0.8,2.5,31.6%,0.4,0.4,84.6%,0.6,1.1,1.7,0.4,0.4,0.2,0.1,0.1,1.1,0.4,3.5,003527,"ABASS, AWUDU",30.0,https://media-cdn.incrowdsports.com/48981256-0717-4569-80e4-d00a533de995.png,VIR,VIR,Virtus Bologna,https://media-cdn.cortextech.io/1362801d-dd09-4fd0-932d-ead56063ab77.png,6.000000000000002,6.000000000000002,0.4666917576213775,10.65231182795699,12.000000000000004,Forward,0.5,43,EuroLeague,,,,,,,,,,,,,,
44,36.0,0.0,10.934722222222222,2.8,1.0,1.6,64.9%,0.1,0.3,40%,0.4,0.6,72.7%,1.1,1.7,2.7,0.4,0.2,0.5,0.0,0.0,1.9,0.9,3.7,013373,"CAVALIERE, LEOPOLD",28.0,https://media-cdn.incrowdsports.com/f24384c7-9fbd-4d01-a2e8-40f94f2cd1ec.png,PRS,PBB,Paris Basketball,https://media-cdn.incrowdsports.com/a033e5b3-0de7-48a3-98d9-d9a4b9df1f39.png,4.600000000000001,4.600000000000001,0.4206782674965072,10.313472222222224,9.200000000000005,Forward,0.2,44,EuroLeague,,,,,,,,,,,,,,
45,54.0,0.0,11.194444444444445,4.4,0.5,1.3,35.2%,0.8,2.4,34.1%,0.9,1.1,80.6%,0.2,0.9,1.1,1.4,0.5,0.8,0.1,0.1,1.4,1.4,3.7,010392,"LARENTZAKIS, GIANNOULIS",31.0,https://media-cdn.incrowdsports.com/f051ba29-7b39-4681-b3c7-3de17ce25734.png,OLY,OLY,Olympiacos Piraeus,https://media-cdn.incrowdsports.com/789423ac-3cdf-4b89-b11c-b458aa5f59a6.png,6.6,6.6,0.5895781637717121,14.739444444444445,13.2,Forward,0.6,45,EuroLeague,,,,,,,,,,,,,,
46,65.0,25.0,17.818461538461538,4.9,1.2,2.0,58.6%,0.7,2.6,27.1%,0.4,0.7,56.2%,0.9,1.8,2.7,0.5,0.3,0.7,0.1,0.2,2.0,1.1,3.8,006251,"SCHNEIDER, TIM",27.0,https://media-cdn.incrowdsports.com/3c4d48d7-a0e1-4375-9246-2d9fc7bf969a.png,BER,BER,ALBA Berlin,https://media-cdn.incrowdsports.com/ccc34858-22b0-47dc-904c-9940b0a16ff3.png,6.700000000000002,6.700000000000002,0.3760145052667934,17.305179487179487,13.400000000000004,Forward,0.4,46,EuroLeague,,,,,,,,,,,,,,
47,48.0,32.0,12.629166666666668,3.2,0.7,1.3,55.6%,0.5,1.4,33.3%,0.3,0.5,66.7%,0.8,1.6,2.4,0.5,0.5,0.3,0.1,0.1,1.5,0.7,3.8,009213,"NDIAYE, ELI",20.0,https://media-cdn.incrowdsports.com/2ce6d0d0-375c-468c-8af4-40b1dfdcad00.png,MAD,RMB,Real Madrid,https://media-cdn.incrowdsports.com/1a3e1404-4f6f-4ede-9d8b-30eee7cb51b4.png,5.5,5.5,0.4354998350379412,13.112916666666669,11.0,Forward,0.6,47,EuroLeague,,,,,,,,,,,,,,
48,56.0,15.0,15.357440476190476,4.5,0.8,1.5,52.3%,0.8,1.9,44.2%,0.4,0.6,75.8%,0.5,1.2,1.8,0.6,0.3,0.5,0.1,0.1,1.9,0.9,3.8,001557,"GIFFEY, NIELS",33.0,https://media-cdn.incrowdsports.com/17f631c2-05c2-452f-9a39-3cb9533a0537.png,MUN,BAY,FC Bayern Munich,https://media-cdn.incrowdsports.com/817b0e58-d595-4b09-ab0b-1e7cc26249ff.png,5.699999999999999,5.699999999999999,0.3711555977597333,14.859077380952382,11.4,Forward,0.4,48,EuroLeague,,,,,,,,,,,,,,
49,27.0,9.0,14.096913580246914,3.9,1.3,2.0,65.5%,0.3,1.3,23.5%,0.4,0.7,50%,0.9,2.2,3.1,0.6,0.6,0.6,0.4,0.2,2.6,0.6,3.8,007630,"GARUBA, USMAN",22.0,https://media-cdn.incrowdsports.com/8e68d998-2bbb-462e-9892-57b2208ebbf8.png,MAD,RMB,Real Madrid,https://media-cdn.incrowdsports.com/1a3e1404-4f6f-4ede-9d8b-30eee7cb51b4.png,5.8,5.8,0.4114375793668169,9.96969135802469,11.6,Forward,1.0,49,EuroLeague,,,,,,,,,,,,,,
50,22.0,4.0,11.150757575757575,2.7,1.0,1.8,52.5%,0.1,0.3,28.6%,0.5,0.9,55%,1.3,1.4,2.7,0.5,0.4,0.5,0.2,0.2,1.6,1.1,3.8,006589,"SIKMA, LUKE",34.0,https://media-cdn.incrowdsports.com/ae703049-980c-4ddc-8c4f-f920ee5e7710.png,OLY,OLY,Olympiacos Piraeus,https://media-cdn.incrowdsports.com/789423ac-3cdf-4b89-b11c-b458aa5f59a6.png,5.300000000000002,5.300000000000002,0.4753040288063049,8.491742424242425,10.600000000000003,Forward,0.6000000000000001,50,EuroLeague,,,,,,,,,,,,,,
51,23.0,5.0,11.970289855072464,5.3,0.7,1.4,51.5%,1.1,3.0,35.7%,0.5,0.8,63.2%,0.1,0.8,0.9,1.4,0.5,1.1,0.0,0.1,1.4,1.4,3.9,013378,"RATHAN-MAYES, XAVIER",30.0,https://media-cdn.incrowdsports.com/bf65131d-44d5-4015-95c5-7d78f133a5d0.png,MAD,RMB,Real Madrid,https://media-cdn.incrowdsports.com/1a3e1404-4f6f-4ede-9d8b-30eee7cb51b4.png,6.9,6.9,0.5764271445002724,9.86036231884058,13.8,Forward,0.5,51,EuroLeague,,,,,,,,,,,,,,
52,23.0,13.0,15.357971014492756,3.9,1.0,1.7,63.2%,0.4,1.7,25.6%,0.5,0.8,57.9%,1.0,1.4,2.4,0.7,0.6,0.6,0.1,0.1,1.8,1.0,4.0,011836,"MIKE, ISIAHA",27.0,https://media-cdn.incrowdsports.com/a1725eef-4b71-489c-ad65-3ace75faaa53.png,PAR,PAR,Partizan Mozzart Bet Belgrade,https://media-cdn.incrowdsports.com/2681304e-77dd-4331-88b1-683078c0fb49.png,6.2,6.2,0.4036991601396621,9.70913043478261,12.4,Forward,0.7,52,EuroLeague,,,,,,,,,,,,,,
53,60.0,37.0,20.295277777777777,5.3,1.2,2.7,42.9%,0.8,2.0,40.7%,0.6,0.7,87.5%,0.5,0.9,1.4,1.5,0.8,0.9,0.0,0.3,1.9,0.9,4.0,007513,"GIEDRAITIS, DOVYDAS",24.0,https://media-cdn.incrowdsports.com/8f1493eb-ebd5-4532-bc36-63e16ae94939.png,ZAL,ZAL,Zalgiris Kaunas,https://media-cdn.incrowdsports.com/0aa09358-3847-4c4e-b228-3582ee4e536d.png,6.8,6.8,0.3350533101569878,16.789527777777778,13.6,Guard,0.8,53,EuroLeague,,,,,,,,,,,,,,
54,57.0,7.0,14.117543859649125,4.0,1.2,2.1,55.8%,0.4,1.6,25.6%,0.5,0.6,74.3%,0.9,1.7,2.5,0.5,0.4,0.4,0.1,0.1,1.4,0.8,4.2,007464,"PARRA, JOEL",24.0,https://media-cdn.incrowdsports.com/344d80d5-23c4-441d-8f4c-5a5ed14a9999.png,BAR,BAR,FC Barcelona,https://media-cdn.incrowdsports.com/35dfa503-e417-481f-963a-bdf6f013763e.png,6.4,6.4,0.4533366471977134,15.391754385964912,12.8,Forward,0.5,54,EuroLeague,,,,,,,,,,,,,,
55,68.0,33.0,12.638725490196078,5.1,1.2,2.2,57%,0.6,1.7,35.6%,0.7,0.9,78.1%,0.8,1.4,2.2,0.6,0.3,0.6,0.4,0.1,2.4,1.1,4.3,002968,"SANLI, SERTAC",33.0,https://media-cdn.incrowdsports.com/253a34da-7f58-4354-a9a5-cc06507200c6.png,ULK,FBB,Fenerbahce Beko Istanbul,https://media-cdn.cortextech.io/3b7f020e-5b39-49a1-b4b2-efea918edab7.png,6.6,6.6,0.5222045533878912,17.21720588235294,13.2,Forward,0.7,55,EuroLeague,,,,,,,,,,,,,,
56,23.0,7.0,13.434782608695652,6.9,1.3,2.8,47.7%,1.0,2.4,39.3%,1.3,1.6,81.1%,0.1,1.0,1.1,1.8,0.8,2.0,0.1,0.3,2.2,1.3,4.3,012787,"SUMNER, EDMOND",28.0,https://media-cdn.incrowdsports.com/f65b5cf1-6f7a-40c9-9100-5780c575e3dd.png,ZAL,ZAL,Zalgiris Kaunas,https://media-cdn.incrowdsports.com/0aa09358-3847-4c4e-b228-3582ee4e536d.png,7.500000000000002,7.500000000000002,0.5582524271844661,10.4268115942029,15.000000000000004,Guard,0.9,56,EuroLeague,,,,,,,,,,,,,,
57,33.0,4.0,17.85959595959596,6.4,1.3,2.8,46.2%,1.1,2.9,38.1%,0.5,0.7,68.2%,0.5,1.0,1.5,1.7,0.4,1.0,0.1,0.3,2.1,1.1,4.3,003211,"DIMSA, TOMAS",29.0,https://media-cdn.incrowdsports.com/f5a9303d-e74d-4955-8a7a-30ac7ec50c2c.png,ZAL,ZAL,Zalgiris Kaunas,https://media-cdn.incrowdsports.com/0aa09358-3847-4c4e-b228-3582ee4e536d.png,7.8,7.8,0.4367400033934732,12.745959595959595,15.6,Guard,0.5,57,EuroLeague,,,,,,,,,,,,,,
58,34.0,12.0,16.351470588235294,5.2,1.6,3.4,48.3%,0.4,1.1,41.7%,0.6,1.0,57.1%,0.3,1.4,1.6,1.6,1.1,1.1,0.2,0.4,2.4,1.3,4.4,013371,"HARRISON, SHAQUILLE",31.0,https://media-cdn.incrowdsports.com/d7172f56-4fad-490c-a0f5-cc2ac64a2ca9.png,ASV,ASV,LDLC ASVEL Villeurbanne,https://media-cdn.incrowdsports.com/e33c6d1a-95ca-4dbc-b8cb-0201812104cc.png,7.1,7.1,0.4342117096861228,12.271813725490196,14.2,Guard,1.3,58,EuroLeague,,,,,,,,,,,,,,
59,23.0,11.0,13.681884057971017,4.4,1.0,2.0,50%,0.5,1.9,27.9%,0.9,1.1,80%,0.8,1.7,2.5,0.7,0.4,0.5,0.2,0.1,1.5,0.8,4.4,013365,"BROWN, VITTO",29.0,https://media-cdn.incrowdsports.com/61800a63-45e8-44d5-9fce-9c519cc590e4.png,MCO,ASM,AS Monaco,https://media-cdn.incrowdsports.com/89ed276a-2ba3-413f-8ea2-b3be209ca129.png,6.9,6.9,0.504316508659499,10.031521739130437,13.8,Forward,0.6000000000000001,59,EuroLeague,,,,,,,,,,,,,,
60,39.0,4.0,14.16153846153846,5.4,1.5,2.8,55.6%,0.4,1.5,27.1%,1.1,1.6,70.5%,1.0,0.8,1.7,0.7,0.9,0.5,0.5,0.2,2.5,1.2,4.5,012744,"CLEVELAND, ANTONIUS",29.0,https://media-cdn.incrowdsports.com/ff56c399-8c7a-4744-9abc-7105f666168e.png,TEL,MTA,Maccabi Rapyd Tel Aviv,https://media-cdn.incrowdsports.com/5c55ef14-29df-4328-bd52-a7a64c432350.png,7.2,7.2,0.5084193373166758,12.956153846153846,14.4,Forward,1.4,60,EuroLeague,,,,,,,,,,,,,,
61,32.0,0.0,15.1984375,4.4,0.7,1.8,35.6%,1.0,2.7,35.6%,0.2,0.2,87.5%,0.1,1.2,1.4,4.2,0.5,1.5,0.0,0.0,2.2,0.8,4.5,CVM,"RODRIGUEZ, SERGIO",37.0,https://media-cdn.incrowdsports.com/d605b7e7-d619-4620-93b1-5979b22592bc.png,MAD,RMB,Real Madrid,https://media-cdn.incrowdsports.com/1a3e1404-4f6f-4ede-9d8b-30eee7cb51b4.png,7.6,7.6,0.5000514033103732,12.173177083333332,15.2,Guard,0.5,61,EuroLeague,,,,,,,,,,,,,,
62,52.0,17.0,14.272115384615384,5.6,0.6,1.4,45.8%,1.3,3.3,39.7%,0.3,0.4,73.9%,0.4,2.0,2.4,0.5,0.4,0.6,0.1,0.1,1.4,0.7,4.6,012715,"MANEK, BRADY",26.0,https://media-cdn.incrowdsports.com/a71d0828-d073-452d-802b-7a82e66b4f1e.png,ZAL,ZAL,Zalgiris Kaunas,https://media-cdn.incrowdsports.com/0aa09358-3847-4c4e-b228-3582ee4e536d.png,7.6,7.6,0.532506905612073,15.413878205128206,15.2,Forward,0.5,62,EuroLeague,,,,,,,,,,,,,,
63,26.0,1.0,11.023076923076925,4.4,0.7,1.5,42.5%,0.8,2.1,36.4%,0.8,1.0,77.8%,0.3,1.1,1.4,1.1,0.4,0.6,0.0,0.2,0.9,1.3,4.6,012709,"WALKER, KEMBA",33.0,https://media-cdn.incrowdsports.com/17e670bf-861d-4d2a-bca6-64f9590c04bd.png,MCO,ASM,AS Monaco,https://media-cdn.incrowdsports.com/89ed276a-2ba3-413f-8ea2-b3be209ca129.png,6.900000000000001,6.900000000000001,0.6259595254710398,10.265641025641026,13.800000000000002,Forward,0.4,63,EuroLeague,,,,,,,,,,,,,,
64,42.0,5.0,9.91547619047619,4.3,1.5,2.5,59.8%,0.1,0.2,37.5%,1.1,1.3,84.9%,0.9,1.0,1.9,0.4,0.2,0.4,0.0,0.2,1.3,1.1,4.6,005460,"HARRIS, ELIAS",35.0,https://media-cdn.incrowdsports.com/9b314836-f6c0-4676-bf3a-29f1f489a12a.png,MUN,BAY,FC Bayern Munich,https://media-cdn.incrowdsports.com/817b0e58-d595-4b09-ab0b-1e7cc26249ff.png,6.0,6.0,0.605114659623004,12.191547619047618,12.0,Forward,0.2,64,EuroLeague,,,,,,,,,,,,,,
65,30.0,9.0,12.865,5.3,2.2,3.6,61.7%,0.0,0.2,20%,0.8,1.0,79.3%,1.2,1.5,2.7,0.1,0.3,1.0,0.4,0.2,2.5,1.3,4.7,009960,"POYTHRESS, ALEX",30.0,https://media-cdn.incrowdsports.com/569f97d4-5c6f-4b4b-90ae-d0f73d1b7b07.png,MIL,EA7,EA7 Emporio Armani Milan,https://media-cdn.cortextech.io/9512ee73-a0f1-4647-a01e-3c2938aba6b8.png,6.400000000000001,6.400000000000001,0.4974737660318695,10.7665,12.800000000000002,Forward,0.7,65,EuroLeague,,,,,,,,,,,,,,
66,51.0,6.0,9.544771241830066,4.3,1.6,2.5,66.4%,0.1,0.3,35.3%,0.7,0.9,79.5%,1.0,1.3,2.3,0.3,0.3,0.5,0.5,0.1,1.9,0.7,4.7,007639,"BRANKOVIC, DANKO",24.0,https://media-cdn.incrowdsports.com/62e22400-6f30-4a28-9288-8df658855669.png,MUN,BAY,FC Bayern Munich,https://media-cdn.incrowdsports.com/817b0e58-d595-4b09-ab0b-1e7cc26249ff.png,5.899999999999999,5.899999999999999,0.6181394871092545,13.584477124183003,11.799999999999995,Forward,0.8,66,EuroLeague,,,,,,,,,,,,,,
68,27.0,7.0,12.784567901234569,3.9,1.0,1.7,60.9%,0.5,1.6,29.5%,0.3,0.5,69.2%,0.7,1.5,2.2,1.2,0.6,0.5,1.0,0.0,2.1,0.6,4.7,008232,"POKUSEVSKI, ALEKSEJ",23.0,https://media-cdn.incrowdsports.com/98214c1e-e8c1-4b78-b670-8e5c4780dc9a.png,PAR,PAR,Partizan Mozzart Bet Belgrade,https://media-cdn.incrowdsports.com/2681304e-77dd-4331-88b1-683078c0fb49.png,6.899999999999999,6.899999999999999,0.5397131958862439,10.608456790123457,13.799999999999995,Forward,1.6,68,EuroLeague,,,,,,,,,,,,,,
70,31.0,7.0,13.605913978494623,3.4,1.3,2.2,61.2%,0.1,0.3,30%,0.5,0.8,58.3%,1.3,2.0,3.3,0.7,0.5,0.7,0.0,0.2,1.7,0.8,4.8,010393,"PRADILLA, JAIME",22.0,https://media-cdn.incrowdsports.com/9c8c8d4f-31d8-4c05-bf26-60334b55cf5d.png,PAM,VBC,Valencia Basket,https://media-cdn.cortextech.io/d88f3c71-1519-4b19-8cfb-99e26a4c008e.png,6.099999999999999,6.099999999999999,0.4483344529181648,10.797258064516129,12.199999999999998,Forward,0.5,70,EuroLeague,,,,,,,,,,,,,,
71,28.0,3.0,13.096428571428572,5.0,0.8,1.8,44%,0.7,1.8,40%,1.3,1.4,94.7%,0.2,1.0,1.1,0.6,0.2,0.5,0.1,0.1,1.1,1.6,4.8,000956,"ANDJUSIC, DANILO",32.0,https://media-cdn.incrowdsports.com/09afdf60-b0bf-4e1a-808e-5c9387634da5.png,PAR,PAR,Partizan Mozzart Bet Belgrade,https://media-cdn.incrowdsports.com/2681304e-77dd-4331-88b1-683078c0fb49.png,6.9,6.9,0.5268611944368694,10.806309523809524,13.8,Forward,0.3,71,EuroLeague,,,,,,,,,,,,,,
72,33.0,5.0,14.193939393939392,4.8,1.5,2.7,54.4%,0.4,1.5,29.2%,0.5,0.9,62.1%,0.4,1.4,1.8,1.6,0.7,0.7,0.1,0.3,2.1,1.5,4.8,011247,"FELIZ, ANDRES",27.0,https://media-cdn.incrowdsports.com/add1b714-d177-4c67-a726-a283ec197f50.png,MAD,RMB,Real Madrid,https://media-cdn.incrowdsports.com/1a3e1404-4f6f-4ede-9d8b-30eee7cb51b4.png,7.399999999999999,7.399999999999999,0.5213492741246798,12.09939393939394,14.8,Guard,0.7999999999999999,72,EuroLeague,,,,,,,,,,,,,,
73,45.0,12.0,13.006296296296297,3.7,1.5,2.5,60.5%,0.0,0.0,0%,0.6,1.2,55.8%,1.5,1.6,3.1,0.4,0.3,0.8,0.4,0.2,1.9,1.3,4.9,008072,"DIOP, KHALIFA",22.0,https://media-cdn.incrowdsports.com/d6e66036-8399-4488-9cf5-b8ead9a451c8.png,BAS,BKN,Baskonia Vitoria-Gasteiz,https://media-cdn.incrowdsports.com/e324a6af-2a72-443e-9813-8bf2d364ddab.png,6.3,6.3,0.4843807842355554,13.21062962962963,12.6,Forward,0.7,73,EuroLeague,,,,,,,,,,,,,,
74,24.0,0.0,15.396527777777775,3.3,0.1,0.2,50%,1.0,2.6,36.5%,0.2,0.3,85.7%,0.2,1.6,1.9,1.5,0.9,0.2,0.0,0.0,1.3,0.7,4.9,BMT,"FERNANDEZ, RUDY",38.0,https://media-cdn.incrowdsports.com/81ff9d74-1784-441e-addd-b9198bfdab15.png,MAD,RMB,Real Madrid,https://media-cdn.incrowdsports.com/1a3e1404-4f6f-4ede-9d8b-30eee7cb51b4.png,6.8,6.8,0.441658021740111,10.299652777777776,13.6,Guard,0.9,74,EuroLeague,,,,,,,,,,,,,,
77,73.0,5.0,17.532420091324198,7.2,0.9,2.2,41.7%,1.5,4.6,31.4%,1.0,1.3,77.2%,0.3,1.0,1.3,2.1,0.3,0.9,0.0,0.1,1.5,1.4,5.1,TGB,"LLULL, SERGIO",37.0,https://media-cdn.incrowdsports.com/c0c0c586-9005-47a5-970d-86b57458701d.png,MAD,RMB,Real Madrid,https://media-cdn.incrowdsports.com/1a3e1404-4f6f-4ede-9d8b-30eee7cb51b4.png,9.8,9.8,0.5589644754661945,20.77990867579909,19.6,Guard,0.3,77,EuroLeague,,,,,,,,,,,,,,
78,57.0,20.0,17.414912280701753,5.4,1.4,2.5,54.9%,0.7,2.4,28.1%,0.6,0.8,77.8%,0.9,1.5,2.4,2.1,0.8,1.3,0.1,0.2,2.4,1.3,5.2,008211,"DELOW, MALTE",23.0,https://media-cdn.incrowdsports.com/4402c134-97e3-485e-ac5d-ea9bdb7bba28.png,BER,BER,ALBA Berlin,https://media-cdn.incrowdsports.com/ccc34858-22b0-47dc-904c-9940b0a16ff3.png,8.200000000000001,8.200000000000001,0.470860827079031,16.981491228070176,16.400000000000002,Guard,0.9,78,EuroLeague,,,,,,,,,,,,,,
79,56.0,13.0,16.272321428571427,4.5,0.9,1.8,54.1%,0.8,1.6,47.8%,0.3,0.5,61.5%,0.3,1.5,1.9,1.2,0.5,0.4,0.1,0.2,1.3,0.8,5.2,006509,"TONUT, STEFANO",31.0,https://media-cdn.incrowdsports.com/4fccbbc2-857f-4da1-9dab-fc44b47fe75f.png,MIL,EA7,EA7 Emporio Armani Milan,https://media-cdn.cortextech.io/9512ee73-a0f1-4647-a01e-3c2938aba6b8.png,7.100000000000001,7.100000000000001,0.436323731138546,15.930565476190475,14.200000000000005,Forward,0.6,79,EuroLeague,,,,,,,,,,,,,,
80,64.0,21.0,17.13828125,5.5,0.5,0.9,56.7%,1.3,3.1,41.2%,0.6,0.7,88.6%,0.7,1.3,2.0,0.6,0.5,0.5,0.2,0.0,2.3,1.4,5.2,003478,"ABRINES, ALEX",31.0,https://media-cdn.incrowdsports.com/47795ee0-c812-487a-be8a-67900a5ab8d5.png,BAR,BAR,FC Barcelona,https://media-cdn.incrowdsports.com/35dfa503-e417-481f-963a-bdf6f013763e.png,7.399999999999999,7.399999999999999,0.4317819209554633,17.560494791666667,14.8,Forward,0.7,80,EuroLeague,,,,,,,,,,,,,,
81,36.0,19.0,13.665277777777778,3.5,1.3,2.3,58.5%,0.0,0.0,0%,0.8,1.1,72.5%,1.6,2.0,3.7,0.6,0.4,0.9,0.4,0.0,2.3,1.1,5.2,007182,"BIRCH, KHEM",32.0,https://media-cdn.incrowdsports.com/9d120639-c1cf-48ed-b711-e57190c36fe7.png,ULK,FBB,Fenerbahce Beko Istanbul,https://media-cdn.cortextech.io/3b7f020e-5b39-49a1-b4b2-efea918edab7.png,6.499999999999999,6.499999999999999,0.4756580953348917,11.916527777777777,12.999999999999998,Center,0.8,81,EuroLeague,,,,,,,,,,,,,,
82,62.0,14.0,16.186290322580643,5.0,0.3,0.7,37%,1.2,3.0,41.2%,0.7,0.8,93.6%,0.7,1.2,1.9,0.9,0.7,0.4,0.0,0.1,2.0,1.6,5.4,007990,"DIBARTOLOMEO, JOHN",33.0,https://media-cdn.incrowdsports.com/d849757d-0a4d-47b8-82aa-ddca5eb1f7bc.png,TEL,MTA,Maccabi Rapyd Tel Aviv,https://media-cdn.incrowdsports.com/5c55ef14-29df-4328-bd52-a7a64c432350.png,7.6,7.6,0.4695331572916148,17.271962365591396,15.2,Forward,0.7,82,EuroLeague,,,,,,,,,,,,,,
83,59.0,22.0,16.095197740112994,4.5,1.0,1.6,60.4%,0.6,1.6,38.7%,0.7,0.9,78.4%,0.4,2.0,2.4,0.6,0.5,0.4,0.3,0.1,1.5,1.1,5.5,007960,"DAVIDOVAC, DEJAN",29.0,https://media-cdn.incrowdsports.com/7c9b47c4-d0ca-4827-bb68-3ad4f5d4e2c3.png,RED,CZV,Crvena Zvezda Meridianbet Belgrade,https://media-cdn.incrowdsports.com/d2eef4a8-62df-4fdd-9076-276004268515.png,7.4,7.4,0.4597644663636204,16.622853107344632,14.8,Forward,0.8,83,EuroLeague,,,,,,,,,,,,,,
85,63.0,37.0,16.570370370370373,5.0,0.9,1.5,56.8%,0.9,2.1,44.4%,0.5,0.5,88.2%,0.4,1.8,2.2,1.3,0.5,0.4,0.0,0.0,1.5,0.6,5.7,003733,"ABALDE, ALBERTO",29.0,https://media-cdn.incrowdsports.com/192d6d61-9180-4b9a-91c0-eff940b1f27e.png,MAD,RMB,Real Madrid,https://media-cdn.incrowdsports.com/1a3e1404-4f6f-4ede-9d8b-30eee7cb51b4.png,7.699999999999999,7.699999999999999,0.4646848457755922,17.547037037037036,15.4,Forward,0.5,85,EuroLeague,,,,,,,,,,,,,,
86,54.0,7.0,14.814814814814817,4.1,0.8,1.6,51.8%,0.6,1.9,32.4%,0.6,0.8,77.3%,0.9,1.9,2.8,1.0,0.5,0.5,0.4,0.1,1.4,1.1,5.7,002084,"POLONARA, ACHILLE",33.0,https://media-cdn.incrowdsports.com/1cbaecd9-0811-4c56-b6db-96ca70ea1141.png,VIR,VIR,Virtus Bologna,https://media-cdn.cortextech.io/1362801d-dd09-4fd0-932d-ead56063ab77.png,7.899999999999999,7.899999999999999,0.5332499999999999,16.01148148148148,15.799999999999995,Forward,0.9,86,EuroLeague,,,,,,,,,,,,,,
87,22.0,13.0,14.91439393939394,5.9,0.5,1.3,42.9%,1.0,3.1,32.4%,1.8,2.4,75%,0.4,0.8,1.1,2.3,0.4,1.3,0.0,0.0,2.0,2.8,5.8,008104,"ZAGARS, ARTURS",24.0,https://media-cdn.incrowdsports.com/b4c3cecb-dc7f-4b94-b9c6-c13671bade5b.png,ULK,FBB,Fenerbahce Beko Istanbul,https://media-cdn.cortextech.io/3b7f020e-5b39-49a1-b4b2-efea918edab7.png,9.2,9.2,0.6168537613653678,11.59810606060606,18.4,Guard,0.4,87,EuroLeague,,,,,,,,,,,,,,
89,62.0,51.0,15.409408602150538,5.7,1.5,2.7,54.2%,0.7,1.8,37.5%,0.8,0.8,94.1%,0.8,2.0,2.8,0.9,0.5,0.8,0.1,0.2,1.7,1.1,6.0,012710,"OSMANI, ERCAN",26.0,https://media-cdn.incrowdsports.com/73c6e2d2-b8f4-45cf-998f-3c7c5efb2e4f.png,IST,EFS,Anadolu Efes Istanbul,https://media-cdn.cortextech.io/9a463aa2-ceb2-481c-9a95-1cddee0a248e.png,8.4,8.4,0.5451215044571986,17.75427419354839,16.8,Forward,0.6,89,EuroLeague,,,,,,,,,,,,,,
90,64.0,29.0,20.12578125,4.6,0.6,1.3,47.7%,0.9,2.5,35%,0.7,0.9,75.4%,0.4,1.7,2.1,3.5,1.0,1.2,0.1,0.2,2.7,1.3,6.0,006739,"PAJOLA, ALESSANDRO",25.0,https://media-cdn.incrowdsports.com/6541f280-b115-4758-b184-13631cba587a.png,VIR,VIR,Virtus Bologna,https://media-cdn.cortextech.io/1362801d-dd09-4fd0-932d-ead56063ab77.png,8.5,8.5,0.4223438531112923,18.629244791666668,17.0,Guard,1.1,90,EuroLeague,,,,,,,,,,,,,,
91,39.0,2.0,15.727777777777778,6.2,1.2,2.1,54.2%,1.0,2.9,33%,1.0,1.3,77.6%,0.9,2.3,3.2,0.5,0.5,0.4,0.3,0.3,2.1,1.3,6.0,011971,"WEBB III, JAMES",30.0,https://media-cdn.incrowdsports.com/5db88293-4b27-4ff9-883f-ef8cc7bae695.png,TEL,MTA,Maccabi Rapyd Tel Aviv,https://media-cdn.incrowdsports.com/5c55ef14-29df-4328-bd52-a7a64c432350.png,9.2,9.2,0.5849523136700813,14.51277777777778,18.4,Forward,0.8,91,EuroLeague,,,,,,,,,,,,,,
93,65.0,34.0,18.59307692307692,10.4,1.5,3.4,44.4%,1.9,5.2,35.6%,1.8,2.1,85.4%,0.1,1.0,1.1,1.3,0.4,1.0,0.0,0.2,1.8,1.4,6.1,BCN,"BELINELLI, MARCO",38.0,https://media-cdn.incrowdsports.com/95f413de-ce11-4fe1-916a-3984551ceba7.png,VIR,VIR,Virtus Bologna,https://media-cdn.cortextech.io/1362801d-dd09-4fd0-932d-ead56063ab77.png,11.6,11.6,0.6238881304042035,20.812641025641025,23.200000000000003,Forward,0.4,93,EuroLeague,,,,,,,,,,,,,,
94,32.0,3.0,15.011979166666666,7.6,1.0,2.2,45.8%,1.6,3.8,41.3%,0.9,0.9,96.6%,0.4,1.6,2.0,0.8,0.5,0.5,0.1,0.2,1.4,0.7,6.1,013384,"BROOKS, ARMONI",26.0,https://media-cdn.incrowdsports.com/aad0e402-ea32-4e04-8741-f488f652c9c1.png,MIL,EA7,EA7 Emporio Armani Milan,https://media-cdn.cortextech.io/9512ee73-a0f1-4647-a01e-3c2938aba6b8.png,9.6,9.6,0.639489296742185,13.55453125,19.2,Forward,0.6,94,EuroLeague,,,,,,,,,,,,,,
95,25.0,6.0,16.416666666666668,5.1,1.4,2.3,58.6%,0.5,2.1,25%,0.8,1.0,83.3%,0.9,2.4,3.2,0.9,0.4,0.9,0.0,0.2,1.4,1.7,6.2,005356,"LOPEZ-AROSTEGUI, XABI",26.0,https://media-cdn.incrowdsports.com/8d108cea-6042-4ca0-b952-d7885a06a3f3.png,PAM,VBC,Valencia Basket,https://media-cdn.cortextech.io/d88f3c71-1519-4b19-8cfb-99e26a4c008e.png,8.8,8.8,0.5360406091370559,11.968333333333335,17.6,Forward,0.4,95,EuroLeague,,,,,,,,,,,,,,
96,55.0,23.0,21.5639393939394,4.7,0.8,1.5,53.7%,0.7,1.9,38.3%,0.8,1.1,72.6%,0.9,2.7,3.5,1.1,0.9,0.8,0.2,0.2,2.5,1.6,6.2,002676,"BUTKEVICIUS, ARNAS",32.0,https://media-cdn.incrowdsports.com/b080f644-df17-416a-b647-cb2fae3f3fd1.png,ZAL,ZAL,Zalgiris Kaunas,https://media-cdn.incrowdsports.com/0aa09358-3847-4c4e-b228-3582ee4e536d.png,8.499999999999998,8.499999999999998,0.3941765854892425,17.273060606060604,16.999999999999996,Forward,1.1,96,EuroLeague,,,,,,,,,,,,,,
97,68.0,7.0,16.20122549019608,8.0,1.7,3.3,51.6%,1.3,3.1,41.1%,0.7,0.9,78.3%,0.3,0.9,1.2,1.9,0.3,1.1,0.1,0.2,1.8,1.4,6.2,009992,"BRIZUELA, DARIO",30.0,https://media-cdn.incrowdsports.com/ff80e53b-0a60-416b-aa0a-3435c3ddb3d1.png,BAR,BAR,FC Barcelona,https://media-cdn.incrowdsports.com/35dfa503-e417-481f-963a-bdf6f013763e.png,9.8,9.8,0.6048925129725723,19.81345588235294,19.6,Guard,0.4,97,EuroLeague,,,,,,,,,,,,,,
98,58.0,20.0,21.89511494252873,9.2,0.5,1.2,41.8%,2.6,6.1,42%,0.5,0.7,75.6%,0.3,1.4,1.7,1.2,0.4,0.9,0.0,0.2,1.8,1.1,6.4,004508,"OBST, ANDREAS",28.0,https://media-cdn.incrowdsports.com/0c5a2349-762c-406c-9bb0-c7ef1a0dbe47.png,MUN,BAY,FC Bayern Munich,https://media-cdn.incrowdsports.com/817b0e58-d595-4b09-ab0b-1e7cc26249ff.png,10.699999999999998,10.699999999999998,0.4886934838243979,19.346178160919536,21.399999999999995,Forward,0.4,98,EuroLeague,,,,,,,,,,,,,,
99,25.0,13.0,21.412,7.1,2.0,4.6,43%,0.8,2.6,30.3%,0.8,1.0,80%,0.2,1.5,1.7,3.7,0.9,0.9,0.2,0.2,2.4,1.0,6.4,012597,"BALDWIN, KAMAR",27.0,https://media-cdn.incrowdsports.com/f7283ab4-069e-4ef3-84eb-a68bdc6936ac.png,BAS,BKN,Baskonia Vitoria-Gasteiz,https://media-cdn.incrowdsports.com/e324a6af-2a72-443e-9813-8bf2d364ddab.png,11.1,11.1,0.5184008966934429,14.077866666666669,22.2,Guard,1.1,99,EuroLeague,,,,,,,,,,,,,,
100,52.0,25.0,15.832692307692309,4.5,1.1,2.1,52.8%,0.5,1.6,32.5%,0.7,0.8,92.7%,1.0,2.0,3.0,0.9,0.4,0.4,0.1,0.1,1.0,1.1,6.4,010560,"PIERRE, DYSHAWN",31.0,https://media-cdn.incrowdsports.com/7f04a6d9-d458-47c5-a453-b089904b8992.png,ULK,FBB,Fenerbahce Beko Istanbul,https://media-cdn.cortextech.io/3b7f020e-5b39-49a1-b4b2-efea918edab7.png,8.5,8.5,0.5368638406413214,16.1999358974359,17.0,Forward,0.5,100,EuroLeague,,,,,,,,,,,,,,
101,27.0,7.0,16.849382716049384,7.6,1.9,4.2,45.1%,0.7,2.8,23.7%,1.8,2.0,87.3%,0.3,1.3,1.6,2.9,0.4,1.5,0.0,0.2,1.2,1.8,6.5,006085,"DIMITRIJEVIC, NENO",26.0,https://media-cdn.incrowdsports.com/b73d9c63-2a0f-45be-bcfb-bab12c6e1043.png,MIL,EA7,EA7 Emporio Armani Milan,https://media-cdn.cortextech.io/9512ee73-a0f1-4647-a01e-3c2938aba6b8.png,11.400000000000002,11.400000000000002,0.6765826494724503,14.16493827160494,22.800000000000004,Guard,0.4,101,EuroLeague,,,,,,,,,,,,,,
102,22.0,2.0,16.453787878787878,8.5,1.5,3.1,50%,0.9,3.6,25.3%,2.6,3.1,85.3%,0.1,0.7,0.8,2.2,0.6,1.3,0.0,0.4,2.0,2.9,6.5,011970,"HARPER, JARED",26.0,https://media-cdn.incrowdsports.com/8d5ed5cf-154c-4dbb-924e-d56d7a62cbdc.png,PAM,VBC,Valencia Basket,https://media-cdn.cortextech.io/d88f3c71-1519-4b19-8cfb-99e26a4c008e.png,11.3,11.3,0.6867719508264652,13.222045454545452,22.6,Guard,0.6,102,EuroLeague,,,,,,,,,,,,,,
103,36.0,6.0,17.251851851851853,5.0,1.6,2.7,59.2%,0.4,1.2,34.9%,0.5,0.9,61.3%,1.0,2.5,3.5,0.9,0.6,0.9,0.8,0.1,1.8,0.8,6.6,012731,"NDIAYE, MBAYE",25.0,https://media-cdn.incrowdsports.com/c4e02827-3285-4414-9da3-f24d0f9eef59.png,ASV,ASV,LDLC ASVEL Villeurbanne,https://media-cdn.incrowdsports.com/e33c6d1a-95ca-4dbc-b8cb-0201812104cc.png,8.8,8.8,0.5100901674538428,13.885185185185186,17.6,Forward,1.4,103,EuroLeague,,,,,,,,,,,,,,
104,53.0,13.0,17.175786163522012,5.2,0.9,1.6,54.1%,1.0,2.4,40.8%,0.6,0.7,79.5%,0.9,2.2,3.1,0.6,0.5,0.5,0.3,0.1,1.1,1.0,6.7,009664,"WILLIS, DEREK",29.0,https://media-cdn.incrowdsports.com/0b9cdea0-6e57-4257-bcb5-232e9704e702.png,IST,EFS,Anadolu Efes Istanbul,https://media-cdn.cortextech.io/9a463aa2-ceb2-481c-9a95-1cddee0a248e.png,9.000000000000002,9.000000000000002,0.5239934821216061,16.850911949685536,18.000000000000004,Forward,0.8,104,EuroLeague,,,,,,,,,,,,,,
105,56.0,14.0,11.773809523809524,5.7,2.4,3.8,63.6%,0.0,0.0,0%,0.8,1.4,58.4%,1.3,1.9,3.2,0.4,0.4,0.8,0.2,0.2,1.7,1.4,6.7,002581,"JAITEH, MAM",30.0,https://media-cdn.incrowdsports.com/81504ec9-fd6b-4124-afbf-bed470352312.png,MCO,ASM,AS Monaco,https://media-cdn.incrowdsports.com/89ed276a-2ba3-413f-8ea2-b3be209ca129.png,8.600000000000001,8.600000000000001,0.7304347826086958,16.53071428571429,17.200000000000003,Forward,0.6000000000000001,105,EuroLeague,,,,,,,,,,,,,,
107,37.0,15.0,16.82162162162162,7.6,1.7,3.4,50.8%,1.1,3.2,34.5%,0.9,1.0,86.5%,0.6,2.7,3.3,0.8,0.5,1.3,0.2,0.1,1.2,1.0,6.8,013363,"NWORA, JORDAN",26.0,https://media-cdn.incrowdsports.com/ada69e44-57ed-4020-9a48-79e549c394e5.png,IST,EFS,Anadolu Efes Istanbul,https://media-cdn.cortextech.io/9a463aa2-ceb2-481c-9a95-1cddee0a248e.png,10.8,10.8,0.6420308483290488,15.408828828828828,21.6,Forward,0.7,107,EuroLeague,,,,,,,,,,,,,,
108,63.0,38.0,19.86640211640212,5.3,1.0,2.2,45.7%,0.8,2.0,38.4%,1.0,1.3,81.3%,0.4,2.2,2.6,2.7,0.6,1.2,0.0,0.2,2.5,2.2,6.9,001844,"HACKETT, DANIEL",37.0,https://media-cdn.incrowdsports.com/f5d3ffc5-6ed4-43a7-9c66-674c0ac86187.png,VIR,VIR,Virtus Bologna,https://media-cdn.cortextech.io/1362801d-dd09-4fd0-932d-ead56063ab77.png,9.500000000000004,9.500000000000004,0.4781942872361677,19.136640211640213,19.000000000000007,Forward,0.6,108,EuroLeague,,,,,,,,,,,,,,
110,22.0,8.0,19.05227272727273,5.7,1.2,2.1,55.3%,1.0,2.9,35.9%,0.2,0.2,100%,0.3,1.5,1.7,3.8,0.6,1.3,0.1,0.3,1.3,0.7,7.0,008062,"MCDOWELL-WHITE, WILL",26.0,https://media-cdn.incrowdsports.com/5792acea-0096-41c4-8604-c9dad4cf9b06.png,BER,BER,ALBA Berlin,https://media-cdn.incrowdsports.com/ccc34858-22b0-47dc-904c-9940b0a16ff3.png,9.699999999999996,9.699999999999996,0.5091256113563161,12.361893939393935,19.39999999999999,Guard,0.7,110,EuroLeague,,,,,,,,,,,,,,
110,34.0,11.0,16.54264705882353,8.4,1.0,1.9,51.5%,1.7,4.3,38.8%,1.4,2.0,69.1%,0.6,2.0,2.6,0.8,0.5,1.1,0.1,0.1,1.5,1.5,7.0,007029,"SIRVYDIS, DEIVIDAS",24.0,https://media-cdn.incrowdsports.com/0f7c26fa-a1c7-49fd-bcef-3d833fed5736.png,ZAL,ZAL,Zalgiris Kaunas,https://media-cdn.incrowdsports.com/0aa09358-3847-4c4e-b228-3582ee4e536d.png,11.2,11.2,0.6770379589296827,15.16093137254902,22.4,Forward,0.6,110,EuroLeague,,,,,,,,,,,,,,
115,27.0,4.0,16.96358024691358,4.9,1.6,2.4,65.2%,0.4,1.2,30.3%,0.6,1.0,60.7%,0.3,1.6,1.9,2.9,0.9,1.1,0.0,0.1,1.7,1.4,7.0,004863,"JOVIC, STEFAN",33.0,https://media-cdn.incrowdsports.com/c4ac0a9d-d109-4e57-8835-43c67f1f2e62.png,PAM,VBC,Valencia Basket,https://media-cdn.cortextech.io/d88f3c71-1519-4b19-8cfb-99e26a4c008e.png,9.100000000000003,9.100000000000003,0.5364433608675087,12.56635802469136,18.200000000000006,Guard,0.9,115,EuroLeague,,,,,,,,,,,,,,
116,70.0,0.0,16.390714285714285,7.4,1.6,2.7,60.8%,0.9,2.7,32.6%,1.5,2.2,67.7%,0.6,1.3,1.9,1.4,0.7,1.0,0.0,0.2,1.4,1.8,7.0,007853,"MCKISSIC, SHAQUIELLE",34.0,https://media-cdn.incrowdsports.com/0c13355b-b760-4c81-87d1-0c612cf8aa8a.png,OLY,OLY,Olympiacos Piraeus,https://media-cdn.incrowdsports.com/789423ac-3cdf-4b89-b11c-b458aa5f59a6.png,10.6,10.6,0.6467076306270974,20.7257380952381,21.200000000000003,Forward,0.7,116,EuroLeague,,,,,,,,,,,,,,
117,68.0,13.0,19.63235294117647,8.9,1.3,2.6,51.1%,1.8,3.9,46.2%,0.8,0.9,86.9%,0.7,2.0,2.7,1.1,0.4,1.0,0.1,0.2,2.2,0.9,7.1,006961,"BIBEROVIC, TARIK",23.0,https://media-cdn.incrowdsports.com/bcefd4a2-4919-486a-a06a-44e5ac6efdf5.png,ULK,FBB,Fenerbahce Beko Istanbul,https://media-cdn.cortextech.io/3b7f020e-5b39-49a1-b4b2-efea918edab7.png,10.700000000000005,10.700000000000005,0.5450187265917604,20.786568627450983,21.40000000000001,Forward,0.5,117,EuroLeague,,,,,,,,,,,,,,
118,58.0,20.0,18.1632183908046,7.2,1.1,2.3,48.9%,1.1,2.8,39.4%,1.5,1.8,83.2%,0.3,0.7,1.1,2.2,0.5,0.8,0.0,0.2,1.7,2.2,7.1,008099,"STRAZEL, MATTHEW",22.0,https://media-cdn.incrowdsports.com/15bebd90-1b9f-42b9-99fb-ced9102c9aad.png,MCO,ASM,AS Monaco,https://media-cdn.incrowdsports.com/89ed276a-2ba3-413f-8ea2-b3be209ca129.png,10.5,10.5,0.5780913808378685,18.832988505747124,21.0,Guard,0.5,118,EuroLeague,,,,,,,,,,,,,,
119,40.0,14.0,16.83625,4.5,1.2,2.5,48.5%,0.6,1.4,39.3%,0.5,0.6,73.1%,1.3,2.3,3.6,0.8,0.7,0.6,0.4,0.2,1.2,1.4,7.2,012721,"BEAN, JUSTIN",28.0,https://media-cdn.incrowdsports.com/541ed5f5-5882-4d0c-aa98-b5859dd37030.png,BER,BER,ALBA Berlin,https://media-cdn.incrowdsports.com/ccc34858-22b0-47dc-904c-9940b0a16ff3.png,9.400000000000002,9.400000000000002,0.5583191031256962,14.930291666666664,18.800000000000004,Forward,1.1,119,EuroLeague,,,,,,,,,,,,,,
120,68.0,36.0,14.068627450980392,6.4,2.7,4.2,64.1%,0.0,0.0,0%,1.0,1.6,60.7%,1.1,2.1,3.2,0.5,0.2,0.8,0.5,0.2,2.0,1.6,7.2,005504,"BIRUTIS, LAURYNAS",27.0,https://media-cdn.incrowdsports.com/b3a77237-9548-4094-8536-a910283e5184.png,ZAL,ZAL,Zalgiris Kaunas,https://media-cdn.incrowdsports.com/0aa09358-3847-4c4e-b228-3582ee4e536d.png,9.4,9.4,0.6681533101045296,19.320196078431373,18.8,Forward,0.7,120,EuroLeague,,,,,,,,,,,,,,
121,33.0,9.0,18.953535353535354,7.7,1.7,3.1,55.3%,1.0,3.2,32.7%,1.1,1.5,77.1%,0.6,1.9,2.5,1.2,0.4,0.7,0.2,0.2,1.3,1.5,7.2,012609,"MALCOLM, COLLIN",27.0,https://media-cdn.incrowdsports.com/ea60dcd4-4e2c-4a2f-a40c-0ed6badffccc.png,PRS,PBB,Paris Basketball,https://media-cdn.incrowdsports.com/a033e5b3-0de7-48a3-98d9-d9a4b9df1f39.png,11.3,11.3,0.5961948411852482,15.305353535353534,22.6,Forward,0.6000000000000001,121,EuroLeague,,,,,,,,,,,,,,
122,25.0,5.0,15.576666666666668,5.0,1.6,2.9,53.4%,0.4,1.6,27.5%,0.5,0.8,65%,0.6,1.9,2.5,3.4,0.8,1.3,0.0,0.1,2.1,2.0,7.4,010106,"NUNEZ, JUAN",20.0,https://media-cdn.incrowdsports.com/a3c39833-77ab-42cc-926f-9601bada7623.png,BAR,BAR,FC Barcelona,https://media-cdn.incrowdsports.com/35dfa503-e417-481f-963a-bdf6f013763e.png,10.2,10.2,0.6548255938369356,12.864333333333336,20.4,Guard,0.8,122,EuroLeague,,,,,,,,,,,,,,
123,68.0,25.0,20.61053921568628,7.4,1.6,3.0,53.2%,1.0,2.9,34.5%,1.2,1.6,78%,1.0,1.9,2.9,0.9,0.8,0.5,0.1,0.2,1.7,1.5,7.4,006436,"GIEDRAITIS, ROKAS",32.0,https://media-cdn.incrowdsports.com/514eb8b6-1987-43f8-b24b-748065632795.png,RED,CZV,Crvena Zvezda Meridianbet Belgrade,https://media-cdn.incrowdsports.com/d2eef4a8-62df-4fdd-9076-276004268515.png,11.200000000000005,11.200000000000005,0.5434113044202115,21.23438725490196,22.40000000000001,Forward,0.9,123,EuroLeague,,,,,,,,,,,,,,
125,62.0,8.0,16.260215053763442,8.0,1.2,2.3,50.7%,1.6,3.5,46.4%,0.8,1.0,79.7%,0.9,1.9,2.9,0.7,0.5,0.5,0.1,0.3,1.5,0.8,7.4,011085,"ROGKAVOPOULOS, NIKOLAOS",23.0,https://media-cdn.incrowdsports.com/ea3e07f1-6e57-4af7-9b3c-cdefa3123e4d.png,BAS,BKN,Baskonia Vitoria-Gasteiz,https://media-cdn.incrowdsports.com/e324a6af-2a72-443e-9813-8bf2d364ddab.png,10.7,10.7,0.658047877264912,19.44935483870968,21.4,Forward,0.6,125,EuroLeague,,,,,,,,,,,,,,
126,52.0,31.0,20.620512820512825,8.5,2.8,6.4,44.1%,0.4,1.6,24.4%,1.7,2.0,82.9%,0.5,1.7,2.1,3.6,0.4,2.3,0.0,0.4,1.6,2.4,7.5,008173,"SPAGNOLO, MATTEO",21.0,https://media-cdn.incrowdsports.com/f0795f25-b925-43fa-b39f-96960ac8f71e.png,BER,BER,ALBA Berlin,https://media-cdn.incrowdsports.com/ccc34858-22b0-47dc-904c-9940b0a16ff3.png,12.7,12.7,0.6158915692613776,19.618717948717947,25.4,Guard,0.4,126,EuroLeague,,,,,,,,,,,,,,
127,40.0,22.0,20.31458333333333,7.0,1.8,2.7,66.1%,0.8,2.7,30.3%,0.9,1.2,78.7%,1.0,2.0,3.0,1.2,0.6,0.8,0.4,0.2,2.4,1.8,7.6,006919,"OLINDE, LOUIS",26.0,https://media-cdn.incrowdsports.com/0ca648b2-adaa-4385-94c5-57a9fcf141ce.png,BER,BER,ALBA Berlin,https://media-cdn.incrowdsports.com/ccc34858-22b0-47dc-904c-9940b0a16ff3.png,10.6,10.6,0.5217926366526511,16.118125,21.2,Forward,1.0,127,EuroLeague,,,,,,,,,,,,,,
129,34.0,5.0,18.65686274509804,7.8,1.2,2.2,56%,1.1,3.9,27.1%,2.2,2.4,92.5%,0.2,1.5,1.7,2.6,0.5,1.0,0.0,0.4,2.0,2.3,7.6,012585,"MORGAN, MATTHEW",27.0,https://media-cdn.incrowdsports.com/6b13fc6a-5417-473f-8199-6259fe951998.png,VIR,VIR,Virtus Bologna,https://media-cdn.cortextech.io/1362801d-dd09-4fd0-932d-ead56063ab77.png,11.499999999999998,11.499999999999998,0.6163951655281135,15.582352941176469,23.0,Guard,0.5,129,EuroLeague,,,,,,,,,,,,,,
131,26.0,4.0,18.18846153846154,8.2,2.6,5.1,50.4%,0.7,1.6,41.5%,1.0,1.5,67.5%,1.5,2.4,4.0,0.6,0.4,1.3,0.7,0.3,1.9,1.4,7.7,008847,"MICKEY, JORDAN",29.0,https://media-cdn.incrowdsports.com/175bee47-c3c4-4356-9758-3cbd94c48871.png,VIR,VIR,Virtus Bologna,https://media-cdn.cortextech.io/1362801d-dd09-4fd0-932d-ead56063ab77.png,11.799999999999995,11.799999999999995,0.6487629519983081,14.412179487179486,23.599999999999994,Center,1.1,131,EuroLeague,,,,,,,,,,,,,,
132,76.0,62.0,21.92587719298245,6.1,1.0,1.8,55.9%,1.1,3.2,35.3%,0.8,1.1,67.1%,0.7,2.6,3.2,2.4,0.7,1.0,0.2,0.1,1.8,1.2,7.8,001255,"PAPANIKOLAOU, KOSTAS",34.0,https://media-cdn.incrowdsports.com/4077edcc-1632-460c-8bef-384c3c2a06d8.png,OLY,OLY,Olympiacos Piraeus,https://media-cdn.incrowdsports.com/789423ac-3cdf-4b89-b11c-b458aa5f59a6.png,10.9,10.9,0.4971294833069953,22.48925438596491,21.8,Forward,0.8999999999999999,132,EuroLeague,,,,,,,,,,,,,,
133,79.0,40.0,21.855696202531643,7.2,2.3,3.8,62.1%,0.6,2.1,28.4%,0.7,1.1,64.4%,1.2,2.5,3.7,0.4,0.5,0.4,0.2,0.2,2.1,1.7,7.8,011231,"BLOSSOMGAME, JARON",31.0,https://media-cdn.incrowdsports.com/8e6679e0-e62b-4838-bfa7-11bae0ac5ebb.png,MCO,ASM,AS Monaco,https://media-cdn.incrowdsports.com/89ed276a-2ba3-413f-8ea2-b3be209ca129.png,11.0,11.0,0.5033012857639292,23.052236286919836,22.0,Center,0.7,133,EuroLeague,,,,,,,,,,,,,,
135,39.0,29.0,18.086752136752136,5.6,2.2,4.3,51.8%,0.0,0.0,0%,1.2,1.7,68.7%,1.4,1.9,3.3,1.2,0.7,0.7,0.3,0.5,1.6,2.1,7.8,004603,"KOTSAR, MAIK",27.0,https://media-cdn.incrowdsports.com/e89ad524-3cb3-43fa-991e-dfa5c5068d19.png,BAS,BKN,Baskonia Vitoria-Gasteiz,https://media-cdn.incrowdsports.com/e324a6af-2a72-443e-9813-8bf2d364ddab.png,10.4,10.4,0.5750064976490324,15.588675213675211,20.8,Forward,1.0,135,EuroLeague,,,,,,,,,,,,,,
138,51.0,20.0,19.015359477124186,9.0,2.3,3.9,60.4%,0.9,3.7,25.4%,1.5,2.0,77.2%,0.5,1.4,1.9,0.9,1.1,1.1,0.4,0.2,1.3,2.0,7.9,008384,"PROCIDA, GABRIELE",22.0,https://media-cdn.incrowdsports.com/7b39212c-57ba-48ee-b313-18b473fcf736.png,BER,BER,ALBA Berlin,https://media-cdn.incrowdsports.com/ccc34858-22b0-47dc-904c-9940b0a16ff3.png,12.7,12.7,0.6678811418358052,19.29153594771242,25.4,Forward,1.5,138,EuroLeague,,,,,,,,,,,,,,
139,31.0,10.0,15.853225806451611,6.2,2.1,3.5,60%,0.0,0.0,0%,2.0,2.8,70.1%,1.3,1.8,3.1,0.4,0.6,0.7,0.4,0.2,2.0,2.2,7.9,013374,"DIOUF, MOUHAMET",23.0,https://media-cdn.incrowdsports.com/992e479b-f532-4ef2-8717-0614e3acc259.png,VIR,VIR,Virtus Bologna,https://media-cdn.cortextech.io/1362801d-dd09-4fd0-932d-ead56063ab77.png,10.000000000000004,10.000000000000004,0.6307864482653376,13.75198924731183,20.000000000000007,Forward,1.0,139,EuroLeague,,,,,,,,,,,,,,
141,46.0,4.0,17.4786231884058,7.5,0.7,1.5,44.3%,1.5,4.3,34.3%,1.7,2.1,82.1%,0.3,1.3,1.6,4.6,0.5,1.6,0.1,0.1,2.4,2.0,8.0,JDR,"TEODOSIC, MILOS",37.0,https://media-cdn.incrowdsports.com/ce7511eb-75b9-4f03-9836-56f4a52e971d.png,RED,CZV,Crvena Zvezda Meridianbet Belgrade,https://media-cdn.incrowdsports.com/d2eef4a8-62df-4fdd-9076-276004268515.png,12.199999999999998,12.199999999999998,0.6979954810223666,17.954528985507242,24.399999999999995,Guard,0.6,141,EuroLeague,,,,,,,,,,,,,,
143,26.0,10.0,20.12179487179487,8.0,1.6,3.4,47.2%,1.3,3.8,33.3%,0.9,1.7,53.3%,0.5,2.4,2.9,2.4,1.0,1.3,0.3,0.2,2.0,2.3,8.2,005099,"HANGA, ADAM",34.0,https://media-cdn.incrowdsports.com/f9dd2a24-1b86-4538-aca2-c93136cf6f50.png,RED,CZV,Crvena Zvezda Meridianbet Belgrade,https://media-cdn.incrowdsports.com/d2eef4a8-62df-4fdd-9076-276004268515.png,13.400000000000002,13.400000000000002,0.6659445683338645,15.725512820512822,26.800000000000004,Forward,1.3,143,EuroLeague,,,,,,,,,,,,,,
144,45.0,38.0,23.53,8.6,1.4,2.3,59.2%,1.6,3.9,40.9%,1.0,1.2,90.4%,0.3,2.2,2.5,1.3,0.5,0.9,0.0,0.1,2.2,1.9,8.2,002328,"GRIGONIS, MARIUS",30.0,https://media-cdn.incrowdsports.com/9b6b4d6f-597a-46b9-8584-31e83966f077.png,PAN,PAO,Panathinaikos AKTOR Athens,https://media-cdn.incrowdsports.com/e3dff28a-9ec6-4faf-9d96-ecbc68f75780.png,11.6,11.6,0.4929876753081172,17.973,23.2,Forward,0.5,144,EuroLeague,,,,,,,,,,,,,,
145,63.0,17.0,17.82857142857143,7.3,1.3,3.0,42.3%,1.1,2.8,39.7%,1.4,1.8,81.1%,0.3,1.5,1.7,3.5,0.5,1.5,0.0,0.3,1.6,2.2,8.2,012044,"DOS SANTOS, YAGO",25.0,https://media-cdn.incrowdsports.com/6d744023-a776-440a-b713-1d6eea2f9637.png,RED,CZV,Crvena Zvezda Meridianbet Belgrade,https://media-cdn.incrowdsports.com/d2eef4a8-62df-4fdd-9076-276004268515.png,11.8,11.8,0.6618589743589742,20.54285714285714,23.6,Guard,0.5,145,EuroLeague,,,,,,,,,,,,,,
148,67.0,20.0,22.46990049751244,8.9,2.3,5.1,46.3%,0.9,2.3,39.1%,1.5,1.9,81%,0.3,2.0,2.2,3.3,0.9,1.7,0.0,0.3,2.6,2.0,8.4,007982,"WILLIAMS-GOSS, NIGEL",30.0,https://media-cdn.incrowdsports.com/cbd6634e-86be-46e4-8eef-b00c58be9e52.png,OLY,OLY,Olympiacos Piraeus,https://media-cdn.incrowdsports.com/789423ac-3cdf-4b89-b11c-b458aa5f59a6.png,12.700000000000005,12.700000000000005,0.565200544675575,22.303656716417915,25.40000000000001,Guard,0.9,148,EuroLeague,,,,,,,,,,,,,,
150,66.0,60.0,23.970959595959595,6.3,1.3,2.6,48%,1.0,3.3,31.1%,0.7,1.0,73.4%,0.6,2.2,2.7,4.7,1.3,1.7,0.1,0.2,2.6,1.7,8.5,008855,"WALKUP, THOMAS",32.0,https://media-cdn.incrowdsports.com/fdef274c-1494-4249-bbf0-304fe8bb7f65.png,OLY,OLY,Olympiacos Piraeus,https://media-cdn.incrowdsports.com/789423ac-3cdf-4b89-b11c-b458aa5f59a6.png,12.300000000000002,12.300000000000002,0.5131208849091389,22.00709595959596,24.600000000000005,Forward,1.4,150,EuroLeague,,,,,,,,,,,,,,
151,39.0,22.0,19.82264957264957,9.6,1.6,3.0,55.2%,1.3,3.5,37.7%,2.3,2.9,79.1%,0.5,2.2,2.7,0.7,0.5,0.6,0.2,0.4,2.1,2.2,8.5,004088,"OSMAN, CEDI",29.0,https://media-cdn.incrowdsports.com/826c12aa-ce2b-42fc-ae3b-a302611a8fbe.png,PAN,PAO,Panathinaikos AKTOR Athens,https://media-cdn.incrowdsports.com/e3dff28a-9ec6-4faf-9d96-ecbc68f75780.png,12.8,12.8,0.6457259890050663,17.442264957264957,25.6,Forward,0.7,151,EuroLeague,,,,,,,,,,,,,,
152,51.0,33.0,22.860130718954245,11.0,1.5,3.0,48.1%,2.3,5.2,44.5%,1.2,1.4,85.5%,0.4,1.6,2.0,1.6,0.5,1.5,0.0,0.3,1.3,1.3,8.7,008967,"THOMAS, MATT",30.0,https://media-cdn.incrowdsports.com/0ec3beb0-4928-4a15-bd58-8a4e56853847.png,BER,BER,ALBA Berlin,https://media-cdn.incrowdsports.com/ccc34858-22b0-47dc-904c-9940b0a16ff3.png,13.299999999999995,13.299999999999995,0.5817989478499542,20.09601307189542,26.599999999999994,Guard,0.5,152,EuroLeague,,,,,,,,,,,,,,
153,24.0,6.0,18.61180555555556,10.2,2.8,4.2,67.3%,1.1,3.7,29.5%,1.3,1.7,77.5%,0.3,1.4,1.8,1.8,0.7,1.3,0.2,0.2,1.8,1.8,8.8,003983,"AVRAMOVIC, ALEKSA",29.0,https://media-cdn.incrowdsports.com/d33d5bc0-cc7d-44e1-8e33-16841e9c34d7.png,PAR,PAR,Partizan Mozzart Bet Belgrade,https://media-cdn.incrowdsports.com/2681304e-77dd-4331-88b1-683078c0fb49.png,13.2,13.2,0.709227267639267,15.101180555555556,26.4,Guard,0.8999999999999999,153,EuroLeague,,,,,,,,,,,,,,
154,64.0,20.0,20.95234375,9.5,1.9,3.5,53.8%,1.6,3.8,42.6%,0.9,1.0,85.9%,0.3,1.5,1.8,1.9,0.7,0.7,0.3,0.1,1.8,1.1,8.8,006590,"BEAUBOIS, RODRIGUE",36.0,https://media-cdn.incrowdsports.com/d9946f3a-20ae-414f-a62f-0d85dbb5bb07.png,IST,EFS,Anadolu Efes Istanbul,https://media-cdn.cortextech.io/9a463aa2-ceb2-481c-9a95-1cddee0a248e.png,12.7,12.7,0.6061374398747157,21.651901041666665,25.4,Guard,1.0,154,EuroLeague,,,,,,,,,,,,,,
155,71.0,36.0,22.72183098591549,16.1,2.2,4.6,47.1%,3.2,8.5,37.6%,2.2,2.6,84.2%,0.3,1.0,1.2,1.5,0.4,1.7,0.0,0.6,2.5,2.5,8.8,011948,"HOWARD, MARKUS",25.0,https://media-cdn.incrowdsports.com/dac08765-8984-4e9b-85ce-92f3670ce151.png,BAS,BKN,Baskonia Vitoria-Gasteiz,https://media-cdn.incrowdsports.com/e324a6af-2a72-443e-9813-8bf2d364ddab.png,16.9,16.9,0.7437780877111422,25.93551643192488,33.8,Guard,0.4,155,EuroLeague,,,,,,,,,,,,,,
160,68.0,56.0,16.46764705882353,7.8,2.6,4.3,60.3%,0.5,1.2,40%,1.2,1.8,65.9%,1.0,2.2,3.3,0.9,0.4,1.0,0.2,0.1,1.9,2.4,9.0,LCZ,"MOTIEJUNAS, DONATAS",34.0,https://media-cdn.incrowdsports.com/39083acc-1aae-4898-b1e0-0ec50c84f03e.png,MCO,ASM,AS Monaco,https://media-cdn.incrowdsports.com/89ed276a-2ba3-413f-8ea2-b3be209ca129.png,12.0,12.0,0.7287015538489016,21.380098039215685,24.0,Forward,0.6000000000000001,160,EuroLeague,,,,,,,,,,,,,,
163,55.0,31.0,20.44575757575757,9.6,3.7,6.7,55.3%,0.2,0.6,33.3%,1.6,2.4,66.2%,1.5,2.5,4.0,1.2,0.7,1.5,0.2,0.8,2.4,2.4,9.2,011934,"WETZELL, YANNI",28.0,https://media-cdn.incrowdsports.com/d30b67da-dc86-45f4-969f-ecb23a50e0ef.png,BER,BER,ALBA Berlin,https://media-cdn.incrowdsports.com/ccc34858-22b0-47dc-904c-9940b0a16ff3.png,13.399999999999997,13.399999999999997,0.655392687228587,20.59124242424242,26.799999999999997,Forward,0.8999999999999999,163,EuroLeague,,,,,,,,,,,,,,
164,56.0,30.0,22.298809523809524,8.5,2.6,3.9,65.3%,0.7,1.9,38.5%,1.2,1.7,75.3%,0.8,2.4,3.2,1.2,0.5,1.0,0.1,0.3,1.8,1.7,9.2,009005,"DECK, GABRIEL",29.0,https://media-cdn.incrowdsports.com/67bcca4b-c111-46c5-ab33-5776f7866d53.png,MAD,RMB,Real Madrid,https://media-cdn.incrowdsports.com/1a3e1404-4f6f-4ede-9d8b-30eee7cb51b4.png,12.099999999999996,12.099999999999996,0.5426298649297954,20.033214285714283,24.199999999999992,Forward,0.6,164,EuroLeague,,,,,,,,,,,,,,
166,65.0,30.0,19.61846153846154,9.9,3.2,5.5,56.9%,0.7,1.9,35%,1.6,2.0,82.7%,1.5,2.1,3.6,0.8,0.4,1.3,0.5,0.3,2.2,1.7,9.3,011219,"SORKIN, ROMAN",28.0,https://media-cdn.incrowdsports.com/6d000710-a608-4093-8a24-3de224d00ca3.png,TEL,MTA,Maccabi Rapyd Tel Aviv,https://media-cdn.incrowdsports.com/5c55ef14-29df-4328-bd52-a7a64c432350.png,13.1,13.1,0.6677383939774154,21.965179487179483,26.200000000000003,Forward,0.9,166,EuroLeague,,,,,,,,,,,,,,
168,31.0,9.0,14.579569892473115,8.4,3.5,5.5,63.3%,0.1,0.3,40%,1.1,1.5,70.8%,1.8,2.2,4.0,0.6,0.4,1.4,0.7,0.4,1.7,1.4,9.4,005353,"YURTSEVEN, OMER",26.0,https://media-cdn.incrowdsports.com/49a2cbbb-5f11-4a78-a421-6a64972c15bb.png,PAN,PAO,Panathinaikos AKTOR Athens,https://media-cdn.incrowdsports.com/e3dff28a-9ec6-4faf-9d96-ecbc68f75780.png,12.0,12.0,0.8230695479017628,15.024623655913976,24.0,Center,1.1,168,EuroLeague,,,,,,,,,,,,,,
169,64.0,23.0,21.033854166666668,7.8,0.6,1.2,48.1%,1.9,5.0,37.6%,0.9,1.0,92.2%,0.3,1.6,1.8,5.6,0.4,2.2,0.0,0.1,1.4,1.3,9.4,011193,"BLATT, TAMIR",27.0,https://media-cdn.incrowdsports.com/cba0b06c-87ec-47ed-ad88-bf274bdb7477.png,TEL,MTA,Maccabi Rapyd Tel Aviv,https://media-cdn.incrowdsports.com/5c55ef14-29df-4328-bd52-a7a64c432350.png,13.2,13.2,0.6275597375263092,22.01005208333333,26.4,Guard,0.4,169,EuroLeague,,,,,,,,,,,,,,
170,33.0,14.0,17.037373737373738,5.5,2.2,3.7,61.2%,0.0,0.0,0%,1.0,1.5,64%,2.1,3.7,5.8,0.3,0.4,0.9,1.0,0.2,1.9,1.5,9.4,010791,"KOUMADJE, KHALIFA",28.0,https://media-cdn.incrowdsports.com/6c449e73-6d7f-446a-963f-8fa230763dc5.png,BER,BER,ALBA Berlin,https://media-cdn.incrowdsports.com/ccc34858-22b0-47dc-904c-9940b0a16ff3.png,11.500000000000002,11.500000000000002,0.6749866603426811,15.253737373737374,23.000000000000004,Center,1.4,170,EuroLeague,,,,,,,,,,,,,,
171,68.0,48.0,25.182843137254903,7.1,1.6,3.2,51.2%,0.7,2.0,33.8%,1.9,2.2,84.7%,1.2,2.3,3.5,2.3,0.5,1.0,0.1,0.2,2.5,2.9,9.5,002329,"ULANOVAS, EDGARAS",32.0,https://media-cdn.incrowdsports.com/474ff5fa-5ca2-47af-b70e-ac3960884a01.png,ZAL,ZAL,Zalgiris Kaunas,https://media-cdn.incrowdsports.com/0aa09358-3847-4c4e-b228-3582ee4e536d.png,12.7,12.7,0.5043116033714208,22.74161764705882,25.4,Forward,0.6,171,EuroLeague,,,,,,,,,,,,,,
172,30.0,17.0,17.21388888888889,8.9,2.6,4.1,63.1%,0.9,2.1,40.6%,1.2,1.8,66%,1.1,2.3,3.4,1.6,0.4,0.7,0.2,0.2,2.5,1.7,9.5,012743,"KAMINSKY, FRANK",30.0,https://media-cdn.incrowdsports.com/b6f972a7-dadd-44ca-9b87-6fcc4ea38e8c.png,PAR,PAR,Partizan Mozzart Bet Belgrade,https://media-cdn.incrowdsports.com/2681304e-77dd-4331-88b1-683078c0fb49.png,12.8,12.8,0.7435856059383573,15.681388888888888,25.6,Forward,0.6000000000000001,172,EuroLeague,,,,,,,,,,,,,,
173,77.0,48.0,22.075108225108224,8.6,2.4,4.5,54.5%,0.9,2.3,37.7%,1.2,1.6,72.6%,1.4,3.2,4.5,0.8,0.6,0.8,0.2,0.2,1.9,1.5,9.5,007866,"MITOGLOU, KONSTANTINOS",28.0,https://media-cdn.incrowdsports.com/5c5b1aaf-6cd7-4d7c-bc81-5a2ca5391123.png,PAN,PAO,Panathinaikos AKTOR Athens,https://media-cdn.incrowdsports.com/e3dff28a-9ec6-4faf-9d96-ecbc68f75780.png,13.3,13.3,0.6024885524625687,24.350844155844158,26.6,Forward,0.8,173,EuroLeague,,,,,,,,,,,,,,
174,38.0,38.0,25.51315789473684,7.5,1.1,1.8,63.2%,1.5,3.9,38.8%,0.7,0.9,82.4%,1.6,3.2,4.8,1.0,0.7,0.4,0.2,0.2,2.6,1.6,9.5,012613,"JANTUNEN, MIKAEL",24.0,https://media-cdn.incrowdsports.com/3f5cf3e4-2b6c-4c35-bbaa-631d721c701c.png,PRS,PBB,Paris Basketball,https://media-cdn.incrowdsports.com/a033e5b3-0de7-48a3-98d9-d9a4b9df1f39.png,12.6,12.6,0.4938628158844765,17.704649122807016,25.2,Forward,0.8999999999999999,174,EuroLeague,,,,,,,,,,,,,,
177,32.0,23.0,20.52552083333333,8.2,3.1,5.7,53.8%,0.2,0.8,28%,1.4,1.9,71%,1.3,3.4,4.7,1.7,0.7,1.4,0.2,0.3,2.5,2.2,9.6,003960,"INGLIS, DAMIEN",28.0,https://media-cdn.incrowdsports.com/d3a3524b-3710-4ede-b9b0-d32178fd6fa6.png,PAM,VBC,Valencia Basket,https://media-cdn.cortextech.io/d88f3c71-1519-4b19-8cfb-99e26a4c008e.png,13.499999999999996,13.499999999999996,0.6577177802024917,16.835885416666663,26.999999999999996,Forward,0.8999999999999999,177,EuroLeague,,,,,,,,,,,,,,
178,29.0,7.0,22.22758620689656,10.4,2.8,4.6,60.6%,1.3,3.7,34.3%,1.1,1.3,81.6%,1.0,2.9,3.9,1.2,0.4,0.9,0.0,0.3,1.8,1.3,9.7,012729,"SCOTT, MIKE",35.0,https://media-cdn.incrowdsports.com/342d883b-4568-498a-add4-501f6a74fa29.png,ASV,ASV,LDLC ASVEL Villeurbanne,https://media-cdn.incrowdsports.com/e33c6d1a-95ca-4dbc-b8cb-0201812104cc.png,14.2,14.2,0.6388457958423827,16.99609195402299,28.4,Forward,0.4,178,EuroLeague,,,,,,,,,,,,,,
180,60.0,10.0,17.74222222222222,8.5,3.3,5.6,58.7%,0.1,0.3,33.3%,1.5,2.4,62.6%,1.6,1.9,3.5,1.0,0.7,1.0,0.4,0.4,2.0,2.6,9.9,011214,"RIVERO, JASIEL",31.0,https://media-cdn.incrowdsports.com/c82cce72-9c65-453a-bd47-efe9c757dad5.png,TEL,MTA,Maccabi Rapyd Tel Aviv,https://media-cdn.incrowdsports.com/5c55ef14-29df-4328-bd52-a7a64c432350.png,13.3,13.3,0.7496242484969939,21.08422222222222,26.6,Forward,1.1,180,EuroLeague,,,,,,,,,,,,,,
182,56.0,21.0,16.473809523809525,7.7,3.0,4.8,61.3%,0.0,0.1,33.3%,1.8,2.6,68.1%,1.6,2.4,4.0,1.4,0.5,1.1,0.2,0.3,2.2,2.6,10.1,002553,"MITROVIC, LUKA",31.0,https://media-cdn.incrowdsports.com/a68d0c8a-9eb6-4474-962c-16864ab255db.png,RED,CZV,Crvena Zvezda Meridianbet Belgrade,https://media-cdn.incrowdsports.com/d2eef4a8-62df-4fdd-9076-276004268515.png,12.799999999999995,12.799999999999995,0.7769908946379532,19.94071428571428,25.599999999999994,Forward,0.7,182,EuroLeague,,,,,,,,,,,,,,
183,68.0,38.0,24.04901960784313,7.2,1.0,1.7,56.4%,1.6,3.8,41.2%,0.6,0.8,77.4%,1.1,2.6,3.7,3.5,1.1,1.2,0.1,0.1,2.4,1.4,10.1,010391,"WEILER-BABB, NICK",29.0,https://media-cdn.incrowdsports.com/75f0d7e3-ca21-49db-8c77-f6e5ac98c2b5.png,MUN,BAY,FC Bayern Munich,https://media-cdn.incrowdsports.com/817b0e58-d595-4b09-ab0b-1e7cc26249ff.png,13.3,13.3,0.5530370974317165,23.04823529411765,26.6,Forward,1.2000000000000002,183,EuroLeague,,,,,,,,,,,,,,
185,33.0,13.0,22.1959595959596,9.7,2.5,3.7,65.9%,1.3,4.2,31.9%,0.8,1.2,68.4%,1.2,3.0,4.2,1.7,0.7,1.1,0.8,0.3,2.9,1.8,10.2,010444,"COSTELLO, MATTHEW",30.0,https://media-cdn.incrowdsports.com/cca68c8b-f1c3-4502-bb2f-f84e76c4a6ee.png,BAS,BKN,Baskonia Vitoria-Gasteiz,https://media-cdn.incrowdsports.com/e324a6af-2a72-443e-9813-8bf2d364ddab.png,14.599999999999996,14.599999999999996,0.6577773732593062,17.939595959595955,29.199999999999992,Forward,1.5,185,EuroLeague,,,,,,,,,,,,,,
186,60.0,7.0,16.176944444444445,8.2,3.4,4.8,70.5%,0.0,0.0,0%,1.4,2.2,65.4%,1.9,2.2,4.0,0.5,0.4,1.0,1.0,0.3,2.4,2.0,10.3,012788,"OTURU, DAN",25.0,https://media-cdn.incrowdsports.com/93f25258-b999-4a4f-943c-09dc8a64d000.png,IST,EFS,Anadolu Efes Istanbul,https://media-cdn.cortextech.io/9a463aa2-ceb2-481c-9a95-1cddee0a248e.png,12.4,12.4,0.7665230008413895,20.29769444444445,24.8,Center,1.4,186,EuroLeague,,,,,,,,,,,,,,
189,25.0,18.0,25.840666666666667,8.4,2.2,4.2,52.4%,1.0,2.8,35.7%,1.0,1.6,61%,1.8,4.4,6.2,1.4,1.2,1.6,1.1,0.3,2.6,1.2,10.5,013405,"ROBERSON, ANDRE",33.0,https://media-cdn.incrowdsports.com/68eba4db-c8c0-4aea-9fa9-5c1801e30108.png,ASV,ASV,LDLC ASVEL Villeurbanne,https://media-cdn.incrowdsports.com/e33c6d1a-95ca-4dbc-b8cb-0201812104cc.png,14.999999999999998,14.999999999999998,0.5804803797631639,17.25073333333333,30.0,Forward,2.3,189,EuroLeague,,,,,,,,,,,,,,
190,27.0,19.0,19.38641975308641,9.4,2.6,3.7,70%,0.9,1.7,50%,1.7,2.3,72.6%,1.4,2.6,4.0,0.2,0.6,1.3,0.7,0.1,2.7,2.3,10.5,012096,"CABOCLO, BRUNO",28.0,https://media-cdn.incrowdsports.com/3d66cd91-5c2b-4aee-aa8a-11c071be7ce3.png,PAR,PAR,Partizan Mozzart Bet Belgrade,https://media-cdn.incrowdsports.com/2681304e-77dd-4331-88b1-683078c0fb49.png,13.1,13.1,0.6757307520855889,15.60864197530864,26.2,Center,1.2999999999999998,190,EuroLeague,,,,,,,,,,,,,,
191,78.0,70.0,24.36773504273504,6.5,1.6,3.1,50.8%,0.8,2.2,35.8%,0.9,1.3,70.3%,0.7,3.1,3.8,4.6,1.0,1.6,0.1,0.1,2.2,1.8,10.5,002939,"SATORANSKY, TOMAS",33.0,https://media-cdn.incrowdsports.com/c4c76984-2a5b-458e-b9fa-6b7969bb5bf7.png,BAR,BAR,FC Barcelona,https://media-cdn.incrowdsports.com/35dfa503-e417-481f-963a-bdf6f013763e.png,13.9,13.9,0.5704264255837814,25.166773504273504,27.8,Forward,1.1,191,EuroLeague,,,,,,,,,,,,,,
192,38.0,0.0,19.967543859649123,15.1,2.4,4.9,48.9%,2.5,7.4,34.3%,2.7,3.1,85.7%,0.5,1.6,2.1,1.3,0.6,1.5,0.0,0.3,1.8,2.9,10.6,012640,"HIFI, NADIR",22.0,https://media-cdn.incrowdsports.com/097b8fc2-a7ee-4009-94ed-ba04f794b721.png,PRS,PBB,Paris Basketball,https://media-cdn.incrowdsports.com/a033e5b3-0de7-48a3-98d9-d9a4b9df1f39.png,18.4,18.4,0.9214954092167112,21.210087719298244,36.8,Forward,0.6,192,EuroLeague,,,,,,,,,,,,,,
193,73.0,34.0,21.75159817351598,10.0,2.0,3.4,58.2%,1.2,3.5,36%,2.2,2.5,89.1%,0.4,2.2,2.5,2.8,0.8,1.7,0.0,0.2,2.3,2.8,10.7,004004,"GUDURIC, MARKO",29.0,https://media-cdn.incrowdsports.com/b3bbf0b0-eb5a-4986-8231-a1433ff07508.png,ULK,FBB,Fenerbahce Beko Istanbul,https://media-cdn.cortextech.io/3b7f020e-5b39-49a1-b4b2-efea918edab7.png,14.700000000000005,14.700000000000005,0.6758124107817619,24.631826484018266,29.40000000000001,Guard,0.8,193,EuroLeague,,,,,,,,,,,,,,
194,74.0,57.0,26.165315315315315,10.1,2.4,4.5,53%,1.3,3.4,38.8%,1.4,1.7,81.9%,0.6,1.4,2.0,3.7,1.0,1.4,0.5,0.3,2.2,1.8,10.7,011078,"THOMPSON, DARIUS",29.0,https://media-cdn.incrowdsports.com/569effee-e3b6-442e-8f83-73e4321c7de8.png,IST,EFS,Anadolu Efes Istanbul,https://media-cdn.cortextech.io/9a463aa2-ceb2-481c-9a95-1cddee0a248e.png,15.200000000000005,15.200000000000005,0.5809217208669755,25.589864864864868,30.40000000000001,Guard,1.5,194,EuroLeague,,,,,,,,,,,,,,
195,57.0,26.0,20.287134502923976,11.9,2.3,4.4,52.6%,1.8,4.5,40.1%,1.8,2.2,84.7%,0.3,1.3,1.7,2.7,0.5,1.5,0.1,0.3,1.9,2.7,10.8,000848,"NEDOVIC, NEMANJA",33.0,https://media-cdn.incrowdsports.com/8c0414fc-8bc0-49ad-b14b-31c1db32e9d0.png,RED,CZV,Crvena Zvezda Meridianbet Belgrade,https://media-cdn.incrowdsports.com/d2eef4a8-62df-4fdd-9076-276004268515.png,15.900000000000002,15.900000000000002,0.7837479461531811,22.6587134502924,31.800000000000004,Guard,0.6,195,EuroLeague,,,,,,,,,,,,,,
196,82.0,66.0,27.2260162601626,8.6,1.7,3.3,52.2%,1.2,2.8,42.3%,1.6,1.8,85.4%,0.4,1.8,2.2,3.3,1.2,0.9,0.1,0.1,2.2,2.1,10.8,011204,"GRANT, JERIAN",32.0,https://media-cdn.incrowdsports.com/3011c0c9-43b3-48ac-8277-e4f8f59b6c08.png,PAN,PAO,Panathinaikos AKTOR Athens,https://media-cdn.incrowdsports.com/e3dff28a-9ec6-4faf-9d96-ecbc68f75780.png,14.300000000000002,14.300000000000002,0.5252329192546585,26.39926829268293,28.600000000000005,Guard,1.3,196,EuroLeague,,,,,,,,,,,,,,
198,59.0,51.0,25.3545197740113,10.1,1.5,3.9,39%,1.7,4.8,34.7%,2.0,2.2,90.1%,0.2,1.5,1.7,4.5,1.3,1.6,0.0,0.4,1.6,2.6,10.8,011225,"LEE, PARIS",29.0,https://media-cdn.incrowdsports.com/05e68cf9-0a9c-4f03-a465-b109bea28982.png,ASV,ASV,LDLC ASVEL Villeurbanne,https://media-cdn.incrowdsports.com/e33c6d1a-95ca-4dbc-b8cb-0201812104cc.png,16.599999999999998,16.599999999999998,0.6547156147289843,23.98878531073446,33.2,Guard,1.3,198,EuroLeague,,,,,,,,,,,,,,
200,71.0,66.0,19.9981220657277,6.5,2.8,3.7,76.5%,0.0,0.0,0%,0.9,2.1,42.7%,1.4,2.4,3.8,2.2,0.2,1.0,1.0,0.1,2.1,2.5,10.9,008811,"FALL, MOUSTAPHA",32.0,https://media-cdn.incrowdsports.com/691e5b14-6518-4067-8343-013b90f2fd3f.png,OLY,OLY,Olympiacos Piraeus,https://media-cdn.incrowdsports.com/789423ac-3cdf-4b89-b11c-b458aa5f59a6.png,13.0,13.0,0.6500610385951733,22.933145539906103,26.0,Forward,1.2,200,EuroLeague,,,,,,,,,,,,,,
203,77.0,58.0,25.62965367965368,12.2,3.0,5.5,53.6%,1.6,4.3,38.2%,1.4,1.8,77.9%,1.0,3.1,4.1,1.2,0.7,1.3,0.3,0.2,1.9,1.6,11.0,012745,"PARKER, JABARI",29.0,https://media-cdn.incrowdsports.com/0b469685-9de3-4a1f-b7bb-ffe75d1a9163.png,BAR,BAR,FC Barcelona,https://media-cdn.incrowdsports.com/35dfa503-e417-481f-963a-bdf6f013763e.png,16.7,16.7,0.6515889839454772,27.086298701298706,33.4,Forward,1.0,203,EuroLeague,,,,,,,,,,,,,,
204,71.0,34.0,22.55469483568076,7.5,1.5,2.8,55.3%,1.1,3.0,37.4%,1.0,1.5,67.9%,1.3,4.1,5.5,1.0,0.8,0.7,0.3,0.2,1.2,1.8,11.1,012712,"HERNANGOMEZ, JUANCHO",29.0,https://media-cdn.incrowdsports.com/cdf4d0c7-5fa8-4d47-9453-723b07acc3c7.png,PAN,PAO,Panathinaikos AKTOR Athens,https://media-cdn.incrowdsports.com/e3dff28a-9ec6-4faf-9d96-ecbc68f75780.png,14.800000000000004,14.800000000000004,0.6561826753952312,24.44880281690141,29.60000000000001,Forward,1.1,204,EuroLeague,,,,,,,,,,,,,,
205,38.0,38.0,26.346929824561403,11.0,2.2,3.7,58.9%,1.7,5.1,33.2%,1.6,2.1,75.9%,1.1,3.9,4.9,1.3,0.9,1.0,0.2,0.3,2.6,2.3,11.3,012610,"WARD, TYSON",27.0,https://media-cdn.incrowdsports.com/61069904-5d06-40a8-9ee9-ab296c388b64.png,PRS,PBB,Paris Basketball,https://media-cdn.incrowdsports.com/a033e5b3-0de7-48a3-98d9-d9a4b9df1f39.png,16.699999999999996,16.699999999999996,0.6338499442326578,20.65802631578947,33.39999999999999,Forward,1.1,205,EuroLeague,,,,,,,,,,,,,,
207,34.0,28.0,24.780882352941177,9.7,3.2,6.1,52.2%,0.6,1.7,32.8%,1.6,1.9,81.8%,0.4,2.4,2.8,4.7,0.8,1.9,0.2,0.5,1.9,2.2,11.6,013367,"FORREST, TRENT",26.0,https://media-cdn.incrowdsports.com/2258a1a6-ef61-4594-a6c6-7c07e2afbd60.png,BAS,BKN,Baskonia Vitoria-Gasteiz,https://media-cdn.incrowdsports.com/e324a6af-2a72-443e-9813-8bf2d364ddab.png,16.1,16.1,0.6496943801554804,19.414754901960784,32.2,Forward,1.0,207,EuroLeague,,,,,,,,,,,,,,
208,80.0,44.0,20.933541666666667,10.6,2.2,3.8,57.4%,1.5,2.9,53%,1.7,1.8,90.5%,1.1,2.6,3.7,1.2,0.4,0.9,0.1,0.3,1.9,2.0,11.7,008829,"PETERS, ALEC",29.0,https://media-cdn.incrowdsports.com/415ba270-d601-4231-b0c8-e5a66d318117.png,OLY,OLY,Olympiacos Piraeus,https://media-cdn.incrowdsports.com/789423ac-3cdf-4b89-b11c-b458aa5f59a6.png,14.9,14.9,0.7117763557289438,25.8566875,29.8,Forward,0.5,208,EuroLeague,,,,,,,,,,,,,,
209,72.0,12.0,24.99351851851852,11.7,2.8,5.6,49.5%,1.2,3.4,34%,2.7,3.2,85.3%,0.2,2.0,2.2,3.6,0.9,1.8,0.1,0.2,2.1,2.9,11.8,011212,"OKOBO, ELIE",27.0,https://media-cdn.incrowdsports.com/2383a124-8ef4-4332-80e6-2205022f82e9.png,MCO,ASM,AS Monaco,https://media-cdn.incrowdsports.com/89ed276a-2ba3-413f-8ea2-b3be209ca129.png,17.299999999999997,17.299999999999997,0.6921794539325008,26.60935185185185,34.599999999999994,Guard,1.0,209,EuroLeague,,,,,,,,,,,,,,
210,72.0,10.0,16.047453703703706,9.7,3.6,6.0,60%,0.1,0.2,33.3%,2.3,3.3,69.5%,1.7,2.8,4.5,0.5,0.5,1.3,0.3,0.2,1.8,3.3,11.8,003196,"HERNANGOMEZ, WILLY",30.0,https://media-cdn.incrowdsports.com/a2cfd3c3-b886-48ab-a783-67513f66faf1.png,BAR,BAR,FC Barcelona,https://media-cdn.incrowdsports.com/35dfa503-e417-481f-963a-bdf6f013763e.png,15.5,15.5,0.9658853227551388,24.45474537037037,31.0,Center,0.8,210,EuroLeague,,,,,,,,,,,,,,
210,24.0,2.0,20.038194444444446,11.0,3.7,5.9,62.4%,0.8,2.3,36.4%,1.1,1.5,75%,1.0,3.8,4.8,1.0,0.6,1.7,0.6,0.2,2.0,1.8,11.8,013379,"METU, CHIMEZIE",27.0,https://media-cdn.incrowdsports.com/987ca277-8334-4862-a166-c8dd1a20ad4b.png,BAR,BAR,FC Barcelona,https://media-cdn.incrowdsports.com/35dfa503-e417-481f-963a-bdf6f013763e.png,15.900000000000006,15.900000000000006,0.7934846647028246,17.13381944444445,31.80000000000001,Forward,1.2,210,EuroLeague,,,,,,,,,,,,,,
213,73.0,43.0,26.76141552511416,11.1,3.3,5.7,56.8%,1.0,2.3,41.2%,1.7,2.3,71.6%,1.3,2.8,4.1,1.7,1.1,1.2,0.3,0.4,2.8,2.6,12.0,011226,"DIALLO, ALPHA",27.0,https://media-cdn.incrowdsports.com/b80081ad-c850-47c6-9b59-132e98bbaf5b.png,MCO,ASM,AS Monaco,https://media-cdn.incrowdsports.com/89ed276a-2ba3-413f-8ea2-b3be209ca129.png,16.500000000000004,16.500000000000004,0.6165593140809624,26.39280821917809,33.00000000000001,Forward,1.4,213,EuroLeague,,,,,,,,,,,,,,
214,37.0,26.0,22.64144144144144,12.0,1.9,3.3,56.1%,2.2,5.6,39.7%,1.6,2.1,76.3%,0.5,1.4,1.9,4.9,0.5,2.2,0.0,0.3,2.3,2.8,12.0,006435,"LAPROVITTOLA, NICOLAS",34.0,https://media-cdn.incrowdsports.com/4d4c3cab-382d-4c79-a6dd-8994acdd821e.png,BAR,BAR,FC Barcelona,https://media-cdn.incrowdsports.com/35dfa503-e417-481f-963a-bdf6f013763e.png,17.3,17.3,0.7640856278847685,20.54081081081081,34.6,Guard,0.5,214,EuroLeague,,,,,,,,,,,,,,
215,65.0,58.0,24.716410256410256,10.4,3.0,5.3,56.4%,0.8,2.6,30.2%,2.0,2.5,79.3%,1.0,2.9,3.8,3.3,0.8,1.8,0.4,0.2,2.8,2.8,12.0,009549,"CORDINIER, ISAIA",28.0,https://media-cdn.incrowdsports.com/e3fac696-389b-4586-8dac-0ecf02251464.png,VIR,VIR,Virtus Bologna,https://media-cdn.cortextech.io/1362801d-dd09-4fd0-932d-ead56063ab77.png,16.7,16.7,0.6756644604435961,24.99497435897436,33.4,Forward,1.2000000000000002,215,EuroLeague,,,,,,,,,,,,,,
216,33.0,33.0,27.725757575757576,12.0,3.2,6.7,48.2%,1.0,2.5,39%,2.6,2.8,91.5%,1.2,2.6,3.8,1.8,0.6,1.2,0.0,0.3,2.2,2.9,12.2,013382,"RANDOLPH, LEVI",32.0,https://media-cdn.incrowdsports.com/aea07f5d-99a0-4194-8a18-68d5a759e5ba.png,TEL,MTA,Maccabi Rapyd Tel Aviv,https://media-cdn.incrowdsports.com/5c55ef14-29df-4328-bd52-a7a64c432350.png,17.400000000000002,17.400000000000002,0.6275752773375595,20.45257575757576,34.800000000000004,Forward,0.6,216,EuroLeague,,,,,,,,,,,,,,
217,36.0,19.0,18.723148148148148,11.2,4.2,6.4,65.5%,0.0,0.1,25%,2.6,3.7,70.9%,1.9,2.2,4.2,1.1,0.2,2.0,0.2,0.2,3.2,4.1,12.2,011157,"MOTLEY, JOHNATHAN",28.0,https://media-cdn.incrowdsports.com/7018bc3a-7915-4c0a-aca8-63baa0264e46.png,ULK,FBB,Fenerbahce Beko Istanbul,https://media-cdn.cortextech.io/3b7f020e-5b39-49a1-b4b2-efea918edab7.png,15.6,15.6,0.8331932149745315,18.792314814814816,31.200000000000003,Forward,0.4,217,EuroLeague,,,,,,,,,,,,,,
218,42.0,18.0,24.14166666666667,12.7,1.2,2.7,42.6%,2.9,7.2,40.1%,1.7,1.9,87.5%,0.5,1.7,2.2,3.3,1.1,1.6,0.0,0.1,1.7,2.5,12.2,006661,"WILBEKIN, SCOTTIE",31.0,https://media-cdn.incrowdsports.com/dfcc2d01-1bfe-465a-81dd-f51457ff4287.png,ULK,FBB,Fenerbahce Beko Istanbul,https://media-cdn.cortextech.io/3b7f020e-5b39-49a1-b4b2-efea918edab7.png,18.4,18.4,0.7621677597514669,22.294166666666666,36.8,Guard,1.1,218,EuroLeague,,,,,,,,,,,,,,
219,33.0,27.0,21.975252525252525,9.0,3.8,5.6,68.1%,0.0,0.0,0%,1.4,2.4,57%,2.7,3.4,6.2,0.8,0.8,0.9,0.5,0.4,2.8,2.1,12.4,010545,"SAKO, NEAL",26.0,https://media-cdn.incrowdsports.com/b2bf2145-3598-4c59-816e-8bba61c4b4bd.png,ASV,ASV,LDLC ASVEL Villeurbanne,https://media-cdn.incrowdsports.com/e33c6d1a-95ca-4dbc-b8cb-0201812104cc.png,15.300000000000002,15.300000000000002,0.6962377329870608,18.407525252525254,30.600000000000005,Forward,1.3,219,EuroLeague,,,,,,,,,,,,,,
220,69.0,61.0,25.86497584541063,16.0,3.3,6.5,50.8%,2.3,6.8,34.4%,2.4,2.6,91.1%,0.5,1.6,2.0,2.6,0.9,2.0,0.1,0.8,1.9,3.5,12.5,011987,"EDWARDS, CARSEN",26.0,https://media-cdn.incrowdsports.com/06c34b65-ca83-4e3e-8eda-b6c708dbccaf.png,MUN,BAY,FC Bayern Munich,https://media-cdn.incrowdsports.com/817b0e58-d595-4b09-ab0b-1e7cc26249ff.png,20.4,20.4,0.7887113493523594,28.366497584541065,40.8,Guard,1.0,220,EuroLeague,,,,,,,,,,,,,,
222,37.0,36.0,25.79144144144144,16.1,2.9,5.7,50.7%,2.5,6.9,35.8%,2.9,4.0,73.5%,0.6,1.6,2.2,2.6,1.1,1.8,0.1,0.3,2.0,3.0,12.6,013380,"FOURNIER, EVAN",32.0,https://media-cdn.incrowdsports.com/eefac20f-c371-476e-8294-f052e98bf0f3.png,OLY,OLY,Olympiacos Piraeus,https://media-cdn.incrowdsports.com/789423ac-3cdf-4b89-b11c-b458aa5f59a6.png,21.000000000000004,21.000000000000004,0.8142235883822068,23.44581081081081,42.00000000000001,Guard,1.2000000000000002,222,EuroLeague,,,,,,,,,,,,,,
224,32.0,13.0,27.755729166666665,12.3,3.0,5.2,58.2%,1.4,3.2,43.3%,2.1,2.4,87%,0.8,2.4,3.2,2.6,0.6,1.6,0.1,0.2,1.8,2.1,13.0,007400,"NUNNALLY, JAMES",33.0,https://media-cdn.incrowdsports.com/e0743b50-f31d-4f3a-95a9-2c96603f4c5e.png,PAR,PAR,Partizan Mozzart Bet Belgrade,https://media-cdn.incrowdsports.com/2681304e-77dd-4331-88b1-683078c0fb49.png,17.300000000000004,17.300000000000004,0.623294740200034,20.218906250000003,34.60000000000001,Forward,0.7,224,EuroLeague,,,,,,,,,,,,,,
225,50.0,34.0,22.984666666666666,12.1,4.4,7.8,56.2%,0.5,1.5,35.1%,1.7,2.3,72.6%,1.7,3.4,5.1,1.5,0.4,1.5,0.2,0.7,1.9,2.9,13.1,004194,"LAUVERGNE, JOFFREY",33.0,https://media-cdn.incrowdsports.com/2c5d0d04-968c-4590-9924-d0e7a7b23110.png,ASV,ASV,LDLC ASVEL Villeurbanne,https://media-cdn.incrowdsports.com/e33c6d1a-95ca-4dbc-b8cb-0201812104cc.png,18.1,18.1,0.7874815094120717,23.3018,36.2,Forward,0.6000000000000001,225,EuroLeague,,,,,,,,,,,,,,
227,33.0,32.0,25.795454545454547,12.7,3.2,6.7,47.7%,1.5,3.4,45.5%,1.7,2.1,80.9%,0.2,1.9,2.1,4.2,1.2,1.7,0.0,0.5,1.4,2.4,13.3,010568,"JONES, CHRIS",30.0,https://media-cdn.incrowdsports.com/7cbec5f6-7aa3-49d1-8db1-7dc304a70c37.png,PAM,VBC,Valencia Basket,https://media-cdn.cortextech.io/d88f3c71-1519-4b19-8cfb-99e26a4c008e.png,19.0,19.0,0.7365638766519823,21.37954545454545,38.0,Guard,1.2,227,EuroLeague,,,,,,,,,,,,,,
228,62.0,39.0,24.95913978494624,12.2,3.0,6.0,49.6%,1.3,3.6,37.1%,2.3,2.5,89.2%,0.7,3.4,4.1,3.0,1.0,2.0,0.3,0.4,2.5,3.3,13.3,009846,"BRYANT, ELIJAH",29.0,https://media-cdn.incrowdsports.com/884c7881-bc0b-4b2c-b95f-3f1abf3a8fa7.png,IST,EFS,Anadolu Efes Istanbul,https://media-cdn.cortextech.io/9a463aa2-ceb2-481c-9a95-1cddee0a248e.png,19.0,19.0,0.7612441840427363,26.12924731182796,38.0,Forward,1.3,228,EuroLeague,,,,,,,,,,,,,,
229,53.0,3.0,21.102515723270443,11.8,1.8,3.6,50%,1.8,4.6,38.3%,2.9,3.2,91.7%,0.3,1.5,1.8,4.3,0.9,2.3,0.0,0.5,1.4,3.5,13.3,002100,"DE COLO, NANDO",37.0,https://media-cdn.incrowdsports.com/168b2cb2-e32f-47b6-8a0f-c49fd080db79.png,ASV,ASV,LDLC ASVEL Villeurbanne,https://media-cdn.incrowdsports.com/e33c6d1a-95ca-4dbc-b8cb-0201812104cc.png,18.1,18.1,0.8577176407474741,23.61358490566037,36.2,Guard,0.9,229,EuroLeague,,,,,,,,,,,,,,
230,60.0,53.0,26.33277777777778,8.2,2.4,3.7,65%,0.7,1.6,41.4%,1.3,1.7,78.4%,1.6,4.3,5.9,1.5,0.4,1.0,0.3,0.4,1.1,2.1,13.4,007230,"SEDEKERSKIS, TADAS",26.0,https://media-cdn.incrowdsports.com/a033b3ef-7790-421f-82fa-6aa8192098d4.png,BAS,BKN,Baskonia Vitoria-Gasteiz,https://media-cdn.incrowdsports.com/e324a6af-2a72-443e-9813-8bf2d364ddab.png,15.9,15.9,0.6038102069663916,23.763277777777777,31.8,Forward,0.7,230,EuroLeague,,,,,,,,,,,,,,
232,56.0,56.0,26.373214285714287,12.3,3.8,6.8,56.6%,0.9,2.4,36.4%,2.1,2.6,81.4%,1.6,3.5,5.1,1.4,0.6,1.8,0.2,0.3,2.2,3.0,13.4,007056,"BOOKER, DEVIN",33.0,https://media-cdn.incrowdsports.com/603a8758-e88a-4d71-935e-c73e1201ec7c.png,MUN,BAY,FC Bayern Munich,https://media-cdn.incrowdsports.com/817b0e58-d595-4b09-ab0b-1e7cc26249ff.png,18.3,18.3,0.6938858419662806,24.78065476190476,36.6,Forward,0.8,232,EuroLeague,,,,,,,,,,,,,,
233,73.0,52.0,21.385388127853883,12.9,2.8,4.8,57.3%,1.4,3.6,39.4%,3.1,3.8,81.5%,0.6,2.2,2.8,2.1,0.3,1.4,0.2,0.3,1.2,3.1,13.5,006540,"MUSA, DZANAN",25.0,https://media-cdn.incrowdsports.com/33402fc3-96cf-4e53-ac32-2a46bc19b3d1.png,MAD,RMB,Real Madrid,https://media-cdn.incrowdsports.com/1a3e1404-4f6f-4ede-9d8b-30eee7cb51b4.png,18.500000000000004,18.500000000000004,0.8650766537131145,27.25520547945205,37.00000000000001,Forward,0.5,233,EuroLeague,,,,,,,,,,,,,,
234,62.0,50.0,21.60725806451613,11.0,4.3,7.1,59.9%,0.1,0.3,42.9%,2.1,2.7,78.8%,1.6,2.5,4.0,1.5,1.0,1.0,0.5,0.2,2.4,2.7,13.6,000925,"VESELY, JAN",34.0,https://media-cdn.incrowdsports.com/4be34f64-45a0-4d95-8b9d-a9259354d99e.png,BAR,BAR,FC Barcelona,https://media-cdn.incrowdsports.com/35dfa503-e417-481f-963a-bdf6f013763e.png,17.1,17.1,0.7914007389989922,24.464059139784947,34.2,Forward,1.5,234,EuroLeague,,,,,,,,,,,,,,
235,76.0,34.0,25.185087719298245,14.2,3.1,5.4,57.3%,2.1,5.6,36.8%,1.8,2.1,86.8%,0.5,4.4,4.9,1.2,0.9,1.3,0.1,0.3,1.7,1.9,13.8,003108,"HEZONJA, MARIO",29.0,https://media-cdn.incrowdsports.com/d61126dd-e3ac-46de-b012-42fd1ba92f1d.png,MAD,RMB,Real Madrid,https://media-cdn.incrowdsports.com/1a3e1404-4f6f-4ede-9d8b-30eee7cb51b4.png,19.9,19.9,0.7901501166800181,29.115175438596488,39.8,Forward,1.0,235,EuroLeague,,,,,,,,,,,,,,
236,73.0,17.0,23.83675799086758,10.8,1.7,3.1,53.3%,1.5,3.9,39.1%,2.9,3.2,89.8%,0.5,2.1,2.5,5.2,0.8,2.0,0.1,0.3,1.7,2.9,14.0,001926,"SLOUKAS, KOSTAS",34.0,https://media-cdn.incrowdsports.com/ff4f77e9-8492-462b-9661-d6ca746d51c6.png,PAN,PAO,Panathinaikos AKTOR Athens,https://media-cdn.incrowdsports.com/e3dff28a-9ec6-4faf-9d96-ecbc68f75780.png,18.3,18.3,0.767721852401705,27.360342465753423,36.6,Guard,0.9,236,EuroLeague,,,,,,,,,,,,,,
237,27.0,13.0,23.589506172839503,10.5,2.2,3.4,65.2%,1.3,2.8,46.1%,2.2,2.5,86.8%,1.0,3.8,4.9,1.0,0.8,0.9,0.2,0.1,1.4,2.3,14.2,010357,"YABUSELE, GUERSCHON",28.0,https://media-cdn.incrowdsports.com/7836b84b-e952-47c7-9683-4f8645eea386.png,MAD,RMB,Real Madrid,https://media-cdn.incrowdsports.com/1a3e1404-4f6f-4ede-9d8b-30eee7cb51b4.png,17.3,17.3,0.7333769462253044,18.96895061728395,34.6,Forward,1.0,237,EuroLeague,,,,,,,,,,,,,,
238,27.0,12.0,22.183333333333334,13.3,2.5,4.9,50.8%,1.5,3.1,47.1%,3.9,4.5,86.9%,1.4,3.0,4.4,0.4,0.8,1.5,0.2,0.4,1.7,3.4,14.2,011982,"OJELEYE, SEMI",29.0,https://media-cdn.incrowdsports.com/2578af9b-c461-4517-a65f-de6ca1388bf4.png,PAM,VBC,Valencia Basket,https://media-cdn.cortextech.io/d88f3c71-1519-4b19-8cfb-99e26a4c008e.png,18.9,18.9,0.8519909842223893,19.94833333333333,37.8,Center,1.0,238,EuroLeague,,,,,,,,,,,,,,
239,56.0,8.0,19.01547619047619,8.0,2.9,4.8,59.5%,0.0,0.0,0%,2.3,2.7,83%,2.6,3.1,5.7,0.8,0.4,0.8,0.6,0.2,0.8,3.0,14.4,003941,"MILUTINOV, NIKOLA",30.0,https://media-cdn.incrowdsports.com/bda87c73-25f0-44ae-a726-7161d6a42976.png,OLY,OLY,Olympiacos Piraeus,https://media-cdn.incrowdsports.com/789423ac-3cdf-4b89-b11c-b458aa5f59a6.png,16.7,16.7,0.8782320165278908,22.924880952380956,33.4,Forward,1.0,239,EuroLeague,,,,,,,,,,,,,,
241,57.0,56.0,29.02309941520468,13.9,2.8,5.0,56.1%,2.1,5.1,40.1%,2.1,2.7,77.4%,0.6,3.0,3.6,2.7,1.0,1.8,0.1,0.2,1.6,3.2,15.1,007831,"SHIELDS, SHAVON",30.0,https://media-cdn.incrowdsports.com/cc164c6b-d942-4733-a6ff-dc4544e1a6c2.png,MIL,EA7,EA7 Emporio Armani Milan,https://media-cdn.cortextech.io/9512ee73-a0f1-4647-a01e-3c2938aba6b8.png,20.9,20.9,0.7201160600046342,27.032309941520463,41.8,Forward,1.1,241,EuroLeague,,,,,,,,,,,,,,
242,74.0,70.0,23.088738738738737,9.8,3.9,5.8,67.7%,0.0,0.0,0%,2.0,2.7,73%,2.4,4.1,6.5,1.3,0.7,1.9,1.4,0.1,2.8,2.9,15.1,005791,"TAVARES, WALTER",32.0,https://media-cdn.incrowdsports.com/b4070997-623b-4a6e-94bc-65fd4694b0c5.png,MAD,RMB,Real Madrid,https://media-cdn.incrowdsports.com/1a3e1404-4f6f-4ede-9d8b-30eee7cb51b4.png,17.799999999999997,17.799999999999997,0.7709386035078135,27.102207207207204,35.599999999999994,Forward,2.1,242,EuroLeague,,,,,,,,,,,,,,
244,51.0,47.0,25.05490196078432,10.2,3.8,5.7,66.4%,0.2,0.7,34.3%,1.9,2.4,78.9%,2.7,4.1,6.8,0.7,0.9,1.2,0.8,0.2,2.4,2.5,15.3,009035,"BOLOMBOY, JOEL",30.0,https://media-cdn.incrowdsports.com/3a4cfafe-0f2b-451f-964c-cacb9f51bc2b.png,RED,CZV,Crvena Zvezda Meridianbet Belgrade,https://media-cdn.incrowdsports.com/d2eef4a8-62df-4fdd-9076-276004268515.png,18.1,18.1,0.722413523243074,23.675490196078435,36.2,Center,1.7000000000000002,244,EuroLeague,,,,,,,,,,,,,,
245,75.0,66.0,29.25133333333333,18.2,4.2,8.2,51.6%,2.4,6.0,39.9%,2.5,2.8,89.6%,0.6,2.5,3.1,3.6,0.9,2.9,0.2,0.7,2.5,3.4,15.5,012774,"NUNN, KENDRICK",29.0,https://media-cdn.incrowdsports.com/78428dfc-c965-4e72-8eb6-5e362eeaa849.png,PAN,PAO,Panathinaikos AKTOR Athens,https://media-cdn.incrowdsports.com/e3dff28a-9ec6-4faf-9d96-ecbc68f75780.png,23.3,23.3,0.796544886842765,31.73513333333333,46.6,Forward,1.1,245,EuroLeague,,,,,,,,,,,,,,
248,29.0,24.0,24.98333333333333,12.7,3.5,6.6,53.1%,0.8,2.2,34.4%,3.4,4.3,78.6%,1.5,3.8,5.2,1.9,0.9,1.7,0.1,0.9,1.2,4.9,16.4,003958,"THIEMANN, JOHANNES",29.0,https://media-cdn.incrowdsports.com/8d67d189-5722-4ac9-918c-70c114ff40d9.png,BER,BER,ALBA Berlin,https://media-cdn.incrowdsports.com/ccc34858-22b0-47dc-904c-9940b0a16ff3.png,21.9,21.9,0.8765843895930621,22.66166666666666,43.8,Forward,1.0,248,EuroLeague,,,,,,,,,,,,,,
250,76.0,75.0,31.42214912280702,15.2,3.1,5.8,52.6%,2.1,5.3,39.3%,2.9,3.3,87.6%,1.4,3.5,4.9,1.7,1.1,1.3,0.2,0.4,2.1,4.0,17.0,008962,"HAYES-DAVIS, NIGEL",30.0,https://media-cdn.incrowdsports.com/37b00e59-560b-4b65-a269-9d2b0b8776bc.png,ULK,FBB,Fenerbahce Beko Istanbul,https://media-cdn.cortextech.io/3b7f020e-5b39-49a1-b4b2-efea918edab7.png,23.3,23.3,0.7415151620895418,32.11888157894737,46.6,Forward,1.3,250,EuroLeague,,,,,,,,,,,,,,
251,76.0,69.0,25.52127192982456,11.7,2.3,4.1,56.9%,1.3,4.0,33%,3.1,3.6,86.2%,0.6,2.3,3.0,6.2,1.2,2.4,0.0,0.3,2.3,4.9,17.1,005928,"CAMPAZZO, FACUNDO",33.0,https://media-cdn.incrowdsports.com/3d4b3199-c570-491d-b1cf-76f82c2e229c.png,MAD,RMB,Real Madrid,https://media-cdn.incrowdsports.com/1a3e1404-4f6f-4ede-9d8b-30eee7cb51b4.png,22.0,22.0,0.8620260017013671,30.61879385964912,44.0,Forward,1.2,251,EuroLeague,,,,,,,,,,,,,,
252,34.0,23.0,26.96421568627451,14.1,4.2,8.3,50.9%,0.9,2.8,31.9%,3.1,3.6,85.2%,0.5,2.7,3.2,5.4,1.0,1.8,0.1,0.6,1.7,4.0,17.3,013369,"JONES, CARLIK",27.0,https://media-cdn.incrowdsports.com/613ad222-b178-42f5-af77-75c2e22552a7.png,PAR,PAR,Partizan Mozzart Bet Belgrade,https://media-cdn.incrowdsports.com/2681304e-77dd-4331-88b1-683078c0fb49.png,23.700000000000003,23.700000000000003,0.8789426800225427,24.95308823529412,47.400000000000006,Forward,1.1,252,EuroLeague,,,,,,,,,,,,,,
253,61.0,56.0,27.43579234972677,15.0,4.4,8.0,54.9%,0.8,2.7,29.9%,3.8,4.7,80.6%,1.5,3.6,5.0,3.0,0.9,2.6,0.3,0.4,2.5,5.2,17.4,001133,"SHENGELIA, TORNIKE",33.0,https://media-cdn.incrowdsports.com/892c9315-559b-418b-bdab-a8e0e0d66add.png,VIR,VIR,Virtus Bologna,https://media-cdn.cortextech.io/1362801d-dd09-4fd0-932d-ead56063ab77.png,23.9,23.9,0.8711248319474183,29.64024590163934,47.8,Forward,1.2,253,EuroLeague,,,,,,,,,,,,,,
254,24.0,22.0,30.64027777777778,14.7,5.1,8.2,61.6%,0.5,1.4,32.4%,3.2,4.0,78.4%,1.3,3.8,5.0,1.4,1.3,0.9,0.2,0.3,1.9,3.0,17.5,006835,"HOARD, JAYLEN",25.0,https://media-cdn.incrowdsports.com/e43108e6-9668-4d2c-8f49-626feda3dd50.png,TEL,MTA,Maccabi Rapyd Tel Aviv,https://media-cdn.incrowdsports.com/5c55ef14-29df-4328-bd52-a7a64c432350.png,22.5,22.5,0.7343275463487602,22.814027777777778,45.0,Forward,1.5,254,EuroLeague,,,,,,,,,,,,,,
255,63.0,44.0,29.224338624338625,14.5,2.4,4.5,52.3%,2.3,5.9,39.2%,2.9,3.2,89.7%,0.3,2.5,2.7,4.8,1.2,1.9,0.0,0.3,1.2,4.1,18.0,007200,"LARKIN, SHANE",32.0,https://media-cdn.incrowdsports.com/29f7e3f7-2a14-4bf2-a5ab-3fb89fdfe607.png,IST,EFS,Anadolu Efes Istanbul,https://media-cdn.cortextech.io/9a463aa2-ceb2-481c-9a95-1cddee0a248e.png,23.9,23.9,0.8178114929210268,30.15243386243386,47.8,Forward,1.2,255,EuroLeague,,,,,,,,,,,,,,
257,80.0,80.0,30.477083333333333,16.9,3.5,7.6,45.8%,2.0,5.8,35.1%,3.8,4.9,78.1%,0.4,3.1,3.5,5.4,1.1,2.0,0.0,0.5,1.8,4.7,18.4,005985,"JAMES, MIKE",34.0,https://media-cdn.incrowdsports.com/6798f111-3618-4825-b32e-11741d4229c0.png,MCO,ASM,AS Monaco,https://media-cdn.incrowdsports.com/89ed276a-2ba3-413f-8ea2-b3be209ca129.png,27.3,27.3,0.895755007177524,35.49104166666666,54.6,Forward,1.1,257,EuroLeague,,,,,,,,,,,,,,
258,67.0,36.0,26.44328358208956,13.8,3.5,5.6,62.3%,1.0,3.2,31.8%,3.7,4.7,78.8%,2.1,4.2,6.3,1.8,1.0,1.9,0.4,0.5,1.7,4.5,18.5,012201,"MONEKE, CHIMA",29.0,https://media-cdn.incrowdsports.com/c99df4e9-3587-4db0-8114-3972beeeb9d9.png,BAS,BKN,Baskonia Vitoria-Gasteiz,https://media-cdn.incrowdsports.com/e324a6af-2a72-443e-9813-8bf2d364ddab.png,23.700000000000003,23.700000000000003,0.8962578314613083,30.400995024875623,47.400000000000006,Forward,1.4,258,EuroLeague,,,,,,,,,,,,,,
259,60.0,45.0,28.339722222222225,13.6,4.9,7.5,65.3%,0.0,0.0,0%,3.8,6.2,61.7%,2.4,4.0,6.4,1.5,1.0,1.8,0.8,0.4,2.5,6.2,19.8,003842,"LESSORT, MATHIAS",29.0,https://media-cdn.incrowdsports.com/b283a9ed-2227-43ef-8f8c-97fdc76e8b12.png,PAN,PAO,Panathinaikos AKTOR Athens,https://media-cdn.incrowdsports.com/e3dff28a-9ec6-4faf-9d96-ecbc68f75780.png,24.8,24.8,0.8750967918998657,30.19397222222222,49.6,Forward,1.8,259,EuroLeague,,,,,,,,,,,,,,
260,33.0,33.0,27.593434343434343,17.0,2.8,5.4,52.5%,1.7,4.8,34.4%,6.3,7.0,90.4%,0.4,3.0,3.5,4.6,1.0,2.9,0.2,0.5,1.8,5.9,20.6,007027,"MALEDON, THEO",23.0,https://media-cdn.incrowdsports.com/a8c1013c-4751-46eb-8a11-e792fdb2c495.png,ASV,ASV,LDLC ASVEL Villeurbanne,https://media-cdn.incrowdsports.com/e33c6d1a-95ca-4dbc-b8cb-0201812104cc.png,27.000000000000004,27.000000000000004,0.9784936396083098,27.15934343434344,54.00000000000001,Forward,1.2,260,EuroLeague,,,,,,,,,,,,,,
261,51.0,47.0,27.08954248366013,17.4,3.3,5.6,58.2%,2.1,5.2,40.1%,4.6,5.2,87.6%,1.8,4.3,6.1,1.5,0.9,1.8,0.3,0.2,1.9,4.5,20.7,000796,"MIROTIC, NIKOLA",33.0,https://media-cdn.incrowdsports.com/a771b68b-2056-4318-83a0-24b2ffb36d11.png,MIL,EA7,EA7 Emporio Armani Milan,https://media-cdn.cortextech.io/9512ee73-a0f1-4647-a01e-3c2938aba6b8.png,26.8,26.8,0.9893116510241996,29.96895424836601,53.6,Forward,1.2,261,EuroLeague,,,,,,,,,,,,,,
262,37.0,37.0,27.32927927927928,19.0,6.2,12.0,52%,0.8,2.2,36.1%,4.1,5.6,73.4%,0.5,2.1,2.6,7.3,1.0,2.3,0.1,0.6,2.3,6.6,22.8,012608,"SHORTS, TJ",27.0,https://media-cdn.incrowdsports.com/a3302ca0-0a06-4b2e-8065-f93d4b605f36.png,PRS,PBB,Paris Basketball,https://media-cdn.incrowdsports.com/a033e5b3-0de7-48a3-98d9-d9a4b9df1f39.png,31.40000000000001,31.40000000000001,1.148950899111602,30.8795945945946,62.80000000000001,Forward,1.1,262,EuroLeague,,,,,,,,,,,,,,
263,38.0,38.0,30.39342105263158,19.8,4.9,7.6,64.5%,1.9,4.9,38.2%,4.3,4.9,88.6%,1.9,4.7,6.6,1.8,0.9,1.1,0.2,0.3,1.3,3.4,23.7,003469,"VEZENKOV, SASHA",29.0,https://media-cdn.incrowdsports.com/da9926d3-ef9c-4704-930c-4be3eb1fd3c0.png,OLY,OLY,Olympiacos Piraeus,https://media-cdn.incrowdsports.com/789423ac-3cdf-4b89-b11c-b458aa5f59a6.png,29.999999999999996,29.999999999999996,0.9870557166976922,30.372675438596485,59.99999999999999,Forward,1.1,263,EuroLeague,,,,,,,,,,,,,,
1,,5.0,,,0.5,1.8,29%,0.4,1.3,31.8%,0.6,0.9,66.7%,0.2,1.0,,1.9,0.5,2.2,0.1,,,,0.0,009400,,,https://media-cdn.incrowdsports.com/f3615b58-07f0-46cb-91e2-b99be06fe4ad.png,,URV,,https://media-cdn.incrowdsports.com/104f5074-9f23-47da-a21f-f2078db8244c.png,,0.0,,,,,,1,EuroCup,17.0,16.184313725490195,2.9,1.2,0.4,3.1,1.5,"CASARIN, DAVIDE",21.0,VNC,Umana Reyer Venice,0.0,,
2,,2.0,,,0.2,0.3,50%,0.2,1.1,14.3%,0.5,0.6,75%,0.5,0.6,,0.1,0.5,0.5,0.0,,,,0.1,013310,,,https://media-cdn.incrowdsports.com/f64fbc22-8e36-4ec0-b3d4-f63f7f620e05.png,,HAM,,https://media-cdn.incrowdsports.com/5ef8be01-ad71-42c2-aa02-d5c7a9495258.png,,0.0,,,,,,2,EuroCup,13.0,8.99871794871795,1.2,1.1,0.1,1.6,0.6,"GREY, JARED",19.0,HAM,Hamburg Towers,0.0,,
3,,0.0,,,0.4,1.2,31.6%,0.0,0.1,0%,0.4,0.6,70%,0.4,0.6,,0.3,0.2,0.3,0.1,,,,0.7,004619,,,https://media-cdn.incrowdsports.com/60f01b3d-0670-4d21-8fd8-26d4fc140228.png,,TTA,,https://media-cdn.incrowdsports.com/4ba35608-54ca-4800-a59c-f2571e6f8e13.png,,0.0,,,,,,3,EuroCup,16.0,6.464583333333334,1.2,0.9,0.0,1.2,0.6,"AGVA, MAHIR",28.0,TTK,Turk Telekom Ankara,0.0,,
4,,2.0,,,0.5,1.1,44.4%,0.4,1.9,23.3%,0.2,0.3,60%,0.4,0.9,,0.9,0.5,1.2,0.1,,,,1.0,010070,,,https://media-cdn.incrowdsports.com/cc559358-d061-409c-b9f4-3e1db0a54c2b.png,,HAM,,https://media-cdn.incrowdsports.com/5ef8be01-ad71-42c2-aa02-d5c7a9495258.png,,0.0,,,,,,4,EuroCup,16.0,11.789583333333333,2.5,1.3,0.1,1.4,0.5,"MOELLER, LEIF",21.0,HAM,Hamburg Towers,0.0,,
5,,2.0,,,0.4,1.0,35.7%,0.2,0.9,23.1%,0.7,1.4,52.6%,0.2,0.5,,0.4,0.5,0.5,0.2,,,,1.1,013281,,,https://media-cdn.incrowdsports.com/effbb81b-d746-49bb-a6e8-77f1b0220bb1.png,,JLM,,https://media-cdn.incrowdsports.com/8058e0c5-3042-45e1-9423-f93f33c54576.png,,0.0,,,,,,5,EuroCup,14.0,9.498809523809523,2.1,0.7,0.1,1.3,1.1,"CORNELIUS, OR",28.0,JER,Hapoel Jerusalem Basketball Club,0.0,,
6,,1.0,,,0.7,1.4,50%,0.4,1.2,30%,0.5,0.5,100%,0.3,0.5,,0.8,0.4,1.2,0.1,,,,1.2,012415,,,https://media-cdn.incrowdsports.com/84131a4c-7cf1-4e32-858e-dd854de48c6d.png,,TTA,,https://media-cdn.incrowdsports.com/4ba35608-54ca-4800-a59c-f2571e6f8e13.png,,0.0,,,,,,6,EuroCup,17.0,8.486274509803922,2.9,0.8,0.0,1.6,0.6,"TUNCA, MELIH",19.0,TTK,Turk Telekom Ankara,0.0,,
7,,6.0,,,0.4,0.8,50%,0.4,1.3,33.3%,0.1,0.1,100%,0.5,0.9,,0.2,0.6,0.8,0.0,,,,1.2,013356,,,https://media-cdn.incrowdsports.com/737521ff-c0ef-4cfd-9f8a-2c2f432b3cea.png,,ARI,,https://media-cdn.incrowdsports.com/dffbb68c-00b9-4a19-9e07-d98189caa409.png,,0.0,,,,,,7,EuroCup,16.0,14.786458333333334,2.2,1.4,0.1,1.4,0.4,"GKIOUZELIS, GEORGIOS",29.0,ARI,Aris Thessaloniki,0.0,,
8,,2.0,,,0.6,0.8,69.2%,0.2,0.8,33.3%,0.2,0.3,80%,0.2,0.7,,0.6,0.1,0.9,0.1,,,,1.5,007560,,,https://media-cdn.incrowdsports.com/c3cb4c76-806e-4976-8dc7-a073e508510d.png,,DGC,,https://media-cdn.incrowdsports.com/a074edc1-e180-4515-a876-447884b570b1.png,,0.0,,,,,,8,EuroCup,16.0,7.396875,2.1,0.9,0.1,0.8,0.2,"KLJAJIC, JOVAN",23.0,CAN,Club Baloncesto Gran Canaria,0.0,,
9,,4.0,,,0.1,0.2,25%,0.4,1.3,31.8%,0.1,0.1,50%,0.2,1.1,,2.1,0.6,1.1,0.1,,,,1.6,002361,,,https://media-cdn.incrowdsports.com/a8d169b3-dcd3-42f0-825d-ffc1ec94ac0d.png,,CJB,,https://media-cdn.incrowdsports.com/4867b9ca-abc6-48fd-a47f-011904a74bf8.png,,0.0,,,,,,9,EuroCup,17.0,13.705882352941176,1.4,1.2,0.1,2.0,0.4,"VIVES, GUILLEM",31.0,JOV,Club Joventut Badalona,0.0,,
10,,3.0,,,0.8,1.5,53.8%,0.0,0.0,0%,0.7,1.2,57.1%,1.1,0.5,,0.4,0.1,0.9,0.3,,,,1.6,012405,,,https://media-cdn.incrowdsports.com/495c232a-4411-4d24-9fd2-62a7614a8131.png,,BKS,,https://media-cdn.incrowdsports.com/1d3274d8-da86-4d21-9e97-6810ab88babe.png,,0.0,,,,,,10,EuroCup,17.0,8.663725490196079,2.4,1.6,0.2,1.9,1.1,"HALTALI, FURKAN",22.0,BAH,Bahcesehir Koleji Istanbul,0.0,,
11,,0.0,,,0.4,0.8,53.8%,0.1,0.6,22.2%,0.2,0.3,80%,0.4,0.8,,0.2,0.2,0.2,0.2,,,,1.7,009877,,,https://media-cdn.incrowdsports.com/bdacdbae-3add-4198-8b38-a61ef585c9dd.png,,HTA,,https://media-cdn.incrowdsports.com/cbb1c3ad-03d5-426a-b5ef-2832a4eee484.png,,0.0,,,,,,11,EuroCup,16.0,7.209375,1.5,1.2,0.1,1.1,0.6,"BLAYZER, OZ",32.0,HTA,Hapoel Tel Aviv,0.0,,
12,,2.0,,,0.9,2.1,44.4%,0.0,0.1,0%,1.4,1.7,79.3%,0.9,1.1,,0.5,0.2,0.9,0.1,,,,1.7,013355,,,https://media-cdn.incrowdsports.com/9f9c0982-6463-4e58-a2dc-50a42d6ca21e.png,,ARI,,https://media-cdn.incrowdsports.com/dffbb68c-00b9-4a19-9e07-d98189caa409.png,,0.0,,,,,,12,EuroCup,17.0,13.202941176470588,3.2,2.0,0.3,2.8,1.2,"CHATZIDAKIS, EMMANOUIL",24.0,ARI,Aris Thessaloniki,0.0,,
13,,1.0,,,0.1,0.5,12.5%,0.5,2.1,25.7%,0.2,0.2,100%,0.2,0.9,,1.3,0.2,0.4,0.0,,,,1.8,JUG,,,https://media-cdn.incrowdsports.com/a401ec84-fd4d-4e12-a2f0-67f8c458f795.png,,CJB,,https://media-cdn.incrowdsports.com/4867b9ca-abc6-48fd-a47f-011904a74bf8.png,,0.0,,,,,,13,EuroCup,17.0,10.786274509803922,1.9,1.1,0.1,0.8,0.5,"RIBAS, PAU",37.0,JOV,Club Joventut Badalona,0.0,,
14,,0.0,,,0.1,0.1,100%,0.3,0.8,35.7%,0.3,0.4,83.3%,0.4,0.2,,0.3,0.3,0.0,0.0,,,,2.2,013283,,,https://media-cdn.incrowdsports.com/fea74d45-4528-45cd-8e77-25e6ca400d1c.png,,HTA,,https://media-cdn.incrowdsports.com/cbb1c3ad-03d5-426a-b5ef-2832a4eee484.png,,0.0,,,,,,14,EuroCup,17.0,5.790196078431372,1.4,0.6,0.0,0.5,0.6,"PALATIN, GUY",24.0,HTA,Hapoel Tel Aviv,0.0,,
15,,0.0,,,0.6,1.2,52.6%,0.2,0.8,30.8%,0.2,0.2,100%,0.2,0.8,,1.3,0.4,1.0,0.0,,,,2.2,010726,,,https://media-cdn.incrowdsports.com/45686120-e926-441a-abbd-272b9ec56a9f.png,,ULM,,https://media-cdn.incrowdsports.com/497dc717-214d-4c03-8c67-0c4870278aa0.png,,0.0,,,,,,15,EuroCup,16.0,9.00625,2.2,1.0,0.0,0.9,0.4,"JENSEN, TOBIAS",20.0,ULM,ratiopharm Ulm,0.0,,
16,,2.0,,,0.6,1.7,37.5%,0.4,1.4,25%,1.4,1.9,70.4%,0.3,0.5,,1.1,0.6,0.9,0.1,,,,2.2,013258,,,https://media-cdn.incrowdsports.com/6ba06f56-4bec-40a8-a4d0-d0752c28546c.png,,BUD,,https://media-cdn.incrowdsports.com/47161285-94b3-4266-9d23-b722e8600945.png,,0.0,,,,,,16,EuroCup,14.0,12.991666666666664,3.7,0.8,0.2,1.8,1.6,"DREZNJAK, MATEO",25.0,BUD,KK Buducnost,0.0,,
17,,1.0,,,1.0,1.7,59.1%,0.0,0.4,0%,0.4,0.6,62.5%,0.5,1.2,,0.2,0.1,0.5,0.0,,,,2.4,007952,,,https://media-cdn.incrowdsports.com/8c28784a-5832-469d-87a6-8bc9df30ce23.png,,ULM,,https://media-cdn.incrowdsports.com/497dc717-214d-4c03-8c67-0c4870278aa0.png,,0.0,,,,,,17,EuroCup,13.0,7.137179487179487,2.4,1.7,0.0,1.0,0.8,"BRETZEL, NICOLAS",25.0,ULM,ratiopharm Ulm,0.0,,
18,,0.0,,,1.3,2.1,63%,0.2,0.5,33.3%,0.4,0.6,62.5%,0.7,0.5,,0.2,0.2,0.5,0.0,,,,2.5,006571,,,https://media-cdn.incrowdsports.com/189b41d7-eb73-4986-99c6-f8d0029992f2.png,,URV,,https://media-cdn.incrowdsports.com/104f5074-9f23-47da-a21f-f2078db8244c.png,,0.0,,,,,,18,EuroCup,13.0,7.158974358974358,3.5,1.2,0.1,1.4,0.8,"LEVER, ALESSANDRO",26.0,VNC,Umana Reyer Venice,0.0,,
19,,0.0,,,1.3,2.4,52.9%,0.0,0.1,0%,0.5,0.6,87.5%,1.0,1.3,,0.6,0.7,1.2,0.3,,,,2.6,012695,,,https://media-cdn.incrowdsports.com/cd60eb65-2fb8-4bd9-b357-7f58d7c50a98.png,,HAM,,https://media-cdn.incrowdsports.com/5ef8be01-ad71-42c2-aa02-d5c7a9495258.png,,0.0,,,,,,19,EuroCup,14.0,9.276190476190475,3.1,2.3,0.3,2.1,0.6,"REECE, CAMRON",25.0,HAM,Hamburg Towers,0.0,,
20,,1.0,,,0.8,1.2,69.6%,0.4,0.7,50%,0.4,0.5,70%,1.0,0.8,,0.7,0.2,0.3,0.1,,,,2.8,009392,,,https://media-cdn.incrowdsports.com/2bc7c261-de1f-46ba-8c4c-aec3f2f04010.png,,COL,,https://media-cdn.incrowdsports.com/73b33d13-570e-4e49-a9cb-fe806831eaa7.png,,0.0,,,,,,20,EuroCup,20.0,13.123333333333331,3.0,1.8,0.0,2.3,0.4,"RADOVIC, ROK",23.0,LJU,KK Cedevita Olimpija,0.0,,
21,,1.0,,,1.1,2.4,46.5%,0.8,2.8,30%,0.3,0.3,100%,0.3,1.3,,0.9,0.7,0.6,0.1,,,,2.8,006382,,,https://media-cdn.incrowdsports.com/6c16ee13-22a8-4495-933d-da832c04cdde.png,,TRE,,https://media-cdn.incrowdsports.com/00c5cc07-732c-43c3-9d6e-5440594a25f8.png,,0.0,,,,,,21,EuroCup,18.0,13.825,5.0,1.6,0.1,2.2,0.7,"FORRAY, TOTO",38.0,TRN,Dolomiti Energia Trento,0.0,,
22,,17.0,,,1.3,2.1,63.2%,0.4,0.7,53.8%,0.2,0.3,50%,0.8,0.8,,0.7,0.4,0.4,0.0,,,,3.1,006566,,,https://media-cdn.incrowdsports.com/0d5afb9d-c9bd-4b67-a967-38a167e4901e.png,,BUD,,https://media-cdn.incrowdsports.com/47161285-94b3-4266-9d23-b722e8600945.png,,0.0,,,,,,22,EuroCup,18.0,16.038888888888888,4.0,1.6,0.2,2.1,0.4,"SLAVKOVIC, ANDRIJA",25.0,BUD,KK Buducnost,0.0,,
23,,0.0,,,0.4,0.6,66.7%,0.9,1.6,58.3%,0.1,0.3,25%,0.3,0.8,,0.2,0.3,0.3,0.1,,,,3.1,010307,,,https://media-cdn.incrowdsports.com/cf138bac-7b20-462e-b860-b6c55d4ae947.png,,BUD,,https://media-cdn.incrowdsports.com/47161285-94b3-4266-9d23-b722e8600945.png,,0.0,,,,,,23,EuroCup,15.0,11.62111111111111,3.7,1.1,0.1,1.1,0.3,"JOVANOVIC, DORDIJE",21.0,BUD,KK Buducnost,0.0,,
24,,7.0,,,1.0,1.9,51.9%,0.8,2.1,36.7%,0.4,1.1,40%,1.1,1.7,,0.4,0.3,0.6,0.3,,,,3.2,013393,,,https://media-cdn.incrowdsports.com/99271fbf-3f5c-463b-849f-cb331c3cafa4.png,,ARI,,https://media-cdn.incrowdsports.com/dffbb68c-00b9-4a19-9e07-d98189caa409.png,,0.0,,,,,,24,EuroCup,14.0,15.86547619047619,4.8,2.9,0.1,3.4,1.6,"LASZEWSKI, NATHAN JAMES",25.0,ARI,Aris Thessaloniki,0.0,,
25,,9.0,,,0.7,1.7,41.9%,0.0,0.1,0%,1.1,1.9,58.8%,0.8,1.4,,0.7,0.3,0.4,0.4,,,,3.4,011379,,,https://media-cdn.incrowdsports.com/3a2b1dc9-d027-4819-9dbd-bd5edb1a13f9.png,,BJK,,https://media-cdn.incrowdsports.com/791d8d03-da9c-4243-8342-ed6937f54762.png,,0.0,,,,,,25,EuroCup,18.0,12.070370370370371,2.6,2.2,0.1,1.9,1.7,"KONAN, KEREM",20.0,BES,Besiktas Istanbul,0.0,,
26,,4.0,,,0.5,1.0,47.4%,0.8,2.9,28.6%,1.6,1.7,93.9%,0.3,0.4,,0.7,0.7,0.5,0.0,,,,3.8,004056,,,https://media-cdn.incrowdsports.com/c68d2436-e727-47b6-a1a1-44aa7924c66e.png,,TTA,,https://media-cdn.incrowdsports.com/4ba35608-54ca-4800-a59c-f2571e6f8e13.png,,0.0,,,,,,26,EuroCup,19.0,11.85701754385965,5.1,0.7,0.3,1.7,1.8,"AKPINAR, ISMET",29.0,TTK,Turk Telekom Ankara,0.0,,
27,,14.0,,,1.4,2.6,52.3%,0.2,0.9,18.8%,0.5,0.6,72.7%,0.7,2.6,,1.1,0.8,1.4,0.2,,,,3.9,005438,,,https://media-cdn.incrowdsports.com/ebd1041c-b76f-40f2-9c7f-b8f16507ae23.png,,TRE,,https://media-cdn.incrowdsports.com/00c5cc07-732c-43c3-9d6e-5440594a25f8.png,,0.0,,,,,,27,EuroCup,17.0,19.195098039215686,3.7,3.4,0.4,2.5,1.2,"PECCHIA, ANDREA",27.0,TRN,Dolomiti Energia Trento,0.0,,
28,,2.0,,,0.6,1.4,40.9%,1.3,4.2,30.9%,1.0,1.4,72.7%,0.3,1.1,,0.8,0.3,0.2,0.1,,,,4.2,004945,,,https://media-cdn.incrowdsports.com/0490fd60-4d25-48ad-bf23-a614df1e0c92.png,,JLB,,https://media-cdn.incrowdsports.com/d4225e1b-7c1b-4382-98d4-ca8511c64441.png,,0.0,,,,,,28,EuroCup,16.0,13.8125,6.1,1.4,0.1,1.5,1.5,"PAUL, BRANDON",33.0,BOU,JL Bourg,0.0,,
29,,15.0,,,1.4,2.7,51.9%,0.1,0.8,12.5%,0.3,0.5,50%,1.2,3.2,,0.3,0.3,0.5,0.2,,,,4.3,004645,,,https://media-cdn.incrowdsports.com/a5e9c59a-37dc-468a-9bfe-894a14556921.png,,WLV,,https://media-cdn.incrowdsports.com/bab91c74-fc2e-4176-9db5-06f40e0e6759.png,,0.0,,,,,,29,EuroCup,19.0,15.501754385964912,3.4,4.4,0.3,1.8,0.6,"MINIOTAS, REGIMANTAS",28.0,WOL,BC Wolves Vilnius,0.0,,
30,,0.0,,,1.0,1.5,68.4%,0.9,1.5,63.2%,0.3,0.3,100%,0.2,1.3,,1.0,0.5,1.2,0.0,,,,4.3,010450,,,https://media-cdn.incrowdsports.com/b09e4274-ba4c-4529-b6bf-02ef08696b9f.png,,JLB,,https://media-cdn.incrowdsports.com/d4225e1b-7c1b-4382-98d4-ca8511c64441.png,,0.0,,,,,,30,EuroCup,13.0,15.337179487179489,5.1,1.5,0.1,1.8,0.2,"COURBY, MAXIME",34.0,BOU,JL Bourg,0.0,,
31,,0.0,,,1.3,3.0,42.6%,0.8,2.9,28.3%,1.4,1.8,78.8%,0.4,1.2,,1.3,0.9,1.2,0.1,,,,4.7,009556,,,https://media-cdn.incrowdsports.com/ecb2e7a1-c2f7-437b-b34d-7d3ec7592bb9.png,,JLB;DGC,,https://media-cdn.incrowdsports.com/d4225e1b-7c1b-4382-98d4-ca8511c64441.png;https://media-cdn.incrowdsports.com/a074edc1-e180-4515-a876-447884b570b1.png,,0.0,,,,,,31,EuroCup,18.0,13.594444444444443,6.5,1.6,0.2,2.2,2.1,"NGOUAMA, MEHDY",29.0,BOU;CAN,JL Bourg;Club Baloncesto Gran Canaria,0.0,,
32,,9.0,,,2.1,3.7,56.1%,0.0,0.1,0%,0.8,1.2,71.4%,1.6,1.9,,0.5,0.3,0.7,0.1,,,,5.1,008790,,,https://media-cdn.incrowdsports.com/d0cc6371-34c8-4132-a701-08c7213ccaac.png,,SOP,,https://media-cdn.incrowdsports.com/9ef7b3dd-9f80-4639-964d-9db4dfe436ee.png,,0.0,,,,,,32,EuroCup,18.0,16.26851851851852,4.9,3.5,0.1,2.6,1.2,"WITLINSKI, MIKOLAJ",29.0,TSO,Trefl Sopot,0.0,,
33,,16.0,,,0.9,2.1,45.7%,0.9,3.6,25.8%,1.3,1.7,75.9%,1.3,2.1,,1.1,0.5,1.2,0.0,,,,5.1,003242,,,https://media-cdn.incrowdsports.com/76252bf2-347b-4d61-b674-d76f6a5d8fc0.png,,HAM,,https://media-cdn.incrowdsports.com/5ef8be01-ad71-42c2-aa02-d5c7a9495258.png,,0.0,,,,,,33,EuroCup,17.0,22.333333333333336,6.0,3.4,0.4,2.6,2.4,"OGBE, KENNETH",30.0,HAM,Hamburg Towers,0.0,,
34,,5.0,,,1.6,2.7,57.1%,0.1,0.5,11.1%,0.7,1.2,54.5%,1.2,2.9,,0.7,0.4,0.6,0.3,,,,5.1,006724,,,https://media-cdn.incrowdsports.com/b976bc7a-1dad-4212-a481-c25582e1e620.png,,TRE,,https://media-cdn.incrowdsports.com/00c5cc07-732c-43c3-9d6e-5440594a25f8.png,,0.0,,,,,,34,EuroCup,18.0,19.876851851851853,3.9,4.1,0.2,2.8,1.4,"BAYEHE, JORDAN",25.0,TRN,Dolomiti Energia Trento,0.0,,
35,,4.0,,,0.8,1.2,66.7%,0.4,1.0,35%,0.7,1.4,51.9%,0.5,2.4,,1.0,0.5,0.5,0.0,,,,5.2,007917,,,https://media-cdn.incrowdsports.com/29b9bcba-30e1-4faf-aaab-3f12672b865b.png,,TTA,,https://media-cdn.incrowdsports.com/4ba35608-54ca-4800-a59c-f2571e6f8e13.png,,0.0,,,,,,35,EuroCup,20.0,12.308333333333334,3.4,2.8,0.1,1.6,1.4,"DURMAZ, BERKAN",27.0,TTK,Turk Telekom Ankara,0.0,,
36,,1.0,,,1.9,3.4,56.9%,0.1,0.5,12.5%,1.6,2.6,61.4%,1.4,1.6,,0.6,0.6,1.4,0.4,,,,5.3,003759,,,https://media-cdn.incrowdsports.com/89a0ea60-107a-4a3e-b8c1-4f86788f24ca.png,,URV,,https://media-cdn.incrowdsports.com/104f5074-9f23-47da-a21f-f2078db8244c.png,,0.0,,,,,,36,EuroCup,17.0,12.548039215686272,5.6,2.9,0.2,2.9,2.5,"TESSITORI,  AMEDEO",30.0,VNC,Umana Reyer Venice,0.0,,
37,,0.0,,,1.5,2.1,70%,0.2,0.8,27.3%,1.4,1.5,90.5%,0.6,1.4,,0.6,0.3,0.6,0.1,,,,5.4,006212,,,https://media-cdn.incrowdsports.com/e5194a57-89d3-4bf8-acc2-5cb0cb5f7562.png,,LIE,,https://media-cdn.incrowdsports.com/dc1684fc-b1ad-494f-a7ed-54f5998fcb36.png,,0.0,,,,,,37,EuroCup,14.0,13.954761904761906,5.0,2.0,0.1,1.6,1.1,"VASILIAUSKAS, GRANTAS",25.0,LKB,Lietkabelis Panevezys ,0.0,,
38,,10.0,,,0.9,1.4,62.1%,1.7,4.5,37.2%,0.1,0.1,66.7%,0.6,2.4,,1.0,0.1,0.6,0.1,,,,5.4,011980,,,https://media-cdn.incrowdsports.com/69669779-e9ea-4f12-81ab-42009fa4aa81.png,,VBC,,https://media-cdn.incrowdsports.com/efd12730-f2ea-4830-9caa-7f2f676079c2.png,,0.0,,,,,,38,EuroCup,21.0,18.263492063492063,6.8,3.0,0.1,2.2,0.6,"SESTINA, NATHAN",27.0,PAM,Valencia Basket,0.0,,
39,,13.0,,,1.3,2.6,48.9%,1.0,2.4,41.5%,1.2,1.6,74.1%,0.5,1.1,,1.1,1.1,0.8,0.1,,,,5.4,011256,,,https://media-cdn.incrowdsports.com/541666bd-c515-4ed8-b17f-b4154f0423ce.png,,HAM,,https://media-cdn.incrowdsports.com/5ef8be01-ad71-42c2-aa02-d5c7a9495258.png,,0.0,,,,,,39,EuroCup,17.0,18.707843137254905,6.8,1.5,0.4,2.4,1.6,"RICH, OSARO",26.0,HAM,Hamburg Towers,0.0,,
40,,10.0,,,1.7,3.1,54.5%,1.6,4.1,38.4%,0.9,1.0,94.4%,0.6,1.1,,2.3,0.5,1.6,0.1,,,,5.7,006245,,,https://media-cdn.incrowdsports.com/beec5fc0-efc7-4bd6-8c84-52d0fca75bd7.png,,ULM,,https://media-cdn.incrowdsports.com/497dc717-214d-4c03-8c67-0c4870278aa0.png,,0.0,,,,,,40,EuroCup,18.0,20.173148148148147,8.9,1.7,0.3,3.3,1.3,"WEIDEMANN, NELSON",25.0,ULM,ratiopharm Ulm,0.0,,
41,,6.0,,,1.1,2.1,53.1%,1.4,5.1,27.6%,0.6,1.1,52.9%,0.5,1.9,,1.9,1.5,0.9,0.4,,,,5.7,013253,,,https://media-cdn.incrowdsports.com/1e549869-bbf3-4c51-bf17-d6106974bfcf.png,,ARI,,https://media-cdn.incrowdsports.com/dffbb68c-00b9-4a19-9e07-d98189caa409.png,,0.0,,,,,,41,EuroCup,15.0,22.423333333333336,7.1,2.5,0.2,2.4,1.2,"HODGE, D MOI",26.0,ARI,Aris Thessaloniki,0.0,,
42,,6.0,,,0.9,1.9,48.6%,0.8,2.1,40.5%,0.9,1.2,72.7%,1.1,2.3,,0.9,0.4,0.9,0.2,,,,5.8,006997,,,https://media-cdn.incrowdsports.com/a758bb1b-7972-4b08-b875-5e86872d5992.png,,ULM,,https://media-cdn.incrowdsports.com/497dc717-214d-4c03-8c67-0c4870278aa0.png,,0.0,,,,,,42,EuroCup,18.0,16.830555555555556,5.3,3.4,0.1,1.7,0.9,"HERKENHOFF, PHILIPP",25.0,ULM,ratiopharm Ulm,0.0,,
43,,17.0,,,2.1,5.0,41.1%,1.3,4.5,28.4%,1.5,1.8,81.8%,0.7,2.8,,1.8,0.8,2.2,0.1,,,,5.9,012019,,,https://media-cdn.incrowdsports.com/016a05db-05cb-4a1e-a2d3-c2c3123be20f.png,,SOP,,https://media-cdn.incrowdsports.com/9ef7b3dd-9f80-4639-964d-9db4dfe436ee.png,,0.0,,,,,,43,EuroCup,18.0,30.42962962962963,9.4,3.5,0.2,3.1,2.3,"BEST, AARON",32.0,TSO,Trefl Sopot,0.0,,
44,,4.0,,,1.1,1.8,61.9%,0.6,1.8,31.7%,1.2,1.7,71.1%,0.1,1.6,,2.2,0.8,0.7,0.0,,,,6.1,004846,,,https://media-cdn.incrowdsports.com/296b5eb1-7d95-42af-8c0d-d2b920407802.png,,HTA,,https://media-cdn.incrowdsports.com/cbb1c3ad-03d5-426a-b5ef-2832a4eee484.png,,0.0,,,,,,44,EuroCup,23.0,17.860869565217392,5.1,1.7,0.3,1.8,1.4,"TIMOR, BAR",32.0,HTA,Hapoel Tel Aviv,0.0,,
45,,6.0,,,2.2,4.9,44%,0.0,0.1,0%,0.5,0.9,60%,1.7,3.1,,1.2,1.6,1.2,0.1,,,,6.1,010461,,,https://media-cdn.incrowdsports.com/6d450c55-5011-47dc-9d80-38fbe26826f2.png,,LIE,,https://media-cdn.incrowdsports.com/dc1684fc-b1ad-494f-a7ed-54f5998fcb36.png,,0.0,,,,,,45,EuroCup,17.0,19.268627450980397,4.9,4.8,0.4,2.7,1.1,"MALDUNAS, GABRIELIUS",31.0,LKB,Lietkabelis Panevezys ,0.0,,
45,,11.0,,,2.2,3.9,56.7%,0.1,0.2,25%,0.9,1.4,66.7%,1.5,2.6,,0.6,0.5,1.2,0.1,,,,6.1,013279,,,https://media-cdn.incrowdsports.com/b1618585-024b-4f35-9840-dd2e665ac960.png,,JLM,,https://media-cdn.incrowdsports.com/8058e0c5-3042-45e1-9423-f93f33c54576.png,,0.0,,,,,,45,EuroCup,17.0,18.897058823529413,5.6,4.1,0.0,2.7,1.4,"CHACHASHVILI, GABRIEL",25.0,JER,Hapoel Jerusalem Basketball Club,0.0,,
47,,2.0,,,2.1,3.1,68%,0.0,0.1,0%,0.8,1.4,54.5%,1.3,2.8,,0.2,0.3,1.2,0.4,,,,6.1,013263,,,https://media-cdn.incrowdsports.com/6efa074c-b496-4a92-8a8b-be978cf5dcdf.png,,COL;JLM,,https://media-cdn.incrowdsports.com/73b33d13-570e-4e49-a9cb-fe806831eaa7.png;https://media-cdn.incrowdsports.com/8058e0c5-3042-45e1-9423-f93f33c54576.png,,0.0,,,,,,47,EuroCup,16.0,12.844791666666667,5.0,4.1,0.1,1.9,0.9,"OGBEIDE, DEREK",27.0,LJU;JER,KK Cedevita Olimpija;Hapoel Jerusalem Basketball Club,0.0,,
48,,14.0,,,1.0,1.9,55.3%,1.0,2.4,38.8%,0.8,1.0,75%,0.8,2.2,,1.2,0.9,0.8,0.3,,,,6.2,013300,,,https://media-cdn.incrowdsports.com/3d6ee03a-fabf-486f-9160-f744af18e2a5.png,,TTA,,https://media-cdn.incrowdsports.com/4ba35608-54ca-4800-a59c-f2571e6f8e13.png,,0.0,,,,,,48,EuroCup,20.0,22.99833333333333,5.7,3.0,0.0,2.4,1.0,"BESS, JAVON",28.0,TTK,Turk Telekom Ankara,0.0,,
49,,11.0,,,1.4,3.1,45.8%,0.9,3.1,28.8%,0.6,1.1,52.4%,0.3,1.6,,2.4,0.8,0.8,0.0,,,,6.2,005516,,,https://media-cdn.incrowdsports.com/f84eca86-4097-4692-800e-0480ec997309.png,,WLV,,https://media-cdn.incrowdsports.com/bab91c74-fc2e-4176-9db5-06f40e0e6759.png,,0.0,,,,,,49,EuroCup,19.0,22.196491228070176,6.1,1.9,0.1,1.5,1.7,"ZEMAITIS, KRISTUPAS",28.0,WOL,BC Wolves Vilnius,0.0,,
50,,6.0,,,0.4,1.7,25%,1.6,4.3,38.3%,1.9,2.3,84.4%,0.4,1.1,,3.1,0.6,2.4,0.0,,,,6.2,005404,,,https://media-cdn.incrowdsports.com/b447a9dc-e12c-41a9-b8ba-55175cb843a5.png,,URV,,https://media-cdn.incrowdsports.com/104f5074-9f23-47da-a21f-f2078db8244c.png,,0.0,,,,,,50,EuroCup,14.0,23.184523809523807,7.7,1.5,0.4,2.1,2.5,"MORETTI, DAVIDE",26.0,VNC,Umana Reyer Venice,0.0,,
51,,16.0,,,2.1,2.9,69.8%,0.8,2.4,34.9%,0.4,0.6,72.7%,1.3,2.0,,0.8,0.4,0.8,0.1,,,,6.4,010161,,,https://media-cdn.incrowdsports.com/73868142-0644-49fd-9022-34e569aef043.png,,CJB,,https://media-cdn.incrowdsports.com/4867b9ca-abc6-48fd-a47f-011904a74bf8.png,,0.0,,,,,,51,EuroCup,18.0,21.49074074074074,7.1,3.3,0.3,2.5,0.9,"KRAAG, YANNICK",22.0,JOV,Club Joventut Badalona,0.0,,
52,,9.0,,,1.6,3.4,48.1%,0.8,1.9,38.7%,0.6,1.0,56.2%,1.4,2.4,,0.9,0.8,1.2,0.8,,,,6.4,013291,,,https://media-cdn.incrowdsports.com/c284da52-5bbb-461f-bb26-d5efc9471a52.png,,ULM,,https://media-cdn.incrowdsports.com/497dc717-214d-4c03-8c67-0c4870278aa0.png,,0.0,,,,,,52,EuroCup,16.0,19.09270833333333,6.1,3.8,0.1,2.6,1.3,"ROBY , ISAIAH",26.0,ULM,ratiopharm Ulm,0.0,,
53,,7.0,,,1.2,2.3,52.9%,0.5,1.3,40%,0.8,1.3,63.2%,0.7,1.1,,2.8,0.5,1.7,0.1,,,,6.5,010750,,,https://media-cdn.incrowdsports.com/23ea1ad3-e859-42ed-827b-b250fff01f2e.png,,VBC,,https://media-cdn.incrowdsports.com/efd12730-f2ea-4830-9caa-7f2f676079c2.png,,0.0,,,,,,53,EuroCup,15.0,12.823333333333332,4.8,1.9,0.1,1.6,2.1,"DE LARREA, SERGIO",19.0,PAM,Valencia Basket,0.0,,
54,,13.0,,,1.9,3.4,55.3%,1.0,2.8,35.9%,1.4,2.1,65.5%,0.9,1.3,,1.8,0.6,1.4,0.1,,,,6.5,006546,,,https://media-cdn.incrowdsports.com/10410890-e74a-4866-9d92-997cd1821ed9.png,,WLV,,https://media-cdn.incrowdsports.com/bab91c74-fc2e-4176-9db5-06f40e0e6759.png,,0.0,,,,,,54,EuroCup,14.0,22.90595238095238,8.1,2.1,0.3,2.9,2.4,"TAYLOR, JEFFERY",35.0,WOL,BC Wolves Vilnius,0.0,,
55,,3.0,,,0.7,1.5,47.8%,1.0,3.4,29.4%,1.3,1.7,76.9%,0.7,2.1,,1.2,1.1,1.1,0.1,,,,6.5,LXI,,,https://media-cdn.incrowdsports.com/f2d4935b-49b7-4e79-a103-97ffdcbc008c.png,,LIE,,https://media-cdn.incrowdsports.com/dc1684fc-b1ad-494f-a7ed-54f5998fcb36.png,,0.0,,,,,,55,EuroCup,15.0,21.40888888888889,5.8,2.8,0.1,2.3,2.6,"LIPKEVICIUS, VYTENIS",35.0,LKB,Lietkabelis Panevezys ,0.0,,
56,,7.0,,,1.8,2.7,66.7%,0.2,0.8,25%,1.1,1.4,75.9%,1.2,1.7,,1.4,0.4,1.0,0.4,,,,6.6,005714,,,https://media-cdn.incrowdsports.com/9eb76962-b79d-41b9-afaf-f173cfaf22cf.png,,UBT,,https://media-cdn.incrowdsports.com/ae3e2844-0615-41bb-a788-a4f0d54b8d5e.png,,0.0,,,,,,56,EuroCup,20.0,17.267500000000002,5.3,2.8,0.2,2.2,1.5,"MEJERIS, MAREKS",33.0,CLU,U-BT Cluj-Napoca,0.0,,
57,,1.0,,,0.9,1.8,50%,1.9,4.2,46.7%,0.3,0.3,100%,0.9,1.6,,0.9,0.6,0.8,0.0,,,,6.7,007914,,,https://media-cdn.incrowdsports.com/b00538d4-0cdb-4699-b74d-1cc0188a6a8c.png,,BJK,,https://media-cdn.incrowdsports.com/791d8d03-da9c-4243-8342-ed6937f54762.png,,0.0,,,,,,57,EuroCup,18.0,19.366666666666667,7.9,2.5,0.2,2.3,1.3,"ARSLAN, YIGIT",28.0,BES,Besiktas Istanbul,0.0,,
58,,18.0,,,1.9,4.1,45.9%,1.0,2.4,42.1%,1.4,1.6,86.8%,0.6,1.7,,1.7,0.4,1.1,0.0,,,,6.8,012095,,,https://media-cdn.incrowdsports.com/ce8554e2-ab1f-4620-8c43-9941d3888f3d.png,,DGC,,https://media-cdn.incrowdsports.com/a074edc1-e180-4515-a876-447884b570b1.png,,0.0,,,,,,58,EuroCup,24.0,20.89027777777778,8.1,2.3,0.3,2.5,1.9,"THOMASSON, JOE",31.0,CAN,Club Baloncesto Gran Canaria,0.0,,
59,,2.0,,,1.9,3.0,64.9%,0.9,1.8,48.9%,0.2,0.4,54.5%,0.8,2.2,,0.7,0.6,0.7,0.2,,,,6.8,010452,,,https://media-cdn.incrowdsports.com/166cc1c2-7915-450d-91a5-973017aca976.png,,DGC,,https://media-cdn.incrowdsports.com/a074edc1-e180-4515-a876-447884b570b1.png,,0.0,,,,,,59,EuroCup,25.0,16.842,6.7,3.0,0.0,2.2,0.8,"PELOS, PIERRE",32.0,CAN,Club Baloncesto Gran Canaria,0.0,,
60,,10.0,,,1.0,1.8,55.2%,1.2,3.4,34.5%,0.8,1.5,50%,0.7,2.1,,2.3,1.2,1.8,0.2,,,,6.9,005099,,,https://media-cdn.incrowdsports.com/f9dd2a24-1b86-4538-aca2-c93136cf6f50.png,,CJB,,https://media-cdn.incrowdsports.com/4867b9ca-abc6-48fd-a47f-011904a74bf8.png,,0.0,,,,,,60,EuroCup,16.0,20.15520833333333,6.3,2.8,0.0,2.8,2.5,"HANGA, ADAM",35.0,JOV,Club Joventut Badalona,0.0,,
61,,2.0,,,1.1,1.7,64.3%,0.4,1.4,32.4%,1.4,1.8,81.8%,0.4,2.0,,1.0,0.5,0.8,0.1,,,,7.0,005005,,,https://media-cdn.incrowdsports.com/96ee413a-7d15-4fa6-a0c4-f36703950a4c.png,,DGC,,https://media-cdn.incrowdsports.com/a074edc1-e180-4515-a876-447884b570b1.png,,0.0,,,,,,61,EuroCup,25.0,14.459333333333332,4.9,2.4,0.2,1.0,1.8,"SALVO, MIQUEL",30.0,CAN,Club Baloncesto Gran Canaria,0.0,,
62,,2.0,,,1.6,2.6,61%,0.5,2.2,22.2%,0.9,0.9,93.3%,0.1,2.0,,3.1,0.8,1.8,0.1,,,,7.0,010623,,,https://media-cdn.incrowdsports.com/690b8b9b-425d-4da6-b6d9-122eaec0e330.png,,DGC,,https://media-cdn.incrowdsports.com/a074edc1-e180-4515-a876-447884b570b1.png,,0.0,,,,,,62,EuroCup,16.0,16.330208333333335,5.5,2.1,0.1,1.4,1.5,"ALOCEN, CARLOS",24.0,CAN,Club Baloncesto Gran Canaria,0.0,,
63,,15.0,,,1.5,2.8,51.9%,1.8,5.8,30.6%,1.4,1.9,75%,0.7,1.8,,2.7,0.6,2.0,0.1,,,,7.1,008945,,,https://media-cdn.incrowdsports.com/e9e97a76-0cd0-4bbf-94a9-2d7dc062877b.png,,BJK,,https://media-cdn.incrowdsports.com/791d8d03-da9c-4243-8342-ed6937f54762.png,,0.0,,,,,,63,EuroCup,19.0,23.87280701754386,9.7,2.5,0.2,2.7,2.2,"NEEDHAM, DEREK",34.0,BES,Besiktas Istanbul,0.0,,
64,,20.0,,,1.1,1.9,57.8%,0.8,2.6,30.2%,1.0,1.5,68.6%,0.5,2.8,,1.6,1.2,0.6,0.3,,,,7.1,013284,,,https://media-cdn.incrowdsports.com/95385d0a-bcda-4bda-939c-ece3505ca5a1.png,,HTA,,https://media-cdn.incrowdsports.com/cbb1c3ad-03d5-426a-b5ef-2832a4eee484.png,,0.0,,,,,,64,EuroCup,24.0,22.98611111111111,5.5,3.4,0.1,2.8,1.7,"WAINRIGHT, ISHMAIL CARZELL",30.0,HTA,Hapoel Tel Aviv,0.0,,
65,,12.0,,,2.6,4.2,62%,0.2,0.9,23.5%,1.3,2.1,61.5%,1.3,1.9,,0.5,0.6,1.1,0.1,,,,7.2,005637,,,https://media-cdn.incrowdsports.com/46654867-6084-4b19-8ac5-6fd3fad5e989.png,,BUD,,https://media-cdn.incrowdsports.com/47161285-94b3-4266-9d23-b722e8600945.png,,0.0,,,,,,65,EuroCup,19.0,19.93771929824561,7.1,3.2,0.2,1.8,1.9,"TANASKOVIC, NIKOLA",27.0,BUD,KK Buducnost,0.0,,
66,,8.0,,,2.9,4.0,72.1%,0.3,1.6,18.5%,0.9,2.0,47.1%,1.5,1.7,,0.3,0.4,1.2,1.2,,,,7.2,012738,,,https://media-cdn.incrowdsports.com/d830be60-d495-4a84-9a40-70ca084e6014.png,,VBC,,https://media-cdn.incrowdsports.com/efd12730-f2ea-4830-9caa-7f2f676079c2.png,,0.0,,,,,,66,EuroCup,17.0,14.46470588235294,7.6,3.2,0.2,2.6,2.0,"REUVERS, NATHAN",26.0,PAM,Valencia Basket,0.0,,
67,,4.0,,,1.6,3.1,51.7%,0.7,1.5,46.4%,0.6,0.6,100%,0.7,1.5,,3.2,0.9,1.2,0.1,,,,7.3,003783,,,https://media-cdn.incrowdsports.com/6c9de9cd-ad08-4927-8bee-80dcb2334828.png,,BJK,,https://media-cdn.incrowdsports.com/791d8d03-da9c-4243-8342-ed6937f54762.png,,0.0,,,,,,67,EuroCup,19.0,20.542105263157897,5.8,2.2,0.2,2.3,1.1,"UGURLU, BERK",28.0,BES,Besiktas Istanbul,0.0,,
68,,12.0,,,2.4,4.3,56.4%,1.4,4.6,30.5%,1.2,1.4,80.8%,1.3,2.2,,0.5,0.8,1.5,0.6,,,,7.3,013312,,,https://media-cdn.incrowdsports.com/c15fe714-7ff7-40df-8db3-72ad244adabf.png,,HAM,,https://media-cdn.incrowdsports.com/5ef8be01-ad71-42c2-aa02-d5c7a9495258.png,,0.0,,,,,,68,EuroCup,18.0,23.48703703703704,10.2,3.5,0.3,2.4,1.2,"BARNETT, JORDAN",29.0,HAM,Hamburg Towers,0.0,,
69,,9.0,,,1.6,2.7,58.7%,0.9,2.0,44.1%,1.8,2.2,81.6%,1.6,1.6,,0.9,0.4,1.4,0.4,,,,7.4,013289,,,https://media-cdn.incrowdsports.com/e8e3e967-910e-48a0-8519-9406206b6754.png,,ULM,,https://media-cdn.incrowdsports.com/497dc717-214d-4c03-8c67-0c4870278aa0.png,,0.0,,,,,,69,EuroCup,17.0,14.49705882352941,7.6,3.2,0.3,3.5,2.6,"SANTOS, MARCIO",22.0,ULM,ratiopharm Ulm,0.0,,
70,,4.0,,,0.6,1.4,44.4%,1.3,2.8,45.3%,1.4,1.8,79.4%,0.4,2.5,,1.7,1.2,0.7,0.2,,,,7.5,010431,,,https://media-cdn.incrowdsports.com/c8fc13bd-b8b9-4241-a0b1-c843b4813d3e.png,,JLM,,https://media-cdn.incrowdsports.com/8058e0c5-3042-45e1-9423-f93f33c54576.png,,0.0,,,,,,70,EuroCup,19.0,20.516666666666666,6.5,2.8,0.2,3.1,1.7,"MORGAN, JEREMY",29.0,JER,Hapoel Jerusalem Basketball Club,0.0,,
71,,0.0,,,1.8,3.4,51.7%,0.0,0.2,0%,1.1,2.1,52.8%,2.0,2.4,,0.8,0.2,0.6,0.2,,,,7.5,004222,,,https://media-cdn.incrowdsports.com/9cd9219a-31f4-4e18-974a-512a9d9f1b47.png,,BUD,,https://media-cdn.incrowdsports.com/47161285-94b3-4266-9d23-b722e8600945.png,,0.0,,,,,,71,EuroCup,17.0,14.270588235294117,4.6,4.4,0.2,1.4,2.4,"OMIC, ALEN",32.0,BUD,KK Buducnost,0.0,,
72,,0.0,,,1.0,1.9,51.4%,2.4,5.1,46.4%,2.3,2.5,93.6%,0.1,0.9,,0.4,0.4,1.1,0.0,,,,7.6,012630,,,https://media-cdn.incrowdsports.com/9c004a66-384a-42d2-8264-ee95f35e1c83.png,,BUD,,https://media-cdn.incrowdsports.com/47161285-94b3-4266-9d23-b722e8600945.png,,0.0,,,,,,72,EuroCup,19.0,17.746491228070177,11.4,1.0,0.2,2.3,1.7,"MAGEE, FLETCHER",28.0,BUD,KK Buducnost,0.0,,
73,,12.0,,,1.3,2.3,58.1%,0.5,2.3,23.3%,1.1,1.6,67.7%,0.6,2.4,,2.7,0.8,0.9,0.3,,,,7.7,013305,,,https://media-cdn.incrowdsports.com/b4bb0338-1e76-44cb-b7cc-0c8cc996266e.png,,URV,,https://media-cdn.incrowdsports.com/104f5074-9f23-47da-a21f-f2078db8244c.png,,0.0,,,,,,73,EuroCup,19.0,23.010526315789477,5.3,3.0,0.1,1.8,1.5,"WHEATLE, CARL",26.0,VNC,Umana Reyer Venice,0.0,,
74,,6.0,,,1.1,2.1,53.2%,1.4,3.9,36.5%,1.1,1.5,70.6%,0.9,2.1,,0.8,0.5,0.5,0.3,,,,7.8,006643,,,https://media-cdn.incrowdsports.com/5c0cc065-9d15-40de-ab9e-6237b25c2584.png,,VBC,,https://media-cdn.incrowdsports.com/efd12730-f2ea-4830-9caa-7f2f676079c2.png,,0.0,,,,,,74,EuroCup,22.0,18.01742424242424,7.6,3.0,0.5,1.0,1.5,"PUERTO, JOSEP",25.0,PAM,Valencia Basket,0.0,,
75,,7.0,,,2.0,4.2,47.8%,0.9,2.4,38.5%,1.1,1.9,60%,0.6,3.1,,1.4,0.4,1.6,0.1,,,,7.9,011928,,,https://media-cdn.incrowdsports.com/90929047-a06a-4908-b66f-3992ebdd5a6c.png,,URV,,https://media-cdn.incrowdsports.com/104f5074-9f23-47da-a21f-f2078db8244c.png,,0.0,,,,,,75,EuroCup,16.0,20.383333333333333,7.9,3.8,0.2,2.2,2.8,"SIMMS, AAMIR",25.0,VNC,Umana Reyer Venice,0.0,,
76,,18.0,,,0.9,2.4,40%,1.3,4.5,29.4%,1.4,1.9,72.2%,0.3,2.3,,4.6,0.7,1.6,0.0,,,,7.9,010587,,,https://media-cdn.incrowdsports.com/e96eefbb-b8c9-4ff7-a408-9e405b047c0a.png,,JLM;TTA,,https://media-cdn.incrowdsports.com/8058e0c5-3042-45e1-9423-f93f33c54576.png;https://media-cdn.incrowdsports.com/4ba35608-54ca-4800-a59c-f2571e6f8e13.png,,0.0,,,,,,76,EuroCup,19.0,25.14210526315789,7.2,2.6,0.3,2.3,2.0,"SMITH, KENNETH",31.0,JER;TTK,Hapoel Jerusalem Basketball Club;Turk Telekom Ankara,0.0,,
76,,1.0,,,2.1,3.4,60.9%,0.3,1.6,19.4%,0.6,0.8,75%,0.4,1.6,,4.0,1.0,1.1,0.0,,,,7.9,005181,,,https://media-cdn.incrowdsports.com/9cf9c59b-3c77-4f81-9145-6ed5959bc10c.png,,HTA,,https://media-cdn.incrowdsports.com/cbb1c3ad-03d5-426a-b5ef-2832a4eee484.png,,0.0,,,,,,76,EuroCup,19.0,16.42105263157895,5.7,2.0,0.3,1.7,1.2,"RAGLAND, JOE",35.0,HTA,Hapoel Tel Aviv,0.0,,
78,,11.0,,,0.4,0.8,53.3%,2.2,6.0,37.5%,1.2,1.4,85.2%,0.6,1.4,,1.6,0.8,0.7,0.0,,,,7.9,002820,,,https://media-cdn.incrowdsports.com/032f8e78-4120-4166-9d3d-96ef557e5859.png,,UBT,,https://media-cdn.incrowdsports.com/ae3e2844-0615-41bb-a788-a4f0d54b8d5e.png,,0.0,,,,,,78,EuroCup,20.0,22.105,8.7,2.0,0.2,2.0,2.0,"SALIN, SASU",33.0,CLU,U-BT Cluj-Napoca,0.0,,
79,,6.0,,,1.8,4.0,45.7%,0.8,3.1,25.8%,2.4,2.8,89.1%,0.2,2.4,,2.8,0.4,1.9,0.2,,,,8.0,006598,,,https://media-cdn.incrowdsports.com/6c9331a0-bfbe-49bb-92e4-81eb189b2732.png,,TTA,,https://media-cdn.incrowdsports.com/4ba35608-54ca-4800-a59c-f2571e6f8e13.png,,0.0,,,,,,79,EuroCup,20.0,20.004166666666663,8.6,2.6,0.2,2.5,2.9,"HANLAN, OLIVIER",31.0,TTK,Turk Telekom Ankara,0.0,,
80,,0.0,,,3.1,5.7,54.9%,0.0,0.1,0%,1.8,2.4,76.7%,1.9,1.8,,0.4,0.6,1.2,1.1,,,,8.0,009552,,,https://media-cdn.incrowdsports.com/8ce31aa1-2030-4127-b7a9-e46d0465aa1f.png,,JLB,,https://media-cdn.incrowdsports.com/d4225e1b-7c1b-4382-98d4-ca8511c64441.png,,0.0,,,,,,80,EuroCup,18.0,16.766666666666666,8.1,3.7,0.2,2.9,1.7,"PANSA, JEAN-MARC",27.0,BOU,JL Bourg,0.0,,
81,,9.0,,,1.8,3.9,46.5%,0.9,2.9,30.8%,0.8,1.1,75%,1.9,2.3,,0.7,0.8,0.4,0.2,,,,8.1,013264,,,https://media-cdn.incrowdsports.com/074e9981-ed91-42c8-a002-c13c3b3f001a.png,,JLB,,https://media-cdn.incrowdsports.com/d4225e1b-7c1b-4382-98d4-ca8511c64441.png,,0.0,,,,,,81,EuroCup,18.0,18.51481481481481,7.2,4.2,0.2,1.0,1.1,"NELSON, ADRIAN",25.0,BOU,JL Bourg,0.0,,
82,,4.0,,,2.1,3.6,59%,0.7,1.8,39%,1.1,1.5,71.4%,0.9,2.8,,0.7,0.7,0.9,0.7,,,,8.2,012096,,,https://media-cdn.incrowdsports.com/3d66cd91-5c2b-4aee-aa8a-11c071be7ce3.png,,HTA,,https://media-cdn.incrowdsports.com/cbb1c3ad-03d5-426a-b5ef-2832a4eee484.png,,0.0,,,,,,82,EuroCup,23.0,17.328260869565216,7.4,3.7,0.1,2.7,1.6,"CABOCLO, BRUNO",29.0,HTA,Hapoel Tel Aviv,0.0,,
83,,14.0,,,1.9,3.1,62.1%,0.0,0.0,0%,0.8,1.6,53.3%,2.0,3.3,,0.2,0.4,0.5,1.1,,,,8.3,012996,,,https://media-cdn.incrowdsports.com/e0cec8cf-f184-4f1e-9016-4f9b66a044bd.png,,COL,,https://media-cdn.incrowdsports.com/73b33d13-570e-4e49-a9cb-fe806831eaa7.png,,0.0,,,,,,83,EuroCup,19.0,17.742105263157896,4.6,5.3,0.1,2.1,1.2,"BERINGER, JOAN",18.0,LJU,KK Cedevita Olimpija,0.0,,
84,,6.0,,,1.2,2.6,46.7%,1.1,2.6,40.9%,0.9,1.0,88.2%,0.7,3.4,,1.8,0.5,1.1,0.2,,,,8.3,006853,,,https://media-cdn.incrowdsports.com/992a88f0-aeb7-4a06-bb0d-e974a5df36cc.png,,WLV,,https://media-cdn.incrowdsports.com/bab91c74-fc2e-4176-9db5-06f40e0e6759.png,,0.0,,,,,,84,EuroCup,17.0,18.751960784313727,6.5,4.1,0.2,1.4,0.8,"JOGELA, MATAS",26.0,WOL,BC Wolves Vilnius,0.0,,
85,,13.0,,,1.9,4.5,43.2%,1.3,3.6,35.9%,2.7,3.4,78.7%,0.9,2.3,,0.8,0.2,0.6,0.0,,,,8.3,013295,,,https://media-cdn.incrowdsports.com/a88719d8-f216-434f-a4bf-ac40c34891b3.png,,SOP,,https://media-cdn.incrowdsports.com/9ef7b3dd-9f80-4639-964d-9db4dfe436ee.png,,0.0,,,,,,85,EuroCup,18.0,25.04629629629629,10.4,3.3,0.3,2.1,2.2,"ZYSKOWSKI, JAROSLAW",32.0,TSO,Trefl Sopot,0.0,,
86,,23.0,,,0.7,1.7,42.5%,1.0,4.1,24.5%,1.8,2.3,79.2%,0.3,1.3,,3.6,1.8,2.3,0.0,,,,8.3,003425,,,https://media-cdn.incrowdsports.com/7d12b702-a1a1-45d7-8257-225fbada577d.png,,DGC,,https://media-cdn.incrowdsports.com/a074edc1-e180-4515-a876-447884b570b1.png,,0.0,,,,,,86,EuroCup,23.0,24.55579710144928,6.3,1.6,0.0,1.3,3.2,"ALBICY, ANDREW",34.0,CAN,Club Baloncesto Gran Canaria,0.0,,
87,,8.0,,,2.3,4.3,53.4%,0.2,0.7,33.3%,1.4,2.2,63.2%,1.5,3.5,,1.8,0.6,2.2,0.2,,,,8.5,012687,,,https://media-cdn.incrowdsports.com/39f43662-e79b-4cf0-849c-944d007b08e2.png,,TRE,,https://media-cdn.incrowdsports.com/00c5cc07-732c-43c3-9d6e-5440594a25f8.png,,0.0,,,,,,87,EuroCup,17.0,18.569607843137256,6.7,5.1,0.4,2.3,2.4,"NIANG, SALIOU",20.0,TRN,Dolomiti Energia Trento,0.0,,
88,,23.0,,,1.7,2.8,61.5%,1.0,3.2,32.4%,1.0,1.1,84.6%,1.3,2.0,,1.1,0.8,0.7,0.0,,,,8.5,006588,,,https://media-cdn.incrowdsports.com/3585d55e-72d0-478b-adb2-92ea4a3429fb.png,,DGC,,https://media-cdn.incrowdsports.com/a074edc1-e180-4515-a876-447884b570b1.png,,0.0,,,,,,88,EuroCup,23.0,21.796376811594204,7.6,3.3,0.0,1.8,1.5,"SHURNA, JOHN",34.0,CAN,Club Baloncesto Gran Canaria,0.0,,
89,,13.0,,,2.3,3.9,60.3%,0.9,2.8,33.3%,1.8,2.3,77.1%,1.3,1.5,,1.5,1.1,1.9,0.5,,,,8.6,011797,,,https://media-cdn.incrowdsports.com/374362fb-7f20-4f6a-b455-a40ffe8b5cf3.png,,UBT,,https://media-cdn.incrowdsports.com/ae3e2844-0615-41bb-a788-a4f0d54b8d5e.png,,0.0,,,,,,89,EuroCup,15.0,23.938888888888886,9.3,2.8,0.1,2.8,2.3,"GUZMAN, KAREL",29.0,CLU,U-BT Cluj-Napoca,0.0,,
90,,12.0,,,2.4,5.5,44.3%,0.3,2.4,13.2%,2.1,2.8,77.3%,0.5,3.1,,4.4,0.9,2.7,0.2,,,,8.6,012593,,,https://media-cdn.incrowdsports.com/1f3530cb-b118-43b4-a664-bfd6a21aad0a.png,,TRE,,https://media-cdn.incrowdsports.com/00c5cc07-732c-43c3-9d6e-5440594a25f8.png,,0.0,,,,,,90,EuroCup,16.0,25.34375,7.9,3.6,0.6,2.2,2.8,"ELLIS, QUINN",21.0,TRN,Dolomiti Energia Trento,0.0,,
91,,18.0,,,2.6,5.1,51.6%,0.0,0.0,0%,2.2,2.8,78%,2.0,2.6,,0.5,1.1,0.9,0.3,,,,8.8,011837,,,https://media-cdn.incrowdsports.com/d305f17c-3f2e-4892-a160-7043779ce8f0.png,,JLB,,https://media-cdn.incrowdsports.com/d4225e1b-7c1b-4382-98d4-ca8511c64441.png,,0.0,,,,,,91,EuroCup,18.0,19.02685185185185,7.4,4.6,0.5,3.7,3.2,"KOKILA, KEVIN",23.0,BOU,JL Bourg,0.0,,
91,,18.0,,,2.9,5.3,54.2%,1.2,3.9,31.4%,1.3,1.4,92%,0.7,2.1,,1.5,0.8,1.3,0.2,,,,8.8,013269,,,https://media-cdn.incrowdsports.com/1bf30f55-b73c-4030-8ff3-55446a0f861e.png,,TRE,,https://media-cdn.incrowdsports.com/00c5cc07-732c-43c3-9d6e-5440594a25f8.png,,0.0,,,,,,91,EuroCup,18.0,25.07592592592593,10.7,2.8,0.4,2.5,2.2,"CALE, MYLES",25.0,TRN,Dolomiti Energia Trento,0.0,,
93,,8.0,,,1.9,3.6,53.2%,1.2,2.9,42.9%,1.8,2.3,79.5%,0.3,1.5,,2.9,0.9,2.4,0.3,,,,8.9,009898,,,https://media-cdn.incrowdsports.com/b2a30d7b-80ac-45e5-8eb9-251c47d7e7ed.png,,LIE,,https://media-cdn.incrowdsports.com/dc1684fc-b1ad-494f-a7ed-54f5998fcb36.png,,0.0,,,,,,93,EuroCup,17.0,20.951960784313727,9.4,1.8,0.2,2.8,2.7,"BICKAUSKIS, DOVIS",31.0,LKB,Lietkabelis Panevezys ,0.0,,
94,,11.0,,,1.7,3.2,52.4%,1.1,3.1,35%,1.0,1.4,72.2%,0.8,1.9,,2.5,0.9,1.3,0.0,,,,8.9,011821,,,https://media-cdn.incrowdsports.com/ff5e8a3e-8f27-4137-80fb-56c0735d78d2.png,,BKS,,https://media-cdn.incrowdsports.com/1d3274d8-da86-4d21-9e97-6810ab88babe.png,,0.0,,,,,,94,EuroCup,13.0,23.18846153846154,7.6,2.7,0.2,1.9,2.5,"MASSINBURG, CJ",27.0,BAH,Bahcesehir Koleji Istanbul,0.0,,
95,,1.0,,,1.1,2.5,45.2%,2.4,5.6,42.1%,2.1,2.4,87.5%,0.7,1.2,,1.8,0.6,1.4,0.0,,,,8.9,012077,,,https://media-cdn.incrowdsports.com/2c989d9f-f81f-4970-9030-6f9cac12f551.png,,ULM,,https://media-cdn.incrowdsports.com/497dc717-214d-4c03-8c67-0c4870278aa0.png,,0.0,,,,,,95,EuroCup,17.0,20.01078431372549,11.4,1.9,0.5,1.6,1.7,"PLUMMER, ALFONSO",27.0,ULM,ratiopharm Ulm,0.0,,
96,,5.0,,,3.1,4.5,67.4%,0.1,0.4,25%,1.0,1.3,76%,1.6,2.8,,0.7,0.3,1.2,0.6,,,,8.9,012789,,,https://media-cdn.incrowdsports.com/ba9693fa-dcb8-45dd-8572-d23bc6d675f6.png,,WLV,,https://media-cdn.incrowdsports.com/bab91c74-fc2e-4176-9db5-06f40e0e6759.png,,0.0,,,,,,96,EuroCup,19.0,21.23508771929825,7.4,4.4,0.2,2.3,1.2,"BROOKS, GARRISON",25.0,WOL,BC Wolves Vilnius,0.0,,
97,,5.0,,,1.4,2.1,68.4%,0.4,1.5,25.9%,0.7,0.9,70.6%,0.4,1.7,,5.1,1.2,1.3,0.0,,,,9.1,004863,,,https://media-cdn.incrowdsports.com/c4ac0a9d-d109-4e57-8835-43c67f1f2e62.png,,VBC,,https://media-cdn.incrowdsports.com/efd12730-f2ea-4830-9caa-7f2f676079c2.png,,0.0,,,,,,97,EuroCup,18.0,15.475925925925926,4.7,2.1,0.1,1.9,1.3,"JOVIC, STEFAN",34.0,PAM,Valencia Basket,0.0,,
98,,7.0,,,2.8,3.8,72.1%,0.0,0.0,0%,1.1,1.8,60.7%,1.7,2.9,,1.4,1.0,1.6,0.4,,,,9.1,010652,,,https://media-cdn.incrowdsports.com/59385d87-4f80-4d20-b578-a618e611ea02.png,,BJK,,https://media-cdn.incrowdsports.com/791d8d03-da9c-4243-8342-ed6937f54762.png,,0.0,,,,,,98,EuroCup,16.0,19.259375,6.6,4.6,0.2,3.1,1.6,"TERRY, EMANUEL",28.0,BES,Besiktas Istanbul,0.0,,
99,,9.0,,,2.5,5.4,45.7%,1.7,3.4,49%,1.3,1.8,74.1%,0.7,1.8,,1.1,1.1,0.9,0.0,,,,9.1,013255,,,https://media-cdn.incrowdsports.com/9e946783-609a-4e7f-a2b1-f19a134e26c5.png,,BJK,,https://media-cdn.incrowdsports.com/791d8d03-da9c-4243-8342-ed6937f54762.png,,0.0,,,,,,99,EuroCup,15.0,24.157777777777778,11.3,2.5,0.2,2.4,1.7,"MARTIN, KELAN",29.0,BES,Besiktas Istanbul,0.0,,
100,,6.0,,,2.5,3.6,69.2%,0.0,0.0,0%,1.3,2.1,62.2%,2.7,2.5,,0.4,0.5,1.1,0.9,,,,9.1,013252,,,https://media-cdn.incrowdsports.com/d20a72a8-3b62-40fb-abd1-4bbecadd13fa.png,,ARI,,https://media-cdn.incrowdsports.com/dffbb68c-00b9-4a19-9e07-d98189caa409.png,,0.0,,,,,,100,EuroCup,18.0,17.212037037037035,6.3,5.2,0.2,2.7,1.7,"ROBERTS, JOSHUA",25.0,ARI,Aris Thessaloniki,0.0,,
101,,2.0,,,2.0,3.5,57.6%,1.1,3.2,32.7%,1.7,2.0,85.3%,1.3,3.2,,1.4,0.6,1.0,0.4,,,,9.1,009680,,,https://media-cdn.incrowdsports.com/30e38f7a-559e-40ed-aeb0-3b1ba846b57d.png,,BJK,,https://media-cdn.incrowdsports.com/791d8d03-da9c-4243-8342-ed6937f54762.png,,0.0,,,,,,101,EuroCup,17.0,18.822549019607845,8.9,4.5,0.2,3.2,1.7,"MORGAN, CONOR",30.0,BES,Besiktas Istanbul,0.0,,
102,,13.0,,,2.9,4.4,66.1%,0.0,0.0,0%,0.8,2.1,36.7%,1.9,3.2,,0.5,0.7,1.4,1.3,,,,9.3,013271,,,https://media-cdn.incrowdsports.com/a0d914dd-b3b6-4489-a257-333f7549074b.png,,TRE,,https://media-cdn.incrowdsports.com/00c5cc07-732c-43c3-9d6e-5440594a25f8.png,,0.0,,,,,,102,EuroCup,14.0,22.629761904761903,6.6,5.1,0.1,3.0,2.4,"MAWUGBE, SELOM",26.0,TRN,Dolomiti Energia Trento,0.0,,
103,,18.0,,,2.6,5.1,50.5%,1.2,3.7,32.8%,2.1,2.8,76%,0.5,2.9,,1.1,1.1,1.2,0.1,,,,9.4,013265,,,https://media-cdn.incrowdsports.com/6d1aa535-f66f-4044-8fff-b13ac926df21.png,,JLB,,https://media-cdn.incrowdsports.com/d4225e1b-7c1b-4382-98d4-ca8511c64441.png,,0.0,,,,,,103,EuroCup,18.0,23.88611111111111,10.9,3.4,0.2,2.4,2.3,"USHER, JORDAN",26.0,BOU,JL Bourg,0.0,,
104,,6.0,,,2.2,5.0,44%,2.5,8.2,30.1%,1.9,2.2,84.8%,0.5,1.5,,2.5,1.0,2.6,0.1,,,,9.4,004292,,,https://media-cdn.incrowdsports.com/463d6ebf-adb6-47f9-a277-fadc8e5769f9.png,,ARI,,https://media-cdn.incrowdsports.com/dffbb68c-00b9-4a19-9e07-d98189caa409.png,,0.0,,,,,,104,EuroCup,15.0,24.5,13.7,2.0,0.6,2.3,4.5,"TOLIOPOULOS, VASSILIS",28.0,ARI,Aris Thessaloniki,0.0,,
105,,14.0,,,1.3,3.6,36.2%,2.1,5.0,42.7%,2.3,2.8,82.3%,1.3,2.3,,0.5,0.4,1.2,0.2,,,,9.5,011982,,,https://media-cdn.incrowdsports.com/2578af9b-c461-4517-a65f-de6ca1388bf4.png,,VBC,,https://media-cdn.incrowdsports.com/efd12730-f2ea-4830-9caa-7f2f676079c2.png,,0.0,,,,,,105,EuroCup,22.0,20.37954545454545,11.4,3.5,0.7,1.1,2.1,"OJELEYE, SEMI",30.0,PAM,Valencia Basket,0.0,,
106,,5.0,,,2.5,4.8,51.3%,1.5,4.8,30.4%,2.6,3.3,79.7%,0.5,1.4,,2.2,0.1,1.7,0.2,,,,9.6,011251,,,https://media-cdn.incrowdsports.com/1bd73f16-1599-430f-9dc3-8f1d5635e6c7.png,,DGC,,https://media-cdn.incrowdsports.com/a074edc1-e180-4515-a876-447884b570b1.png,,0.0,,,,,,106,EuroCup,24.0,19.865277777777777,11.9,1.9,0.2,1.8,3.3,"HOMESLEY, CALEB",28.0,CAN,Club Baloncesto Gran Canaria,0.0,,
107,,15.0,,,1.6,3.2,51.6%,2.0,4.6,45.1%,1.6,1.8,94.3%,0.4,1.4,,1.8,0.5,1.8,0.1,,,,9.6,004862,,,https://media-cdn.incrowdsports.com/a4943465-7938-45eb-b555-48c67d662df0.png,,UBT,,https://media-cdn.incrowdsports.com/ae3e2844-0615-41bb-a788-a4f0d54b8d5e.png,,0.0,,,,,,107,EuroCup,20.0,23.125,11.1,1.8,0.2,1.7,2.2,"SEELEY, DENNIS",35.0,CLU,U-BT Cluj-Napoca,0.0,,
108,,0.0,,,2.9,6.1,46.9%,1.3,4.8,27.6%,2.0,2.8,71.1%,0.4,3.1,,4.2,0.8,2.6,0.0,,,,9.7,013309,,,https://media-cdn.incrowdsports.com/a90c6860-1db9-4e79-aecd-20c7ec2de79b.png,,HAM,,https://media-cdn.incrowdsports.com/5ef8be01-ad71-42c2-aa02-d5c7a9495258.png,,0.0,,,,,,108,EuroCup,16.0,21.605208333333334,11.7,3.5,1.1,2.5,3.2,"LOTTIE, JAIZEC",26.0,HAM,Hamburg Towers,0.0,,
109,,11.0,,,1.8,2.7,64.8%,1.6,4.2,39.8%,1.1,1.3,84.6%,0.7,1.4,,2.8,0.5,1.2,0.1,,,,9.7,007527,,,https://media-cdn.incrowdsports.com/a0c0a3a9-e333-489a-b342-935648b3d9fc.png,,VBC,,https://media-cdn.incrowdsports.com/efd12730-f2ea-4830-9caa-7f2f676079c2.png,,0.0,,,,,,109,EuroCup,20.0,20.144166666666667,9.6,2.0,0.5,1.8,1.9,"BADIO, BRANCOU",25.0,PAM,Valencia Basket,0.0,,
110,,19.0,,,3.6,6.8,53.3%,0.3,1.9,15.8%,1.4,2.2,64.4%,1.4,3.1,,1.6,1.6,1.4,0.4,,,,9.8,012700,,,https://media-cdn.incrowdsports.com/a9091bd3-a97a-40b5-a899-c6b6e3e48f6d.png,,COL,,https://media-cdn.incrowdsports.com/73b33d13-570e-4e49-a9cb-fe806831eaa7.png,,0.0,,,,,,110,EuroCup,20.0,24.74833333333333,9.6,4.6,0.4,2.6,2.1,"STEWART, DJ",25.0,LJU,KK Cedevita Olimpija,0.0,,
111,,5.0,,,1.2,2.9,39.6%,1.4,4.3,33.8%,4.4,4.8,93%,0.4,1.4,,3.9,0.7,2.9,0.1,,,,9.9,013298,,,https://media-cdn.incrowdsports.com/94fc994f-935a-429d-96cc-cb1313e3226c.png,,SOP,,https://media-cdn.incrowdsports.com/9ef7b3dd-9f80-4639-964d-9db4dfe436ee.png,,0.0,,,,,,111,EuroCup,18.0,23.496296296296297,11.1,1.8,0.3,3.8,4.2,"SCHENK, JAKUB",30.0,TSO,Trefl Sopot,0.0,,
112,,1.0,,,2.0,3.7,55.8%,0.6,2.0,31%,2.3,2.7,86%,1.2,2.5,,1.0,0.9,0.8,0.3,,,,9.9,012711,,,https://media-cdn.incrowdsports.com/b5895662-8f6a-4350-893d-8cc0116a7823.png,,BKS,,https://media-cdn.incrowdsports.com/1d3274d8-da86-4d21-9e97-6810ab88babe.png,,0.0,,,,,,112,EuroCup,21.0,17.81984126984127,8.3,3.8,0.3,2.0,2.1,"SIMONOVIC, MARKO",25.0,BAH,Bahcesehir Koleji Istanbul,0.0,,
113,,13.0,,,2.1,2.9,71.4%,0.6,2.3,25.6%,1.2,1.5,82.1%,2.2,3.7,,0.9,0.9,0.5,0.2,,,,10.1,013277,,,https://media-cdn.incrowdsports.com/ede1defd-72b8-49c3-8680-29e9dd282f75.png,,JLM,,https://media-cdn.incrowdsports.com/8058e0c5-3042-45e1-9423-f93f33c54576.png,,0.0,,,,,,113,EuroCup,19.0,22.78245614035088,7.2,5.9,0.3,3.1,1.6,"JOHNSON, CHRIS",34.0,JER,Hapoel Jerusalem Basketball Club,0.0,,
114,,8.0,,,2.7,5.4,49.4%,0.6,2.4,25%,4.2,6.1,69.2%,0.5,2.5,,1.7,0.6,1.9,0.1,,,,10.1,006586,,,https://media-cdn.incrowdsports.com/a330a4e3-0f8b-47d3-bc15-9ea84b25f341.png,,LIE,,https://media-cdn.incrowdsports.com/dc1684fc-b1ad-494f-a7ed-54f5998fcb36.png,,0.0,,,,,,114,EuroCup,15.0,22.33555555555556,11.3,3.1,0.2,2.9,4.7,"KALAITZAKIS, GEORGIOS",25.0,LKB,Lietkabelis Panevezys ,0.0,,
115,,23.0,,,1.3,2.9,46.4%,1.8,4.9,35.9%,1.4,1.8,79.1%,0.6,3.2,,2.8,0.8,1.7,0.4,,,,10.3,008121,,,https://media-cdn.incrowdsports.com/aba56008-559a-461e-b5a5-2edd7a1415a5.png,,DGC,,https://media-cdn.incrowdsports.com/a074edc1-e180-4515-a876-447884b570b1.png,,0.0,,,,,,115,EuroCup,24.0,26.999305555555555,9.3,3.8,0.2,2.0,2.2,"BRUSSINO, NICOLAS",31.0,CAN,Club Baloncesto Gran Canaria,0.0,,
116,,1.0,,,3.2,4.6,69%,0.0,0.0,0%,1.5,2.2,69.1%,1.5,2.6,,1.1,0.3,1.2,0.5,,,,10.4,012016,,,https://media-cdn.incrowdsports.com/411c98e4-6d6e-4c5b-bf3f-619ab920b651.png,,DGC,,https://media-cdn.incrowdsports.com/a074edc1-e180-4515-a876-447884b570b1.png,,0.0,,,,,,116,EuroCup,25.0,16.505333333333333,7.9,4.1,0.3,2.4,2.4,"CONDITT IV, GEORGE",24.0,CAN,Club Baloncesto Gran Canaria,0.0,,
117,,5.0,,,2.7,4.4,60.6%,0.0,0.0,0%,1.8,3.1,57.1%,1.8,2.6,,3.1,0.5,1.5,0.1,,,,10.4,005113,,,https://media-cdn.incrowdsports.com/cbda2bd9-5ebc-409c-a47e-2acf455b8a38.png,,LIE;COL,,https://media-cdn.incrowdsports.com/dc1684fc-b1ad-494f-a7ed-54f5998fcb36.png;https://media-cdn.incrowdsports.com/73b33d13-570e-4e49-a9cb-fe806831eaa7.png,,0.0,,,,,,117,EuroCup,16.0,19.160416666666663,7.1,4.3,0.1,3.7,3.6,"STIPANOVIC, ANDRIJA",38.0,LKB;LJU,Lietkabelis Panevezys ;KK Cedevita Olimpija,0.0,,
118,,16.0,,,1.4,3.3,44.1%,1.6,4.2,36.8%,2.3,3.0,75.9%,1.1,2.7,,1.9,1.7,1.3,0.3,,,,10.5,006625,,,https://media-cdn.incrowdsports.com/db31839e-5e4a-4af1-bdfa-5dd0188962ee.png,,JLM,,https://media-cdn.incrowdsports.com/8058e0c5-3042-45e1-9423-f93f33c54576.png,,0.0,,,,,,118,EuroCup,18.0,27.223148148148148,9.8,3.8,0.3,2.3,2.1,"ZOOSMAN, YOVEL",26.0,JER,Hapoel Jerusalem Basketball Club,0.0,,
119,,10.0,,,2.3,5.0,45.7%,0.6,2.1,28.9%,3.2,4.5,70.5%,0.4,1.9,,3.0,1.4,1.2,0.0,,,,10.5,011201,,,https://media-cdn.incrowdsports.com/966c7564-e933-42de-b49f-c81f65b20e88.png,,BKS,,https://media-cdn.incrowdsports.com/1d3274d8-da86-4d21-9e97-6810ab88babe.png,,0.0,,,,,,119,EuroCup,21.0,23.17460317460317,9.6,2.2,0.3,1.9,3.2,"HAZER, SEHMUS",25.0,BAH,Bahcesehir Koleji Istanbul,0.0,,
120,,11.0,,,1.5,3.2,46.7%,1.1,3.6,30.4%,3.2,4.2,76.2%,0.3,3.2,,1.0,0.8,1.3,0.0,,,,10.5,003452,,,https://media-cdn.incrowdsports.com/9ef061f7-37f1-418a-abcd-c2859609b6ee.png,,COL,,https://media-cdn.incrowdsports.com/73b33d13-570e-4e49-a9cb-fe806831eaa7.png,,0.0,,,,,,120,EuroCup,19.0,21.49298245614035,9.5,3.5,0.3,1.1,3.6,"BLAZIC, JAKA",34.0,LJU,KK Cedevita Olimpija,0.0,,
121,,19.0,,,2.9,4.5,65.4%,0.7,2.4,28.1%,1.1,1.6,68.4%,1.3,3.5,,1.4,0.7,1.0,0.1,,,,10.6,010550,,,https://media-cdn.incrowdsports.com/4ee7d2fa-8299-4522-be3e-cab3009c2a1f.png,,HTA,,https://media-cdn.incrowdsports.com/cbb1c3ad-03d5-426a-b5ef-2832a4eee484.png,,0.0,,,,,,121,EuroCup,24.0,23.615277777777777,8.9,4.8,0.4,2.1,1.9,"GINAT, TOMER",30.0,HTA,Hapoel Tel Aviv,0.0,,
122,,11.0,,,2.5,3.8,64.6%,0.5,1.2,38.1%,0.9,1.2,71.4%,1.5,2.4,,3.6,1.6,2.3,0.2,,,,10.6,006904,,,https://media-cdn.incrowdsports.com/a1e6e5a3-6fbe-417b-a2d5-9ed6516af396.png,,JLB,,https://media-cdn.incrowdsports.com/d4225e1b-7c1b-4382-98d4-ca8511c64441.png,,0.0,,,,,,122,EuroCup,17.0,19.707843137254905,7.2,3.9,0.2,2.4,1.4,"AYAYI, JOEL",24.0,BOU,JL Bourg,0.0,,
123,,14.0,,,3.2,6.4,50%,0.7,2.1,32.4%,2.3,2.5,92.5%,1.6,4.1,,1.4,0.9,2.1,0.4,,,,10.6,011909,,,https://media-cdn.incrowdsports.com/449befd0-a2a1-47e9-a7df-86c170244f6a.png,,URV,,https://media-cdn.incrowdsports.com/104f5074-9f23-47da-a21f-f2078db8244c.png,,0.0,,,,,,123,EuroCup,16.0,25.13020833333333,10.8,5.8,0.3,3.2,1.9,"PARKS, JORDAN",30.0,VNC,Umana Reyer Venice,0.0,,
124,,13.0,,,2.8,4.3,64.3%,0.3,1.6,19%,2.7,3.7,72.9%,0.9,2.9,,2.1,1.0,2.2,0.0,,,,10.7,005422,,,https://media-cdn.incrowdsports.com/477f9093-9b89-427c-8c45-6a7650eff69e.png,,ULM,,https://media-cdn.incrowdsports.com/497dc717-214d-4c03-8c67-0c4870278aa0.png,,0.0,,,,,,124,EuroCup,13.0,27.515384615384612,9.2,3.8,0.5,2.5,3.6,"JALLOW, KARIM",27.0,ULM,ratiopharm Ulm,0.0,,
125,,17.0,,,2.5,4.3,58%,1.1,2.6,40%,2.2,2.8,77.8%,1.8,1.7,,1.1,1.8,1.1,0.1,,,,10.9,011927,,,https://media-cdn.incrowdsports.com/bb20c519-092d-48d8-a591-0f54264afbfd.png,,BJK,,https://media-cdn.incrowdsports.com/791d8d03-da9c-4243-8342-ed6937f54762.png,,0.0,,,,,,125,EuroCup,19.0,23.2280701754386,10.3,3.5,0.3,3.8,3.4,"SLEVA, DUSTIN",29.0,BES,Besiktas Istanbul,0.0,,
126,,10.0,,,2.2,3.7,60.4%,1.5,5.3,27.5%,3.1,3.8,80%,0.6,1.9,,1.6,1.3,1.5,0.3,,,,10.9,009299,,,https://media-cdn.incrowdsports.com/6e494d22-5464-434f-9d73-1ecddb81e0d1.png,,LIE,,https://media-cdn.incrowdsports.com/dc1684fc-b1ad-494f-a7ed-54f5998fcb36.png,,0.0,,,,,,126,EuroCup,13.0,25.24871794871795,11.9,2.5,0.4,3.2,4.4,"RUBSTAVICIUS, MANTAS",22.0,LKB,Lietkabelis Panevezys ,0.0,,
127,,6.0,,,2.4,4.2,57%,1.5,3.9,37.3%,2.8,3.3,85.5%,1.1,3.1,,1.2,0.3,1.3,0.4,,,,10.9,012577,,,https://media-cdn.incrowdsports.com/808d1e7c-37ed-4ac5-bd8e-8a1d948d56b6.png,,WLV,,https://media-cdn.incrowdsports.com/bab91c74-fc2e-4176-9db5-06f40e0e6759.png,,0.0,,,,,,127,EuroCup,19.0,21.879824561403503,11.9,4.2,0.4,3.2,2.4,"THURMAN, TRE'SHAWN",29.0,WOL,BC Wolves Vilnius,0.0,,
128,,17.0,,,1.3,2.4,54.2%,1.5,4.5,33.3%,2.8,3.3,86.4%,0.2,1.6,,3.7,0.8,2.0,0.0,,,,11.0,003703,,,https://media-cdn.incrowdsports.com/316b0e87-df4b-4681-a331-d65952c65fe9.png,,COL,,https://media-cdn.incrowdsports.com/73b33d13-570e-4e49-a9cb-fe806831eaa7.png,,0.0,,,,,,128,EuroCup,20.0,24.1325,10.0,1.8,0.0,3.1,4.3,"NIKOLIC, ALEKSEJ",29.0,LJU,KK Cedevita Olimpija,0.0,,
129,,10.0,,,4.2,8.8,48.2%,0.6,2.8,22.2%,2.4,3.1,78%,0.6,1.6,,4.6,1.3,2.5,0.1,,,,11.0,011437,,,https://media-cdn.incrowdsports.com/bd981878-2c8f-42fe-bf2d-23d72dc06774.png,,ULM,,https://media-cdn.incrowdsports.com/497dc717-214d-4c03-8c67-0c4870278aa0.png,,0.0,,,,,,129,EuroCup,16.0,24.417708333333334,12.8,2.2,0.6,2.3,2.9,"SARAF, BEN",18.0,ULM,ratiopharm Ulm,0.0,,
130,,16.0,,,3.4,5.2,65.3%,1.9,4.5,42.6%,1.1,1.7,63.4%,0.8,1.9,,1.5,0.3,1.5,0.1,,,,11.0,010386,,,https://media-cdn.incrowdsports.com/109bd6d0-cc37-4e4e-9fc4-6be18d520003.png,,HTA,,https://media-cdn.incrowdsports.com/cbb1c3ad-03d5-426a-b5ef-2832a4eee484.png,,0.0,,,,,,130,EuroCup,24.0,24.047916666666666,13.6,2.8,0.5,2.0,1.7,"FOSTER, MARCUS",29.0,HTA,Hapoel Tel Aviv,0.0,,
131,,4.0,,,2.4,4.1,57.1%,1.7,4.1,41.4%,1.9,2.1,88.9%,0.4,1.3,,3.1,0.4,1.6,0.1,,,,11.3,012740,,,https://media-cdn.incrowdsports.com/5aa7f467-8fe2-45db-97e5-2fbff4d3a1b9.png,,CJB,,https://media-cdn.incrowdsports.com/4867b9ca-abc6-48fd-a47f-011904a74bf8.png,,0.0,,,,,,131,EuroCup,17.0,22.67843137254902,11.7,1.7,0.3,1.9,2.5,"ROBERTSON, KASSIUS",30.0,JOV,Club Joventut Badalona,0.0,,
132,,9.0,,,2.9,6.3,46.9%,0.7,2.4,29.5%,2.1,2.4,84.1%,0.5,2.4,,4.3,0.8,2.0,0.2,,,,11.3,012606,,,https://media-cdn.incrowdsports.com/c1c17c4f-deb7-44c1-8593-ed9af8d5cdb9.png,,BUD,,https://media-cdn.incrowdsports.com/47161285-94b3-4266-9d23-b722e8600945.png,,0.0,,,,,,132,EuroCup,18.0,21.635185185185183,10.1,2.9,0.3,2.3,3.0,"WRIGHT IV, MCKINLEY",26.0,BUD,KK Buducnost,0.0,,
133,,14.0,,,3.8,5.3,70.8%,0.0,0.0,0%,2.0,2.6,76.6%,1.3,3.3,,1.0,0.6,1.7,0.3,,,,11.4,008186,,,https://media-cdn.incrowdsports.com/e3c0623a-0b8a-4f1b-8f01-cb70c9a64873.png,,WLV,,https://media-cdn.incrowdsports.com/bab91c74-fc2e-4176-9db5-06f40e0e6759.png,,0.0,,,,,,133,EuroCup,18.0,18.67685185185185,9.6,4.6,0.3,3.1,2.6,"BLAZEVIC, MAREK",23.0,WOL,BC Wolves Vilnius,0.0,,
134,,7.0,,,3.7,5.8,62.9%,0.0,0.1,0%,2.5,3.1,81.8%,1.2,2.6,,0.3,0.3,1.8,1.2,,,,11.4,004834,,,https://media-cdn.incrowdsports.com/6af02b42-60cf-4293-b7d4-2c92b7c5b4dd.png,,CJB,,https://media-cdn.incrowdsports.com/4867b9ca-abc6-48fd-a47f-011904a74bf8.png,,0.0,,,,,,134,EuroCup,18.0,19.041666666666668,9.8,3.8,0.1,3.1,3.7,"PUSTOVYI, ARTEM",32.0,JOV,Club Joventut Badalona,0.0,,
135,,3.0,,,2.6,5.4,48.6%,1.0,2.0,50%,2.1,2.6,80.8%,0.6,1.9,,3.8,1.4,2.4,0.0,,,,11.6,013260,,,https://media-cdn.incrowdsports.com/cb585bf7-0d29-43e6-bd42-8cf2564551a2.png,,COL,,https://media-cdn.incrowdsports.com/73b33d13-570e-4e49-a9cb-fe806831eaa7.png,,0.0,,,,,,135,EuroCup,20.0,19.69333333333333,10.3,2.4,0.7,1.8,2.9,"JONES, DEVANTE",26.0,LJU,KK Cedevita Olimpija,0.0,,
136,,4.0,,,2.6,4.5,58.6%,0.8,2.2,35.7%,1.9,2.6,73.5%,1.5,3.5,,1.0,0.7,1.5,0.7,,,,11.6,013297,,,https://media-cdn.incrowdsports.com/235e74ae-efa4-4912-9f11-4ce3612e1da8.png,,SOP,,https://media-cdn.incrowdsports.com/9ef7b3dd-9f80-4639-964d-9db4dfe436ee.png,,0.0,,,,,,136,EuroCup,13.0,20.81410256410256,9.5,5.0,0.6,1.6,2.4,"WEATHERS, MARCUS",27.0,TSO,Trefl Sopot,0.0,,
137,,0.0,,,1.8,3.2,55.8%,0.8,1.9,41.9%,2.1,3.1,68%,0.7,3.1,,2.2,0.9,1.7,0.2,,,,11.6,004172,,,https://media-cdn.incrowdsports.com/ff57c5a3-cbb1-4453-947e-8e843f9faea1.png,,BKS,,https://media-cdn.incrowdsports.com/1d3274d8-da86-4d21-9e97-6810ab88babe.png,,0.0,,,,,,137,EuroCup,16.0,20.469791666666666,8.2,3.8,0.0,2.7,4.2,"PONITKA, MATEUSZ",31.0,BAH,Bahcesehir Koleji Istanbul,0.0,,
138,,15.0,,,2.4,4.9,49.5%,0.7,2.2,34.1%,3.6,5.1,70.1%,0.5,2.2,,3.4,0.7,2.3,0.3,,,,11.6,011924,,,https://media-cdn.incrowdsports.com/8509537c-0e40-451b-b6c8-0d7ed53c05df.png,,BJK,,https://media-cdn.incrowdsports.com/791d8d03-da9c-4243-8342-ed6937f54762.png,,0.0,,,,,,138,EuroCup,19.0,22.96315789473684,10.6,2.7,0.4,2.6,4.6,"ALLMAN, KYLE",27.0,BES,Besiktas Istanbul,0.0,,
139,,9.0,,,2.9,5.3,53.8%,1.5,5.1,28.9%,2.4,3.1,78.3%,0.6,1.6,,4.7,0.9,1.7,0.1,,,,11.7,013247,,,https://media-cdn.incrowdsports.com/4d20a195-1785-40cc-b3ca-7b839c372c90.png,,LIE,,https://media-cdn.incrowdsports.com/dc1684fc-b1ad-494f-a7ed-54f5998fcb36.png,,0.0,,,,,,139,EuroCup,15.0,25.561111111111117,12.5,2.2,0.5,3.3,3.5,"KOVLIAR, OLEKSANDR",22.0,LKB,Lietkabelis Panevezys ,0.0,,
140,,13.0,,,1.8,3.9,47.3%,0.7,3.2,23.3%,2.3,3.3,69.4%,1.1,3.6,,3.5,1.6,2.4,0.2,,,,11.7,009649,,,https://media-cdn.incrowdsports.com/f964e5b5-ced6-4b26-a638-e27d2eec3082.png,,SOP;JLM,,https://media-cdn.incrowdsports.com/9ef7b3dd-9f80-4639-964d-9db4dfe436ee.png;https://media-cdn.incrowdsports.com/8058e0c5-3042-45e1-9423-f93f33c54576.png,,0.0,,,,,,140,EuroCup,19.0,25.453508771929823,8.2,4.7,0.3,2.3,4.1,"PHILLIP, TARIK",31.0,TSO;JER,Trefl Sopot;Hapoel Jerusalem Basketball Club,0.0,,
141,,18.0,,,1.7,3.8,43.5%,1.9,5.8,33.7%,2.0,2.7,75%,0.8,2.2,,4.5,1.7,3.2,0.2,,,,11.7,013308,,,https://media-cdn.incrowdsports.com/b345f755-b6e2-4407-bf4f-d3b43200d1c3.png,,HAM,,https://media-cdn.incrowdsports.com/5ef8be01-ad71-42c2-aa02-d5c7a9495258.png,,0.0,,,,,,141,EuroCup,18.0,25.06851851851852,11.2,2.9,0.4,3.2,4.7,"IVEY, BRAE",28.0,HAM,Hamburg Towers,0.0,,
142,,0.0,,,2.9,5.4,54.1%,1.3,3.3,38.3%,2.2,2.9,75.5%,0.5,2.8,,2.3,0.7,1.8,0.7,,,,11.8,012698,,,https://media-cdn.incrowdsports.com/809d5e44-ef1b-4352-a2b5-df756bf849f9.png,,UBT,,https://media-cdn.incrowdsports.com/ae3e2844-0615-41bb-a788-a4f0d54b8d5e.png,,0.0,,,,,,142,EuroCup,18.0,23.87037037037037,11.9,3.3,0.6,2.9,3.3,"MOKOKA, ADAM",26.0,CLU,U-BT Cluj-Napoca,0.0,,
143,,13.0,,,2.9,4.8,59.8%,1.2,4.5,27.2%,2.3,2.6,89.4%,0.7,2.7,,1.6,0.7,0.9,0.2,,,,12.1,008052,,,https://media-cdn.incrowdsports.com/6d8afeb7-1750-4a0b-bf4c-69a4ad4fd655.png,,URV,,https://media-cdn.incrowdsports.com/104f5074-9f23-47da-a21f-f2078db8244c.png,,0.0,,,,,,143,EuroCup,18.0,21.20462962962963,11.8,3.4,0.3,1.2,2.3,"WILTJER, KYLE",32.0,VNC,Umana Reyer Venice,0.0,,
144,,13.0,,,3.9,7.4,53.2%,1.6,5.2,30.7%,2.8,3.8,73.4%,0.3,2.4,,2.4,0.9,2.0,0.1,,,,12.1,011936,,,https://media-cdn.incrowdsports.com/6e5002a2-5313-4940-bf0b-3f3ac7d7e44f.png,,BJK,,https://media-cdn.incrowdsports.com/791d8d03-da9c-4243-8342-ed6937f54762.png,,0.0,,,,,,144,EuroCup,17.0,26.17549019607843,15.4,2.6,0.1,2.2,3.1,"MATHEWS, JONAH",26.0,BES,Besiktas Istanbul,0.0,,
145,,7.0,,,2.3,2.9,79.1%,0.9,2.3,37.1%,2.1,3.1,69.6%,1.0,3.2,,1.8,1.1,1.7,0.7,,,,12.1,013256,,,https://media-cdn.incrowdsports.com/96517234-e117-4580-9fa7-2d019f630a19.png,,BUD,,https://media-cdn.incrowdsports.com/47161285-94b3-4266-9d23-b722e8600945.png,,0.0,,,,,,145,EuroCup,15.0,23.45,9.3,4.2,0.1,2.9,2.9,"MORGAN, JUWAN",27.0,BUD,KK Buducnost,0.0,,
146,,22.0,,,2.5,4.7,53.4%,1.7,4.0,43.2%,0.9,1.4,64.5%,1.0,3.7,,1.2,0.6,0.7,0.3,,,,12.2,003840,,,https://media-cdn.incrowdsports.com/64a65242-aff5-4094-b02f-c9c3eb154a8d.png,,BKS,,https://media-cdn.incrowdsports.com/1d3274d8-da86-4d21-9e97-6810ab88babe.png,,0.0,,,,,,146,EuroCup,22.0,27.41287878787879,11.1,4.8,0.2,1.6,1.6,"BOUTEILLE, AXEL",29.0,BAH,Bahcesehir Koleji Istanbul,0.0,,
147,,12.0,,,2.4,3.5,68.9%,0.6,1.0,61.9%,1.0,1.3,71.4%,1.5,4.3,,1.9,0.3,1.3,0.2,,,,12.2,010393,,,https://media-cdn.incrowdsports.com/9c8c8d4f-31d8-4c05-bf26-60334b55cf5d.png,,VBC,,https://media-cdn.incrowdsports.com/efd12730-f2ea-4830-9caa-7f2f676079c2.png,,0.0,,,,,,147,EuroCup,21.0,21.034920634920635,7.7,5.8,0.1,2.0,1.6,"PRADILLA, JAIME",23.0,PAM,Valencia Basket,0.0,,
148,,18.0,,,3.2,5.9,54.2%,1.5,5.7,26.5%,2.7,3.5,77.8%,0.8,3.2,,2.6,0.9,3.1,0.3,,,,12.2,013272,,,https://media-cdn.incrowdsports.com/2f927a8b-0dcb-4018-86ad-6c6c0b7c1bc4.png,,TRE,,https://media-cdn.incrowdsports.com/00c5cc07-732c-43c3-9d6e-5440594a25f8.png,,0.0,,,,,,148,EuroCup,18.0,26.641666666666666,13.7,3.9,0.5,2.4,4.4,"LAMB, ANTHONY",26.0,TRN,Dolomiti Energia Trento,0.0,,
149,,6.0,,,2.6,4.2,62.5%,1.8,5.0,36.5%,2.6,3.3,78.6%,0.3,2.5,,0.9,0.4,1.5,0.4,,,,12.2,013402,,,https://media-cdn.cortextech.io/fb4c7a65-6933-4bf9-b2ba-e60c65f8ae0e.png,,HTA,,https://media-cdn.incrowdsports.com/cbb1c3ad-03d5-426a-b5ef-2832a4eee484.png,,0.0,,,,,,149,EuroCup,17.0,20.04019607843137,13.4,2.8,0.3,1.3,3.0,"BLAKENEY, ANTONIO",28.0,HTA,Hapoel Tel Aviv,0.0,,
150,,2.0,,,1.7,3.8,44.4%,1.8,5.5,33.7%,4.7,5.5,86.5%,0.2,2.2,,2.7,0.7,2.0,0.0,,,,12.3,011248,,,https://media-cdn.incrowdsports.com/43792c0f-d229-4b7d-bc7c-ab407eab5f77.png,,WLV,,https://media-cdn.incrowdsports.com/bab91c74-fc2e-4176-9db5-06f40e0e6759.png,,0.0,,,,,,150,EuroCup,19.0,25.306140350877197,13.6,2.4,0.3,2.9,4.5,"ANDREWS, ANDREW",31.0,WOL,BC Wolves Vilnius,0.0,,
151,,11.0,,,2.4,3.5,68.4%,1.5,3.5,43.6%,1.0,1.5,65.6%,1.3,3.0,,1.0,1.0,0.7,0.5,,,,12.3,010444,,,https://media-cdn.incrowdsports.com/cca68c8b-f1c3-4502-bb2f-f84e76c4a6ee.png,,VBC,,https://media-cdn.incrowdsports.com/efd12730-f2ea-4830-9caa-7f2f676079c2.png,,0.0,,,,,,151,EuroCup,22.0,18.456060606060607,10.3,4.3,0.2,1.9,1.5,"COSTELLO, MATTHEW",31.0,PAM,Valencia Basket,0.0,,
152,,19.0,,,2.8,5.4,52.4%,1.9,6.4,30.6%,1.8,2.5,72.3%,0.4,3.4,,3.1,0.9,1.4,0.0,,,,12.3,011150,,,https://media-cdn.incrowdsports.com/14132571-dae3-45d3-ac2b-789b9ce262e2.png,,BUD,,https://media-cdn.incrowdsports.com/47161285-94b3-4266-9d23-b722e8600945.png,,0.0,,,,,,152,EuroCup,19.0,28.74298245614035,13.3,3.8,0.2,2.5,2.9,"SULAIMON, RASHEED",30.0,BUD,KK Buducnost,0.0,,
153,,24.0,,,3.1,5.2,60.5%,0.6,1.4,40%,1.3,1.6,84.6%,1.7,3.9,,1.4,0.3,0.6,0.6,,,,12.4,008966,,,https://media-cdn.incrowdsports.com/d7471c9c-c1f2-4ca9-88a6-3c3ddccc597a.png,,DGC,,https://media-cdn.incrowdsports.com/a074edc1-e180-4515-a876-447884b570b1.png,,0.0,,,,,,153,EuroCup,25.0,20.768666666666668,9.2,5.6,0.2,2.5,1.8,"TOBEY, MIKE",30.0,CAN,Club Baloncesto Gran Canaria,0.0,,
153,,20.0,,,4.4,7.2,61.4%,0.0,0.0,0%,1.0,1.8,52.8%,2.2,4.3,,1.0,0.6,1.8,0.6,,,,12.4,013304,,,https://media-cdn.incrowdsports.com/19e957cb-0639-49a0-9550-0811f8517b1c.png,,UBT,,https://media-cdn.incrowdsports.com/ae3e2844-0615-41bb-a788-a4f0d54b8d5e.png,,0.0,,,,,,153,EuroCup,20.0,21.4825,9.8,6.4,0.4,2.6,2.2,"HANKINS, ZACH",28.0,CLU,U-BT Cluj-Napoca,0.0,,
155,,14.0,,,2.1,3.5,58.7%,1.6,4.7,32.9%,2.9,3.4,83.9%,0.3,2.3,,2.6,1.2,1.1,0.3,,,,12.4,005521,,,https://media-cdn.incrowdsports.com/f965073c-9966-4358-8884-7c06d880cfdd.png,,LIE,,https://media-cdn.incrowdsports.com/dc1684fc-b1ad-494f-a7ed-54f5998fcb36.png,,0.0,,,,,,155,EuroCup,18.0,26.078703703703702,11.7,2.6,0.1,2.4,2.8,"VARNAS, MARTYNAS",27.0,LKB,Lietkabelis Panevezys ,0.0,,
156,,12.0,,,3.4,6.2,56.1%,0.6,2.0,31.7%,2.4,2.8,84.2%,1.6,3.4,,0.9,0.4,2.0,1.6,,,,12.4,011935,,,https://media-cdn.incrowdsports.com/339d1169-e99e-4cfa-bcf3-b217af9b91bb.png,,TTA,,https://media-cdn.incrowdsports.com/4ba35608-54ca-4800-a59c-f2571e6f8e13.png,,0.0,,,,,,156,EuroCup,20.0,22.6475,11.2,4.9,0.2,2.8,2.8,"MAKOUNDOU, YOAN",24.0,TTK,Turk Telekom Ankara,0.0,,
157,,6.0,,,3.0,5.3,56.7%,0.6,1.8,32.3%,1.0,1.4,73.9%,0.8,1.6,,5.3,1.2,1.6,0.1,,,,12.5,010449,,,https://media-cdn.incrowdsports.com/092c8d48-2cd4-46c3-9173-4f45f8048c3f.png,,JLB,,https://media-cdn.incrowdsports.com/d4225e1b-7c1b-4382-98d4-ca8511c64441.png,,0.0,,,,,,157,EuroCup,17.0,21.85686274509804,8.8,2.5,0.2,1.5,1.8,"BENITEZ, HUGO",23.0,BOU,JL Bourg,0.0,,
158,,6.0,,,2.8,4.7,59.2%,1.1,3.1,36.2%,1.6,1.9,85.7%,0.4,2.2,,4.5,0.9,2.4,0.1,,,,12.6,010568,,,https://media-cdn.incrowdsports.com/7cbec5f6-7aa3-49d1-8db1-7dc304a70c37.png,,VBC,,https://media-cdn.incrowdsports.com/efd12730-f2ea-4830-9caa-7f2f676079c2.png,,0.0,,,,,,158,EuroCup,15.0,19.57888888888889,10.6,2.6,0.3,2.2,3.0,"JONES, CHRIS",31.0,PAM,Valencia Basket,0.0,,
159,,9.0,,,2.6,4.9,52.8%,1.1,2.8,40%,2.5,3.1,80.4%,1.2,3.1,,1.0,0.7,1.2,0.2,,,,12.6,004525,,,https://media-cdn.incrowdsports.com/3966cdb9-3fd6-4944-a9c9-cd50ffdfcf1b.png,,JLB,,https://media-cdn.incrowdsports.com/d4225e1b-7c1b-4382-98d4-ca8511c64441.png,,0.0,,,,,,159,EuroCup,18.0,22.90277777777778,11.1,4.3,0.6,1.6,3.3,"SALASH, MAKSIM",28.0,BOU,JL Bourg,0.0,,
160,,17.0,,,2.1,5.8,35.7%,1.7,4.6,37.2%,4.2,5.6,75.8%,0.2,1.3,,3.8,1.1,2.3,0.0,,,,12.6,013266,,,https://media-cdn.incrowdsports.com/6493fe4c-ce48-4d65-b9cd-fdf35df60a7b.png,,JLB,,https://media-cdn.incrowdsports.com/d4225e1b-7c1b-4382-98d4-ca8511c64441.png,,0.0,,,,,,160,EuroCup,17.0,25.662745098039213,13.5,1.5,0.5,2.7,6.3,"CASTANEDA, XAVIER",24.0,BOU,JL Bourg,0.0,,
161,,21.0,,,2.0,3.9,50%,1.2,2.7,44.1%,2.0,2.5,81.5%,1.6,4.3,,1.1,0.5,0.7,0.2,,,,12.7,009601,,,https://media-cdn.incrowdsports.com/ff548afd-fec5-46b4-b6ce-3944a5342d1e.png,,BKS,,https://media-cdn.incrowdsports.com/1d3274d8-da86-4d21-9e97-6810ab88babe.png,,0.0,,,,,,161,EuroCup,22.0,26.70378787878788,9.5,6.0,0.1,2.3,2.5,"CAVANAUGH, TYLER",30.0,BAH,Bahcesehir Koleji Istanbul,0.0,,
162,,8.0,,,3.6,7.6,46.7%,1.8,5.5,33%,3.4,4.5,76.4%,0.7,1.9,,2.1,1.1,1.9,0.0,,,,12.9,008912,,,https://media-cdn.incrowdsports.com/930d25f3-8331-498b-99c0-6834697765c4.png,,JLM,,https://media-cdn.incrowdsports.com/8058e0c5-3042-45e1-9423-f93f33c54576.png,,0.0,,,,,,162,EuroCup,16.0,26.269791666666663,16.0,2.6,0.6,1.3,3.8,"CARRINGTON, KHADEEN",29.0,JER,Hapoel Jerusalem Basketball Club,0.0,,
163,,8.0,,,4.9,7.3,66.4%,0.0,0.0,0%,1.2,3.1,38.3%,2.3,2.9,,1.6,0.9,1.1,0.7,,,,13.3,013296,,,https://media-cdn.incrowdsports.com/bc3c08a4-f8a4-4ace-8da3-f447b4434558.png,,SOP,,https://media-cdn.incrowdsports.com/9ef7b3dd-9f80-4639-964d-9db4dfe436ee.png,,0.0,,,,,,163,EuroCup,15.0,20.99222222222222,10.9,5.2,0.3,3.1,2.9,"GROSELLE, GEOFFREY",31.0,TSO,Trefl Sopot,0.0,,
164,,20.0,,,2.4,5.1,46%,1.8,5.2,34.8%,2.2,2.3,96%,0.5,2.2,,5.5,1.1,2.0,0.1,,,,13.3,011192,,,https://media-cdn.incrowdsports.com/c1119885-59a1-4514-88da-dfc9b33b3ebc.png,,BKS,,https://media-cdn.incrowdsports.com/1d3274d8-da86-4d21-9e97-6810ab88babe.png,,0.0,,,,,,164,EuroCup,22.0,28.31212121212121,12.4,2.7,0.2,2.7,2.6,"SMITH, JALEEN",30.0,BAH,Bahcesehir Koleji Istanbul,0.0,,
165,,9.0,,,2.3,4.5,50.8%,1.8,5.0,35.7%,4.4,5.0,88.6%,0.7,1.9,,1.8,1.0,1.6,0.0,,,,13.4,013261,,,https://media-cdn.incrowdsports.com/ba15f7c4-dbe1-45be-be70-60abfff52da9.png,,COL,,https://media-cdn.incrowdsports.com/73b33d13-570e-4e49-a9cb-fe806831eaa7.png,,0.0,,,,,,165,EuroCup,14.0,24.258333333333333,14.4,2.6,0.6,2.3,4.1,"LEMAR, BRYNTON",29.0,LJU,KK Cedevita Olimpija,0.0,,
166,,10.0,,,2.7,4.6,57.8%,1.7,4.8,36%,1.9,2.2,89.7%,0.3,2.2,,3.7,0.7,1.4,0.0,,,,13.6,011281,,,https://media-cdn.incrowdsports.com/79848719-23d6-45a2-9968-0e3ac8502b64.png,,BUD,,https://media-cdn.incrowdsports.com/47161285-94b3-4266-9d23-b722e8600945.png,,0.0,,,,,,166,EuroCup,18.0,24.397222222222226,12.4,2.4,0.2,1.9,3.1,"FERRELL, YOGI",31.0,BUD,KK Buducnost,0.0,,
167,,13.0,,,1.7,3.5,49%,1.7,4.9,35.3%,2.1,2.2,96.8%,0.7,3.5,,4.6,1.4,1.9,0.4,,,,13.7,001927,,,https://media-cdn.incrowdsports.com/a3e7f9e7-684d-4c5b-9afd-ce01ba8f190c.png,,HTA,,https://media-cdn.incrowdsports.com/cbb1c3ad-03d5-426a-b5ef-2832a4eee484.png,,0.0,,,,,,167,EuroCup,14.0,24.35119047619048,10.7,4.2,0.5,2.8,2.6,"BEVERLEY, PATRICK",36.0,HTA,Hapoel Tel Aviv,0.0,,
168,,7.0,,,2.0,3.3,59.1%,1.0,2.7,38.9%,3.4,3.8,88.2%,1.1,2.8,,1.6,0.9,1.0,0.0,,,,13.8,005356,,,https://media-cdn.incrowdsports.com/8d108cea-6042-4ca0-b952-d7885a06a3f3.png,,VBC,,https://media-cdn.incrowdsports.com/efd12730-f2ea-4830-9caa-7f2f676079c2.png,,0.0,,,,,,168,EuroCup,20.0,16.621666666666666,10.4,3.8,0.3,1.8,3.5,"LOPEZ-AROSTEGUI, XABI",27.0,PAM,Valencia Basket,0.0,,
169,,18.0,,,2.2,4.3,51.3%,2.4,5.9,40.6%,1.4,1.8,75.8%,0.9,3.3,,3.4,1.3,1.5,0.3,,,,14.0,013290,,,https://media-cdn.incrowdsports.com/bc7bc65d-542f-4ee7-8ef0-ba499c700aae.png,,ULM,,https://media-cdn.incrowdsports.com/497dc717-214d-4c03-8c67-0c4870278aa0.png,,0.0,,,,,,169,EuroCup,18.0,30.45925925925926,13.0,4.2,0.2,2.2,1.8,"JESSUP, JUSTINIAN",26.0,ULM,ratiopharm Ulm,0.0,,
170,,18.0,,,4.2,7.5,56.3%,0.1,0.2,66.7%,1.9,2.5,78.7%,1.9,4.4,,2.1,1.1,1.9,0.1,,,,14.2,008325,,,https://media-cdn.incrowdsports.com/3f329c72-567b-4e6f-8a12-6365d2a4b348.png,,BUD,,https://media-cdn.incrowdsports.com/47161285-94b3-4266-9d23-b722e8600945.png,,0.0,,,,,,170,EuroCup,19.0,23.913157894736845,10.7,6.3,0.4,2.1,2.2,"KAMENJAS, KENAN",24.0,BUD,KK Buducnost,0.0,,
171,,0.0,,,4.4,5.7,77.1%,0.0,0.1,0%,1.2,2.4,51.1%,1.7,4.2,,1.2,1.0,1.0,0.5,,,,14.3,006618,,,https://media-cdn.incrowdsports.com/bd105876-ac13-4847-9aa7-a81c0ce97024.png,,UBT,,https://media-cdn.incrowdsports.com/ae3e2844-0615-41bb-a788-a4f0d54b8d5e.png,,0.0,,,,,,171,EuroCup,19.0,18.37543859649123,10.1,5.8,0.3,2.6,2.2,"STEPHENS, DE'SHAWN",35.0,CLU,U-BT Cluj-Napoca,0.0,,
172,,16.0,,,4.0,7.7,52%,1.1,2.8,38.6%,2.5,3.5,71.4%,0.8,2.0,,3.8,1.0,2.1,0.2,,,,14.6,013285,,,https://media-cdn.incrowdsports.com/1d67279a-713c-4df4-83bd-e0f3c9ee2d5b.png,,CJB,,https://media-cdn.incrowdsports.com/4867b9ca-abc6-48fd-a47f-011904a74bf8.png,,0.0,,,,,,172,EuroCup,16.0,25.46770833333333,13.7,2.8,0.4,2.4,4.6,"DOTSON, DEVON DURRELL",25.0,JOV,Club Joventut Badalona,0.0,,
173,,19.0,,,5.4,10.1,53%,0.5,1.8,27%,2.7,3.6,76.1%,1.2,4.4,,1.6,1.2,1.6,0.4,,,,15.4,012042,,,https://media-cdn.incrowdsports.com/02ab1a96-d41d-4801-a1ab-78eccc7a86b9.png,,COL,,https://media-cdn.incrowdsports.com/73b33d13-570e-4e49-a9cb-fe806831eaa7.png,,0.0,,,,,,173,EuroCup,20.0,27.8525,14.9,5.6,0.4,2.5,3.2,"ROBINSON, DEVIN",29.0,LJU,KK Cedevita Olimpija,0.0,,
174,,19.0,,,4.5,7.2,62%,0.0,0.1,0%,3.8,5.0,76.4%,2.4,2.8,,0.8,0.2,1.3,0.9,,,,15.5,011823,,,https://media-cdn.incrowdsports.com/e97b5a09-3c83-4c09-8a48-f29714d5427f.png,,BKS,,https://media-cdn.incrowdsports.com/1d3274d8-da86-4d21-9e97-6810ab88babe.png,,0.0,,,,,,174,EuroCup,22.0,26.470454545454547,12.7,5.2,0.2,2.2,3.5,"ODIASE, TAI",29.0,BAH,Bahcesehir Koleji Istanbul,0.0,,
175,,10.0,,,2.4,4.8,48.8%,1.6,5.4,30.8%,3.5,4.3,82.2%,1.1,1.8,,5.3,1.7,2.1,0.4,,,,15.9,010042,,,https://media-cdn.incrowdsports.com/7c6cd4ad-8c53-4c21-82da-d894fbffa367.png,,VBC,,https://media-cdn.incrowdsports.com/efd12730-f2ea-4830-9caa-7f2f676079c2.png,,0.0,,,,,,175,EuroCup,17.0,22.434313725490195,13.2,2.9,0.4,2.4,4.3,"MONTERO, JEAN",21.0,PAM,Valencia Basket,0.0,,
176,,1.0,,,3.4,5.5,62.6%,2.2,5.1,44%,2.8,3.1,91.1%,0.2,1.3,,2.8,1.0,1.4,0.0,,,,16.0,013270,,,https://media-cdn.incrowdsports.com/ab69c5eb-a3d8-475b-84ea-2952eb0e8a65.png,,TRE,,https://media-cdn.incrowdsports.com/00c5cc07-732c-43c3-9d6e-5440594a25f8.png,,0.0,,,,,,176,EuroCup,18.0,24.875925925925927,16.4,1.6,0.4,1.4,2.8,"FORD, JORDAN",26.0,TRN,Dolomiti Energia Trento,0.0,,
177,,10.0,,,3.3,5.1,65.9%,0.6,1.9,29.4%,4.1,5.6,73%,1.2,4.1,,1.1,1.4,1.0,0.6,,,,16.3,011391,,,https://media-cdn.incrowdsports.com/ad022789-3ef5-4004-9227-33b79fb3cc44.png,,ULM,,https://media-cdn.incrowdsports.com/497dc717-214d-4c03-8c67-0c4870278aa0.png,,0.0,,,,,,177,EuroCup,18.0,23.74351851851852,12.4,5.3,0.2,2.6,3.9,"ESSENGUE, NOA",18.0,ULM,ratiopharm Ulm,0.0,,
178,,20.0,,,3.6,7.2,50%,2.7,5.9,45.8%,2.4,3.0,80.3%,0.6,3.6,,3.0,0.6,2.3,0.3,,,,16.6,009025,,,https://media-cdn.incrowdsports.com/19a24ab9-4b29-46a0-83f8-688bbc50496c.png,,TTA,,https://media-cdn.incrowdsports.com/4ba35608-54ca-4800-a59c-f2571e6f8e13.png,,0.0,,,,,,178,EuroCup,20.0,33.075833333333335,17.8,4.2,0.0,2.4,3.0,"BROWN, ANTHONY",32.0,TTK,Turk Telekom Ankara,0.0,,
179,,13.0,,,3.3,6.6,50%,1.3,2.9,44.7%,3.0,3.2,92.9%,0.7,2.8,,4.6,0.8,2.5,0.0,,,,16.6,008858,,,https://media-cdn.incrowdsports.com/bb19d932-8afb-4142-a7ce-798929ba4173.png,,URV,,https://media-cdn.incrowdsports.com/104f5074-9f23-47da-a21f-f2078db8244c.png,,0.0,,,,,,179,EuroCup,13.0,28.764102564102565,13.5,3.5,0.2,1.9,4.0,"ENNIS, TYLER",30.0,VNC,Umana Reyer Venice,0.0,,
180,,19.0,,,3.5,5.3,66.3%,0.0,0.4,0%,2.4,3.4,69.2%,2.5,4.3,,1.1,1.1,1.1,2.2,,,,16.9,011973,,,https://media-cdn.incrowdsports.com/6240f898-2a12-4ae8-b1f4-e546c2c9e90c.png,,TTA,,https://media-cdn.incrowdsports.com/4ba35608-54ca-4800-a59c-f2571e6f8e13.png,,0.0,,,,,,180,EuroCup,19.0,29.227192982456145,9.4,6.8,0.2,2.5,3.3,"ALEXANDER, KYLE",28.0,TTK,Turk Telekom Ankara,0.0,,
181,,16.0,,,4.4,6.6,67.6%,0.0,0.0,0%,1.8,2.6,66.7%,2.5,4.6,,1.6,1.0,1.4,1.6,,,,17.0,013313,,,https://media-cdn.incrowdsports.com/cf613784-87cc-4bf1-83e4-da8b30cb6238.png,,HAM,,https://media-cdn.incrowdsports.com/5ef8be01-ad71-42c2-aa02-d5c7a9495258.png,,0.0,,,,,,181,EuroCup,16.0,23.610416666666666,10.6,7.1,0.2,2.5,2.2,"KUATH, KUR",26.0,HAM,Hamburg Towers,0.0,,
182,,11.0,,,4.6,8.2,56.8%,0.0,0.0,0%,2.6,4.1,63.8%,1.6,4.7,,3.1,0.3,1.2,0.2,,,,18.1,002507,,,https://media-cdn.incrowdsports.com/2667174b-7474-4889-8212-fc2acb612c1b.png,,CJB,,https://media-cdn.incrowdsports.com/4867b9ca-abc6-48fd-a47f-011904a74bf8.png,,0.0,,,,,,182,EuroCup,17.0,21.809803921568623,11.9,6.3,0.0,1.3,3.9,"TOMIC, ANTE",37.0,JOV,Club Joventut Badalona,0.0,,
183,,15.0,,,2.6,4.7,55.7%,1.8,3.2,56.2%,3.8,4.1,91.9%,0.6,1.9,,4.5,1.3,2.1,0.1,,,,18.5,011052,,,https://media-cdn.cortextech.io/126d85f2-b7cf-4c51-bbe7-bbb8fde2bf9f.png,,HTA,,https://media-cdn.incrowdsports.com/cbb1c3ad-03d5-426a-b5ef-2832a4eee484.png,,0.0,,,,,,183,EuroCup,15.0,26.17888888888889,14.4,2.5,0.2,2.3,4.1,"MADAR, YAM",24.0,HTA,Hapoel Tel Aviv,0.0,,
184,,20.0,,,6.0,10.0,60%,0.2,0.4,42.9%,4.2,6.2,69.1%,1.6,3.3,,2.5,0.4,2.6,0.5,,,,19.4,011157,,,https://media-cdn.incrowdsports.com/7018bc3a-7915-4c0a-aca8-63baa0264e46.png,,HTA,,https://media-cdn.incrowdsports.com/cbb1c3ad-03d5-426a-b5ef-2832a4eee484.png,,0.0,,,,,,184,EuroCup,20.0,25.824166666666667,16.7,4.8,0.6,2.7,6.4,"MOTLEY, JOHNATHAN",29.0,HTA,Hapoel Tel Aviv,0.0,,
185,,19.0,,,1.9,4.0,47.4%,2.3,6.3,35.8%,5.7,6.5,87.9%,0.3,1.9,,6.0,1.3,2.8,0.0,,,,19.5,012003,,,https://media-cdn.incrowdsports.com/4c959f62-fd8e-4002-98cc-4a3d2fb7587b.png,,WLV,,https://media-cdn.incrowdsports.com/bab91c74-fc2e-4176-9db5-06f40e0e6759.png,,0.0,,,,,,185,EuroCup,19.0,30.96666666666667,16.3,2.3,0.6,2.8,6.7,"COWAN JR, ANTHONY",27.0,WOL,BC Wolves Vilnius,0.0,,
186,,20.0,,,5.2,9.8,52.8%,1.0,2.8,35.7%,4.6,5.4,84.3%,1.0,2.8,,8.0,1.2,3.9,0.2,,,,20.9,013302,,,https://media-cdn.incrowdsports.com/bf9679f2-1088-497d-a676-1c8e1b5a14d4.png,,UBT,,https://media-cdn.incrowdsports.com/ae3e2844-0615-41bb-a788-a4f0d54b8d5e.png,,0.0,,,,,,186,EuroCup,20.0,30.499166666666667,17.8,3.8,1.0,2.8,5.0,"SIMPSON, ZAVIER",27.0,CLU,U-BT Cluj-Napoca,0.0,,
187,,18.0,,,5.3,7.9,66.4%,0.4,1.2,38.1%,3.6,5.0,71.1%,3.4,6.3,,1.5,1.1,1.2,0.6,,,,23.2,012796,,,https://media-cdn.incrowdsports.com/71df5c61-9333-4bd9-87c2-ffe45c876855.png,,URV,,https://media-cdn.incrowdsports.com/104f5074-9f23-47da-a21f-f2078db8244c.png,,0.0,,,,,,187,EuroCup,18.0,26.107407407407408,15.4,9.7,0.2,2.9,4.1,"KABENGELE, MFIONDU",27.0,VNC,Umana Reyer Venice,0.0,,
188,,17.0,,,3.4,7.1,47.7%,2.1,5.2,40.9%,9.7,11.1,87.4%,0.3,2.3,,5.7,1.0,2.6,0.2,,,,27.2,011970,,,https://media-cdn.incrowdsports.com/8d5ed5cf-154c-4dbb-924e-d56d7a62cbdc.png,,JLM,,https://media-cdn.incrowdsports.com/8058e0c5-3042-45e1-9423-f93f33c54576.png,,0.0,,,,,,188,EuroCup,18.0,30.49351851851852,22.8,2.6,0.2,1.9,7.9,"HARPER, JARED",27.0,JER,Hapoel Jerusalem Basketball Club,0.0,,
